{"v":"5.12.1","fr":60,"ip":70,"op":130,"w":500,"h":500,"nm":"system-solid-150-refresh-change","ddd":0,"assets":[{"id":"comp_0","nm":"in-refresh-change","fr":60,"layers":[{"ddd":0,"ind":1,"ty":4,"nm":".primary.design","cl":"primary design","sr":1,"ks":{"o":{"a":0,"k":100,"ix":11},"r":{"a":0,"k":-360,"ix":10},"p":{"a":0,"k":[250.046,250,0],"ix":2,"l":2},"a":{"a":0,"k":[250.046,250,0],"ix":1,"l":2},"s":{"a":0,"k":[100,100,100],"ix":6,"l":2}},"ao":0,"shapes":[{"ty":"gr","it":[{"ind":0,"ty":"sh","ix":1,"ks":{"a":0,"k":{"i":[[35,-47.708],[6.458,0],[3.75,2.708],[-6.667,9.375],[27.083,27.292],[12.499,3.541],[0,0],[5.834,-2.293],[2.083,0],[2.917,2.917],[0,0],[-6.041,6.041],[0,0],[-5.833,-2.5],[0,-6.25],[0,0],[-17.499,-17.501]],"o":[[-3.958,5.417],[-4.375,0],[-9.375,-6.875],[22.709,-31.041],[-9.584,-9.583],[0,0],[0,6.25],[-2.083,0.624],[-4.167,0],[0,0],[-6.041,-6.041],[0,0],[4.375,-4.375],[5.834,2.5],[0,0],[23.959,4.167],[41.875,41.875]],"v":[[58.251,105.297],[41.584,113.631],[29.294,109.672],[24.709,80.505],[17.001,-20.12],[-16.749,-40.119],[-16.749,-30.744],[-26.332,-16.369],[-32.374,-15.328],[-43.416,-19.912],[-76.957,-53.453],[-76.957,-75.536],[-43.416,-109.078],[-26.332,-112.412],[-16.749,-98.037],[-16.749,-82.62],[46.376,-49.495]],"c":true},"ix":2},"nm":"Path 1","mn":"ADBE Vector Shape - Group","hd":false},{"ind":1,"ty":"sh","ix":2,"ks":{"a":0,"k":{"i":[[2.917,-2.917],[0,0],[3.958,0],[2.083,0.834],[0,6.251],[0,0],[17.082,17.083],[-35.208,47.708],[-9.375,-6.667],[6.667,-9.375],[-27.5,-27.5],[-12.291,-3.75],[0,0],[-5.834,2.291],[-4.584,-4.375],[0,0],[0,-4.166]],"o":[[0,0],[-3.126,2.917],[-2.083,0],[-5.834,-2.5],[0,0],[-23.542,-4.374],[-42.084,-41.875],[6.874,-9.375],[9.375,6.875],[-22.917,31.25],[9.167,9.167],[0,0],[0,-6.25],[5.834,-2.5],[0,0],[2.917,2.917],[0,4.167]],"v":[[-5.291,151.131],[-38.832,184.88],[-49.874,189.463],[-55.915,188.213],[-65.499,173.838],[-65.499,160.922],[-128.206,128.006],[-140.082,-26.994],[-110.916,-31.578],[-106.332,-2.411],[-98.415,98.63],[-65.499,118.213],[-65.499,106.547],[-55.915,92.172],[-38.832,95.506],[-5.291,129.047],[-0.707,140.088]],"c":true},"ix":2},"nm":"Path 2","mn":"ADBE Vector Shape - Group","hd":false},{"ind":2,"ty":"sh","ix":3,"ks":{"a":0,"k":{"i":[[115,0],[0,-115],[-115,0],[0,115]],"o":[[-115,0],[0,115],[115,0],[0,-115]],"v":[[-40.29,-169.286],[-248.624,39.047],[-40.29,247.38],[168.043,39.047]],"c":true},"ix":2},"nm":"Path 3","mn":"ADBE Vector Shape - Group","hd":false},{"ty":"fl","c":{"a":0,"k":[0.071,0.075,0.192,1],"ix":4,"x":"var $bm_rt;\n$bm_rt = comp('system-solid-150-refresh-change').layer('control').effect('primary')('Color');"},"o":{"a":0,"k":100,"ix":5},"r":1,"bm":0,"nm":".primary","mn":"ADBE Vector Graphic - Fill","hd":false,"cl":"primary"},{"ty":"tr","p":{"a":0,"k":[290.336,210.953],"ix":2},"a":{"a":0,"k":[0,0],"ix":1},"s":{"a":0,"k":[100,100],"ix":3},"r":{"a":0,"k":0,"ix":6},"o":{"a":0,"k":100,"ix":7},"sk":{"a":0,"k":0,"ix":4},"sa":{"a":0,"k":0,"ix":5},"nm":"Transform"}],"nm":"Group 1","np":4,"cix":2,"bm":0,"ix":1,"mn":"ADBE Vector Group","hd":false}],"ip":60,"op":300,"st":0,"ct":1,"bm":0},{"ddd":0,"ind":2,"ty":4,"nm":".primary.design","cl":"primary design","sr":1,"ks":{"o":{"a":0,"k":0,"ix":11},"r":{"a":0,"k":0,"ix":10},"p":{"a":1,"k":[{"i":{"x":0.542,"y":0.542},"o":{"x":0.167,"y":0.167},"t":1,"s":[244.024,76.066,0],"to":[-33.847,16.351,0],"ti":[15.609,-29.882,0]},{"i":{"x":0.604,"y":0.73},"o":{"x":0.273,"y":0.293},"t":5,"s":[166.781,135.001,0],"to":[-17.934,34.333,0],"ti":[-6.488,-26.175,0]},{"i":{"x":0.621,"y":0.668},"o":{"x":0.291,"y":0.341},"t":10,"s":[152.519,247.72,0],"to":[5.984,24.143,0],"ti":[-19.326,-8.416,0]},{"i":{"x":0.507,"y":1},"o":{"x":0.203,"y":0.787},"t":15,"s":[197.658,294.184,0],"to":[27.842,12.125,0],"ti":[-1.632,23.219,0]},{"t":41,"s":[250.024,250.066,0]}],"ix":2,"l":2},"a":{"a":0,"k":[250.024,250.066,0],"ix":1,"l":2},"s":{"a":0,"k":[100,100,100],"ix":6,"l":2}},"ao":0,"shapes":[{"ty":"gr","it":[{"ind":0,"ty":"sh","ix":1,"ks":{"a":0,"k":{"i":[[0,0],[0,0]],"o":[[0,0],[0,0]],"v":[[0,-43.86],[0,43.86]],"c":false},"ix":2},"nm":"Path 1","mn":"ADBE Vector Shape - Group","hd":false},{"ty":"st","c":{"a":0,"k":[0.071,0.075,0.192,1],"ix":3,"x":"var $bm_rt;\n$bm_rt = comp('system-solid-150-refresh-change').layer('control').effect('primary')('Color');"},"o":{"a":0,"k":100,"ix":4},"w":{"a":0,"k":31.3,"ix":5},"lc":2,"lj":2,"bm":0,"nm":".primary","mn":"ADBE Vector Graphic - Stroke","hd":false,"cl":"primary"},{"ty":"tr","p":{"a":0,"k":[250.024,206.206],"ix":2},"a":{"a":0,"k":[0,0],"ix":1},"s":{"a":0,"k":[100,100],"ix":3},"r":{"a":0,"k":0,"ix":6},"o":{"a":0,"k":100,"ix":7},"sk":{"a":0,"k":0,"ix":4},"sa":{"a":0,"k":0,"ix":5},"nm":"Transform"}],"nm":"Group 1","np":2,"cix":2,"bm":0,"ix":1,"mn":"ADBE Vector Group","hd":false},{"ty":"tm","s":{"a":1,"k":[{"i":{"x":[0.2],"y":[1]},"o":{"x":[0.333],"y":[0]},"t":1,"s":[100]},{"t":41,"s":[0]}],"ix":1},"e":{"a":0,"k":100,"ix":2},"o":{"a":0,"k":0,"ix":3},"m":1,"ix":2,"nm":"Trim Paths 1","mn":"ADBE Vector Filter - Trim","hd":false}],"ip":1,"op":60,"st":0,"ct":1,"bm":0},{"ddd":0,"ind":3,"ty":4,"nm":".primary.design","cl":"primary design","parent":2,"td":1,"sr":1,"ks":{"o":{"a":0,"k":100,"ix":11},"r":{"a":1,"k":[{"i":{"x":[0.27],"y":[1]},"o":{"x":[0.167],"y":[0.167]},"t":15,"s":[0]},{"t":59,"s":[-360]}],"ix":10},"p":{"a":0,"k":[250.127,249.96,0],"ix":2,"l":2},"a":{"a":0,"k":[250.127,249.96,0],"ix":1,"l":2},"s":{"a":0,"k":[100,100,100],"ix":6,"l":2}},"ao":0,"shapes":[{"ty":"gr","it":[{"ind":0,"ty":"sh","ix":1,"ks":{"a":1,"k":[{"i":{"x":0.2,"y":1},"o":{"x":0.167,"y":0.167},"t":15,"s":[{"i":[[0,0],[0,0],[0,0]],"o":[[0,0],[0,0],[0,0]],"v":[[-25.812,-85.947],[-25.514,-85.649],[-25.812,-85.351]],"c":false}]},{"t":41,"s":[{"i":[[0,0],[0,0],[0,0]],"o":[[0,0],[0,0],[0,0]],"v":[[18.439,-37.097],[-15.799,-3.925],[18.436,29.243]],"c":true}]}],"ix":2},"nm":"Path 1","mn":"ADBE Vector Shape - Group","hd":false},{"ind":1,"ty":"sh","ix":2,"ks":{"a":1,"k":[{"i":{"x":0.2,"y":1},"o":{"x":0.167,"y":0.167},"t":15,"s":[{"i":[[0,0],[0,0],[0,0]],"o":[[0,0],[0,0],[0,0]],"v":[[67.203,264.674],[68.677,266.148],[67.203,267.622]],"c":false}]},{"t":41,"s":[{"i":[[0,0],[0,0],[0,0]],"o":[[0,0],[0,0],[0,0]],"v":[[1.192,166.696],[1.689,233.864],[35.649,200.652]],"c":true}]}],"ix":2},"nm":"Path 2","mn":"ADBE Vector Shape - Group","hd":false},{"ty":"st","c":{"a":0,"k":[0.071,0.075,0.192,1],"ix":3,"x":"var $bm_rt;\n$bm_rt = comp('system-solid-150-refresh-change').layer('control').effect('primary')('Color');"},"o":{"a":0,"k":100,"ix":4},"w":{"a":0,"k":31.3,"ix":5},"lc":2,"lj":2,"bm":0,"nm":".primary","mn":"ADBE Vector Graphic - Stroke","hd":false,"cl":"primary"},{"ty":"tr","p":{"a":0,"k":[239.311,150.507],"ix":2},"a":{"a":0,"k":[0,0],"ix":1},"s":{"a":0,"k":[100,100],"ix":3},"r":{"a":0,"k":0,"ix":6},"o":{"a":0,"k":100,"ix":7},"sk":{"a":0,"k":0,"ix":4},"sa":{"a":0,"k":0,"ix":5},"nm":"Transform"}],"nm":"Group 2","np":3,"cix":2,"bm":0,"ix":1,"mn":"ADBE Vector Group","hd":false},{"ty":"gr","it":[{"ind":0,"ty":"sh","ix":1,"ks":{"a":1,"k":[{"i":{"x":0.2,"y":1},"o":{"x":0.167,"y":0.167},"t":15,"s":[{"i":[[0,0],[-64.61,-64.61],[-60.266,15.202]],"o":[[-52.122,71.125],[46.693,46.693],[0,0]],"v":[[-124.339,-17.088],[-106.151,218.819],[67.047,266.598]],"c":false}]},{"t":41,"s":[{"i":[[0,0],[-35.061,-35.061],[-34.12,6.344]],"o":[[-28.284,38.596],[25.338,25.338],[0,0]],"v":[[-72.547,45.705],[-62.427,172.971],[26.309,200.899]],"c":false}]}],"ix":2},"nm":"Path 3","mn":"ADBE Vector Shape - Group","hd":false},{"ind":1,"ty":"sh","ix":2,"ks":{"a":1,"k":[{"i":{"x":0.2,"y":1},"o":{"x":0.167,"y":0.167},"t":15,"s":[{"i":[[0,0],[-46.964,-46.964],[51.851,-70.854]],"o":[[60.266,-15.202],[64.338,64.338],[0,0]],"v":[[-21.453,-87.399],[152.017,-39.348],[170.205,196.016]],"c":false}]},{"t":41,"s":[{"i":[[0,0],[-25.485,-25.485],[28.137,-38.449]],"o":[[28.405,-4.808],[34.914,34.914],[0,0]],"v":[[-1.965,-1.699],[82.669,25.625],[92.539,153.347]],"c":false}]}],"ix":2},"nm":"Path 4","mn":"ADBE Vector Shape - Group","hd":false},{"ty":"st","c":{"a":0,"k":[0.071,0.075,0.192,1],"ix":3,"x":"var $bm_rt;\n$bm_rt = comp('system-solid-150-refresh-change').layer('control').effect('primary')('Color');"},"o":{"a":0,"k":100,"ix":4},"w":{"a":0,"k":41,"ix":5},"lc":2,"lj":2,"bm":0,"nm":".primary","mn":"ADBE Vector Graphic - Stroke","hd":false,"cl":"primary"},{"ty":"tr","p":{"a":0,"k":[239.311,150.507],"ix":2},"a":{"a":0,"k":[0,0],"ix":1},"s":{"a":0,"k":[100,100],"ix":3},"r":{"a":0,"k":0,"ix":6},"o":{"a":0,"k":100,"ix":7},"sk":{"a":0,"k":0,"ix":4},"sa":{"a":0,"k":0,"ix":5},"nm":"Transform"}],"nm":"Group 1","np":3,"cix":2,"bm":0,"ix":2,"mn":"ADBE Vector Group","hd":false}],"ip":15,"op":60,"st":0,"ct":1,"bm":0},{"ddd":0,"ind":4,"ty":4,"nm":".primary.design","cl":"primary design","tt":2,"tp":3,"sr":1,"ks":{"o":{"a":0,"k":100,"ix":11},"r":{"a":1,"k":[{"i":{"x":[0.2],"y":[1]},"o":{"x":[0.167],"y":[0.167]},"t":1,"s":[0]},{"t":41,"s":[-180]}],"ix":10},"p":{"a":0,"k":[250.004,250.003,0],"ix":2,"l":2},"a":{"a":0,"k":[0,0,0],"ix":1,"l":2},"s":{"a":0,"k":[100,100,100],"ix":6,"l":2}},"ao":0,"shapes":[{"ty":"gr","it":[{"ind":0,"ty":"sh","ix":1,"ks":{"a":1,"k":[{"i":{"x":0.2,"y":1},"o":{"x":0.167,"y":0.167},"t":1,"s":[{"i":[[-0.237,-9.809],[9.809,-0.237],[0.237,9.809],[-9.809,0.237]],"o":[[0.237,9.809],[-9.809,0.237],[-0.237,-9.809],[9.809,-0.237]],"v":[[17.524,-176.429],[0.193,-158.24],[-17.996,-175.571],[-0.666,-193.76]],"c":true}]},{"t":41,"s":[{"i":[[-2.572,-106.399],[106.399,-2.572],[2.572,106.399],[-106.399,2.572]],"o":[[2.572,106.399],[-106.399,2.572],[-2.572,-106.399],[106.399,-2.572]],"v":[[192.652,-4.656],[4.656,192.652],[-192.652,4.656],[-4.656,-192.652]],"c":true}]}],"ix":2},"nm":"Path 1","mn":"ADBE Vector Shape - Group","hd":false},{"ty":"st","c":{"a":0,"k":[0.071,0.075,0.192,1],"ix":3,"x":"var $bm_rt;\n$bm_rt = comp('system-solid-150-refresh-change').layer('control').effect('primary')('Color');"},"o":{"a":0,"k":100,"ix":4},"w":{"a":0,"k":31.3,"ix":5},"lc":2,"lj":2,"bm":0,"nm":".primary","mn":"ADBE Vector Graphic - Stroke","hd":false,"cl":"primary"},{"ty":"tr","p":{"a":0,"k":[0,0],"ix":2},"a":{"a":0,"k":[0,0],"ix":1},"s":{"a":0,"k":[100,100],"ix":3},"r":{"a":0,"k":0,"ix":6},"o":{"a":0,"k":100,"ix":7},"sk":{"a":0,"k":0,"ix":4},"sa":{"a":0,"k":0,"ix":5},"nm":"Transform"}],"nm":"Group 1","np":2,"cix":2,"bm":0,"ix":1,"mn":"ADBE Vector Group","hd":false},{"ty":"fl","c":{"a":0,"k":[0.071,0.075,0.192,1],"ix":4,"x":"var $bm_rt;\n$bm_rt = comp('system-solid-150-refresh-change').layer('control').effect('primary')('Color');"},"o":{"a":0,"k":100,"ix":5},"r":1,"bm":0,"nm":".primary","mn":"ADBE Vector Graphic - Fill","hd":false,"cl":"primary"}],"ip":1,"op":60,"st":1,"ct":1,"bm":0}]},{"id":"comp_1","nm":"hover-refresh-change","fr":60,"layers":[{"ddd":0,"ind":1,"ty":4,"nm":".primary.design","cl":"primary design","sr":1,"ks":{"o":{"a":0,"k":100,"ix":11},"r":{"a":1,"k":[{"i":{"x":[0.2],"y":[1]},"o":{"x":[0.333],"y":[0]},"t":0,"s":[0]},{"t":60,"s":[-360]}],"ix":10},"p":{"a":0,"k":[250.046,250,0],"ix":2,"l":2},"a":{"a":0,"k":[250.046,250,0],"ix":1,"l":2},"s":{"a":0,"k":[100,100,100],"ix":6,"l":2}},"ao":0,"shapes":[{"ty":"gr","it":[{"ind":0,"ty":"sh","ix":1,"ks":{"a":0,"k":{"i":[[35,-47.708],[6.458,0],[3.75,2.708],[-6.667,9.375],[27.083,27.292],[12.499,3.541],[0,0],[5.834,-2.293],[2.083,0],[2.917,2.917],[0,0],[-6.041,6.041],[0,0],[-5.833,-2.5],[0,-6.25],[0,0],[-17.499,-17.501]],"o":[[-3.958,5.417],[-4.375,0],[-9.375,-6.875],[22.709,-31.041],[-9.584,-9.583],[0,0],[0,6.25],[-2.083,0.624],[-4.167,0],[0,0],[-6.041,-6.041],[0,0],[4.375,-4.375],[5.834,2.5],[0,0],[23.959,4.167],[41.875,41.875]],"v":[[58.251,105.297],[41.584,113.631],[29.294,109.672],[24.709,80.505],[17.001,-20.12],[-16.749,-40.119],[-16.749,-30.744],[-26.332,-16.369],[-32.374,-15.328],[-43.416,-19.912],[-76.957,-53.453],[-76.957,-75.536],[-43.416,-109.078],[-26.332,-112.412],[-16.749,-98.037],[-16.749,-82.62],[46.376,-49.495]],"c":true},"ix":2},"nm":"Path 1","mn":"ADBE Vector Shape - Group","hd":false},{"ind":1,"ty":"sh","ix":2,"ks":{"a":0,"k":{"i":[[2.917,-2.917],[0,0],[3.958,0],[2.083,0.834],[0,6.251],[0,0],[17.082,17.083],[-35.208,47.708],[-9.375,-6.667],[6.667,-9.375],[-27.5,-27.5],[-12.291,-3.75],[0,0],[-5.834,2.291],[-4.584,-4.375],[0,0],[0,-4.166]],"o":[[0,0],[-3.126,2.917],[-2.083,0],[-5.834,-2.5],[0,0],[-23.542,-4.374],[-42.084,-41.875],[6.874,-9.375],[9.375,6.875],[-22.917,31.25],[9.167,9.167],[0,0],[0,-6.25],[5.834,-2.5],[0,0],[2.917,2.917],[0,4.167]],"v":[[-5.291,151.131],[-38.832,184.88],[-49.874,189.463],[-55.915,188.213],[-65.499,173.838],[-65.499,160.922],[-128.206,128.006],[-140.082,-26.994],[-110.916,-31.578],[-106.332,-2.411],[-98.415,98.63],[-65.499,118.213],[-65.499,106.547],[-55.915,92.172],[-38.832,95.506],[-5.291,129.047],[-0.707,140.088]],"c":true},"ix":2},"nm":"Path 2","mn":"ADBE Vector Shape - Group","hd":false},{"ind":2,"ty":"sh","ix":3,"ks":{"a":0,"k":{"i":[[115,0],[0,-115],[-115,0],[0,115]],"o":[[-115,0],[0,115],[115,0],[0,-115]],"v":[[-40.29,-169.286],[-248.624,39.047],[-40.29,247.38],[168.043,39.047]],"c":true},"ix":2},"nm":"Path 3","mn":"ADBE Vector Shape - Group","hd":false},{"ty":"fl","c":{"a":0,"k":[0.071,0.075,0.192,1],"ix":4,"x":"var $bm_rt;\n$bm_rt = comp('system-solid-150-refresh-change').layer('control').effect('primary')('Color');"},"o":{"a":0,"k":100,"ix":5},"r":1,"bm":0,"nm":".primary","mn":"ADBE Vector Graphic - Fill","hd":false,"cl":"primary"},{"ty":"tr","p":{"a":0,"k":[290.336,210.953],"ix":2},"a":{"a":0,"k":[0,0],"ix":1},"s":{"a":0,"k":[100,100],"ix":3},"r":{"a":0,"k":0,"ix":6},"o":{"a":0,"k":100,"ix":7},"sk":{"a":0,"k":0,"ix":4},"sa":{"a":0,"k":0,"ix":5},"nm":"Transform"}],"nm":"Group 1","np":4,"cix":2,"bm":0,"ix":1,"mn":"ADBE Vector Group","hd":false}],"ip":0,"op":300,"st":0,"ct":1,"bm":0}]},{"id":"comp_2","nm":"loop-refresh-change","fr":60,"layers":[{"ddd":0,"ind":1,"ty":4,"nm":".primary.design","cl":"primary design","sr":1,"ks":{"o":{"a":0,"k":100,"ix":11},"r":{"a":1,"k":[{"i":{"x":[0.833],"y":[0.833]},"o":{"x":[0.167],"y":[0.167]},"t":0,"s":[0]},{"t":60,"s":[-360]}],"ix":10},"p":{"a":0,"k":[250.046,250,0],"ix":2,"l":2},"a":{"a":0,"k":[250.046,250,0],"ix":1,"l":2},"s":{"a":0,"k":[100,100,100],"ix":6,"l":2}},"ao":0,"shapes":[{"ty":"gr","it":[{"ind":0,"ty":"sh","ix":1,"ks":{"a":0,"k":{"i":[[35,-47.708],[6.458,0],[3.75,2.708],[-6.667,9.375],[27.083,27.292],[12.499,3.541],[0,0],[5.834,-2.293],[2.083,0],[2.917,2.917],[0,0],[-6.041,6.041],[0,0],[-5.833,-2.5],[0,-6.25],[0,0],[-17.499,-17.501]],"o":[[-3.958,5.417],[-4.375,0],[-9.375,-6.875],[22.709,-31.041],[-9.584,-9.583],[0,0],[0,6.25],[-2.083,0.624],[-4.167,0],[0,0],[-6.041,-6.041],[0,0],[4.375,-4.375],[5.834,2.5],[0,0],[23.959,4.167],[41.875,41.875]],"v":[[58.251,105.297],[41.584,113.631],[29.294,109.672],[24.709,80.505],[17.001,-20.12],[-16.749,-40.119],[-16.749,-30.744],[-26.332,-16.369],[-32.374,-15.328],[-43.416,-19.912],[-76.957,-53.453],[-76.957,-75.536],[-43.416,-109.078],[-26.332,-112.412],[-16.749,-98.037],[-16.749,-82.62],[46.376,-49.495]],"c":true},"ix":2},"nm":"Path 1","mn":"ADBE Vector Shape - Group","hd":false},{"ind":1,"ty":"sh","ix":2,"ks":{"a":0,"k":{"i":[[2.917,-2.917],[0,0],[3.958,0],[2.083,0.834],[0,6.251],[0,0],[17.082,17.083],[-35.208,47.708],[-9.375,-6.667],[6.667,-9.375],[-27.5,-27.5],[-12.291,-3.75],[0,0],[-5.834,2.291],[-4.584,-4.375],[0,0],[0,-4.166]],"o":[[0,0],[-3.126,2.917],[-2.083,0],[-5.834,-2.5],[0,0],[-23.542,-4.374],[-42.084,-41.875],[6.874,-9.375],[9.375,6.875],[-22.917,31.25],[9.167,9.167],[0,0],[0,-6.25],[5.834,-2.5],[0,0],[2.917,2.917],[0,4.167]],"v":[[-5.291,151.131],[-38.832,184.88],[-49.874,189.463],[-55.915,188.213],[-65.499,173.838],[-65.499,160.922],[-128.206,128.006],[-140.082,-26.994],[-110.916,-31.578],[-106.332,-2.411],[-98.415,98.63],[-65.499,118.213],[-65.499,106.547],[-55.915,92.172],[-38.832,95.506],[-5.291,129.047],[-0.707,140.088]],"c":true},"ix":2},"nm":"Path 2","mn":"ADBE Vector Shape - Group","hd":false},{"ind":2,"ty":"sh","ix":3,"ks":{"a":0,"k":{"i":[[115,0],[0,-115],[-115,0],[0,115]],"o":[[-115,0],[0,115],[115,0],[0,-115]],"v":[[-40.29,-169.286],[-248.624,39.047],[-40.29,247.38],[168.043,39.047]],"c":true},"ix":2},"nm":"Path 3","mn":"ADBE Vector Shape - Group","hd":false},{"ty":"fl","c":{"a":0,"k":[0.071,0.075,0.192,1],"ix":4,"x":"var $bm_rt;\n$bm_rt = comp('system-solid-150-refresh-change').layer('control').effect('primary')('Color');"},"o":{"a":0,"k":100,"ix":5},"r":1,"bm":0,"nm":".primary","mn":"ADBE Vector Graphic - Fill","hd":false,"cl":"primary"},{"ty":"tr","p":{"a":0,"k":[290.336,210.953],"ix":2},"a":{"a":0,"k":[0,0],"ix":1},"s":{"a":0,"k":[100,100],"ix":3},"r":{"a":0,"k":0,"ix":6},"o":{"a":0,"k":100,"ix":7},"sk":{"a":0,"k":0,"ix":4},"sa":{"a":0,"k":0,"ix":5},"nm":"Transform"}],"nm":"Group 1","np":4,"cix":2,"bm":0,"ix":1,"mn":"ADBE Vector Group","hd":false}],"ip":0,"op":300,"st":0,"ct":1,"bm":0}]}],"layers":[{"ddd":0,"ind":1,"ty":3,"nm":"control","sr":1,"ks":{"o":{"a":0,"k":0,"ix":11},"r":{"a":0,"k":0,"ix":10},"p":{"a":0,"k":[0,0],"ix":2,"l":2},"a":{"a":0,"k":[0,0,0],"ix":1,"l":2},"s":{"a":0,"k":[100,100,100],"ix":6,"l":2}},"ao":0,"ef":[{"ty":5,"nm":"primary","np":3,"mn":"ADBE Color Control","ix":1,"en":1,"ef":[{"ty":2,"nm":"Color","mn":"ADBE Color Control-0001","ix":1,"v":{"a":0,"k":[0.071,0.075,0.192],"ix":1}}]}],"ip":0,"op":201,"st":0,"bm":0},{"ddd":0,"ind":2,"ty":0,"nm":"in-refresh-change","refId":"comp_0","sr":1,"ks":{"o":{"a":0,"k":100,"ix":11},"r":{"a":0,"k":0,"ix":10},"p":{"a":0,"k":[250,250,0],"ix":2,"l":2},"a":{"a":0,"k":[250,250,0],"ix":1,"l":2},"s":{"a":0,"k":[100,100,100],"ix":6,"l":2}},"ao":0,"w":500,"h":500,"ip":0,"op":70,"st":0,"bm":0},{"ddd":0,"ind":3,"ty":0,"nm":"hover-refresh-change","refId":"comp_1","sr":1,"ks":{"o":{"a":0,"k":100,"ix":11},"r":{"a":0,"k":0,"ix":10},"p":{"a":0,"k":[250,250,0],"ix":2,"l":2},"a":{"a":0,"k":[250,250,0],"ix":1,"l":2},"s":{"a":0,"k":[100,100,100],"ix":6,"l":2}},"ao":0,"w":500,"h":500,"ip":70,"op":140,"st":70,"bm":0},{"ddd":0,"ind":4,"ty":0,"nm":"loop-refresh-change","refId":"comp_2","sr":1,"ks":{"o":{"a":0,"k":100,"ix":11},"r":{"a":0,"k":0,"ix":10},"p":{"a":0,"k":[250,250,0],"ix":2,"l":2},"a":{"a":0,"k":[250,250,0],"ix":1,"l":2},"s":{"a":0,"k":[100,100,100],"ix":6,"l":2}},"ao":0,"w":500,"h":500,"ip":140,"op":210,"st":140,"bm":0}],"markers":[{"tm":0,"cm":"in-refresh-change","dr":60},{"tm":70,"cm":"default:hover-refresh-change","dr":60},{"tm":140,"cm":"loop-refresh-change","dr":60}],"props":{}}