{"v":"5.12.1","fr":60,"ip":70,"op":130,"w":500,"h":500,"nm":"system-solid-141-history","ddd":0,"assets":[{"id":"comp_0","nm":"in-history","fr":60,"layers":[{"ddd":0,"ind":1,"ty":4,"nm":".primary.design","cl":"primary design","sr":1,"ks":{"o":{"a":0,"k":100,"ix":11},"r":{"a":0,"k":0,"ix":10},"p":{"a":0,"k":[249.176,250.037,0],"ix":2,"l":2},"a":{"a":0,"k":[249.176,250.037,0],"ix":1,"l":2},"s":{"a":0,"k":[100,100,100],"ix":6,"l":2}},"ao":0,"shapes":[{"ty":"gr","it":[{"ind":0,"ty":"sh","ix":1,"ks":{"a":0,"k":{"i":[[11.458,0],[0,-11.458],[0,0],[-8.121,-2.85],[0,0],[-3.75,0],[-3.958,6.251],[9.791,6.042],[0,0],[0,0]],"o":[[-11.458,0],[0,0],[0,9.062],[0,0],[3.543,2.084],[6.875,0],[6.042,-9.791],[0,0],[0,0],[0,-11.458]],"v":[[-31.258,-91.875],[-52.091,-71.042],[-52.091,33.125],[-38.024,52.584],[20.2,88.75],[31.242,91.875],[48.95,82.083],[42.284,53.333],[-10.425,20.594],[-10.425,-71.042]],"c":true},"ix":2},"nm":"Path 1","mn":"ADBE Vector Shape - Group","hd":false},{"ty":"fl","c":{"a":0,"k":[0.071,0.075,0.192,1],"ix":4,"x":"var $bm_rt;\n$bm_rt = comp('system-solid-141-history').layer('control').effect('primary')('Color');"},"o":{"a":0,"k":100,"ix":5},"r":1,"bm":0,"nm":".primary","mn":"ADBE Vector Graphic - Fill","hd":false,"cl":"primary"},{"ty":"tr","p":{"a":0,"k":[281.304,237.708],"ix":2},"a":{"a":0,"k":[0,0],"ix":1},"s":{"a":0,"k":[100,100],"ix":3},"r":{"a":0,"k":0,"ix":6},"o":{"a":0,"k":100,"ix":7},"sk":{"a":0,"k":0,"ix":4},"sa":{"a":0,"k":0,"ix":5},"nm":"Transform"}],"nm":"Group 1","np":2,"cix":2,"bm":0,"ix":1,"mn":"ADBE Vector Group","hd":false},{"ty":"gr","it":[{"ind":0,"ty":"sh","ix":1,"ks":{"a":0,"k":{"i":[[74.791,71.251],[71.251,-74.791],[3.694,-4.683],[0,0],[11.458,0],[0,-11.459],[0,0],[-11.458,0],[0,0],[0,11.458],[11.458,0],[0,0],[-5.313,5.567],[-58.333,-55.416],[55.416,-58.126],[58.126,55.416],[5.625,30],[11.458,-2.084],[-2.083,-11.251],[-28.542,-27.084],[-46.458,0],[-36.667,38.75]],"o":[[-74.792,-71.25],[-4.075,4.307],[0,0],[0,-11.459],[-11.458,0],[0,0],[0,11.459],[0,0],[11.458,0],[0,-11.459],[0,0],[4.345,-6.288],[55.625,-58.333],[58.125,55.625],[-55.625,58.125],[-22.292,-21.25],[-2.083,-11.25],[-11.251,2.083],[7.292,38.541],[36.251,34.583],[49.583,0],[71.25,-74.792]],"v":[[130.037,-135.871],[-134.963,-129.412],[-146.421,-115.724],[-146.421,-153.161],[-167.255,-173.995],[-188.088,-153.161],[-188.088,-61.704],[-167.255,-40.871],[-81.004,-40.871],[-60.171,-61.911],[-81.004,-82.745],[-119.089,-82.745],[-104.755,-100.662],[101.496,-105.662],[106.496,100.588],[-99.755,105.588],[-142.463,27.463],[-166.838,11.005],[-183.297,35.38],[-128.505,135.797],[0.87,187.463],[136.496,129.13]],"c":true},"ix":2},"nm":"Path 1","mn":"ADBE Vector Shape - Group","hd":false},{"ty":"fl","c":{"a":0,"k":[0.071,0.075,0.192,1],"ix":4,"x":"var $bm_rt;\n$bm_rt = comp('system-solid-141-history').layer('control').effect('primary')('Color');"},"o":{"a":0,"k":100,"ix":5},"r":1,"bm":0,"nm":".primary","mn":"ADBE Vector Graphic - Fill","hd":false,"cl":"primary"},{"ty":"tr","p":{"a":0,"k":[249.176,250.037],"ix":2},"a":{"a":0,"k":[0,0],"ix":1},"s":{"a":0,"k":[100,100],"ix":3},"r":{"a":0,"k":0,"ix":6},"o":{"a":0,"k":100,"ix":7},"sk":{"a":0,"k":0,"ix":4},"sa":{"a":0,"k":0,"ix":5},"nm":"Transform"}],"nm":"Group 2","np":2,"cix":2,"bm":0,"ix":2,"mn":"ADBE Vector Group","hd":false}],"ip":60,"op":300,"st":0,"ct":1,"bm":0},{"ddd":0,"ind":2,"ty":4,"nm":".primary.design","cl":"primary design","parent":5,"sr":1,"ks":{"o":{"a":0,"k":100,"ix":11},"r":{"a":1,"k":[{"i":{"x":[0.833],"y":[0.833]},"o":{"x":[0.167],"y":[0.167]},"t":13,"s":[-56.477]},{"i":{"x":[0.667],"y":[1]},"o":{"x":[0.167],"y":[0.167]},"t":27,"s":[-137.977]},{"t":41,"s":[-157.477]}],"ix":10},"p":{"a":1,"k":[{"i":{"x":0.833,"y":0.833},"o":{"x":0.167,"y":0.167},"t":13,"s":[-111.64,-41.64,0],"to":[-13.505,44.115,0],"ti":[-17.766,-31.791,0]},{"i":{"x":0.833,"y":0.833},"o":{"x":0.167,"y":0.167},"t":20,"s":[-99.608,72.689,0],"to":[2.759,4.937,0],"ti":[-3.203,-4.746,0]},{"i":{"x":0.833,"y":0.833},"o":{"x":0.167,"y":0.167},"t":21,"s":[-91.083,87.485,0],"to":[9.962,14.759,0],"ti":[-12.323,-9.867,0]},{"i":{"x":0.833,"y":0.833},"o":{"x":0.167,"y":0.167},"t":24,"s":[-56.481,125.343,0],"to":[14.443,11.564,0],"ti":[-12.892,-5.941,0]},{"i":{"x":0.569,"y":0.587},"o":{"x":0.167,"y":0.167},"t":27,"s":[-14.369,147.427,0],"to":[16.247,7.487,0],"ti":[-21.289,2.605,0]},{"i":{"x":0.833,"y":0.833},"o":{"x":0.321,"y":0.499},"t":32,"s":[43.275,156.76,0],"to":[18.928,-2.316,0],"ti":[-23.967,9.205,0]},{"t":41,"s":[105.677,136.849,0]}],"ix":2,"l":2},"a":{"a":0,"k":[99.966,164.073,0],"ix":1,"l":2},"s":{"a":0,"k":[100,100,100],"ix":6,"l":2}},"ao":0,"shapes":[{"ty":"gr","it":[{"ind":0,"ty":"sh","ix":1,"ks":{"a":1,"k":[{"i":{"x":0.833,"y":1},"o":{"x":0.167,"y":0.167},"t":13,"s":[{"i":[[6.046,-9.081],[0,0],[8.643,0],[0,-8.644],[0,0],[-8.644,0],[0,0],[0,8.643],[8.644,0],[0,0]],"o":[[0,0],[-0.001,-8.643],[-8.644,0],[0,0],[0.001,8.643],[0,0],[8.644,0],[0,-8.643],[0,0],[5.504,-8.701]],"v":[[-156.225,-103.735],[-156.313,-103.822],[-171.963,-119.471],[-187.614,-103.821],[-187.525,-67.708],[-171.874,-52.059],[-131.707,-51.667],[-116.057,-67.317],[-131.707,-82.967],[-132.155,-83.358]],"c":true}]},{"t":35,"s":[{"i":[[7.99,-12.002],[0,0],[11.422,0],[0,-11.424],[0,0],[-11.424,0],[0,0],[0,11.423],[11.424,0],[0,0]],"o":[[0,0],[-0.001,-11.423],[-11.424,0],[0,0],[0.001,11.423],[0,0],[11.424,0],[0,-11.423],[0,0],[7.275,-11.5]],"v":[[-147.52,-113.583],[-147.373,-152.926],[-168.057,-173.609],[-188.741,-152.925],[-188.644,-61.469],[-167.96,-40.786],[-81.813,-40.993],[-61.129,-61.676],[-81.813,-82.359],[-120.947,-82.316]],"c":true}]}],"ix":2},"nm":"Path 1","mn":"ADBE Vector Shape - Group","hd":false},{"ty":"fl","c":{"a":0,"k":[0.071,0.075,0.192,1],"ix":4,"x":"var $bm_rt;\n$bm_rt = comp('system-solid-141-history').layer('control').effect('primary')('Color');"},"o":{"a":0,"k":100,"ix":5},"r":1,"bm":0,"nm":".primary","mn":"ADBE Vector Graphic - Fill","hd":false,"cl":"primary"},{"ty":"tr","p":{"a":0,"k":[250.004,250.003],"ix":2},"a":{"a":0,"k":[0,0],"ix":1},"s":{"a":0,"k":[100,100],"ix":3},"r":{"a":0,"k":0,"ix":6},"o":{"a":0,"k":100,"ix":7},"sk":{"a":0,"k":0,"ix":4},"sa":{"a":0,"k":0,"ix":5},"nm":"Transform"}],"nm":"Group 2","np":2,"cix":2,"bm":0,"ix":1,"mn":"ADBE Vector Group","hd":false}],"ip":14,"op":41,"st":0,"ct":1,"bm":0},{"ddd":0,"ind":3,"ty":4,"nm":".primary.design","cl":"primary design","parent":4,"sr":1,"ks":{"o":{"a":0,"k":100,"ix":11},"r":{"a":1,"k":[{"i":{"x":[0.667],"y":[1]},"o":{"x":[0.333],"y":[0]},"t":1,"s":[0]},{"i":{"x":[0.667],"y":[1]},"o":{"x":[0.176],"y":[0]},"t":42,"s":[-374]},{"i":{"x":[0.667],"y":[1]},"o":{"x":[0.333],"y":[0]},"t":53,"s":[-355]},{"t":60,"s":[-360]}],"ix":10},"p":{"a":0,"k":[250.038,250.067,0],"ix":2,"l":2},"a":{"a":0,"k":[250.038,250.066,0],"ix":1,"l":2},"s":{"a":0,"k":[100,100,100],"ix":6,"l":2}},"ao":0,"shapes":[{"ty":"gr","it":[{"ty":"gr","it":[{"ind":0,"ty":"sh","ix":1,"ks":{"a":0,"k":{"i":[[0,0],[0,0]],"o":[[0,0],[0,0]],"v":[[17.764,-5.733],[-44.264,-44.267]],"c":false},"ix":2},"nm":"Path 1","mn":"ADBE Vector Shape - Group","hd":false},{"ty":"st","c":{"a":0,"k":[0.071,0.075,0.192,1],"ix":3,"x":"var $bm_rt;\n$bm_rt = comp('system-solid-141-history').layer('control').effect('primary')('Color');"},"o":{"a":0,"k":100,"ix":4},"w":{"a":0,"k":42,"ix":5},"lc":2,"lj":2,"bm":0,"nm":".primary","mn":"ADBE Vector Graphic - Stroke","hd":false,"cl":"primary"},{"ty":"tr","p":{"a":0,"k":[0,0],"ix":2},"a":{"a":0,"k":[0,0],"ix":1},"s":{"a":0,"k":[100,100],"ix":3},"r":{"a":0,"k":0,"ix":6},"o":{"a":0,"k":100,"ix":7},"sk":{"a":0,"k":0,"ix":4},"sa":{"a":0,"k":0,"ix":5},"nm":"Transform"}],"nm":"Group 1","np":2,"cix":2,"bm":0,"ix":1,"mn":"ADBE Vector Group","hd":false},{"ty":"tr","p":{"a":0,"k":[294.302,294.333],"ix":2},"a":{"a":0,"k":[0,0],"ix":1},"s":{"a":0,"k":[100,100],"ix":3},"r":{"a":0,"k":0,"ix":6},"o":{"a":0,"k":100,"ix":7},"sk":{"a":0,"k":0,"ix":4},"sa":{"a":0,"k":0,"ix":5},"nm":"Transform"}],"nm":"Group 2","np":1,"cix":2,"bm":0,"ix":1,"mn":"ADBE Vector Group","hd":false},{"ty":"tm","s":{"a":1,"k":[{"i":{"x":[0.2],"y":[1]},"o":{"x":[0.333],"y":[0]},"t":1,"s":[100]},{"t":41,"s":[0]}],"ix":1},"e":{"a":0,"k":100,"ix":2},"o":{"a":0,"k":0,"ix":3},"m":1,"ix":2,"nm":"Trim Paths 1","mn":"ADBE Vector Filter - Trim","hd":false}],"ip":1,"op":60,"st":0,"ct":1,"bm":0},{"ddd":0,"ind":4,"ty":4,"nm":".primary.design","cl":"primary design","sr":1,"ks":{"o":{"a":0,"k":100,"ix":11},"r":{"a":1,"k":[{"i":{"x":[0.407],"y":[1]},"o":{"x":[0.333],"y":[0]},"t":1,"s":[0]},{"i":{"x":[0.667],"y":[1]},"o":{"x":[0.425],"y":[0]},"t":20,"s":[-23]},{"i":{"x":[0.667],"y":[1]},"o":{"x":[0.333],"y":[0]},"t":45,"s":[5]},{"t":60,"s":[0]}],"ix":10},"p":{"a":1,"k":[{"i":{"x":0.542,"y":0.542},"o":{"x":0.167,"y":0.167},"t":1,"s":[244.024,76.066,0],"to":[-33.847,16.351,0],"ti":[15.609,-29.882,0]},{"i":{"x":0.604,"y":0.73},"o":{"x":0.273,"y":0.293},"t":5,"s":[166.781,135.001,0],"to":[-17.934,34.333,0],"ti":[-6.488,-26.175,0]},{"i":{"x":0.621,"y":0.668},"o":{"x":0.291,"y":0.341},"t":10,"s":[152.519,247.72,0],"to":[5.984,24.143,0],"ti":[-19.326,-8.416,0]},{"i":{"x":0.507,"y":1},"o":{"x":0.203,"y":0.902},"t":15,"s":[197.658,294.184,0],"to":[27.842,12.125,0],"ti":[-1.632,23.219,0]},{"t":41,"s":[250.024,269.066,0]}],"ix":2,"l":2},"a":{"a":0,"k":[250.024,250.066,0],"ix":1,"l":2},"s":{"a":0,"k":[100,100,100],"ix":6,"l":2}},"ao":0,"shapes":[{"ty":"gr","it":[{"ind":0,"ty":"sh","ix":1,"ks":{"a":0,"k":{"i":[[0,0],[0,0]],"o":[[0,0],[0,0]],"v":[[0,-59.36],[0,43.86]],"c":false},"ix":2},"nm":"Path 1","mn":"ADBE Vector Shape - Group","hd":false},{"ty":"st","c":{"a":0,"k":[0.071,0.075,0.192,1],"ix":3,"x":"var $bm_rt;\n$bm_rt = comp('system-solid-141-history').layer('control').effect('primary')('Color');"},"o":{"a":0,"k":100,"ix":4},"w":{"a":0,"k":42,"ix":5},"lc":2,"lj":2,"bm":0,"nm":".primary","mn":"ADBE Vector Graphic - Stroke","hd":false,"cl":"primary"},{"ty":"tr","p":{"a":0,"k":[250.024,206.206],"ix":2},"a":{"a":0,"k":[0,0],"ix":1},"s":{"a":0,"k":[100,100],"ix":3},"r":{"a":0,"k":0,"ix":6},"o":{"a":0,"k":100,"ix":7},"sk":{"a":0,"k":0,"ix":4},"sa":{"a":0,"k":0,"ix":5},"nm":"Transform"}],"nm":"Group 1","np":2,"cix":2,"bm":0,"ix":1,"mn":"ADBE Vector Group","hd":false},{"ty":"tm","s":{"a":1,"k":[{"i":{"x":[0.2],"y":[1]},"o":{"x":[0.333],"y":[0]},"t":1,"s":[100]},{"t":41,"s":[0]}],"ix":1},"e":{"a":0,"k":100,"ix":2},"o":{"a":0,"k":0,"ix":3},"m":1,"ix":2,"nm":"Trim Paths 1","mn":"ADBE Vector Filter - Trim","hd":false}],"ip":1,"op":60,"st":0,"ct":1,"bm":0},{"ddd":0,"ind":5,"ty":4,"nm":".primary.design","cl":"primary design","sr":1,"ks":{"o":{"a":0,"k":100,"ix":11},"r":{"a":1,"k":[{"i":{"x":[0.2],"y":[1]},"o":{"x":[0.167],"y":[0.167]},"t":1,"s":[0]},{"t":41,"s":[-180]}],"ix":10},"p":{"a":0,"k":[250.004,250.003,0],"ix":2,"l":2},"a":{"a":0,"k":[0,0,0],"ix":1,"l":2},"s":{"a":0,"k":[100,100,100],"ix":6,"l":2}},"ao":0,"shapes":[{"ty":"gr","it":[{"ind":0,"ty":"sh","ix":1,"ks":{"a":1,"k":[{"i":{"x":0.2,"y":1},"o":{"x":0.167,"y":0.167},"t":1,"s":[{"i":[[-0.237,-9.809],[9.809,-0.237],[0.237,9.809],[-9.809,0.237]],"o":[[0.237,9.809],[-9.809,0.237],[-0.237,-9.809],[9.809,-0.237]],"v":[[17.524,-176.429],[0.193,-158.24],[-17.996,-175.571],[-0.666,-193.76]],"c":true}]},{"t":41,"s":[{"i":[[-2.226,-92.105],[92.105,-2.226],[2.226,92.105],[-92.105,2.226]],"o":[[2.226,92.105],[-92.105,2.226],[-2.226,-92.105],[92.105,-2.226]],"v":[[166.77,-4.031],[4.031,166.77],[-166.77,4.031],[-4.031,-166.77]],"c":true}]}],"ix":2},"nm":"Path 1","mn":"ADBE Vector Shape - Group","hd":false},{"ty":"st","c":{"a":0,"k":[0.071,0.075,0.192,1],"ix":3,"x":"var $bm_rt;\n$bm_rt = comp('system-solid-141-history').layer('control').effect('primary')('Color');"},"o":{"a":0,"k":100,"ix":4},"w":{"a":0,"k":41,"ix":5},"lc":2,"lj":2,"bm":0,"nm":".primary","mn":"ADBE Vector Graphic - Stroke","hd":false,"cl":"primary"},{"ty":"tr","p":{"a":0,"k":[0,0],"ix":2},"a":{"a":0,"k":[0,0],"ix":1},"s":{"a":0,"k":[100,100],"ix":3},"r":{"a":0,"k":0,"ix":6},"o":{"a":0,"k":100,"ix":7},"sk":{"a":0,"k":0,"ix":4},"sa":{"a":0,"k":0,"ix":5},"nm":"Transform"}],"nm":"Group 1","np":2,"cix":2,"bm":0,"ix":1,"mn":"ADBE Vector Group","hd":false},{"ty":"tm","s":{"a":0,"k":0,"ix":1},"e":{"a":1,"k":[{"i":{"x":[0.667],"y":[1]},"o":{"x":[0.167],"y":[0.167]},"t":10,"s":[100]},{"t":41,"s":[89.7]}],"ix":2},"o":{"a":1,"k":[{"i":{"x":[0.667],"y":[1]},"o":{"x":[0.167],"y":[0.167]},"t":10,"s":[187]},{"t":41,"s":[50]}],"ix":3},"m":1,"ix":2,"nm":"Trim Paths 1","mn":"ADBE Vector Filter - Trim","hd":false}],"ip":1,"op":41,"st":1,"ct":1,"bm":0},{"ddd":0,"ind":6,"ty":4,"nm":".primary.design","cl":"primary design","sr":1,"ks":{"o":{"a":0,"k":100,"ix":11},"r":{"a":1,"k":[{"i":{"x":[0.15],"y":[1]},"o":{"x":[0.333],"y":[0]},"t":1,"s":[0]},{"t":60,"s":[-360]}],"ix":10},"p":{"a":0,"k":[250.051,250.037,0],"ix":2,"l":2},"a":{"a":0,"k":[250.051,250.037,0],"ix":1,"l":2},"s":{"a":0,"k":[100,100,100],"ix":6,"l":2}},"ao":0,"shapes":[{"ty":"gr","it":[{"ind":0,"ty":"sh","ix":1,"ks":{"a":0,"k":{"i":[[74.791,71.251],[71.251,-74.791],[3.694,-4.683],[0,0],[11.458,0],[0,-11.459],[0,0],[-11.458,0],[0,0],[0,11.458],[11.458,0],[0,0],[-5.313,5.567],[-58.333,-55.416],[55.416,-58.126],[58.126,55.416],[5.625,30],[11.458,-2.084],[-2.083,-11.251],[-28.542,-27.084],[-46.458,0],[-36.667,38.75]],"o":[[-74.792,-71.25],[-4.075,4.307],[0,0],[0,-11.459],[-11.458,0],[0,0],[0,11.459],[0,0],[11.458,0],[0,-11.459],[0,0],[4.345,-6.288],[55.625,-58.333],[58.125,55.625],[-55.625,58.125],[-22.292,-21.25],[-2.083,-11.25],[-11.251,2.083],[7.292,38.541],[36.251,34.583],[49.583,0],[71.25,-74.792]],"v":[[130.037,-135.871],[-134.963,-129.412],[-146.421,-115.724],[-146.421,-153.161],[-167.255,-173.995],[-188.088,-153.161],[-188.088,-61.704],[-167.255,-40.871],[-81.004,-40.871],[-60.171,-61.911],[-81.004,-82.745],[-119.089,-82.745],[-104.755,-100.662],[101.496,-105.662],[106.496,100.588],[-99.755,105.588],[-142.463,27.463],[-166.838,11.005],[-183.297,35.38],[-128.505,135.797],[0.87,187.463],[136.496,129.13]],"c":true},"ix":2},"nm":"Path 1","mn":"ADBE Vector Shape - Group","hd":false},{"ty":"fl","c":{"a":0,"k":[0.071,0.075,0.192,1],"ix":4,"x":"var $bm_rt;\n$bm_rt = comp('system-solid-141-history').layer('control').effect('primary')('Color');"},"o":{"a":0,"k":100,"ix":5},"r":1,"bm":0,"nm":".primary","mn":"ADBE Vector Graphic - Fill","hd":false,"cl":"primary"},{"ty":"tr","p":{"a":0,"k":[249.176,250.037],"ix":2},"a":{"a":0,"k":[0,0],"ix":1},"s":{"a":0,"k":[100,100],"ix":3},"r":{"a":0,"k":0,"ix":6},"o":{"a":0,"k":100,"ix":7},"sk":{"a":0,"k":0,"ix":4},"sa":{"a":0,"k":0,"ix":5},"nm":"Transform"}],"nm":"Group 2","np":2,"cix":2,"bm":0,"ix":1,"mn":"ADBE Vector Group","hd":false}],"ip":41,"op":60,"st":-60,"ct":1,"bm":0}]},{"id":"comp_1","nm":"hover-history","fr":60,"layers":[{"ddd":0,"ind":1,"ty":4,"nm":".primary.design","cl":"primary design","sr":1,"ks":{"o":{"a":0,"k":100,"ix":11},"r":{"a":0,"k":0,"ix":10},"p":{"a":0,"k":[249.176,250.037,0],"ix":2,"l":2},"a":{"a":0,"k":[249.176,250.037,0],"ix":1,"l":2},"s":{"a":0,"k":[100,100,100],"ix":6,"l":2}},"ao":0,"shapes":[{"ty":"gr","it":[{"ind":0,"ty":"sh","ix":1,"ks":{"a":0,"k":{"i":[[11.458,0],[0,-11.458],[0,0],[-8.121,-2.85],[0,0],[-3.75,0],[-3.958,6.251],[9.791,6.042],[0,0],[0,0]],"o":[[-11.458,0],[0,0],[0,9.062],[0,0],[3.543,2.084],[6.875,0],[6.042,-9.791],[0,0],[0,0],[0,-11.458]],"v":[[-31.258,-91.875],[-52.091,-71.042],[-52.091,33.125],[-38.024,52.584],[20.2,88.75],[31.242,91.875],[48.95,82.083],[42.284,53.333],[-10.425,20.594],[-10.425,-71.042]],"c":true},"ix":2},"nm":"Path 1","mn":"ADBE Vector Shape - Group","hd":false},{"ty":"fl","c":{"a":0,"k":[0.071,0.075,0.192,1],"ix":4,"x":"var $bm_rt;\n$bm_rt = comp('system-solid-141-history').layer('control').effect('primary')('Color');"},"o":{"a":0,"k":100,"ix":5},"r":1,"bm":0,"nm":".primary","mn":"ADBE Vector Graphic - Fill","hd":false,"cl":"primary"},{"ty":"tr","p":{"a":0,"k":[281.304,237.708],"ix":2},"a":{"a":0,"k":[0,0],"ix":1},"s":{"a":0,"k":[100,100],"ix":3},"r":{"a":0,"k":0,"ix":6},"o":{"a":0,"k":100,"ix":7},"sk":{"a":0,"k":0,"ix":4},"sa":{"a":0,"k":0,"ix":5},"nm":"Transform"}],"nm":"Group 1","np":2,"cix":2,"bm":0,"ix":1,"mn":"ADBE Vector Group","hd":false},{"ty":"gr","it":[{"ind":0,"ty":"sh","ix":1,"ks":{"a":0,"k":{"i":[[74.791,71.251],[71.251,-74.791],[3.694,-4.683],[0,0],[11.458,0],[0,-11.459],[0,0],[-11.458,0],[0,0],[0,11.458],[11.458,0],[0,0],[-5.313,5.567],[-58.333,-55.416],[55.416,-58.126],[58.126,55.416],[5.625,30],[11.458,-2.084],[-2.083,-11.251],[-28.542,-27.084],[-46.458,0],[-36.667,38.75]],"o":[[-74.792,-71.25],[-4.075,4.307],[0,0],[0,-11.459],[-11.458,0],[0,0],[0,11.459],[0,0],[11.458,0],[0,-11.459],[0,0],[4.345,-6.288],[55.625,-58.333],[58.125,55.625],[-55.625,58.125],[-22.292,-21.25],[-2.083,-11.25],[-11.251,2.083],[7.292,38.541],[36.251,34.583],[49.583,0],[71.25,-74.792]],"v":[[130.037,-135.871],[-134.963,-129.412],[-146.421,-115.724],[-146.421,-153.161],[-167.255,-173.995],[-188.088,-153.161],[-188.088,-61.704],[-167.255,-40.871],[-81.004,-40.871],[-60.171,-61.911],[-81.004,-82.745],[-119.089,-82.745],[-104.755,-100.662],[101.496,-105.662],[106.496,100.588],[-99.755,105.588],[-142.463,27.463],[-166.838,11.005],[-183.297,35.38],[-128.505,135.797],[0.87,187.463],[136.496,129.13]],"c":true},"ix":2},"nm":"Path 1","mn":"ADBE Vector Shape - Group","hd":false},{"ty":"fl","c":{"a":0,"k":[0.071,0.075,0.192,1],"ix":4,"x":"var $bm_rt;\n$bm_rt = comp('system-solid-141-history').layer('control').effect('primary')('Color');"},"o":{"a":0,"k":100,"ix":5},"r":1,"bm":0,"nm":".primary","mn":"ADBE Vector Graphic - Fill","hd":false,"cl":"primary"},{"ty":"tr","p":{"a":0,"k":[249.176,250.037],"ix":2},"a":{"a":0,"k":[0,0],"ix":1},"s":{"a":0,"k":[100,100],"ix":3},"r":{"a":0,"k":0,"ix":6},"o":{"a":0,"k":100,"ix":7},"sk":{"a":0,"k":0,"ix":4},"sa":{"a":0,"k":0,"ix":5},"nm":"Transform"}],"nm":"Group 2","np":2,"cix":2,"bm":0,"ix":2,"mn":"ADBE Vector Group","hd":false}],"ip":60,"op":300,"st":0,"ct":1,"bm":0},{"ddd":0,"ind":2,"ty":4,"nm":".primary.design","cl":"primary design","sr":1,"ks":{"o":{"a":0,"k":100,"ix":11},"r":{"a":0,"k":0,"ix":10},"p":{"a":0,"k":[249.176,250.037,0],"ix":2,"l":2},"a":{"a":0,"k":[249.176,250.037,0],"ix":1,"l":2},"s":{"a":0,"k":[100,100,100],"ix":6,"l":2}},"ao":0,"shapes":[{"ty":"gr","it":[{"ind":0,"ty":"sh","ix":1,"ks":{"a":0,"k":{"i":[[11.458,0],[0,-11.458],[0,0],[-8.121,-2.85],[0,0],[-3.75,0],[-3.958,6.251],[9.791,6.042],[0,0],[0,0]],"o":[[-11.458,0],[0,0],[0,9.062],[0,0],[3.543,2.084],[6.875,0],[6.042,-9.791],[0,0],[0,0],[0,-11.458]],"v":[[-31.258,-91.875],[-52.091,-71.042],[-52.091,33.125],[-38.024,52.584],[20.2,88.75],[31.242,91.875],[48.95,82.083],[42.284,53.333],[-10.425,20.594],[-10.425,-71.042]],"c":true},"ix":2},"nm":"Path 1","mn":"ADBE Vector Shape - Group","hd":false},{"ty":"fl","c":{"a":0,"k":[0.071,0.075,0.192,1],"ix":4,"x":"var $bm_rt;\n$bm_rt = comp('system-solid-141-history').layer('control').effect('primary')('Color');"},"o":{"a":0,"k":100,"ix":5},"r":1,"bm":0,"nm":".primary","mn":"ADBE Vector Graphic - Fill","hd":false,"cl":"primary"},{"ty":"tr","p":{"a":0,"k":[281.304,237.708],"ix":2},"a":{"a":0,"k":[0,0],"ix":1},"s":{"a":0,"k":[100,100],"ix":3},"r":{"a":0,"k":0,"ix":6},"o":{"a":0,"k":100,"ix":7},"sk":{"a":0,"k":0,"ix":4},"sa":{"a":0,"k":0,"ix":5},"nm":"Transform"}],"nm":"Group 1","np":2,"cix":2,"bm":0,"ix":1,"mn":"ADBE Vector Group","hd":false},{"ty":"gr","it":[{"ind":0,"ty":"sh","ix":1,"ks":{"a":0,"k":{"i":[[74.791,71.251],[71.251,-74.791],[3.694,-4.683],[0,0],[11.458,0],[0,-11.459],[0,0],[-11.458,0],[0,0],[0,11.458],[11.458,0],[0,0],[-5.313,5.567],[-58.333,-55.416],[55.416,-58.126],[58.126,55.416],[5.625,30],[11.458,-2.084],[-2.083,-11.251],[-28.542,-27.084],[-46.458,0],[-36.667,38.75]],"o":[[-74.792,-71.25],[-4.075,4.307],[0,0],[0,-11.459],[-11.458,0],[0,0],[0,11.459],[0,0],[11.458,0],[0,-11.459],[0,0],[4.345,-6.288],[55.625,-58.333],[58.125,55.625],[-55.625,58.125],[-22.292,-21.25],[-2.083,-11.25],[-11.251,2.083],[7.292,38.541],[36.251,34.583],[49.583,0],[71.25,-74.792]],"v":[[130.037,-135.871],[-134.963,-129.412],[-146.421,-115.724],[-146.421,-153.161],[-167.255,-173.995],[-188.088,-153.161],[-188.088,-61.704],[-167.255,-40.871],[-81.004,-40.871],[-60.171,-61.911],[-81.004,-82.745],[-119.089,-82.745],[-104.755,-100.662],[101.496,-105.662],[106.496,100.588],[-99.755,105.588],[-142.463,27.463],[-166.838,11.005],[-183.297,35.38],[-128.505,135.797],[0.87,187.463],[136.496,129.13]],"c":true},"ix":2},"nm":"Path 1","mn":"ADBE Vector Shape - Group","hd":false},{"ty":"fl","c":{"a":0,"k":[0.071,0.075,0.192,1],"ix":4,"x":"var $bm_rt;\n$bm_rt = comp('system-solid-141-history').layer('control').effect('primary')('Color');"},"o":{"a":0,"k":100,"ix":5},"r":1,"bm":0,"nm":".primary","mn":"ADBE Vector Graphic - Fill","hd":false,"cl":"primary"},{"ty":"tr","p":{"a":0,"k":[249.176,250.037],"ix":2},"a":{"a":0,"k":[0,0],"ix":1},"s":{"a":0,"k":[100,100],"ix":3},"r":{"a":0,"k":0,"ix":6},"o":{"a":0,"k":100,"ix":7},"sk":{"a":0,"k":0,"ix":4},"sa":{"a":0,"k":0,"ix":5},"nm":"Transform"}],"nm":"Group 2","np":2,"cix":2,"bm":0,"ix":2,"mn":"ADBE Vector Group","hd":false}],"ip":0,"op":1,"st":0,"ct":1,"bm":0},{"ddd":0,"ind":3,"ty":4,"nm":".primary.design","cl":"primary design","sr":1,"ks":{"o":{"a":0,"k":100,"ix":11},"r":{"a":1,"k":[{"i":{"x":[0.15],"y":[1]},"o":{"x":[0.333],"y":[0]},"t":1,"s":[0]},{"t":60,"s":[-360]}],"ix":10},"p":{"a":0,"k":[250.051,250.037,0],"ix":2,"l":2},"a":{"a":0,"k":[250.051,250.037,0],"ix":1,"l":2},"s":{"a":0,"k":[100,100,100],"ix":6,"l":2}},"ao":0,"shapes":[{"ty":"gr","it":[{"ind":0,"ty":"sh","ix":1,"ks":{"a":0,"k":{"i":[[74.791,71.251],[71.251,-74.791],[3.694,-4.683],[0,0],[11.458,0],[0,-11.459],[0,0],[-11.458,0],[0,0],[0,11.458],[11.458,0],[0,0],[-5.313,5.567],[-58.333,-55.416],[55.416,-58.126],[58.126,55.416],[5.625,30],[11.458,-2.084],[-2.083,-11.251],[-28.542,-27.084],[-46.458,0],[-36.667,38.75]],"o":[[-74.792,-71.25],[-4.075,4.307],[0,0],[0,-11.459],[-11.458,0],[0,0],[0,11.459],[0,0],[11.458,0],[0,-11.459],[0,0],[4.345,-6.288],[55.625,-58.333],[58.125,55.625],[-55.625,58.125],[-22.292,-21.25],[-2.083,-11.25],[-11.251,2.083],[7.292,38.541],[36.251,34.583],[49.583,0],[71.25,-74.792]],"v":[[130.037,-135.871],[-134.963,-129.412],[-146.421,-115.724],[-146.421,-153.161],[-167.255,-173.995],[-188.088,-153.161],[-188.088,-61.704],[-167.255,-40.871],[-81.004,-40.871],[-60.171,-61.911],[-81.004,-82.745],[-119.089,-82.745],[-104.755,-100.662],[101.496,-105.662],[106.496,100.588],[-99.755,105.588],[-142.463,27.463],[-166.838,11.005],[-183.297,35.38],[-128.505,135.797],[0.87,187.463],[136.496,129.13]],"c":true},"ix":2},"nm":"Path 1","mn":"ADBE Vector Shape - Group","hd":false},{"ty":"fl","c":{"a":0,"k":[0.071,0.075,0.192,1],"ix":4,"x":"var $bm_rt;\n$bm_rt = comp('system-solid-141-history').layer('control').effect('primary')('Color');"},"o":{"a":0,"k":100,"ix":5},"r":1,"bm":0,"nm":".primary","mn":"ADBE Vector Graphic - Fill","hd":false,"cl":"primary"},{"ty":"tr","p":{"a":0,"k":[249.176,250.037],"ix":2},"a":{"a":0,"k":[0,0],"ix":1},"s":{"a":0,"k":[100,100],"ix":3},"r":{"a":0,"k":0,"ix":6},"o":{"a":0,"k":100,"ix":7},"sk":{"a":0,"k":0,"ix":4},"sa":{"a":0,"k":0,"ix":5},"nm":"Transform"}],"nm":"Group 2","np":2,"cix":2,"bm":0,"ix":1,"mn":"ADBE Vector Group","hd":false}],"ip":1,"op":60,"st":-60,"ct":1,"bm":0},{"ddd":0,"ind":4,"ty":4,"nm":".primary.design","cl":"primary design","sr":1,"ks":{"o":{"a":0,"k":100,"ix":11},"r":{"a":1,"k":[{"i":{"x":[0.667],"y":[1]},"o":{"x":[0.333],"y":[0]},"t":1,"s":[0]},{"i":{"x":[0.667],"y":[1]},"o":{"x":[0.176],"y":[0]},"t":42,"s":[-374]},{"i":{"x":[0.667],"y":[1]},"o":{"x":[0.333],"y":[0]},"t":53,"s":[-355]},{"t":60,"s":[-360]}],"ix":10},"p":{"a":0,"k":[250.038,270.066,0],"ix":2,"l":2},"a":{"a":0,"k":[250.038,250.066,0],"ix":1,"l":2},"s":{"a":0,"k":[100,100,100],"ix":6,"l":2}},"ao":0,"shapes":[{"ty":"gr","it":[{"ty":"gr","it":[{"ind":0,"ty":"sh","ix":1,"ks":{"a":0,"k":{"i":[[0,0],[0,0]],"o":[[0,0],[0,0]],"v":[[17.764,-5.733],[-44.264,-44.267]],"c":false},"ix":2},"nm":"Path 1","mn":"ADBE Vector Shape - Group","hd":false},{"ty":"st","c":{"a":0,"k":[0.071,0.075,0.192,1],"ix":3,"x":"var $bm_rt;\n$bm_rt = comp('system-solid-141-history').layer('control').effect('primary')('Color');"},"o":{"a":0,"k":100,"ix":4},"w":{"a":0,"k":41,"ix":5},"lc":2,"lj":2,"bm":0,"nm":".primary","mn":"ADBE Vector Graphic - Stroke","hd":false,"cl":"primary"},{"ty":"tr","p":{"a":0,"k":[0,0],"ix":2},"a":{"a":0,"k":[0,0],"ix":1},"s":{"a":0,"k":[100,100],"ix":3},"r":{"a":0,"k":0,"ix":6},"o":{"a":0,"k":100,"ix":7},"sk":{"a":0,"k":0,"ix":4},"sa":{"a":0,"k":0,"ix":5},"nm":"Transform"}],"nm":"Group 1","np":2,"cix":2,"bm":0,"ix":1,"mn":"ADBE Vector Group","hd":false},{"ty":"tr","p":{"a":0,"k":[294.302,294.333],"ix":2},"a":{"a":0,"k":[0,0],"ix":1},"s":{"a":0,"k":[100,100],"ix":3},"r":{"a":0,"k":0,"ix":6},"o":{"a":0,"k":100,"ix":7},"sk":{"a":0,"k":0,"ix":4},"sa":{"a":0,"k":0,"ix":5},"nm":"Transform"}],"nm":"Group 2","np":1,"cix":2,"bm":0,"ix":1,"mn":"ADBE Vector Group","hd":false}],"ip":1,"op":60,"st":0,"ct":1,"bm":0},{"ddd":0,"ind":5,"ty":4,"nm":".primary.design","cl":"primary design","sr":1,"ks":{"o":{"a":0,"k":100,"ix":11},"r":{"a":1,"k":[{"i":{"x":[0.407],"y":[1]},"o":{"x":[0.333],"y":[0]},"t":1,"s":[0]},{"i":{"x":[0.667],"y":[1]},"o":{"x":[0.425],"y":[0]},"t":20,"s":[-23]},{"i":{"x":[0.667],"y":[1]},"o":{"x":[0.333],"y":[0]},"t":45,"s":[5]},{"t":60,"s":[0]}],"ix":10},"p":{"a":0,"k":[250.024,270.066,0],"ix":2,"l":2},"a":{"a":0,"k":[250.024,250.066,0],"ix":1,"l":2},"s":{"a":0,"k":[100,100,100],"ix":6,"l":2}},"ao":0,"shapes":[{"ty":"gr","it":[{"ind":0,"ty":"sh","ix":1,"ks":{"a":0,"k":{"i":[[0,0],[0,0]],"o":[[0,0],[0,0]],"v":[[0,-59.36],[0,43.86]],"c":false},"ix":2},"nm":"Path 1","mn":"ADBE Vector Shape - Group","hd":false},{"ty":"st","c":{"a":0,"k":[0.071,0.075,0.192,1],"ix":3,"x":"var $bm_rt;\n$bm_rt = comp('system-solid-141-history').layer('control').effect('primary')('Color');"},"o":{"a":0,"k":100,"ix":4},"w":{"a":0,"k":41,"ix":5},"lc":2,"lj":2,"bm":0,"nm":".primary","mn":"ADBE Vector Graphic - Stroke","hd":false,"cl":"primary"},{"ty":"tr","p":{"a":0,"k":[250.024,206.206],"ix":2},"a":{"a":0,"k":[0,0],"ix":1},"s":{"a":0,"k":[100,100],"ix":3},"r":{"a":0,"k":0,"ix":6},"o":{"a":0,"k":100,"ix":7},"sk":{"a":0,"k":0,"ix":4},"sa":{"a":0,"k":0,"ix":5},"nm":"Transform"}],"nm":"Group 1","np":2,"cix":2,"bm":0,"ix":1,"mn":"ADBE Vector Group","hd":false}],"ip":1,"op":60,"st":0,"ct":1,"bm":0}]},{"id":"comp_2","nm":"loop-history","fr":60,"layers":[{"ddd":0,"ind":1,"ty":4,"nm":".primary.design","cl":"primary design","sr":1,"ks":{"o":{"a":0,"k":100,"ix":11},"r":{"a":0,"k":0,"ix":10},"p":{"a":0,"k":[249.176,250.037,0],"ix":2,"l":2},"a":{"a":0,"k":[249.176,250.037,0],"ix":1,"l":2},"s":{"a":0,"k":[100,100,100],"ix":6,"l":2}},"ao":0,"shapes":[{"ty":"gr","it":[{"ind":0,"ty":"sh","ix":1,"ks":{"a":0,"k":{"i":[[11.458,0],[0,-11.458],[0,0],[-8.121,-2.85],[0,0],[-3.75,0],[-3.958,6.251],[9.791,6.042],[0,0],[0,0]],"o":[[-11.458,0],[0,0],[0,9.062],[0,0],[3.543,2.084],[6.875,0],[6.042,-9.791],[0,0],[0,0],[0,-11.458]],"v":[[-31.258,-91.875],[-52.091,-71.042],[-52.091,33.125],[-38.024,52.584],[20.2,88.75],[31.242,91.875],[48.95,82.083],[42.284,53.333],[-10.425,20.594],[-10.425,-71.042]],"c":true},"ix":2},"nm":"Path 1","mn":"ADBE Vector Shape - Group","hd":false},{"ty":"fl","c":{"a":0,"k":[0.071,0.075,0.192,1],"ix":4,"x":"var $bm_rt;\n$bm_rt = comp('system-solid-141-history').layer('control').effect('primary')('Color');"},"o":{"a":0,"k":100,"ix":5},"r":1,"bm":0,"nm":".primary","mn":"ADBE Vector Graphic - Fill","hd":false,"cl":"primary"},{"ty":"tr","p":{"a":0,"k":[281.304,237.708],"ix":2},"a":{"a":0,"k":[0,0],"ix":1},"s":{"a":0,"k":[100,100],"ix":3},"r":{"a":0,"k":0,"ix":6},"o":{"a":0,"k":100,"ix":7},"sk":{"a":0,"k":0,"ix":4},"sa":{"a":0,"k":0,"ix":5},"nm":"Transform"}],"nm":"Group 1","np":2,"cix":2,"bm":0,"ix":1,"mn":"ADBE Vector Group","hd":false}],"ip":0,"op":300,"st":0,"ct":1,"bm":0},{"ddd":0,"ind":2,"ty":4,"nm":".primary.design","cl":"primary design","sr":1,"ks":{"o":{"a":0,"k":100,"ix":11},"r":{"a":1,"k":[{"i":{"x":[0.534],"y":[0.758]},"o":{"x":[0.382],"y":[0.297]},"t":1,"s":[0]},{"i":{"x":[0.833],"y":[0.856]},"o":{"x":[0.167],"y":[0.096]},"t":51,"s":[-305.085]},{"t":61,"s":[-360]}],"ix":10},"p":{"a":0,"k":[250.019,250.006,0],"ix":2,"l":2},"a":{"a":0,"k":[250.019,250.006,0],"ix":1,"l":2},"s":{"a":0,"k":[100,100,100],"ix":6,"l":2}},"ao":0,"shapes":[{"ty":"gr","it":[{"ind":0,"ty":"sh","ix":1,"ks":{"a":0,"k":{"i":[[74.791,71.251],[71.251,-74.791],[3.694,-4.683],[0,0],[11.458,0],[0,-11.459],[0,0],[-11.458,0],[0,0],[0,11.458],[11.458,0],[0,0],[-5.313,5.567],[-58.333,-55.416],[55.416,-58.126],[58.126,55.416],[5.625,30],[11.458,-2.084],[-2.083,-11.251],[-28.542,-27.084],[-46.458,0],[-36.667,38.75]],"o":[[-74.792,-71.25],[-4.075,4.307],[0,0],[0,-11.459],[-11.458,0],[0,0],[0,11.459],[0,0],[11.458,0],[0,-11.459],[0,0],[4.345,-6.288],[55.625,-58.333],[58.125,55.625],[-55.625,58.125],[-22.292,-21.25],[-2.083,-11.25],[-11.251,2.083],[7.292,38.541],[36.251,34.583],[49.583,0],[71.25,-74.792]],"v":[[130.037,-135.871],[-134.963,-129.412],[-146.421,-115.724],[-146.421,-153.161],[-167.255,-173.995],[-188.088,-153.161],[-188.088,-61.704],[-167.255,-40.871],[-81.004,-40.871],[-60.171,-61.911],[-81.004,-82.745],[-119.089,-82.745],[-104.755,-100.662],[101.496,-105.662],[106.496,100.588],[-99.755,105.588],[-142.463,27.463],[-166.838,11.005],[-183.297,35.38],[-128.505,135.797],[0.87,187.463],[136.496,129.13]],"c":true},"ix":2},"nm":"Path 1","mn":"ADBE Vector Shape - Group","hd":false},{"ty":"fl","c":{"a":0,"k":[0.071,0.075,0.192,1],"ix":4,"x":"var $bm_rt;\n$bm_rt = comp('system-solid-141-history').layer('control').effect('primary')('Color');"},"o":{"a":0,"k":100,"ix":5},"r":1,"bm":0,"nm":".primary","mn":"ADBE Vector Graphic - Fill","hd":false,"cl":"primary"},{"ty":"tr","p":{"a":0,"k":[249.176,250.037],"ix":2},"a":{"a":0,"k":[0,0],"ix":1},"s":{"a":0,"k":[100,100],"ix":3},"r":{"a":0,"k":0,"ix":6},"o":{"a":0,"k":100,"ix":7},"sk":{"a":0,"k":0,"ix":4},"sa":{"a":0,"k":0,"ix":5},"nm":"Transform"}],"nm":"Group 2","np":2,"cix":2,"bm":0,"ix":1,"mn":"ADBE Vector Group","hd":false}],"ip":0,"op":300,"st":0,"ct":1,"bm":0}]}],"layers":[{"ddd":0,"ind":1,"ty":3,"nm":"control","sr":1,"ks":{"o":{"a":0,"k":0,"ix":11},"r":{"a":0,"k":0,"ix":10},"p":{"a":0,"k":[0,0],"ix":2,"l":2},"a":{"a":0,"k":[0,0,0],"ix":1,"l":2},"s":{"a":0,"k":[100,100,100],"ix":6,"l":2}},"ao":0,"ef":[{"ty":5,"nm":"primary","np":3,"mn":"ADBE Color Control","ix":1,"en":1,"ef":[{"ty":2,"nm":"Color","mn":"ADBE Color Control-0001","ix":1,"v":{"a":0,"k":[0.071,0.075,0.192],"ix":1}}]}],"ip":0,"op":201,"st":0,"bm":0},{"ddd":0,"ind":2,"ty":0,"nm":"in-history","refId":"comp_0","sr":1,"ks":{"o":{"a":0,"k":100,"ix":11},"r":{"a":0,"k":0,"ix":10},"p":{"a":0,"k":[250,250,0],"ix":2,"l":2},"a":{"a":0,"k":[250,250,0],"ix":1,"l":2},"s":{"a":0,"k":[100,100,100],"ix":6,"l":2}},"ao":0,"w":500,"h":500,"ip":0,"op":70,"st":0,"bm":0},{"ddd":0,"ind":3,"ty":0,"nm":"hover-history","refId":"comp_1","sr":1,"ks":{"o":{"a":0,"k":100,"ix":11},"r":{"a":0,"k":0,"ix":10},"p":{"a":0,"k":[250,250,0],"ix":2,"l":2},"a":{"a":0,"k":[250,250,0],"ix":1,"l":2},"s":{"a":0,"k":[100,100,100],"ix":6,"l":2}},"ao":0,"w":500,"h":500,"ip":70,"op":140,"st":70,"bm":0},{"ddd":0,"ind":4,"ty":0,"nm":"loop-history","refId":"comp_2","sr":1,"ks":{"o":{"a":0,"k":100,"ix":11},"r":{"a":0,"k":0,"ix":10},"p":{"a":0,"k":[250,250,0],"ix":2,"l":2},"a":{"a":0,"k":[250,250,0],"ix":1,"l":2},"s":{"a":0,"k":[100,100,100],"ix":6,"l":2}},"ao":0,"w":500,"h":500,"ip":140,"op":210,"st":140,"bm":0}],"markers":[{"tm":0,"cm":"in-history","dr":60},{"tm":70,"cm":"default:hover-history","dr":60},{"tm":140,"cm":"loop-history","dr":60}],"props":{}}