{"v":"5.12.1","fr":60,"ip":70,"op":130,"w":500,"h":500,"nm":"system-solid-152-sticky-note","ddd":0,"assets":[{"id":"comp_0","nm":"in-sticky-note","fr":60,"layers":[{"ddd":0,"ind":1,"ty":4,"nm":".primary.design","cl":"primary design","sr":1,"ks":{"o":{"a":0,"k":100,"ix":11},"r":{"a":0,"k":0,"ix":10},"p":{"a":0,"k":[363.588,365.125,0],"ix":2,"l":2},"a":{"a":0,"k":[0,0,0],"ix":1,"l":2},"s":{"a":0,"k":[100,100,100],"ix":6,"l":2}},"ao":0,"shapes":[{"ty":"gr","it":[{"ind":0,"ty":"sh","ix":1,"ks":{"a":1,"k":[{"i":{"x":0.667,"y":1},"o":{"x":0.167,"y":0.167},"t":31,"s":[{"i":[[0,0],[0,0],[0,0]],"o":[[0,0],[0,0],[0,0]],"v":[[55.75,-55.25],[-61.25,73.25],[-49.25,-48.25]],"c":true}]},{"t":45,"s":[{"i":[[0,0],[0,0],[0,0]],"o":[[0,0],[0,0],[0,0]],"v":[[71.25,-71.25],[-71.25,71.25],[-71.25,-71.25]],"c":true}]}],"ix":2},"nm":"Path 1","mn":"ADBE Vector Shape - Group","hd":false},{"ty":"fl","c":{"a":0,"k":[0.071,0.075,0.192,1],"ix":4,"x":"var $bm_rt;\n$bm_rt = comp('system-solid-152-sticky-note').layer('control').effect('primary')('Color');"},"o":{"a":0,"k":100,"ix":5},"r":1,"bm":0,"nm":".primary","mn":"ADBE Vector Graphic - Fill","hd":false,"cl":"primary"},{"ty":"tr","p":{"a":0,"k":[0,0],"ix":2},"a":{"a":0,"k":[0,0],"ix":1},"s":{"a":0,"k":[100,100],"ix":3},"r":{"a":0,"k":0,"ix":6},"o":{"a":0,"k":100,"ix":7},"sk":{"a":0,"k":0,"ix":4},"sa":{"a":0,"k":0,"ix":5},"nm":"Transform"}],"nm":"Group 1","np":2,"cix":2,"bm":0,"ix":1,"mn":"ADBE Vector Group","hd":false}],"ip":31,"op":285,"st":-15,"ct":1,"bm":0},{"ddd":0,"ind":2,"ty":4,"nm":".primary.design","cl":"primary design","sr":1,"ks":{"o":{"a":0,"k":100,"ix":11},"r":{"a":0,"k":0,"ix":10},"p":{"a":0,"k":[250.046,249.5,0],"ix":2,"l":2},"a":{"a":0,"k":[0,0,0],"ix":1,"l":2},"s":{"a":0,"k":[100,100,100],"ix":6,"l":2}},"ao":0,"shapes":[{"ty":"gr","it":[{"ind":0,"ty":"sh","ix":1,"ks":{"a":1,"k":[{"i":{"x":0.667,"y":1},"o":{"x":0.167,"y":0.167},"t":31,"s":[{"i":[[0,-19.194],[-9.546,-63.125],[0,0],[0,-8.542],[0,0],[0,0],[1.673,21.393],[1.954,71],[0,0],[-21.828,0],[0,0]],"o":[[0,0],[-37.546,0.375],[-8.962,1.125],[0,0],[0,0],[-24.093,1.885],[0,0],[-1.355,-49.231],[0,-19.194],[0,0],[21.828,0]],"v":[[187.5,-152.5],[195.5,25.625],[49.667,37.125],[34.042,52.75],[16.542,187.5],[-123.798,198.735],[-170.452,163.307],[-184.5,2],[-187.5,-152.5],[-147.984,-187.5],[147.984,-187.5]],"c":true}]},{"t":45,"s":[{"i":[[0,-21.25],[0,0],[0,0],[0,-8.542],[0,0],[0,0],[0,21.458],[0,0],[0,0],[-24.167,0],[0,0]],"o":[[0,0],[0,0],[-8.542,0],[0,0],[0,0],[-24.167,0],[0,0],[0,0],[0,-21.25],[0,0],[24.167,0]],"v":[[187.5,-148.75],[187.5,13.125],[26.667,13.125],[11.042,28.75],[11.042,187.5],[-143.75,187.5],[-187.5,148.542],[-187.5,-1.448],[-187.5,-148.75],[-143.75,-187.5],[143.75,-187.5]],"c":true}]}],"ix":2},"nm":"Path 1","mn":"ADBE Vector Shape - Group","hd":false},{"ty":"fl","c":{"a":0,"k":[0.071,0.075,0.192,1],"ix":4,"x":"var $bm_rt;\n$bm_rt = comp('system-solid-152-sticky-note').layer('control').effect('primary')('Color');"},"o":{"a":0,"k":100,"ix":5},"r":1,"bm":0,"nm":".primary","mn":"ADBE Vector Graphic - Fill","hd":false,"cl":"primary"},{"ty":"tr","p":{"a":0,"k":[0,0],"ix":2},"a":{"a":0,"k":[0,0],"ix":1},"s":{"a":0,"k":[100,100],"ix":3},"r":{"a":0,"k":0,"ix":6},"o":{"a":0,"k":100,"ix":7},"sk":{"a":0,"k":0,"ix":4},"sa":{"a":0,"k":0,"ix":5},"nm":"Transform"}],"nm":"Group 1","np":2,"cix":2,"bm":0,"ix":1,"mn":"ADBE Vector Group","hd":false}],"ip":31,"op":285,"st":-15,"ct":1,"bm":0},{"ddd":0,"ind":3,"ty":4,"nm":".primary.design","cl":"primary design","sr":1,"ks":{"o":{"a":0,"k":100,"ix":11},"r":{"a":1,"k":[{"i":{"x":[0.833],"y":[0.833]},"o":{"x":[0.167],"y":[0.167]},"t":5,"s":[0]},{"i":{"x":[0.833],"y":[0.833]},"o":{"x":[0.167],"y":[0.167]},"t":10,"s":[0.667]},{"i":{"x":[0.833],"y":[0.833]},"o":{"x":[0.167],"y":[0.167]},"t":14,"s":[9.8]},{"i":{"x":[0.833],"y":[0.833]},"o":{"x":[0.167],"y":[0.167]},"t":18,"s":[6.6]},{"t":20,"s":[8]}],"ix":10},"p":{"a":1,"k":[{"i":{"x":0.833,"y":0.833},"o":{"x":0.167,"y":0.167},"t":1,"s":[249.5,36,0],"to":[0,0,0],"ti":[1.551,-48.078,0]},{"i":{"x":0.833,"y":0.833},"o":{"x":0.167,"y":0.167},"t":5,"s":[249.5,84,0],"to":[-1.829,56.701,0],"ti":[17.671,-66.925,0]},{"i":{"x":0.833,"y":0.833},"o":{"x":0.167,"y":0.167},"t":14,"s":[234.287,254.918,0],"to":[-5.624,21.299,0],"ti":[9.209,-30.631,0]},{"i":{"x":0.833,"y":0.833},"o":{"x":0.167,"y":0.167},"t":18,"s":[224.504,337.38,0],"to":[-4.042,13.445,0],"ti":[6.1,-12.711,0]},{"t":20,"s":[206.5,411,0]}],"ix":2,"l":2},"a":{"a":0,"k":[-0.5,-166,0],"ix":1,"l":2},"s":{"a":0,"k":[100,100,100],"ix":6,"l":2}},"ao":0,"shapes":[{"ty":"gr","it":[{"ty":"rc","d":1,"s":{"a":1,"k":[{"i":{"x":[0.667,0.667],"y":[1,1]},"o":{"x":[0.167,0.167],"y":[0,0.167]},"t":1,"s":[400,2]},{"i":{"x":[0.672,0.672],"y":[0.49,0.328]},"o":{"x":[0.296,0.296],"y":[0,0]},"t":5,"s":[400,100]},{"i":{"x":[0.718,0.718],"y":[0.016,0.597]},"o":{"x":[0.373,0.373],"y":[1.226,0.264]},"t":14,"s":[370.964,80.86]},{"i":{"x":[0.754,0.754],"y":[0.921,0.941]},"o":{"x":[0.411,0.411],"y":[0.176,0.131]},"t":18,"s":[364.867,56.28]},{"t":20,"s":[340,1]}],"ix":2},"p":{"a":0,"k":[0,0],"ix":3},"r":{"a":0,"k":55,"ix":4},"nm":"Rectangle Path 1","mn":"ADBE Vector Shape - Rect","hd":false},{"ty":"st","c":{"a":0,"k":[0.071,0.075,0.192,1],"ix":3,"x":"var $bm_rt;\n$bm_rt = comp('system-solid-152-sticky-note').layer('control').effect('primary')('Color');"},"o":{"a":0,"k":100,"ix":4},"w":{"a":0,"k":41,"ix":5},"lc":2,"lj":2,"bm":0,"nm":".primary","mn":"ADBE Vector Graphic - Stroke","hd":false,"cl":"primary"},{"ty":"tr","p":{"a":0,"k":[-0.5,-166],"ix":2},"a":{"a":0,"k":[0,0],"ix":1},"s":{"a":0,"k":[100,100],"ix":3},"r":{"a":0,"k":0,"ix":6},"o":{"a":0,"k":100,"ix":7},"sk":{"a":0,"k":0,"ix":4},"sa":{"a":0,"k":0,"ix":5},"nm":"Transform"}],"nm":"Rectangle 1","np":3,"cix":2,"bm":0,"ix":1,"mn":"ADBE Vector Group","hd":false}],"ip":1,"op":20,"st":0,"ct":1,"bm":0},{"ddd":0,"ind":4,"ty":4,"nm":".primary.design","cl":"primary design","td":1,"sr":1,"ks":{"o":{"a":0,"k":100,"ix":11},"r":{"a":0,"k":0,"ix":10},"p":{"a":0,"k":[249.936,78.127,0],"ix":2,"l":2},"a":{"a":0,"k":[249.936,78.127,0],"ix":1,"l":2},"s":{"a":0,"k":[100,100,100],"ix":6,"l":2}},"ao":0,"hasMask":true,"masksProperties":[{"inv":false,"mode":"a","pt":{"a":1,"k":[{"i":{"x":0.833,"y":0.833},"o":{"x":0.167,"y":0.167},"t":1,"s":[{"i":[[0,0],[0,0],[0,0],[0,0]],"o":[[0,0],[0,0],[0,0],[0,0]],"v":[[498,5],[14,5],[14,41],[498,41]],"c":true}]},{"i":{"x":0.833,"y":0.833},"o":{"x":0.167,"y":0.167},"t":5,"s":[{"i":[[0,0],[0,0],[0,0],[0,0]],"o":[[0,0],[0,0],[0,0],[0,0]],"v":[[498,5],[14,5],[14,133],[498,133]],"c":true}]},{"i":{"x":0.833,"y":0.833},"o":{"x":0.167,"y":0.167},"t":7,"s":[{"i":[[0,0],[0,0],[0,0],[0,0]],"o":[[0,0],[0,0],[0,0],[0,0]],"v":[[498,5],[14,5],[19,69.667],[498.667,77.333]],"c":true}]},{"i":{"x":0.833,"y":0.833},"o":{"x":0.167,"y":0.167},"t":11,"s":[{"i":[[0,0],[0,0],[0,0],[0,0]],"o":[[0,0],[0,0],[0,0],[0,0]],"v":[[498,5],[14,5],[29,144],[500,167]],"c":true}]},{"i":{"x":0.833,"y":0.833},"o":{"x":0.167,"y":0.167},"t":13,"s":[{"i":[[0,0],[0,0],[0,0],[0,0]],"o":[[0,0],[0,0],[0,0],[0,0]],"v":[[498,5],[14,5],[23,179],[504,243]],"c":true}]},{"i":{"x":0.833,"y":0.833},"o":{"x":0.167,"y":0.167},"t":16,"s":[{"i":[[0,0],[0,0],[0,0],[0,0]],"o":[[0,0],[0,0],[0,0],[0,0]],"v":[[498,5],[14,5],[19,239],[497,315]],"c":true}]},{"i":{"x":0.833,"y":0.833},"o":{"x":0.167,"y":0.167},"t":18,"s":[{"i":[[0,0],[0,0],[0,0],[0,0]],"o":[[0,0],[0,0],[0,0],[0,0]],"v":[[498,5],[14,5],[7,291],[491,336]],"c":true}]},{"i":{"x":0.833,"y":0.833},"o":{"x":0.167,"y":0.167},"t":19,"s":[{"i":[[0,0],[0,0],[0,0],[0,0]],"o":[[0,0],[0,0],[0,0],[0,0]],"v":[[498,5],[14,5],[0,341],[481,396]],"c":true}]},{"t":20,"s":[{"i":[[0,0],[0,0],[0,0],[0,0]],"o":[[0,0],[0,0],[0,0],[0,0]],"v":[[514,-23],[-4,-17],[-51,522],[525,507]],"c":true}]}],"ix":1},"o":{"a":0,"k":100,"ix":3},"x":{"a":0,"k":0,"ix":4},"nm":"Mask 1"}],"shapes":[{"ty":"gr","it":[{"ind":0,"ty":"sh","ix":1,"ks":{"a":1,"k":[{"i":{"x":0.307,"y":1},"o":{"x":0.333,"y":0},"t":1,"s":[{"i":[[0,0],[0,0],[0,0]],"o":[[0,0],[0,0],[0,0]],"v":[[-67.709,-67.709],[67.709,-67.709],[-67.709,67.709]],"c":true}]},{"i":{"x":0.833,"y":0.833},"o":{"x":0.333,"y":0},"t":12,"s":[{"i":[[0,0],[0,0],[0,0]],"o":[[0,0],[0,0],[0,0]],"v":[[-5.53,35.03],[38.784,-32.38],[-138.343,11.83]],"c":true}]},{"i":{"x":0.833,"y":0.833},"o":{"x":0.167,"y":0.167},"t":20,"s":[{"i":[[0,0],[0,0],[0,0]],"o":[[0,0],[0,0],[0,0]],"v":[[14.76,52.91],[52.373,-50.182],[-111.948,40.257]],"c":true}]},{"i":{"x":0.15,"y":1},"o":{"x":0.167,"y":0.167},"t":23,"s":[{"i":[[0,0],[0,0],[0,0]],"o":[[0,0],[0,0],[0,0]],"v":[[8.586,21.309],[85.73,-34.821],[-71.657,80.648]],"c":true}]},{"t":45,"s":[{"i":[[0,0],[0,0],[0,0]],"o":[[0,0],[0,0],[0,0]],"v":[[-77.165,-77.165],[145.165,-77.33],[-77.33,141.665]],"c":true}]}],"ix":2},"nm":"Path 1","mn":"ADBE Vector Shape - Group","hd":false},{"ty":"st","c":{"a":0,"k":[0.071,0.075,0.192,1],"ix":3,"x":"var $bm_rt;\n$bm_rt = comp('system-solid-152-sticky-note').layer('control').effect('primary')('Color');"},"o":{"a":0,"k":100,"ix":4},"w":{"a":0,"k":31.3,"ix":5},"lc":2,"lj":2,"bm":0,"nm":".primary","mn":"ADBE Vector Graphic - Stroke","hd":false,"cl":"primary"},{"ty":"tr","p":{"a":0,"k":[354.165,354.17],"ix":2},"a":{"a":0,"k":[0,0],"ix":1},"s":{"a":0,"k":[100,100],"ix":3},"r":{"a":0,"k":0,"ix":6},"o":{"a":0,"k":100,"ix":7},"sk":{"a":0,"k":0,"ix":4},"sa":{"a":0,"k":0,"ix":5},"nm":"Transform"}],"nm":"Group 1","np":2,"cix":2,"bm":0,"ix":1,"mn":"ADBE Vector Group","hd":false}],"ip":23,"op":31,"st":1,"ct":1,"bm":0},{"ddd":0,"ind":5,"ty":4,"nm":".primary.design","cl":"primary design","tt":2,"tp":4,"sr":1,"ks":{"o":{"a":0,"k":100,"ix":11},"r":{"a":0,"k":0,"ix":10},"p":{"a":0,"k":[249.936,78.127,0],"ix":2,"l":2},"a":{"a":0,"k":[249.936,78.127,0],"ix":1,"l":2},"s":{"a":0,"k":[100,100,100],"ix":6,"l":2}},"ao":0,"hasMask":true,"masksProperties":[{"inv":false,"mode":"a","pt":{"a":1,"k":[{"i":{"x":0.833,"y":0.833},"o":{"x":0.167,"y":0.167},"t":1,"s":[{"i":[[0,0],[0,0],[0,0],[0,0]],"o":[[0,0],[0,0],[0,0],[0,0]],"v":[[498,5],[14,5],[14,41],[498,41]],"c":true}]},{"i":{"x":0.833,"y":0.833},"o":{"x":0.167,"y":0.167},"t":5,"s":[{"i":[[0,0],[0,0],[0,0],[0,0]],"o":[[0,0],[0,0],[0,0],[0,0]],"v":[[498,5],[14,5],[14,133],[498,133]],"c":true}]},{"i":{"x":0.833,"y":0.833},"o":{"x":0.167,"y":0.167},"t":7,"s":[{"i":[[0,0],[0,0],[0,0],[0,0]],"o":[[0,0],[0,0],[0,0],[0,0]],"v":[[498,5],[14,5],[19,69.667],[498.667,77.333]],"c":true}]},{"i":{"x":0.833,"y":0.833},"o":{"x":0.167,"y":0.167},"t":11,"s":[{"i":[[0,0],[0,0],[0,0],[0,0]],"o":[[0,0],[0,0],[0,0],[0,0]],"v":[[498,5],[14,5],[29,144],[500,167]],"c":true}]},{"i":{"x":0.833,"y":0.833},"o":{"x":0.167,"y":0.167},"t":13,"s":[{"i":[[0,0],[0,0],[0,0],[0,0]],"o":[[0,0],[0,0],[0,0],[0,0]],"v":[[498,5],[14,5],[23,179],[504,243]],"c":true}]},{"i":{"x":0.833,"y":0.833},"o":{"x":0.167,"y":0.167},"t":16,"s":[{"i":[[0,0],[0,0],[0,0],[0,0]],"o":[[0,0],[0,0],[0,0],[0,0]],"v":[[498,5],[14,5],[19,239],[497,315]],"c":true}]},{"i":{"x":0.833,"y":0.833},"o":{"x":0.167,"y":0.167},"t":18,"s":[{"i":[[0,0],[0,0],[0,0],[0,0]],"o":[[0,0],[0,0],[0,0],[0,0]],"v":[[498,5],[14,5],[7,291],[491,336]],"c":true}]},{"i":{"x":0.833,"y":0.833},"o":{"x":0.167,"y":0.167},"t":19,"s":[{"i":[[0,0],[0,0],[0,0],[0,0]],"o":[[0,0],[0,0],[0,0],[0,0]],"v":[[498,5],[14,5],[0,341],[481,396]],"c":true}]},{"t":20,"s":[{"i":[[0,0],[0,0],[0,0],[0,0]],"o":[[0,0],[0,0],[0,0],[0,0]],"v":[[514,-23],[-4,-17],[-51,522],[525,507]],"c":true}]}],"ix":1},"o":{"a":0,"k":100,"ix":3},"x":{"a":0,"k":0,"ix":4},"nm":"Mask 1"}],"shapes":[{"ty":"gr","it":[{"ind":0,"ty":"sh","ix":1,"ks":{"a":1,"k":[{"i":{"x":0.307,"y":1},"o":{"x":0.333,"y":0},"t":1,"s":[{"i":[[0,0],[0,0],[0,0]],"o":[[0,0],[0,0],[0,0]],"v":[[-67.709,-67.709],[67.709,-67.709],[-67.709,67.709]],"c":true}]},{"i":{"x":0.833,"y":0.833},"o":{"x":0.333,"y":0},"t":12,"s":[{"i":[[0,0],[0,0],[0,0]],"o":[[0,0],[0,0],[0,0]],"v":[[-5.53,35.03],[38.784,-32.38],[-138.343,11.83]],"c":true}]},{"i":{"x":0.833,"y":0.833},"o":{"x":0.167,"y":0.167},"t":20,"s":[{"i":[[0,0],[0,0],[0,0]],"o":[[0,0],[0,0],[0,0]],"v":[[14.76,52.91],[52.373,-50.182],[-111.948,40.257]],"c":true}]},{"i":{"x":0.833,"y":0.833},"o":{"x":0.167,"y":0.167},"t":23,"s":[{"i":[[0,0],[0,0],[0,0]],"o":[[0,0],[0,0],[0,0]],"v":[[-17.414,-3.691],[59.73,-59.821],[-97.657,55.648]],"c":true}]},{"i":{"x":0.667,"y":1},"o":{"x":0.167,"y":0.167},"t":28,"s":[{"i":[[0,0],[0,0],[0,0]],"o":[[0,0],[0,0],[0,0]],"v":[[-25.432,-42.565],[74.829,-79.559],[-51.72,64.1]],"c":true}]},{"i":{"x":0.833,"y":0.833},"o":{"x":0.333,"y":0},"t":29,"s":[{"i":[[0,0],[0,0],[0,0]],"o":[[0,0],[0,0],[0,0]],"v":[[-33.312,-55.43],[75.714,-80.716],[-49.027,64.596]],"c":true}]},{"i":{"x":0.667,"y":1},"o":{"x":0.167,"y":0.167},"t":32,"s":[{"i":[[0,0],[0,0],[0,0]],"o":[[0,0],[0,0],[0,0]],"v":[[-43.486,-63.564],[74.975,-79.516],[-50.751,64.883]],"c":true}]},{"t":45,"s":[{"i":[[0,0],[0,0],[0,0]],"o":[[0,0],[0,0],[0,0]],"v":[[-67.709,-67.709],[67.709,-67.709],[-67.709,67.709]],"c":true}]}],"ix":2},"nm":"Path 1","mn":"ADBE Vector Shape - Group","hd":false},{"ty":"st","c":{"a":0,"k":[0.071,0.075,0.192,1],"ix":3,"x":"var $bm_rt;\n$bm_rt = comp('system-solid-152-sticky-note').layer('control').effect('primary')('Color');"},"o":{"a":0,"k":100,"ix":4},"w":{"a":0,"k":31.3,"ix":5},"lc":2,"lj":2,"bm":0,"nm":".primary","mn":"ADBE Vector Graphic - Stroke","hd":false,"cl":"primary"},{"ty":"fl","c":{"a":0,"k":[0.071,0.075,0.192,1],"ix":4,"x":"var $bm_rt;\n$bm_rt = comp('system-solid-152-sticky-note').layer('control').effect('primary')('Color');"},"o":{"a":0,"k":100,"ix":5},"r":1,"bm":0,"nm":".primary","mn":"ADBE Vector Graphic - Fill","hd":false,"cl":"primary"},{"ty":"tr","p":{"a":0,"k":[354.165,354.17],"ix":2},"a":{"a":0,"k":[0,0],"ix":1},"s":{"a":0,"k":[100,100],"ix":3},"r":{"a":0,"k":0,"ix":6},"o":{"a":0,"k":100,"ix":7},"sk":{"a":0,"k":0,"ix":4},"sa":{"a":0,"k":0,"ix":5},"nm":"Transform"}],"nm":"Group 1","np":3,"cix":2,"bm":0,"ix":1,"mn":"ADBE Vector Group","hd":false},{"ty":"gr","it":[{"ind":0,"ty":"sh","ix":1,"ks":{"a":1,"k":[{"i":{"x":0.307,"y":1},"o":{"x":0.333,"y":0},"t":1,"s":[{"i":[[0,0],[0,29.487],[0,0],[11.506,0],[0,0],[0,-11.506],[-0.002,-62.013],[0,0],[-11.506,0],[0,0]],"o":[[0,0],[0,-33.013],[0,-11.506],[0,0],[-11.506,0],[0,0],[0.002,76],[0,11.506],[0,0],[0,0]],"v":[[171.876,36.458],[171.503,-55.003],[171.876,-151.042],[151.042,-171.876],[-151.042,-171.876],[-171.876,-151.042],[-172,22.997],[-171.876,151.042],[-151.042,171.876],[36.458,171.876]],"c":false}]},{"i":{"x":0.833,"y":0.833},"o":{"x":0.333,"y":0},"t":12,"s":[{"i":[[0,0],[-4.501,74.12],[0,0],[11.506,0],[0,0],[0,-11.506],[13.753,-54],[0,0],[-10.732,-3.704],[0,0]],"o":[[0,0],[1.788,-29.438],[0,-11.506],[0,0],[-11.506,0],[0,0],[-15.603,61.263],[-4.147,9.584],[0,0],[0,0]],"v":[[142.951,71.787],[171.503,-58.969],[171.876,-151.042],[151.042,-171.876],[-151.042,-171.876],[-171.876,-151.042],[-183.395,-38.075],[-218.995,56.581],[-207.072,80.641],[-34.176,115.997]],"c":false}]},{"i":{"x":0.667,"y":1},"o":{"x":0.167,"y":0.167},"t":23,"s":[{"i":[[0,0],[-0.553,55.262],[0,0],[11.506,0],[0,0],[0,-11.506],[2.193,-76.55],[0,0],[-11.124,-1.485],[0,0]],"o":[[0,0],[-0.662,-41.807],[0,-11.506],[0,0],[-11.506,0],[0,0],[-2.97,78.211],[-1.632,10.673],[0,0],[0,0]],"v":[[163.898,44.346],[172.469,-62.014],[171.876,-151.042],[151.042,-171.876],[-151.042,-171.876],[-171.876,-151.042],[-173.913,-4.152],[-191.697,123.279],[-174.51,145.292],[6.51,159.815]],"c":false}]},{"i":{"x":0.667,"y":1},"o":{"x":0.333,"y":0},"t":29,"s":[{"i":[[0,0],[1.927,43.422],[0,0],[11.506,0],[0,0],[0,-11.506],[-5.065,-90.708],[0,0],[-11.473,0.874],[0,0]],"o":[[0,0],[-2.199,-49.573],[0,-11.506],[0,0],[-11.506,0],[0,0],[4.961,88.851],[0.874,11.473],[0,0],[0,0]],"v":[[179.881,23.451],[173.076,-63.925],[171.876,-151.042],[151.042,-171.876],[-151.042,-171.876],[-171.876,-151.042],[-167.959,17.146],[-154.174,163.813],[-131.819,183.004],[55.141,168.763]],"c":false}]},{"t":45,"s":[{"i":[[0,0],[0,29.487],[0,0],[14.29,0],[0,0],[0,-14.565],[-0.002,-62.013],[0,0],[-15.12,0],[0,0]],"o":[[0,0],[0,-33.013],[0,-14.29],[0,0],[-14.565,0],[0,0],[0.002,76],[0,15.12],[0,0],[0,0]],"v":[[171.876,36.458],[171.503,-55.003],[171.876,-146.002],[146.002,-171.876],[-145.503,-171.876],[-171.876,-145.503],[-172,22.997],[-171.876,144.498],[-144.498,171.876],[36.458,171.876]],"c":false}]}],"ix":2},"nm":"Path 1","mn":"ADBE Vector Shape - Group","hd":false},{"ty":"st","c":{"a":0,"k":[0.071,0.075,0.192,1],"ix":3,"x":"var $bm_rt;\n$bm_rt = comp('system-solid-152-sticky-note').layer('control').effect('primary')('Color');"},"o":{"a":0,"k":100,"ix":4},"w":{"a":0,"k":31.3,"ix":5},"lc":2,"lj":2,"bm":0,"nm":".primary","mn":"ADBE Vector Graphic - Stroke","hd":false,"cl":"primary"},{"ty":"fl","c":{"a":0,"k":[0.071,0.075,0.192,1],"ix":4,"x":"var $bm_rt;\n$bm_rt = comp('system-solid-152-sticky-note').layer('control').effect('primary')('Color');"},"o":{"a":0,"k":100,"ix":5},"r":1,"bm":0,"nm":".primary","mn":"ADBE Vector Graphic - Fill","hd":false,"cl":"primary"},{"ty":"tr","p":{"a":0,"k":[249.998,250.003],"ix":2},"a":{"a":0,"k":[0,0],"ix":1},"s":{"a":0,"k":[100,100],"ix":3},"r":{"a":0,"k":0,"ix":6},"o":{"a":0,"k":100,"ix":7},"sk":{"a":0,"k":0,"ix":4},"sa":{"a":0,"k":0,"ix":5},"nm":"Transform"}],"nm":"Group 2","np":3,"cix":2,"bm":0,"ix":2,"mn":"ADBE Vector Group","hd":false}],"ip":7,"op":31,"st":1,"ct":1,"bm":0}]},{"id":"comp_1","nm":"hover-sticky-note","fr":60,"layers":[{"ddd":0,"ind":1,"ty":4,"nm":".primary.design","cl":"primary design","sr":1,"ks":{"o":{"a":0,"k":100,"ix":11},"r":{"a":0,"k":0,"ix":10},"p":{"a":0,"k":[363.588,365.125,0],"ix":2,"l":2},"a":{"a":0,"k":[0,0,0],"ix":1,"l":2},"s":{"a":0,"k":[100,100,100],"ix":6,"l":2}},"ao":0,"shapes":[{"ty":"gr","it":[{"ind":0,"ty":"sh","ix":1,"ks":{"a":0,"k":{"i":[[0,0],[0,0],[0,0]],"o":[[0,0],[0,0],[0,0]],"v":[[71.25,-71.25],[-71.25,71.25],[-71.25,-71.25]],"c":true},"ix":2},"nm":"Path 1","mn":"ADBE Vector Shape - Group","hd":false},{"ty":"fl","c":{"a":0,"k":[0.071,0.075,0.192,1],"ix":4,"x":"var $bm_rt;\n$bm_rt = comp('system-solid-152-sticky-note').layer('control').effect('primary')('Color');"},"o":{"a":0,"k":100,"ix":5},"r":1,"bm":0,"nm":".primary","mn":"ADBE Vector Graphic - Fill","hd":false,"cl":"primary"},{"ty":"tr","p":{"a":0,"k":[0,0],"ix":2},"a":{"a":0,"k":[0,0],"ix":1},"s":{"a":0,"k":[100,100],"ix":3},"r":{"a":0,"k":0,"ix":6},"o":{"a":0,"k":100,"ix":7},"sk":{"a":0,"k":0,"ix":4},"sa":{"a":0,"k":0,"ix":5},"nm":"Transform"}],"nm":"Group 1","np":2,"cix":2,"bm":0,"ix":1,"mn":"ADBE Vector Group","hd":false}],"ip":60,"op":300,"st":0,"ct":1,"bm":0},{"ddd":0,"ind":2,"ty":4,"nm":".primary.design","cl":"primary design","sr":1,"ks":{"o":{"a":0,"k":100,"ix":11},"r":{"a":0,"k":0,"ix":10},"p":{"a":0,"k":[250.046,249.5,0],"ix":2,"l":2},"a":{"a":0,"k":[0,0,0],"ix":1,"l":2},"s":{"a":0,"k":[100,100,100],"ix":6,"l":2}},"ao":0,"shapes":[{"ty":"gr","it":[{"ind":0,"ty":"sh","ix":1,"ks":{"a":0,"k":{"i":[[0,-21.25],[0,0],[0,0],[0,-8.542],[0,0],[0,0],[0,21.458],[0,0],[-24.167,0],[0,0]],"o":[[0,0],[0,0],[-8.542,0],[0,0],[0,0],[-24.167,0],[0,0],[0,-21.25],[0,0],[24.167,0]],"v":[[187.5,-148.75],[187.5,13.125],[26.667,13.125],[11.042,28.75],[11.042,187.5],[-143.75,187.5],[-187.5,148.542],[-187.5,-148.75],[-143.75,-187.5],[143.75,-187.5]],"c":true},"ix":2},"nm":"Path 1","mn":"ADBE Vector Shape - Group","hd":false},{"ty":"fl","c":{"a":0,"k":[0.071,0.075,0.192,1],"ix":4,"x":"var $bm_rt;\n$bm_rt = comp('system-solid-152-sticky-note').layer('control').effect('primary')('Color');"},"o":{"a":0,"k":100,"ix":5},"r":1,"bm":0,"nm":".primary","mn":"ADBE Vector Graphic - Fill","hd":false,"cl":"primary"},{"ty":"tr","p":{"a":0,"k":[0,0],"ix":2},"a":{"a":0,"k":[0,0],"ix":1},"s":{"a":0,"k":[100,100],"ix":3},"r":{"a":0,"k":0,"ix":6},"o":{"a":0,"k":100,"ix":7},"sk":{"a":0,"k":0,"ix":4},"sa":{"a":0,"k":0,"ix":5},"nm":"Transform"}],"nm":"Group 1","np":2,"cix":2,"bm":0,"ix":1,"mn":"ADBE Vector Group","hd":false}],"ip":60,"op":300,"st":0,"ct":1,"bm":0},{"ddd":0,"ind":3,"ty":4,"nm":".primary.design","cl":"primary design","sr":1,"ks":{"o":{"a":0,"k":100,"ix":11},"r":{"a":0,"k":0,"ix":10},"p":{"a":0,"k":[363.588,365.125,0],"ix":2,"l":2},"a":{"a":0,"k":[0,0,0],"ix":1,"l":2},"s":{"a":0,"k":[100,100,100],"ix":6,"l":2}},"ao":0,"shapes":[{"ty":"gr","it":[{"ind":0,"ty":"sh","ix":1,"ks":{"a":0,"k":{"i":[[0,0],[0,0],[0,0]],"o":[[0,0],[0,0],[0,0]],"v":[[71.25,-71.25],[-71.25,71.25],[-71.25,-71.25]],"c":true},"ix":2},"nm":"Path 1","mn":"ADBE Vector Shape - Group","hd":false},{"ty":"fl","c":{"a":0,"k":[0.071,0.075,0.192,1],"ix":4,"x":"var $bm_rt;\n$bm_rt = comp('system-solid-152-sticky-note').layer('control').effect('primary')('Color');"},"o":{"a":0,"k":100,"ix":5},"r":1,"bm":0,"nm":".primary","mn":"ADBE Vector Graphic - Fill","hd":false,"cl":"primary"},{"ty":"tr","p":{"a":0,"k":[0,0],"ix":2},"a":{"a":0,"k":[0,0],"ix":1},"s":{"a":0,"k":[100,100],"ix":3},"r":{"a":0,"k":0,"ix":6},"o":{"a":0,"k":100,"ix":7},"sk":{"a":0,"k":0,"ix":4},"sa":{"a":0,"k":0,"ix":5},"nm":"Transform"}],"nm":"Group 1","np":2,"cix":2,"bm":0,"ix":1,"mn":"ADBE Vector Group","hd":false}],"ip":0,"op":1,"st":0,"ct":1,"bm":0},{"ddd":0,"ind":4,"ty":4,"nm":".primary.design","cl":"primary design","sr":1,"ks":{"o":{"a":0,"k":100,"ix":11},"r":{"a":0,"k":0,"ix":10},"p":{"a":0,"k":[250.046,249.5,0],"ix":2,"l":2},"a":{"a":0,"k":[0,0,0],"ix":1,"l":2},"s":{"a":0,"k":[100,100,100],"ix":6,"l":2}},"ao":0,"shapes":[{"ty":"gr","it":[{"ind":0,"ty":"sh","ix":1,"ks":{"a":0,"k":{"i":[[0,-21.25],[0,0],[0,0],[0,-8.542],[0,0],[0,0],[0,21.458],[0,0],[-24.167,0],[0,0]],"o":[[0,0],[0,0],[-8.542,0],[0,0],[0,0],[-24.167,0],[0,0],[0,-21.25],[0,0],[24.167,0]],"v":[[187.5,-148.75],[187.5,13.125],[26.667,13.125],[11.042,28.75],[11.042,187.5],[-143.75,187.5],[-187.5,148.542],[-187.5,-148.75],[-143.75,-187.5],[143.75,-187.5]],"c":true},"ix":2},"nm":"Path 1","mn":"ADBE Vector Shape - Group","hd":false},{"ty":"fl","c":{"a":0,"k":[0.071,0.075,0.192,1],"ix":4,"x":"var $bm_rt;\n$bm_rt = comp('system-solid-152-sticky-note').layer('control').effect('primary')('Color');"},"o":{"a":0,"k":100,"ix":5},"r":1,"bm":0,"nm":".primary","mn":"ADBE Vector Graphic - Fill","hd":false,"cl":"primary"},{"ty":"tr","p":{"a":0,"k":[0,0],"ix":2},"a":{"a":0,"k":[0,0],"ix":1},"s":{"a":0,"k":[100,100],"ix":3},"r":{"a":0,"k":0,"ix":6},"o":{"a":0,"k":100,"ix":7},"sk":{"a":0,"k":0,"ix":4},"sa":{"a":0,"k":0,"ix":5},"nm":"Transform"}],"nm":"Group 1","np":2,"cix":2,"bm":0,"ix":1,"mn":"ADBE Vector Group","hd":false}],"ip":0,"op":1,"st":0,"ct":1,"bm":0},{"ddd":0,"ind":5,"ty":4,"nm":".primary.design","cl":"primary design","td":1,"sr":1,"ks":{"o":{"a":0,"k":100,"ix":11},"r":{"a":0,"k":0,"ix":10},"p":{"a":0,"k":[249.936,78.127,0],"ix":2,"l":2},"a":{"a":0,"k":[249.936,78.127,0],"ix":1,"l":2},"s":{"a":0,"k":[100,100,100],"ix":6,"l":2}},"ao":0,"shapes":[{"ty":"gr","it":[{"ind":0,"ty":"sh","ix":1,"ks":{"a":1,"k":[{"i":{"x":0.2,"y":1},"o":{"x":0.333,"y":0},"t":1,"s":[{"i":[[0,0],[0,0],[0,0]],"o":[[0,0],[0,0],[0,0]],"v":[[-77.165,-77.165],[145.165,-77.33],[-77.33,141.665]],"c":true}]},{"i":{"x":0.833,"y":0.833},"o":{"x":0.56,"y":0},"t":27,"s":[{"i":[[0,0],[0,0],[0,0]],"o":[[0,0],[0,0],[0,0]],"v":[[-75.978,-42.034],[167.784,-21.38],[-238.343,99.83]],"c":true}]},{"i":{"x":0.667,"y":1},"o":{"x":0.167,"y":0.167},"t":38,"s":[{"i":[[0,0],[0,0],[0,0]],"o":[[0,0],[0,0],[0,0]],"v":[[-66.414,-64.691],[183.23,-54.821],[-122.157,150.648]],"c":true}]},{"i":{"x":0.667,"y":1},"o":{"x":0.333,"y":0},"t":44,"s":[{"i":[[0,0],[0,0],[0,0]],"o":[[0,0],[0,0],[0,0]],"v":[[-59.312,-70.43],[161.714,-86.716],[-41.527,153.096]],"c":true}]},{"t":60,"s":[{"i":[[0,0],[0,0],[0,0]],"o":[[0,0],[0,0],[0,0]],"v":[[-77.165,-77.165],[145.165,-77.33],[-77.33,141.665]],"c":true}]}],"ix":2},"nm":"Path 1","mn":"ADBE Vector Shape - Group","hd":false},{"ty":"st","c":{"a":0,"k":[0.071,0.075,0.192,1],"ix":3,"x":"var $bm_rt;\n$bm_rt = comp('system-solid-152-sticky-note').layer('control').effect('primary')('Color');"},"o":{"a":0,"k":100,"ix":4},"w":{"a":0,"k":31.3,"ix":5},"lc":2,"lj":2,"bm":0,"nm":".primary","mn":"ADBE Vector Graphic - Stroke","hd":false,"cl":"primary"},{"ty":"tr","p":{"a":0,"k":[354.165,354.17],"ix":2},"a":{"a":0,"k":[0,0],"ix":1},"s":{"a":0,"k":[100,100],"ix":3},"r":{"a":0,"k":0,"ix":6},"o":{"a":0,"k":100,"ix":7},"sk":{"a":0,"k":0,"ix":4},"sa":{"a":0,"k":0,"ix":5},"nm":"Transform"}],"nm":"Group 1","np":2,"cix":2,"bm":0,"ix":1,"mn":"ADBE Vector Group","hd":false}],"ip":1,"op":60,"st":1,"ct":1,"bm":0},{"ddd":0,"ind":6,"ty":4,"nm":".primary.design","cl":"primary design","tt":2,"tp":5,"sr":1,"ks":{"o":{"a":0,"k":100,"ix":11},"r":{"a":0,"k":0,"ix":10},"p":{"a":0,"k":[249.936,78.127,0],"ix":2,"l":2},"a":{"a":0,"k":[249.936,78.127,0],"ix":1,"l":2},"s":{"a":0,"k":[100,100,100],"ix":6,"l":2}},"ao":0,"shapes":[{"ty":"gr","it":[{"ind":0,"ty":"sh","ix":1,"ks":{"a":1,"k":[{"i":{"x":0.2,"y":1},"o":{"x":0.333,"y":0},"t":1,"s":[{"i":[[0,0],[0,0],[0,0]],"o":[[0,0],[0,0],[0,0]],"v":[[-67.709,-67.709],[67.709,-67.709],[-67.709,67.709]],"c":true}]},{"i":{"x":0.833,"y":0.833},"o":{"x":0.56,"y":0},"t":27,"s":[{"i":[[0,0],[0,0],[0,0]],"o":[[0,0],[0,0],[0,0]],"v":[[-75.978,-42.034],[38.784,-32.38],[-138.343,11.83]],"c":true}]},{"i":{"x":0.667,"y":1},"o":{"x":0.167,"y":0.167},"t":38,"s":[{"i":[[0,0],[0,0],[0,0]],"o":[[0,0],[0,0],[0,0]],"v":[[-66.414,-64.691],[59.73,-59.821],[-97.657,55.648]],"c":true}]},{"i":{"x":0.667,"y":1},"o":{"x":0.333,"y":0},"t":44,"s":[{"i":[[0,0],[0,0],[0,0]],"o":[[0,0],[0,0],[0,0]],"v":[[-59.312,-70.43],[75.714,-80.716],[-49.027,64.596]],"c":true}]},{"t":60,"s":[{"i":[[0,0],[0,0],[0,0]],"o":[[0,0],[0,0],[0,0]],"v":[[-67.709,-67.709],[67.709,-67.709],[-67.709,67.709]],"c":true}]}],"ix":2},"nm":"Path 1","mn":"ADBE Vector Shape - Group","hd":false},{"ty":"st","c":{"a":0,"k":[0.071,0.075,0.192,1],"ix":3,"x":"var $bm_rt;\n$bm_rt = comp('system-solid-152-sticky-note').layer('control').effect('primary')('Color');"},"o":{"a":0,"k":100,"ix":4},"w":{"a":0,"k":31.3,"ix":5},"lc":2,"lj":2,"bm":0,"nm":".primary","mn":"ADBE Vector Graphic - Stroke","hd":false,"cl":"primary"},{"ty":"fl","c":{"a":0,"k":[0.071,0.075,0.192,1],"ix":4,"x":"var $bm_rt;\n$bm_rt = comp('system-solid-152-sticky-note').layer('control').effect('primary')('Color');"},"o":{"a":0,"k":100,"ix":5},"r":1,"bm":0,"nm":".primary","mn":"ADBE Vector Graphic - Fill","hd":false,"cl":"primary"},{"ty":"tr","p":{"a":0,"k":[354.165,354.17],"ix":2},"a":{"a":0,"k":[0,0],"ix":1},"s":{"a":0,"k":[100,100],"ix":3},"r":{"a":0,"k":0,"ix":6},"o":{"a":0,"k":100,"ix":7},"sk":{"a":0,"k":0,"ix":4},"sa":{"a":0,"k":0,"ix":5},"nm":"Transform"}],"nm":"Group 1","np":3,"cix":2,"bm":0,"ix":1,"mn":"ADBE Vector Group","hd":false},{"ty":"gr","it":[{"ind":0,"ty":"sh","ix":1,"ks":{"a":1,"k":[{"i":{"x":0.2,"y":1},"o":{"x":0.333,"y":0},"t":1,"s":[{"i":[[0,0],[0,29.487],[0,0],[14.29,0],[0,0],[0,-14.565],[-0.002,-62.013],[0,0],[-15.12,0],[0,0]],"o":[[0,0],[0,-33.013],[0,-14.29],[0,0],[-14.565,0],[0,0],[0.002,76],[0,15.12],[0,0],[0,0]],"v":[[171.876,36.459],[171.503,-55.003],[171.876,-146.002],[146.002,-171.876],[-145.503,-171.876],[-171.876,-145.503],[-172,22.997],[-171.876,144.498],[-144.498,171.876],[36.458,171.876]],"c":false}]},{"i":{"x":0.833,"y":0.833},"o":{"x":0.56,"y":0},"t":27,"s":[{"i":[[0,0],[-4.501,74.12],[0,0],[11.506,0],[0,0],[0,-11.506],[13.753,-54],[0,0],[-10.732,-3.704],[0,0]],"o":[[0,0],[1.788,-29.438],[0,-11.506],[0,0],[-11.506,0],[0,0],[-15.603,61.263],[-4.147,9.584],[0,0],[0,0]],"v":[[142.951,71.787],[171.503,-58.969],[171.876,-151.042],[151.042,-171.876],[-151.042,-171.876],[-171.876,-151.042],[-183.395,-38.075],[-218.995,56.581],[-207.072,80.641],[-34.176,115.997]],"c":false}]},{"i":{"x":0.667,"y":1},"o":{"x":0.167,"y":0.167},"t":38,"s":[{"i":[[0,0],[-0.553,55.262],[0,0],[11.506,0],[0,0],[0,-11.506],[2.193,-76.55],[0,0],[-11.124,-1.485],[0,0]],"o":[[0,0],[-0.662,-41.807],[0,-11.506],[0,0],[-11.506,0],[0,0],[-2.97,78.211],[-1.632,10.673],[0,0],[0,0]],"v":[[163.898,44.346],[172.469,-62.014],[171.876,-151.042],[151.042,-171.876],[-151.042,-171.876],[-171.876,-151.042],[-173.913,-4.152],[-191.697,123.279],[-174.51,145.292],[6.51,159.815]],"c":false}]},{"i":{"x":0.667,"y":1},"o":{"x":0.333,"y":0},"t":44,"s":[{"i":[[0,0],[1.927,43.422],[0,0],[11.506,0],[0,0],[0,-11.506],[-5.065,-90.708],[0,0],[-11.473,0.874],[0,0]],"o":[[0,0],[-2.199,-49.573],[0,-11.506],[0,0],[-11.506,0],[0,0],[4.961,88.851],[0.874,11.473],[0,0],[0,0]],"v":[[179.881,23.451],[173.076,-63.925],[171.876,-151.042],[151.042,-171.876],[-151.042,-171.876],[-171.876,-151.042],[-167.959,17.146],[-154.174,163.813],[-131.819,183.004],[55.141,168.763]],"c":false}]},{"t":60,"s":[{"i":[[0,0],[0,29.487],[0,0],[14.29,0],[0,0],[0,-14.565],[-0.002,-62.013],[0,0],[-15.12,0],[0,0]],"o":[[0,0],[0,-33.013],[0,-14.29],[0,0],[-14.565,0],[0,0],[0.002,76],[0,15.12],[0,0],[0,0]],"v":[[171.876,36.458],[171.503,-55.003],[171.876,-146.002],[146.002,-171.876],[-145.503,-171.876],[-171.876,-145.503],[-172,22.997],[-171.876,144.498],[-144.498,171.876],[36.458,171.876]],"c":false}]}],"ix":2},"nm":"Path 1","mn":"ADBE Vector Shape - Group","hd":false},{"ty":"fl","c":{"a":0,"k":[0.071,0.075,0.192,1],"ix":4,"x":"var $bm_rt;\n$bm_rt = comp('system-solid-152-sticky-note').layer('control').effect('primary')('Color');"},"o":{"a":0,"k":100,"ix":5},"r":1,"bm":0,"nm":".primary","mn":"ADBE Vector Graphic - Fill","hd":false,"cl":"primary"},{"ty":"st","c":{"a":0,"k":[0.071,0.075,0.192,1],"ix":3,"x":"var $bm_rt;\n$bm_rt = comp('system-solid-152-sticky-note').layer('control').effect('primary')('Color');"},"o":{"a":0,"k":100,"ix":4},"w":{"a":0,"k":31.3,"ix":5},"lc":2,"lj":2,"bm":0,"nm":".primary","mn":"ADBE Vector Graphic - Stroke","hd":false,"cl":"primary"},{"ty":"tr","p":{"a":0,"k":[249.998,250.003],"ix":2},"a":{"a":0,"k":[0,0],"ix":1},"s":{"a":0,"k":[100,100],"ix":3},"r":{"a":0,"k":0,"ix":6},"o":{"a":0,"k":100,"ix":7},"sk":{"a":0,"k":0,"ix":4},"sa":{"a":0,"k":0,"ix":5},"nm":"Transform"}],"nm":"Group 2","np":3,"cix":2,"bm":0,"ix":2,"mn":"ADBE Vector Group","hd":false}],"ip":1,"op":60,"st":1,"ct":1,"bm":0}]}],"layers":[{"ddd":0,"ind":1,"ty":3,"nm":"control","sr":1,"ks":{"o":{"a":0,"k":0,"ix":11},"r":{"a":0,"k":0,"ix":10},"p":{"a":0,"k":[0,0],"ix":2,"l":2},"a":{"a":0,"k":[0,0,0],"ix":1,"l":2},"s":{"a":0,"k":[100,100,100],"ix":6,"l":2}},"ao":0,"ef":[{"ty":5,"nm":"primary","np":3,"mn":"ADBE Color Control","ix":1,"en":1,"ef":[{"ty":2,"nm":"Color","mn":"ADBE Color Control-0001","ix":1,"v":{"a":0,"k":[0.071,0.075,0.192],"ix":1}}]}],"ip":0,"op":131,"st":0,"bm":0},{"ddd":0,"ind":2,"ty":0,"nm":"in-sticky-note","refId":"comp_0","sr":1,"ks":{"o":{"a":0,"k":100,"ix":11},"r":{"a":0,"k":0,"ix":10},"p":{"a":0,"k":[250,250,0],"ix":2,"l":2},"a":{"a":0,"k":[250,250,0],"ix":1,"l":2},"s":{"a":0,"k":[100,100,100],"ix":6,"l":2}},"ao":0,"w":500,"h":500,"ip":0,"op":70,"st":0,"bm":0},{"ddd":0,"ind":3,"ty":0,"nm":"hover-sticky-note","refId":"comp_1","sr":1,"ks":{"o":{"a":0,"k":100,"ix":11},"r":{"a":0,"k":0,"ix":10},"p":{"a":0,"k":[250,250,0],"ix":2,"l":2},"a":{"a":0,"k":[250,250,0],"ix":1,"l":2},"s":{"a":0,"k":[100,100,100],"ix":6,"l":2}},"ao":0,"w":500,"h":500,"ip":70,"op":140,"st":70,"bm":0}],"markers":[{"tm":0,"cm":"in-sticky-note","dr":60},{"tm":70,"cm":"default:hover-sticky-note","dr":60}],"props":{}}