{"v":"5.12.1","fr":60,"ip":70,"op":130,"w":500,"h":500,"nm":"system-solid-20-bookmark","ddd":0,"assets":[{"id":"comp_0","nm":"in-bookmark","fr":60,"layers":[{"ddd":0,"ind":1,"ty":4,"nm":".primary.design","cl":"primary design","sr":1,"ks":{"o":{"a":0,"k":100,"ix":11},"r":{"a":0,"k":0,"ix":10},"p":{"a":0,"k":[250,250,0],"ix":2,"l":2},"a":{"a":0,"k":[0,0,0],"ix":1,"l":2},"s":{"a":0,"k":[2083,2083,100],"ix":6,"l":2}},"ao":0,"shapes":[{"ty":"gr","it":[{"ind":0,"ty":"sh","ix":1,"ks":{"a":0,"k":{"i":[[-0.038,0.118],[-0.012,0.049],[0,0.183],[0,0],[0.216,0.329],[0.213,0.148],[0.414,0],[0,0],[0.13,-0.027],[0.253,-0.617],[0,-0.285],[0,0],[-0.041,-0.165],[-0.015,-0.047],[-0.057,-0.106],[-0.025,-0.039],[-0.111,-0.109],[-0.006,-0.006],[-0.126,-0.076],[-0.041,-0.021],[-0.11,-0.035],[-0.043,-0.01],[-0.154,0],[-0.002,0],[-0.118,0.023],[-0.059,0.017],[-0.168,0.108],[0,0],[0,0],[-0.004,-0.002],[-0.172,-0.051],[-0.06,-0.012],[-0.116,0],[-0.002,0],[-0.148,0.036],[-0.042,0.013],[-0.103,0.053],[-0.039,0.024],[-0.108,0.104],[-0.005,0.005],[-0.085,0.135],[-0.022,0.041]],"o":[[0.015,-0.047],[0.041,-0.165],[0,0],[0,-0.427],[-0.144,-0.219],[-0.319,-0.222],[0,0],[-0.138,0],[-0.651,0.137],[-0.101,0.247],[0,0],[0,0.183],[0.012,0.049],[0.038,0.118],[0.022,0.041],[0.085,0.135],[0.006,0.006],[0.107,0.103],[0.04,0.024],[0.103,0.053],[0.042,0.013],[0.148,0.036],[0.003,0],[0.117,0],[0.059,-0.011],[0.176,-0.052],[0,0],[0,0],[0.004,0.002],[0.165,0.105],[0.06,0.018],[0.117,0.023],[0.003,0],[0.154,0],[0.043,-0.01],[0.11,-0.035],[0.041,-0.021],[0.127,-0.077],[0.005,-0.005],[0.112,-0.109],[0.025,-0.039],[0.057,-0.106]],"v":[[7.887,8.595],[7.931,8.454],[8,7.934],[8,-7.938],[7.658,-9.091],[7.118,-9.648],[6,-10],[-6,-10],[-6.403,-9.958],[-7.843,-8.74],[-8,-7.938],[-8,7.934],[-7.931,8.454],[-7.887,8.596],[-7.744,8.93],[-7.677,9.053],[-7.385,9.423],[-7.366,9.439],[-7.014,9.705],[-6.892,9.77],[-6.574,9.901],[-6.448,9.94],[-5.996,10],[-5.988,9.999],[-5.636,9.948],[-5.458,9.922],[-4.94,9.683],[0,6.499],[4.94,9.683],[4.951,9.688],[5.458,9.922],[5.638,9.949],[5.988,9.999],[5.995,10],[6.448,9.94],[6.574,9.901],[6.892,9.77],[7.013,9.705],[7.368,9.437],[7.385,9.424],[7.677,9.052],[7.744,8.931]],"c":true},"ix":2},"nm":"Path 1","mn":"ADBE Vector Shape - Group","hd":false},{"ty":"fl","c":{"a":0,"k":[0.071,0.075,0.192,1],"ix":4,"x":"var $bm_rt;\n$bm_rt = comp('system-solid-20-bookmark').layer('control').effect('primary')('Color');"},"o":{"a":0,"k":100,"ix":5},"r":1,"bm":0,"nm":".primary","mn":"ADBE Vector Graphic - Fill","hd":false,"cl":"primary"},{"ty":"tr","p":{"a":0,"k":[0,0],"ix":2},"a":{"a":0,"k":[0,0],"ix":1},"s":{"a":0,"k":[100,100],"ix":3},"r":{"a":0,"k":0,"ix":6},"o":{"a":0,"k":100,"ix":7},"sk":{"a":0,"k":0,"ix":4},"sa":{"a":0,"k":0,"ix":5},"nm":"Transform"}],"nm":"Group 1","np":2,"cix":2,"bm":0,"ix":1,"mn":"ADBE Vector Group","hd":false}],"ip":59,"op":300,"st":0,"ct":1,"bm":0},{"ddd":0,"ind":2,"ty":4,"nm":".primary.design","cl":"primary design","sr":1,"ks":{"o":{"a":0,"k":100,"ix":11},"r":{"a":0,"k":0,"ix":10},"p":{"a":1,"k":[{"i":{"x":0.39,"y":0.39},"o":{"x":0.61,"y":0.61},"t":1,"s":[250,58,0],"to":[0,0,0],"ti":[0,0,0]},{"i":{"x":0.723,"y":0.517},"o":{"x":0.395,"y":0},"t":4,"s":[250,58,0],"to":[0,8.844,0],"ti":[0,-17.248,0]},{"i":{"x":0.723,"y":0.664},"o":{"x":0.393,"y":0.22},"t":11,"s":[250,108.171,0],"to":[0,25.143,0],"ti":[0,-37.156,0]},{"i":{"x":0.833,"y":0.833},"o":{"x":0.473,"y":0.438},"t":16,"s":[250,220.197,0],"to":[0,66.561,0],"ti":[0,-23.096,0]},{"t":21,"s":[250,367,0]}],"ix":2,"l":2},"a":{"a":0,"k":[-2.5,-98,0],"ix":1,"l":2},"s":{"a":0,"k":[100,100,100],"ix":6,"l":2}},"ao":0,"shapes":[{"ty":"gr","it":[{"ty":"rc","d":1,"s":{"a":1,"k":[{"i":{"x":[0.833,0.833],"y":[0.833,0.833]},"o":{"x":[0.167,0.167],"y":[0.167,0.167]},"t":1,"s":[374,0]},{"i":{"x":[0.833,0.833],"y":[0.833,0.833]},"o":{"x":[0.167,0.167],"y":[0.167,0.167]},"t":5,"s":[374,61]},{"i":{"x":[0.833,0.833],"y":[0.833,0.833]},"o":{"x":[0.167,0.167],"y":[0.167,0.167]},"t":11,"s":[425,107.125]},{"i":{"x":[0.833,0.833],"y":[0.833,0.833]},"o":{"x":[0.167,0.167],"y":[0.167,0.167]},"t":16,"s":[384,92.562]},{"t":21,"s":[304,0]}],"ix":2},"p":{"a":0,"k":[0,0],"ix":3},"r":{"a":1,"k":[{"i":{"x":[0.833],"y":[0.833]},"o":{"x":[0.167],"y":[0.167]},"t":1,"s":[20]},{"i":{"x":[0.833],"y":[0.833]},"o":{"x":[0.167],"y":[0.167]},"t":5,"s":[35]},{"t":21,"s":[20]}],"ix":4},"nm":"Rectangle Path 1","mn":"ADBE Vector Shape - Rect","hd":false},{"ty":"st","c":{"a":0,"k":[0.071,0.075,0.192,1],"ix":3,"x":"var $bm_rt;\n$bm_rt = comp('system-solid-20-bookmark').layer('control').effect('primary')('Color');"},"o":{"a":0,"k":100,"ix":4},"w":{"a":0,"k":41,"ix":5},"lc":2,"lj":2,"bm":0,"nm":".primary","mn":"ADBE Vector Graphic - Stroke","hd":false,"cl":"primary"},{"ty":"tr","p":{"a":0,"k":[-2.5,-98],"ix":2},"a":{"a":0,"k":[0,0],"ix":1},"s":{"a":0,"k":[100,100],"ix":3},"r":{"a":0,"k":0,"ix":6},"o":{"a":0,"k":100,"ix":7},"sk":{"a":0,"k":0,"ix":4},"sa":{"a":0,"k":0,"ix":5},"nm":"Transform"}],"nm":"Rectangle 1","np":2,"cix":2,"bm":0,"ix":1,"mn":"ADBE Vector Group","hd":false}],"ip":1,"op":20,"st":1,"ct":1,"bm":0},{"ddd":0,"ind":3,"ty":4,"nm":".primary.design","cl":"primary design","sr":1,"ks":{"o":{"a":0,"k":100,"ix":11},"r":{"a":0,"k":0,"ix":10},"p":{"a":0,"k":[250.004,249.836,0],"ix":2,"l":2},"a":{"a":0,"k":[0,0,0],"ix":1,"l":2},"s":{"a":0,"k":[100,100,100],"ix":6,"l":2}},"ao":0,"shapes":[{"ty":"gr","it":[{"ind":0,"ty":"sh","ix":1,"ks":{"a":1,"k":[{"i":{"x":0.833,"y":0.833},"o":{"x":0.167,"y":0.167},"t":19,"s":[{"i":[[11.505,0],[0,0],[0,-11.506],[0,-59.965],[0,0],[-16.637,10.723],[0,0],[-6.873,-4.43],[0,0],[0,19.792],[0,52.12],[0,0]],"o":[[0,0],[-11.506,0],[0,0],[0,53.12],[0,19.793],[0,0],[6.873,-4.43],[0,0],[16.636,10.723],[0,0],[0,-60.965],[0,-11.506]],"v":[[130.262,-192.566],[-130.262,-192.566],[-151.096,-171.733],[-161.096,8.164],[-151.096,167.525],[-112.551,188.538],[-11.286,123.263],[11.288,123.263],[112.551,188.538],[151.096,167.525],[163.096,11.164],[151.096,-171.733]],"c":true}]},{"i":{"x":0.833,"y":0.833},"o":{"x":0.167,"y":0.167},"t":20,"s":[{"i":[[11.505,0],[0,0],[0,-11.506],[0,-59.965],[0,0],[-16.637,-7.955],[0,0],[-6.873,3.287],[0,0],[0,-14.684],[0,52.12],[0,0]],"o":[[0,0],[-11.506,0],[0,0],[0,53.12],[0,-14.685],[0,0],[6.873,3.287],[0,0],[16.636,-7.955],[0,0],[0,-60.965],[0,-11.506]],"v":[[130.262,-192.566],[-130.262,-192.566],[-151.096,-171.733],[-164.996,8.164],[-148.187,88.709],[-109.551,46.119],[-8.286,94.546],[14.288,94.546],[115.551,46.119],[154.004,88.709],[164.996,11.164],[151.096,-171.733]],"c":true}]},{"i":{"x":0.4,"y":1},"o":{"x":0.167,"y":0.167},"t":23,"s":[{"i":[[11.505,0],[0,0],[0,-11.506],[0,-59.965],[0,0],[-16.637,10.723],[0,0],[-6.873,-4.43],[0,0],[0,19.792],[0,52.12],[0,0]],"o":[[0,0],[-11.506,0],[0,0],[0,53.12],[0,19.793],[0,0],[6.873,-4.43],[0,0],[16.636,10.723],[0,0],[0,-60.965],[0,-11.506]],"v":[[130.262,-192.566],[-130.262,-192.566],[-151.096,-171.733],[-151.096,8.164],[-151.096,167.525],[-112.551,188.538],[-11.286,123.263],[11.288,123.263],[112.551,188.538],[151.096,167.525],[151.096,11.164],[151.096,-171.733]],"c":true}]},{"i":{"x":0.833,"y":0.833},"o":{"x":0.6,"y":0},"t":31,"s":[{"i":[[11.505,0],[0,0],[0,-11.506],[-9.525,-73.669],[0,0],[-12.643,7.19],[0,0],[-5.223,-2.97],[0,0],[-4.383,14.513],[-8.709,71.324],[0,0]],"o":[[0,0],[-11.506,0],[0,0],[9.391,72.628],[5.252,16.06],[0,0],[5.223,-2.97],[0,0],[12.642,7.19],[0,0],[9.501,-77.805],[0,-11.506]],"v":[[130.262,-192.566],[-130.262,-192.566],[-151.096,-171.733],[-139.479,-1.167],[-114.82,121.886],[-85.529,135.974],[-8.576,92.209],[8.579,92.209],[85.531,135.974],[114.822,121.886],[143.495,-0.031],[151.096,-171.733]],"c":true}]},{"i":{"x":0.833,"y":0.833},"o":{"x":0.167,"y":0.167},"t":37,"s":[{"i":[[11.505,0],[0,0],[0,-11.506],[-5.299,-73.41],[0,0],[-14.415,9.512],[0,0],[-5.955,-3.93],[0,0],[-2.438,18.307],[-4.845,68.213],[0,0]],"o":[[0,0],[-11.506,0],[0,0],[5.224,69.482],[2.922,19.243],[0,0],[5.955,-3.93],[0,0],[14.414,9.512],[0,0],[5.285,-76.391],[0,-11.506]],"v":[[130.262,-192.566],[-130.262,-192.566],[-151.096,-171.733],[-144.633,8.862],[-130.916,160.013],[-97.519,178.652],[-9.779,120.75],[9.781,120.75],[97.52,178.652],[130.917,160.013],[146.868,10.995],[151.096,-171.733]],"c":true}]},{"i":{"x":0.833,"y":0.833},"o":{"x":0.167,"y":0.167},"t":40,"s":[{"i":[[11.505,0],[0,0],[0,-11.506],[0,-59.965],[0,0],[-16.637,10.723],[0,0],[-6.873,-4.43],[0,0],[0,19.792],[0,52.12],[0,0]],"o":[[0,0],[-11.506,0],[0,0],[0,53.12],[0,19.793],[0,0],[6.873,-4.43],[0,0],[16.636,10.723],[0,0],[0,-60.965],[0,-11.506]],"v":[[130.262,-192.566],[-130.262,-192.566],[-151.096,-171.733],[-151.096,8.164],[-151.096,167.525],[-112.551,188.538],[-11.286,123.263],[11.288,123.263],[112.551,188.538],[151.096,167.525],[151.096,11.164],[151.096,-171.733]],"c":true}]},{"i":{"x":0.667,"y":1},"o":{"x":0.167,"y":0.167},"t":43,"s":[{"i":[[11.505,0],[0,0],[0,-11.506],[1.903,-62.475],[0,0],[-17.439,9.981],[0,0],[-7.204,-4.124],[0,0],[0,18.422],[1.319,53.414],[0,0]],"o":[[0,0],[-11.506,0],[0,0],[-1.645,54.008],[0,18.423],[0,0],[7.204,-4.124],[0,0],[17.438,9.981],[0,0],[-1.569,-63.545],[0,-11.506]],"v":[[130.262,-192.566],[-130.262,-192.566],[-151.096,-171.733],[-152.859,1.265],[-158.379,165.624],[-117.976,185.183],[-11.83,124.426],[11.832,124.426],[117.976,185.183],[158.379,165.624],[152.351,5.742],[151.096,-171.733]],"c":true}]},{"i":{"x":0.667,"y":1},"o":{"x":0.333,"y":0},"t":49,"s":[{"i":[[11.505,0],[0,0],[0,-11.506],[4.564,-59.792],[0,0],[-18.498,8.044],[0,0],[-7.642,-3.323],[0,0],[0,14.846],[2.992,50],[0,0]],"o":[[0,0],[-11.506,0],[0,0],[-3.817,50],[0,14.847],[0,0],[7.642,-3.323],[0,0],[18.497,8.044],[0,0],[-3.641,-60.857],[0,-11.506]],"v":[[130.262,-192.566],[-130.262,-192.566],[-151.096,-171.733],[-155.187,-13.836],[-167.996,141.358],[-125.139,157.12],[-12.549,108.156],[12.55,108.156],[125.139,157.12],[167.996,141.358],[154.008,-7.84],[151.096,-171.733]],"c":true}]},{"t":60,"s":[{"i":[[11.505,0],[0,0],[0,-11.506],[0,-59.965],[0,0],[-16.637,10.723],[0,0],[-6.873,-4.43],[0,0],[0,19.792],[0,52.12],[0,0]],"o":[[0,0],[-11.506,0],[0,0],[0,53.12],[0,19.793],[0,0],[6.873,-4.43],[0,0],[16.636,10.723],[0,0],[0,-60.965],[0,-11.506]],"v":[[130.262,-192.566],[-130.262,-192.566],[-151.096,-171.733],[-151.096,8.164],[-151.096,167.525],[-112.551,188.538],[-11.286,123.263],[11.288,123.263],[112.551,188.538],[151.096,167.525],[151.096,11.164],[151.096,-171.733]],"c":true}]}],"ix":2},"nm":"Path 1","mn":"ADBE Vector Shape - Group","hd":false},{"ty":"st","c":{"a":0,"k":[0.071,0.075,0.192,1],"ix":3,"x":"var $bm_rt;\n$bm_rt = comp('system-solid-20-bookmark').layer('control').effect('primary')('Color');"},"o":{"a":0,"k":100,"ix":4},"w":{"a":0,"k":31.3,"ix":5},"lc":2,"lj":2,"bm":0,"nm":".primary","mn":"ADBE Vector Graphic - Stroke","hd":false,"cl":"primary"},{"ty":"tr","p":{"a":0,"k":[0,0],"ix":2},"a":{"a":0,"k":[0,0],"ix":1},"s":{"a":0,"k":[100,100],"ix":3},"r":{"a":0,"k":0,"ix":6},"o":{"a":0,"k":100,"ix":7},"sk":{"a":0,"k":0,"ix":4},"sa":{"a":0,"k":0,"ix":5},"nm":"Transform"}],"nm":"Group 1","np":2,"cix":2,"bm":0,"ix":1,"mn":"ADBE Vector Group","hd":false},{"ty":"tm","s":{"a":1,"k":[{"i":{"x":[0.833],"y":[0.833]},"o":{"x":[0.167],"y":[0.167]},"t":12,"s":[52]},{"i":{"x":[0.833],"y":[0.833]},"o":{"x":[0.167],"y":[0.167]},"t":18,"s":[38]},{"i":{"x":[0.833],"y":[0.833]},"o":{"x":[0.167],"y":[0.167]},"t":19,"s":[34]},{"t":20,"s":[0]}],"ix":1},"e":{"a":1,"k":[{"i":{"x":[0.833],"y":[0.833]},"o":{"x":[0.167],"y":[0.167]},"t":12,"s":[72]},{"i":{"x":[0.833],"y":[0.833]},"o":{"x":[0.167],"y":[0.167]},"t":18,"s":[84]},{"i":{"x":[0.833],"y":[0.833]},"o":{"x":[0.167],"y":[0.167]},"t":19,"s":[88]},{"t":20,"s":[100]}],"ix":2},"o":{"a":0,"k":173,"ix":3},"m":1,"ix":2,"nm":"Trim Paths 1","mn":"ADBE Vector Filter - Trim","hd":false},{"ty":"fl","c":{"a":0,"k":[0.071,0.075,0.192,1],"ix":4,"x":"var $bm_rt;\n$bm_rt = comp('system-solid-20-bookmark').layer('control').effect('primary')('Color');"},"o":{"a":0,"k":100,"ix":5},"r":1,"bm":0,"nm":".primary","mn":"ADBE Vector Graphic - Fill","hd":false,"cl":"primary"}],"ip":12,"op":59,"st":1,"ct":1,"bm":0},{"ddd":0,"ind":4,"ty":4,"nm":".primary.design","cl":"primary design","sr":1,"ks":{"o":{"a":0,"k":100,"ix":11},"r":{"a":0,"k":0,"ix":10},"p":{"a":0,"k":[250.002,250.041,0],"ix":2,"l":2},"a":{"a":0,"k":[0,0,0],"ix":1,"l":2},"s":{"a":0,"k":[2083,2083,100],"ix":6,"l":2}},"ao":0,"shapes":[{"ty":"gr","it":[{"ind":0,"ty":"sh","ix":1,"ks":{"a":0,"k":{"i":[[0,0],[-0.07,0.03],[0,0.25],[0,0],[0.14,0],[0,0],[0,-0.14],[0,0],[-0.07,-0.04],[-0.2,0.14],[0,0],[-0.57,-0.37]],"o":[[0.2,0.13],[0.07,-0.04],[0,0],[0,-0.14],[0,0],[-0.14,0],[0,0],[0,0.24],[0.07,0.04],[0,0],[0.58,-0.37],[0,0]],"v":[[5.81,8.428],[6.27,8.448],[6.5,8.048],[6.5,-8.252],[6.25,-8.502],[-6.25,-8.502],[-6.5,-8.252],[-6.5,8.048],[-6.27,8.448],[-5.81,8.428],[-0.95,5.288],[0.94,5.288]],"c":true},"ix":2},"nm":"Path 1","mn":"ADBE Vector Shape - Group","hd":false},{"ind":1,"ty":"sh","ix":2,"ks":{"a":0,"k":{"i":[[0.32,0],[0.32,0.21],[0,0],[0,0],[0.08,-0.05],[0,0],[0.63,0.35],[0,0.71],[0,0],[-0.97,0],[0,0],[0,-0.96],[0,0],[0.63,-0.34]],"o":[[-0.37,0],[0,0],[0,0],[-0.08,-0.05],[0,0],[-0.6,0.39],[-0.62,-0.34],[0,0],[0,-0.96],[0,0],[0.97,0],[0,0],[0,0.71],[-0.29,0.16]],"v":[[6.05,9.998],[4.99,9.688],[4.99,9.688],[0.13,6.548],[-0.14,6.548],[-5,9.688],[-6.99,9.758],[-8,8.048],[-8,-8.252],[-6.25,-10.002],[6.25,-10.002],[8,-8.252],[8,8.048],[6.98,9.758]],"c":true},"ix":2},"nm":"Path 2","mn":"ADBE Vector Shape - Group","hd":false},{"ty":"fl","c":{"a":0,"k":[0.071,0.075,0.192,1],"ix":4,"x":"var $bm_rt;\n$bm_rt = comp('system-solid-20-bookmark').layer('control').effect('primary')('Color');"},"o":{"a":0,"k":100,"ix":5},"r":1,"bm":0,"nm":".primary","mn":"ADBE Vector Graphic - Fill","hd":false,"cl":"primary"},{"ty":"tr","p":{"a":0,"k":[0,0],"ix":2},"a":{"a":0,"k":[0,0],"ix":1},"s":{"a":0,"k":[100,100],"ix":3},"r":{"a":0,"k":0,"ix":6},"o":{"a":0,"k":100,"ix":7},"sk":{"a":0,"k":0,"ix":4},"sa":{"a":0,"k":0,"ix":5},"nm":"Transform"}],"nm":"Group 1","np":3,"cix":2,"bm":0,"ix":1,"mn":"ADBE Vector Group","hd":false}],"ip":59,"op":361,"st":61,"ct":1,"bm":0}]},{"id":"comp_1","nm":"hover-bookmark-1","fr":60,"layers":[{"ddd":0,"ind":1,"ty":4,"nm":".primary.design","cl":"primary design","sr":1,"ks":{"o":{"a":0,"k":100,"ix":11},"r":{"a":1,"k":[{"i":{"x":[0.3],"y":[1]},"o":{"x":[0.333],"y":[0]},"t":0,"s":[0]},{"i":{"x":[0.667],"y":[1]},"o":{"x":[0.7],"y":[0]},"t":13,"s":[5.5]},{"i":{"x":[0.667],"y":[1]},"o":{"x":[0.333],"y":[0]},"t":30,"s":[-5]},{"i":{"x":[0.3],"y":[1]},"o":{"x":[0.333],"y":[0]},"t":44,"s":[2]},{"t":60,"s":[0]}],"ix":10},"p":{"a":0,"k":[250.004,57.27,0],"ix":2,"l":2},"a":{"a":0,"k":[0,-192.566,0],"ix":1,"l":2},"s":{"a":0,"k":[100,100,100],"ix":6,"l":2}},"ao":0,"shapes":[{"ty":"gr","it":[{"ind":0,"ty":"sh","ix":1,"ks":{"a":1,"k":[{"i":{"x":0.3,"y":1},"o":{"x":0.333,"y":0},"t":0,"s":[{"i":[[11.505,0],[0,0],[0,-11.506],[0,-59.965],[0,0],[-16.637,10.723],[0,0],[-6.873,-4.43],[0,0],[0,19.792],[0,52.12],[0,0]],"o":[[0,0],[-11.506,0],[0,0],[0,53.12],[0,19.793],[0,0],[6.873,-4.43],[0,0],[16.636,10.723],[0,0],[0,-60.965],[0,-11.506]],"v":[[130.262,-192.566],[-130.262,-192.566],[-151.096,-171.733],[-151.096,8.164],[-151.096,167.525],[-112.551,188.538],[-11.286,123.263],[11.288,123.263],[112.551,188.538],[151.096,167.525],[151.096,11.164],[151.096,-171.733]],"c":true}]},{"i":{"x":0.667,"y":1},"o":{"x":0.7,"y":0},"t":17,"s":[{"i":[[11.458,-1.037],[0,0],[-1.037,-11.46],[4.798,-57.763],[0,0],[-18.456,7.153],[0,0],[-5.84,-5.723],[0,0],[-10.097,20.344],[-15.423,115.188],[0,0]],"o":[[0,0],[-11.46,1.037],[0,0],[-4.397,52.938],[-9.282,15.184],[0,0],[7.624,-2.955],[0,0],[14.136,13.853],[0,0],[12.201,-91.122],[-1.037,-11.46]],"v":[[128.856,-204.319],[-130.609,-180.844],[-149.48,-158.218],[-147.717,-12.396],[-198.648,126.447],[-170.311,158.305],[-57.977,114.758],[-35.865,119.304],[50.179,203.633],[92.166,190.812],[146.791,2.815],[151.482,-185.447]],"c":true}]},{"i":{"x":0.667,"y":1},"o":{"x":0.333,"y":0},"t":34,"s":[{"i":[[11.482,0.511],[0,0],[0.511,-11.484],[-13.351,-78.339],[0,0],[-14.391,13.176],[0,0],[-7.413,-3.167],[0,0],[4.641,18.088],[9.425,65.773],[0,0]],"o":[[0,0],[-11.484,-0.511],[0,0],[11.611,68.615],[5.484,18.873],[0,0],[5.945,-5.444],[0,0],[17.943,7.665],[0,0],[-7.07,-59.642],[0.511,-11.484]],"v":[[130.468,-186.763],[-129.543,-198.328],[-151.26,-178.461],[-150.325,22.592],[-109.763,186.405],[-68.826,200.44],[18.767,120.234],[40.704,116.494],[144.073,161.135],[178.049,134.331],[153.549,-2.913],[150.335,-165.045]],"c":true}]},{"i":{"x":0.3,"y":1},"o":{"x":0.333,"y":0},"t":48,"s":[{"i":[[11.493,-0.276],[0,0],[-0.276,-11.494],[1.279,-59.378],[0,0],[-17.122,9.771],[0,0],[-6.597,-4.775],[0,0],[-2.693,19.939],[-4.113,68.939],[0,0]],"o":[[0,0],[-11.494,0.276],[0,0],[-1.173,53.072],[-2.475,18.564],[0,0],[7.073,-4.037],[0,0],[15.969,11.558],[0,0],[3.254,-69.007],[-0.276,-11.494]],"v":[[129.887,-195.7],[-130.355,-189.44],[-150.665,-168.129],[-150.195,2.681],[-163.776,156.571],[-127.953,180.476],[-23.737,120.995],[-1.286,122.207],[95.918,192.563],[135.381,173.735],[149.948,8.937],[151.199,-175.39]],"c":true}]},{"t":60,"s":[{"i":[[11.505,0],[0,0],[0,-11.506],[0,-59.965],[0,0],[-16.637,10.723],[0,0],[-6.873,-4.43],[0,0],[0,19.792],[0,52.12],[0,0]],"o":[[0,0],[-11.506,0],[0,0],[0,53.12],[0,19.793],[0,0],[6.873,-4.43],[0,0],[16.636,10.723],[0,0],[0,-60.965],[0,-11.506]],"v":[[130.262,-192.566],[-130.262,-192.566],[-151.096,-171.733],[-151.096,8.164],[-151.096,167.525],[-112.551,188.538],[-11.286,123.263],[11.288,123.263],[112.551,188.538],[151.096,167.525],[151.096,11.164],[151.096,-171.733]],"c":true}]}],"ix":2},"nm":"Path 1","mn":"ADBE Vector Shape - Group","hd":false},{"ty":"st","c":{"a":0,"k":[0.071,0.075,0.192,1],"ix":3,"x":"var $bm_rt;\n$bm_rt = comp('system-solid-20-bookmark').layer('control').effect('primary')('Color');"},"o":{"a":0,"k":100,"ix":4},"w":{"a":0,"k":31.3,"ix":5},"lc":2,"lj":2,"bm":0,"nm":".primary","mn":"ADBE Vector Graphic - Stroke","hd":false,"cl":"primary"},{"ty":"tr","p":{"a":0,"k":[0,0],"ix":2},"a":{"a":0,"k":[0,0],"ix":1},"s":{"a":0,"k":[100,100],"ix":3},"r":{"a":0,"k":0,"ix":6},"o":{"a":0,"k":100,"ix":7},"sk":{"a":0,"k":0,"ix":4},"sa":{"a":0,"k":0,"ix":5},"nm":"Transform"}],"nm":"Group 1","np":2,"cix":2,"bm":0,"ix":1,"mn":"ADBE Vector Group","hd":false},{"ty":"tm","s":{"a":0,"k":0,"ix":1},"e":{"a":0,"k":100,"ix":2},"o":{"a":0,"k":173,"ix":3},"m":1,"ix":2,"nm":"Trim Paths 1","mn":"ADBE Vector Filter - Trim","hd":false},{"ty":"fl","c":{"a":0,"k":[0.071,0.075,0.192,1],"ix":4,"x":"var $bm_rt;\n$bm_rt = comp('system-solid-20-bookmark').layer('control').effect('primary')('Color');"},"o":{"a":0,"k":100,"ix":5},"r":1,"bm":0,"nm":".primary","mn":"ADBE Vector Graphic - Fill","hd":false,"cl":"primary"}],"ip":1,"op":60,"st":1,"ct":1,"bm":0},{"ddd":0,"ind":2,"ty":4,"nm":".primary.design","cl":"primary design","sr":1,"ks":{"o":{"a":0,"k":100,"ix":11},"r":{"a":0,"k":0,"ix":10},"p":{"a":0,"k":[250.002,250.041,0],"ix":2,"l":2},"a":{"a":0,"k":[0,0,0],"ix":1,"l":2},"s":{"a":0,"k":[2083,2083,100],"ix":6,"l":2}},"ao":0,"shapes":[{"ty":"gr","it":[{"ind":0,"ty":"sh","ix":1,"ks":{"a":0,"k":{"i":[[0.32,0],[0.32,0.21],[0,0],[0,0],[0.08,-0.05],[0,0],[0.63,0.35],[0,0.71],[0,0],[-0.97,0],[0,0],[0,-0.96],[0,0],[0.63,-0.34]],"o":[[-0.37,0],[0,0],[0,0],[-0.08,-0.05],[0,0],[-0.6,0.39],[-0.62,-0.34],[0,0],[0,-0.96],[0,0],[0.97,0],[0,0],[0,0.71],[-0.29,0.16]],"v":[[6.05,9.998],[4.99,9.688],[4.99,9.688],[0.13,6.548],[-0.14,6.548],[-5,9.688],[-6.99,9.758],[-8,8.048],[-8,-8.252],[-6.25,-10.002],[6.25,-10.002],[8,-8.252],[8,8.048],[6.98,9.758]],"c":true},"ix":2},"nm":"Path 2","mn":"ADBE Vector Shape - Group","hd":false},{"ty":"fl","c":{"a":0,"k":[0.071,0.075,0.192,1],"ix":4,"x":"var $bm_rt;\n$bm_rt = comp('system-solid-20-bookmark').layer('control').effect('primary')('Color');"},"o":{"a":0,"k":100,"ix":5},"r":1,"bm":0,"nm":".primary","mn":"ADBE Vector Graphic - Fill","hd":false,"cl":"primary"},{"ty":"tr","p":{"a":0,"k":[0,0],"ix":2},"a":{"a":0,"k":[0,0],"ix":1},"s":{"a":0,"k":[100,100],"ix":3},"r":{"a":0,"k":0,"ix":6},"o":{"a":0,"k":100,"ix":7},"sk":{"a":0,"k":0,"ix":4},"sa":{"a":0,"k":0,"ix":5},"nm":"Transform"}],"nm":"Group 1","np":2,"cix":2,"bm":0,"ix":1,"mn":"ADBE Vector Group","hd":false}],"ip":0,"op":1,"st":1,"ct":1,"bm":0},{"ddd":0,"ind":3,"ty":4,"nm":".primary.design","cl":"primary design","sr":1,"ks":{"o":{"a":0,"k":100,"ix":11},"r":{"a":0,"k":0,"ix":10},"p":{"a":0,"k":[250.002,250.041,0],"ix":2,"l":2},"a":{"a":0,"k":[0,0,0],"ix":1,"l":2},"s":{"a":0,"k":[2083,2083,100],"ix":6,"l":2}},"ao":0,"shapes":[{"ty":"gr","it":[{"ind":0,"ty":"sh","ix":1,"ks":{"a":0,"k":{"i":[[0.32,0],[0.32,0.21],[0,0],[0,0],[0.08,-0.05],[0,0],[0.63,0.35],[0,0.71],[0,0],[-0.97,0],[0,0],[0,-0.96],[0,0],[0.63,-0.34]],"o":[[-0.37,0],[0,0],[0,0],[-0.08,-0.05],[0,0],[-0.6,0.39],[-0.62,-0.34],[0,0],[0,-0.96],[0,0],[0.97,0],[0,0],[0,0.71],[-0.29,0.16]],"v":[[6.05,9.998],[4.99,9.688],[4.99,9.688],[0.13,6.548],[-0.14,6.548],[-5,9.688],[-6.99,9.758],[-8,8.048],[-8,-8.252],[-6.25,-10.002],[6.25,-10.002],[8,-8.252],[8,8.048],[6.98,9.758]],"c":true},"ix":2},"nm":"Path 2","mn":"ADBE Vector Shape - Group","hd":false},{"ty":"fl","c":{"a":0,"k":[0.071,0.075,0.192,1],"ix":4,"x":"var $bm_rt;\n$bm_rt = comp('system-solid-20-bookmark').layer('control').effect('primary')('Color');"},"o":{"a":0,"k":100,"ix":5},"r":1,"bm":0,"nm":".primary","mn":"ADBE Vector Graphic - Fill","hd":false,"cl":"primary"},{"ty":"tr","p":{"a":0,"k":[0,0],"ix":2},"a":{"a":0,"k":[0,0],"ix":1},"s":{"a":0,"k":[100,100],"ix":3},"r":{"a":0,"k":0,"ix":6},"o":{"a":0,"k":100,"ix":7},"sk":{"a":0,"k":0,"ix":4},"sa":{"a":0,"k":0,"ix":5},"nm":"Transform"}],"nm":"Group 1","np":2,"cix":2,"bm":0,"ix":1,"mn":"ADBE Vector Group","hd":false}],"ip":60,"op":361,"st":61,"ct":1,"bm":0}]},{"id":"comp_2","nm":"hover-bookmark-2","fr":60,"layers":[{"ddd":0,"ind":1,"ty":4,"nm":".primary.design","cl":"primary design","sr":1,"ks":{"o":{"a":0,"k":100,"ix":11},"r":{"a":0,"k":0,"ix":10},"p":{"a":0,"k":[250.004,249.836,0],"ix":2,"l":2},"a":{"a":0,"k":[0,0,0],"ix":1,"l":2},"s":{"a":0,"k":[100,100,100],"ix":6,"l":2}},"ao":0,"shapes":[{"ty":"gr","it":[{"ind":0,"ty":"sh","ix":1,"ks":{"a":1,"k":[{"i":{"x":0.175,"y":1},"o":{"x":0.333,"y":0},"t":0,"s":[{"i":[[11.505,0],[0,0],[0,-11.506],[0,-59.965],[0,0],[-16.637,10.723],[0,0],[-6.873,-4.43],[0,0],[0,19.792],[0,52.12],[0,0]],"o":[[0,0],[-11.506,0],[0,0],[0,53.12],[0,19.793],[0,0],[6.873,-4.43],[0,0],[16.636,10.723],[0,0],[0,-60.965],[0,-11.506]],"v":[[130.262,-192.566],[-130.262,-192.566],[-151.096,-171.733],[-151.096,8.164],[-151.096,167.525],[-112.551,188.538],[-11.286,123.263],[11.288,123.263],[112.551,188.538],[151.096,167.525],[151.096,11.164],[151.096,-171.733]],"c":true}]},{"i":{"x":0.833,"y":0.797},"o":{"x":0.6,"y":0},"t":10,"s":[{"i":[[11.505,0],[0,0],[0,-11.506],[10.183,-40],[0,0],[-23.453,7.788],[0,0],[-9.689,-3.217],[0,0],[17,32.048],[7.988,45.008],[0,0]],"o":[[0,0],[-11.506,0],[0,0],[-10.027,39.386],[-12.008,27.048],[0,0],[9.688,-3.217],[0,0],[23.451,7.788],[0,0],[-10.653,-60.028],[0,-11.506]],"v":[[130.262,-192.566],[-130.262,-192.566],[-151.096,-171.733],[-168.187,-8.836],[-206.996,80.116],[-158.66,107.376],[-15.91,59.97],[15.912,59.97],[158.66,107.376],[205.996,82.116],[165.008,-3.844],[151.096,-171.733]],"c":true}]},{"i":{"x":0.833,"y":0.833},"o":{"x":0.167,"y":0.203},"t":17,"s":[{"i":[[11.505,0],[0,0],[0,-11.506],[1.903,-62.475],[0,0],[-17.439,9.981],[0,0],[-7.204,-4.124],[0,0],[0,18.422],[1.319,53.414],[0,0]],"o":[[0,0],[-11.506,0],[0,0],[-1.645,54.008],[0,18.423],[0,0],[7.204,-4.124],[0,0],[17.438,9.981],[0,0],[-1.569,-63.545],[0,-11.506]],"v":[[130.262,-192.566],[-130.262,-192.566],[-151.096,-171.733],[-152.859,1.265],[-158.379,165.624],[-117.976,185.183],[-11.83,124.426],[11.832,124.426],[117.976,185.183],[158.379,165.624],[152.351,5.742],[151.096,-171.733]],"c":true}]},{"i":{"x":0.833,"y":0.797},"o":{"x":0.167,"y":0.167},"t":20,"s":[{"i":[[11.505,0],[0,0],[0,-11.506],[0,-59.965],[0,0],[-16.637,10.723],[0,0],[-6.873,-4.43],[0,0],[0,19.792],[0,52.12],[0,0]],"o":[[0,0],[-11.506,0],[0,0],[0,53.12],[0,19.793],[0,0],[6.873,-4.43],[0,0],[16.636,10.723],[0,0],[0,-60.965],[0,-11.506]],"v":[[130.262,-192.566],[-130.262,-192.566],[-151.096,-171.733],[-151.096,8.164],[-151.096,167.525],[-112.551,188.538],[-11.286,123.263],[11.288,123.263],[112.551,188.538],[151.096,167.525],[151.096,11.164],[151.096,-171.733]],"c":true}]},{"i":{"x":0.4,"y":1},"o":{"x":0.167,"y":0.203},"t":23,"s":[{"i":[[11.505,0],[0,0],[0,-11.506],[-5.299,-73.41],[0,0],[-14.415,9.512],[0,0],[-5.955,-3.93],[0,0],[-2.438,18.307],[-4.845,68.213],[0,0]],"o":[[0,0],[-11.506,0],[0,0],[5.224,69.482],[2.922,19.243],[0,0],[5.955,-3.93],[0,0],[14.414,9.512],[0,0],[5.285,-76.391],[0,-11.506]],"v":[[130.262,-192.566],[-130.262,-192.566],[-151.096,-171.733],[-144.633,8.862],[-130.916,160.013],[-97.519,178.652],[-9.779,120.75],[9.781,120.75],[97.52,178.652],[130.917,160.013],[146.868,10.995],[151.096,-171.733]],"c":true}]},{"i":{"x":0.833,"y":0.797},"o":{"x":0.6,"y":0},"t":29,"s":[{"i":[[11.505,0],[0,0],[0,-11.506],[-9.525,-73.669],[0,0],[-12.643,7.19],[0,0],[-5.223,-2.97],[0,0],[-4.383,14.513],[-8.709,71.324],[0,0]],"o":[[0,0],[-11.506,0],[0,0],[9.391,72.628],[5.252,16.06],[0,0],[5.223,-2.97],[0,0],[12.642,7.19],[0,0],[9.501,-77.805],[0,-11.506]],"v":[[130.262,-192.566],[-130.262,-192.566],[-151.096,-171.733],[-139.479,-1.167],[-114.82,121.886],[-85.529,135.974],[-8.576,92.209],[8.579,92.209],[85.531,135.974],[114.822,121.886],[143.495,-0.031],[151.096,-171.733]],"c":true}]},{"i":{"x":0.833,"y":0.833},"o":{"x":0.167,"y":0.203},"t":38.049,"s":[{"i":[[11.505,0],[0,0],[0,-11.506],[-5.299,-73.41],[0,0],[-14.415,9.512],[0,0],[-5.955,-3.93],[0,0],[-2.438,18.307],[-4.845,68.213],[0,0]],"o":[[0,0],[-11.506,0],[0,0],[5.224,69.482],[2.922,19.243],[0,0],[5.955,-3.93],[0,0],[14.414,9.512],[0,0],[5.285,-76.391],[0,-11.506]],"v":[[130.262,-192.566],[-130.262,-192.566],[-151.096,-171.733],[-144.633,8.862],[-130.916,160.013],[-97.519,178.652],[-9.779,120.75],[9.781,120.75],[97.52,178.652],[130.917,160.013],[146.868,10.995],[151.096,-171.733]],"c":true}]},{"i":{"x":0.833,"y":0.797},"o":{"x":0.167,"y":0.167},"t":40.518,"s":[{"i":[[11.505,0],[0,0],[0,-11.506],[0,-59.965],[0,0],[-16.637,10.723],[0,0],[-6.873,-4.43],[0,0],[0,19.792],[0,52.12],[0,0]],"o":[[0,0],[-11.506,0],[0,0],[0,53.12],[0,19.793],[0,0],[6.873,-4.43],[0,0],[16.636,10.723],[0,0],[0,-60.965],[0,-11.506]],"v":[[130.262,-192.566],[-130.262,-192.566],[-151.096,-171.733],[-151.096,8.164],[-151.096,167.525],[-112.551,188.538],[-11.286,123.263],[11.288,123.263],[112.551,188.538],[151.096,167.525],[151.096,11.164],[151.096,-171.733]],"c":true}]},{"i":{"x":0.667,"y":1},"o":{"x":0.167,"y":0.203},"t":42.986,"s":[{"i":[[11.505,0],[0,0],[0,-11.506],[1.903,-62.475],[0,0],[-17.439,9.981],[0,0],[-7.204,-4.124],[0,0],[0,18.422],[1.319,53.414],[0,0]],"o":[[0,0],[-11.506,0],[0,0],[-1.645,54.008],[0,18.423],[0,0],[7.204,-4.124],[0,0],[17.438,9.981],[0,0],[-1.569,-63.545],[0,-11.506]],"v":[[130.262,-192.566],[-130.262,-192.566],[-151.096,-171.733],[-152.859,1.265],[-158.379,165.624],[-117.976,185.183],[-11.83,124.426],[11.832,124.426],[117.976,185.183],[158.379,165.624],[152.351,5.742],[151.096,-171.733]],"c":true}]},{"i":{"x":0.376,"y":1},"o":{"x":0.333,"y":0},"t":50,"s":[{"i":[[11.505,0],[0,0],[0,-11.506],[3.104,-59.847],[0,0],[-17.903,8.901],[0,0],[-7.396,-3.677],[0,0],[0,16.428],[2.035,50.678],[0,0]],"o":[[0,0],[-11.506,0],[0,0],[-2.596,50.998],[0,16.429],[0,0],[7.396,-3.677],[0,0],[17.902,8.901],[0,0],[-2.477,-60.891],[0,-11.506]],"v":[[130.262,-192.566],[-130.262,-192.566],[-151.096,-171.733],[-153.879,-6.799],[-162.59,149.728],[-121.113,167.17],[-12.145,112.988],[12.146,112.988],[121.113,167.17],[162.59,149.728],[153.077,-1.761],[151.096,-171.733]],"c":true}]},{"t":60,"s":[{"i":[[11.505,0],[0,0],[0,-11.506],[0,-59.965],[0,0],[-16.637,10.723],[0,0],[-6.873,-4.43],[0,0],[0,19.792],[0,52.12],[0,0]],"o":[[0,0],[-11.506,0],[0,0],[0,53.12],[0,19.793],[0,0],[6.873,-4.43],[0,0],[16.636,10.723],[0,0],[0,-60.965],[0,-11.506]],"v":[[130.262,-192.566],[-130.262,-192.566],[-151.096,-171.733],[-151.096,8.164],[-151.096,167.525],[-112.551,188.538],[-11.286,123.263],[11.288,123.263],[112.551,188.538],[151.096,167.525],[151.096,11.164],[151.096,-171.733]],"c":true}]}],"ix":2},"nm":"Path 1","mn":"ADBE Vector Shape - Group","hd":false},{"ty":"st","c":{"a":0,"k":[0.071,0.075,0.192,1],"ix":3,"x":"var $bm_rt;\n$bm_rt = comp('system-solid-20-bookmark').layer('control').effect('primary')('Color');"},"o":{"a":0,"k":100,"ix":4},"w":{"a":0,"k":31.3,"ix":5},"lc":2,"lj":2,"bm":0,"nm":".primary","mn":"ADBE Vector Graphic - Stroke","hd":false,"cl":"primary"},{"ty":"tr","p":{"a":0,"k":[0,0],"ix":2},"a":{"a":0,"k":[0,0],"ix":1},"s":{"a":0,"k":[100,100],"ix":3},"r":{"a":0,"k":0,"ix":6},"o":{"a":0,"k":100,"ix":7},"sk":{"a":0,"k":0,"ix":4},"sa":{"a":0,"k":0,"ix":5},"nm":"Transform"}],"nm":"Group 1","np":2,"cix":2,"bm":0,"ix":1,"mn":"ADBE Vector Group","hd":false},{"ty":"tm","s":{"a":0,"k":0,"ix":1},"e":{"a":0,"k":100,"ix":2},"o":{"a":0,"k":173,"ix":3},"m":1,"ix":2,"nm":"Trim Paths 1","mn":"ADBE Vector Filter - Trim","hd":false},{"ty":"fl","c":{"a":0,"k":[0.071,0.075,0.192,1],"ix":4,"x":"var $bm_rt;\n$bm_rt = comp('system-solid-20-bookmark').layer('control').effect('primary')('Color');"},"o":{"a":0,"k":100,"ix":5},"r":1,"bm":0,"nm":".primary","mn":"ADBE Vector Graphic - Fill","hd":false,"cl":"primary"}],"ip":1,"op":59,"st":1,"ct":1,"bm":0},{"ddd":0,"ind":2,"ty":4,"nm":".primary.design","cl":"primary design","sr":1,"ks":{"o":{"a":0,"k":100,"ix":11},"r":{"a":0,"k":0,"ix":10},"p":{"a":0,"k":[250.002,250.041,0],"ix":2,"l":2},"a":{"a":0,"k":[0,0,0],"ix":1,"l":2},"s":{"a":0,"k":[2083,2083,100],"ix":6,"l":2}},"ao":0,"shapes":[{"ty":"gr","it":[{"ind":0,"ty":"sh","ix":1,"ks":{"a":0,"k":{"i":[[0.32,0],[0.32,0.21],[0,0],[0,0],[0.08,-0.05],[0,0],[0.63,0.35],[0,0.71],[0,0],[-0.97,0],[0,0],[0,-0.96],[0,0],[0.63,-0.34]],"o":[[-0.37,0],[0,0],[0,0],[-0.08,-0.05],[0,0],[-0.6,0.39],[-0.62,-0.34],[0,0],[0,-0.96],[0,0],[0.97,0],[0,0],[0,0.71],[-0.29,0.16]],"v":[[6.05,9.998],[4.99,9.688],[4.99,9.688],[0.13,6.548],[-0.14,6.548],[-5,9.688],[-6.99,9.758],[-8,8.048],[-8,-8.252],[-6.25,-10.002],[6.25,-10.002],[8,-8.252],[8,8.048],[6.98,9.758]],"c":true},"ix":2},"nm":"Path 2","mn":"ADBE Vector Shape - Group","hd":false},{"ty":"fl","c":{"a":0,"k":[0.071,0.075,0.192,1],"ix":4,"x":"var $bm_rt;\n$bm_rt = comp('system-solid-20-bookmark').layer('control').effect('primary')('Color');"},"o":{"a":0,"k":100,"ix":5},"r":1,"bm":0,"nm":".primary","mn":"ADBE Vector Graphic - Fill","hd":false,"cl":"primary"},{"ty":"tr","p":{"a":0,"k":[0,0],"ix":2},"a":{"a":0,"k":[0,0],"ix":1},"s":{"a":0,"k":[100,100],"ix":3},"r":{"a":0,"k":0,"ix":6},"o":{"a":0,"k":100,"ix":7},"sk":{"a":0,"k":0,"ix":4},"sa":{"a":0,"k":0,"ix":5},"nm":"Transform"}],"nm":"Group 1","np":2,"cix":2,"bm":0,"ix":1,"mn":"ADBE Vector Group","hd":false}],"ip":0,"op":1,"st":1,"ct":1,"bm":0},{"ddd":0,"ind":3,"ty":4,"nm":".primary.design","cl":"primary design","sr":1,"ks":{"o":{"a":0,"k":100,"ix":11},"r":{"a":0,"k":0,"ix":10},"p":{"a":0,"k":[250.002,250.041,0],"ix":2,"l":2},"a":{"a":0,"k":[0,0,0],"ix":1,"l":2},"s":{"a":0,"k":[2083,2083,100],"ix":6,"l":2}},"ao":0,"shapes":[{"ty":"gr","it":[{"ind":0,"ty":"sh","ix":1,"ks":{"a":0,"k":{"i":[[0.32,0],[0.32,0.21],[0,0],[0,0],[0.08,-0.05],[0,0],[0.63,0.35],[0,0.71],[0,0],[-0.97,0],[0,0],[0,-0.96],[0,0],[0.63,-0.34]],"o":[[-0.37,0],[0,0],[0,0],[-0.08,-0.05],[0,0],[-0.6,0.39],[-0.62,-0.34],[0,0],[0,-0.96],[0,0],[0.97,0],[0,0],[0,0.71],[-0.29,0.16]],"v":[[6.05,9.998],[4.99,9.688],[4.99,9.688],[0.13,6.548],[-0.14,6.548],[-5,9.688],[-6.99,9.758],[-8,8.048],[-8,-8.252],[-6.25,-10.002],[6.25,-10.002],[8,-8.252],[8,8.048],[6.98,9.758]],"c":true},"ix":2},"nm":"Path 2","mn":"ADBE Vector Shape - Group","hd":false},{"ty":"fl","c":{"a":0,"k":[0.071,0.075,0.192,1],"ix":4,"x":"var $bm_rt;\n$bm_rt = comp('system-solid-20-bookmark').layer('control').effect('primary')('Color');"},"o":{"a":0,"k":100,"ix":5},"r":1,"bm":0,"nm":".primary","mn":"ADBE Vector Graphic - Fill","hd":false,"cl":"primary"},{"ty":"tr","p":{"a":0,"k":[0,0],"ix":2},"a":{"a":0,"k":[0,0],"ix":1},"s":{"a":0,"k":[100,100],"ix":3},"r":{"a":0,"k":0,"ix":6},"o":{"a":0,"k":100,"ix":7},"sk":{"a":0,"k":0,"ix":4},"sa":{"a":0,"k":0,"ix":5},"nm":"Transform"}],"nm":"Group 1","np":2,"cix":2,"bm":0,"ix":1,"mn":"ADBE Vector Group","hd":false}],"ip":59,"op":361,"st":61,"ct":1,"bm":0}]},{"id":"comp_3","nm":"morph-marked-bookmark","fr":60,"layers":[{"ddd":0,"ind":1,"ty":4,"nm":".primary.design","cl":"primary design","sr":1,"ks":{"o":{"a":0,"k":100,"ix":11},"r":{"a":0,"k":0,"ix":10},"p":{"a":1,"k":[{"i":{"x":0.39,"y":0.39},"o":{"x":0.61,"y":0.61},"t":1,"s":[250,58,0],"to":[0,0,0],"ti":[0,0,0]},{"i":{"x":0.723,"y":0.517},"o":{"x":0.395,"y":0},"t":4,"s":[250,58,0],"to":[0,8.844,0],"ti":[0,-17.248,0]},{"i":{"x":0.723,"y":0.664},"o":{"x":0.393,"y":0.22},"t":11,"s":[250,108.171,0],"to":[0,25.143,0],"ti":[0,-37.156,0]},{"i":{"x":0.833,"y":0.833},"o":{"x":0.473,"y":0.438},"t":16,"s":[250,220.197,0],"to":[0,66.561,0],"ti":[0,-23.096,0]},{"t":21,"s":[250,367,0]}],"ix":2,"l":2},"a":{"a":0,"k":[-2.5,-98,0],"ix":1,"l":2},"s":{"a":0,"k":[100,100,100],"ix":6,"l":2}},"ao":0,"shapes":[{"ty":"gr","it":[{"ty":"rc","d":1,"s":{"a":1,"k":[{"i":{"x":[0.833,0.833],"y":[0.833,0.833]},"o":{"x":[0.167,0.167],"y":[0.167,0.167]},"t":1,"s":[374,0]},{"i":{"x":[0.833,0.833],"y":[0.833,0.833]},"o":{"x":[0.167,0.167],"y":[0.167,0.167]},"t":5,"s":[374,61]},{"i":{"x":[0.833,0.833],"y":[0.833,0.833]},"o":{"x":[0.167,0.167],"y":[0.167,0.167]},"t":11,"s":[425,107.125]},{"i":{"x":[0.833,0.833],"y":[0.833,0.833]},"o":{"x":[0.167,0.167],"y":[0.167,0.167]},"t":16,"s":[384,92.562]},{"t":21,"s":[304,0]}],"ix":2},"p":{"a":0,"k":[0,0],"ix":3},"r":{"a":1,"k":[{"i":{"x":[0.833],"y":[0.833]},"o":{"x":[0.167],"y":[0.167]},"t":1,"s":[20]},{"i":{"x":[0.833],"y":[0.833]},"o":{"x":[0.167],"y":[0.167]},"t":5,"s":[35]},{"t":21,"s":[20]}],"ix":4},"nm":"Rectangle Path 1","mn":"ADBE Vector Shape - Rect","hd":false},{"ty":"st","c":{"a":0,"k":[0.071,0.075,0.192,1],"ix":3,"x":"var $bm_rt;\n$bm_rt = comp('system-solid-20-bookmark').layer('control').effect('primary')('Color');"},"o":{"a":0,"k":100,"ix":4},"w":{"a":0,"k":31.3,"ix":5},"lc":2,"lj":2,"bm":0,"nm":".primary","mn":"ADBE Vector Graphic - Stroke","hd":false,"cl":"primary"},{"ty":"tr","p":{"a":0,"k":[-2.5,-98],"ix":2},"a":{"a":0,"k":[0,0],"ix":1},"s":{"a":0,"k":[100,100],"ix":3},"r":{"a":0,"k":0,"ix":6},"o":{"a":0,"k":100,"ix":7},"sk":{"a":0,"k":0,"ix":4},"sa":{"a":0,"k":0,"ix":5},"nm":"Transform"}],"nm":"Rectangle 1","np":2,"cix":2,"bm":0,"ix":1,"mn":"ADBE Vector Group","hd":false},{"ty":"fl","c":{"a":0,"k":[0.071,0.075,0.192,1],"ix":4,"x":"var $bm_rt;\n$bm_rt = comp('system-solid-20-bookmark').layer('control').effect('primary')('Color');"},"o":{"a":0,"k":100,"ix":5},"r":1,"bm":0,"nm":".primary","mn":"ADBE Vector Graphic - Fill","hd":false,"cl":"primary"}],"ip":1,"op":20,"st":1,"ct":1,"bm":0},{"ddd":0,"ind":2,"ty":4,"nm":".primary.design","cl":"primary design","sr":1,"ks":{"o":{"a":0,"k":100,"ix":11},"r":{"a":0,"k":0,"ix":10},"p":{"a":0,"k":[250.004,249.836,0],"ix":2,"l":2},"a":{"a":0,"k":[0,0,0],"ix":1,"l":2},"s":{"a":0,"k":[100,100,100],"ix":6,"l":2}},"ao":0,"shapes":[{"ty":"gr","it":[{"ind":0,"ty":"sh","ix":1,"ks":{"a":1,"k":[{"i":{"x":0.833,"y":0.833},"o":{"x":0.167,"y":0.167},"t":19,"s":[{"i":[[11.505,0],[0,0],[0,-11.506],[0,-59.965],[0,0],[-16.637,10.723],[0,0],[-6.873,-4.43],[0,0],[0,19.792],[0,52.12],[0,0]],"o":[[0,0],[-11.506,0],[0,0],[0,53.12],[0,19.793],[0,0],[6.873,-4.43],[0,0],[16.636,10.723],[0,0],[0,-60.965],[0,-11.506]],"v":[[130.262,-192.566],[-130.262,-192.566],[-151.096,-171.733],[-161.096,8.164],[-151.096,167.525],[-112.551,188.538],[-11.286,123.263],[11.288,123.263],[112.551,188.538],[151.096,167.525],[163.096,11.164],[151.096,-171.733]],"c":true}]},{"i":{"x":0.833,"y":0.833},"o":{"x":0.167,"y":0.167},"t":20,"s":[{"i":[[11.505,0],[0,0],[0,-11.506],[0,-59.965],[0,0],[-16.637,-7.955],[0,0],[-6.873,3.287],[0,0],[0,-14.684],[0,52.12],[0,0]],"o":[[0,0],[-11.506,0],[0,0],[0,53.12],[0,-14.685],[0,0],[6.873,3.287],[0,0],[16.636,-7.955],[0,0],[0,-60.965],[0,-11.506]],"v":[[130.262,-192.566],[-130.262,-192.566],[-151.096,-171.733],[-164.996,8.164],[-148.187,88.709],[-109.551,46.119],[-8.286,94.546],[14.288,94.546],[115.551,46.119],[154.004,88.709],[164.996,11.164],[151.096,-171.733]],"c":true}]},{"i":{"x":0.4,"y":1},"o":{"x":0.167,"y":0.167},"t":23,"s":[{"i":[[11.505,0],[0,0],[0,-11.506],[0,-59.965],[0,0],[-16.637,10.723],[0,0],[-6.873,-4.43],[0,0],[0,19.792],[0,52.12],[0,0]],"o":[[0,0],[-11.506,0],[0,0],[0,53.12],[0,19.793],[0,0],[6.873,-4.43],[0,0],[16.636,10.723],[0,0],[0,-60.965],[0,-11.506]],"v":[[130.262,-192.566],[-130.262,-192.566],[-151.096,-171.733],[-151.096,8.164],[-151.096,167.525],[-112.551,188.538],[-11.286,123.263],[11.288,123.263],[112.551,188.538],[151.096,167.525],[151.096,11.164],[151.096,-171.733]],"c":true}]},{"i":{"x":0.833,"y":0.833},"o":{"x":0.6,"y":0},"t":31,"s":[{"i":[[11.505,0],[0,0],[0,-11.506],[-9.525,-73.669],[0,0],[-12.643,7.19],[0,0],[-5.223,-2.97],[0,0],[-4.383,14.513],[-8.709,71.324],[0,0]],"o":[[0,0],[-11.506,0],[0,0],[9.391,72.628],[5.252,16.06],[0,0],[5.223,-2.97],[0,0],[12.642,7.19],[0,0],[9.501,-77.805],[0,-11.506]],"v":[[130.262,-192.566],[-130.262,-192.566],[-151.096,-171.733],[-139.479,-1.167],[-114.82,121.886],[-85.529,135.974],[-8.576,92.209],[8.579,92.209],[85.531,135.974],[114.822,121.886],[143.495,-0.031],[151.096,-171.733]],"c":true}]},{"i":{"x":0.833,"y":0.833},"o":{"x":0.167,"y":0.167},"t":37,"s":[{"i":[[11.505,0],[0,0],[0,-11.506],[-5.299,-73.41],[0,0],[-14.415,9.512],[0,0],[-5.955,-3.93],[0,0],[-2.438,18.307],[-4.845,68.213],[0,0]],"o":[[0,0],[-11.506,0],[0,0],[5.224,69.482],[2.922,19.243],[0,0],[5.955,-3.93],[0,0],[14.414,9.512],[0,0],[5.285,-76.391],[0,-11.506]],"v":[[130.262,-192.566],[-130.262,-192.566],[-151.096,-171.733],[-144.633,8.862],[-130.916,160.013],[-97.519,178.652],[-9.779,120.75],[9.781,120.75],[97.52,178.652],[130.917,160.013],[146.868,10.995],[151.096,-171.733]],"c":true}]},{"i":{"x":0.833,"y":0.833},"o":{"x":0.167,"y":0.167},"t":40,"s":[{"i":[[11.505,0],[0,0],[0,-11.506],[0,-59.965],[0,0],[-16.637,10.723],[0,0],[-6.873,-4.43],[0,0],[0,19.792],[0,52.12],[0,0]],"o":[[0,0],[-11.506,0],[0,0],[0,53.12],[0,19.793],[0,0],[6.873,-4.43],[0,0],[16.636,10.723],[0,0],[0,-60.965],[0,-11.506]],"v":[[130.262,-192.566],[-130.262,-192.566],[-151.096,-171.733],[-151.096,8.164],[-151.096,167.525],[-112.551,188.538],[-11.286,123.263],[11.288,123.263],[112.551,188.538],[151.096,167.525],[151.096,11.164],[151.096,-171.733]],"c":true}]},{"i":{"x":0.667,"y":1},"o":{"x":0.167,"y":0.167},"t":43,"s":[{"i":[[11.505,0],[0,0],[0,-11.506],[1.903,-62.475],[0,0],[-17.439,9.981],[0,0],[-7.204,-4.124],[0,0],[0,18.422],[1.319,53.414],[0,0]],"o":[[0,0],[-11.506,0],[0,0],[-1.645,54.008],[0,18.423],[0,0],[7.204,-4.124],[0,0],[17.438,9.981],[0,0],[-1.569,-63.545],[0,-11.506]],"v":[[130.262,-192.566],[-130.262,-192.566],[-151.096,-171.733],[-152.859,1.265],[-158.379,165.624],[-117.976,185.183],[-11.83,124.426],[11.832,124.426],[117.976,185.183],[158.379,165.624],[152.351,5.742],[151.096,-171.733]],"c":true}]},{"i":{"x":0.667,"y":1},"o":{"x":0.333,"y":0},"t":49,"s":[{"i":[[11.505,0],[0,0],[0,-11.506],[4.564,-59.792],[0,0],[-18.498,8.044],[0,0],[-7.642,-3.323],[0,0],[0,14.846],[2.992,50],[0,0]],"o":[[0,0],[-11.506,0],[0,0],[-3.817,50],[0,14.847],[0,0],[7.642,-3.323],[0,0],[18.497,8.044],[0,0],[-3.641,-60.857],[0,-11.506]],"v":[[130.262,-192.566],[-130.262,-192.566],[-151.096,-171.733],[-155.187,-13.836],[-167.996,141.358],[-125.139,157.12],[-12.549,108.156],[12.55,108.156],[125.139,157.12],[167.996,141.358],[154.008,-7.84],[151.096,-171.733]],"c":true}]},{"t":60,"s":[{"i":[[11.505,0],[0,0],[0,-11.506],[0,-59.965],[0,0],[-16.637,10.723],[0,0],[-6.873,-4.43],[0,0],[0,19.792],[0,52.12],[0,0]],"o":[[0,0],[-11.506,0],[0,0],[0,53.12],[0,19.793],[0,0],[6.873,-4.43],[0,0],[16.636,10.723],[0,0],[0,-60.965],[0,-11.506]],"v":[[130.262,-192.566],[-130.262,-192.566],[-151.096,-171.733],[-151.096,8.164],[-151.096,167.525],[-112.551,188.538],[-11.286,123.263],[11.288,123.263],[112.551,188.538],[151.096,167.525],[151.096,11.164],[151.096,-171.733]],"c":true}]}],"ix":2},"nm":"Path 1","mn":"ADBE Vector Shape - Group","hd":false},{"ty":"st","c":{"a":0,"k":[0.071,0.075,0.192,1],"ix":3,"x":"var $bm_rt;\n$bm_rt = comp('system-solid-20-bookmark').layer('control').effect('primary')('Color');"},"o":{"a":0,"k":100,"ix":4},"w":{"a":0,"k":31.3,"ix":5},"lc":2,"lj":2,"bm":0,"nm":".primary","mn":"ADBE Vector Graphic - Stroke","hd":false,"cl":"primary"},{"ty":"tr","p":{"a":0,"k":[0,0],"ix":2},"a":{"a":0,"k":[0,0],"ix":1},"s":{"a":0,"k":[100,100],"ix":3},"r":{"a":0,"k":0,"ix":6},"o":{"a":0,"k":100,"ix":7},"sk":{"a":0,"k":0,"ix":4},"sa":{"a":0,"k":0,"ix":5},"nm":"Transform"}],"nm":"Group 1","np":2,"cix":2,"bm":0,"ix":1,"mn":"ADBE Vector Group","hd":false},{"ty":"tm","s":{"a":1,"k":[{"i":{"x":[0.833],"y":[0.833]},"o":{"x":[0.167],"y":[0.167]},"t":12,"s":[52]},{"i":{"x":[0.833],"y":[0.833]},"o":{"x":[0.167],"y":[0.167]},"t":18,"s":[38]},{"i":{"x":[0.833],"y":[0.833]},"o":{"x":[0.167],"y":[0.167]},"t":19,"s":[34]},{"t":20,"s":[0]}],"ix":1},"e":{"a":1,"k":[{"i":{"x":[0.833],"y":[0.833]},"o":{"x":[0.167],"y":[0.167]},"t":12,"s":[72]},{"i":{"x":[0.833],"y":[0.833]},"o":{"x":[0.167],"y":[0.167]},"t":18,"s":[89]},{"i":{"x":[0.833],"y":[0.833]},"o":{"x":[0.167],"y":[0.167]},"t":19,"s":[88]},{"t":20,"s":[100]}],"ix":2},"o":{"a":0,"k":173,"ix":3},"m":1,"ix":2,"nm":"Trim Paths 1","mn":"ADBE Vector Filter - Trim","hd":false},{"ty":"fl","c":{"a":0,"k":[0.071,0.075,0.192,1],"ix":4,"x":"var $bm_rt;\n$bm_rt = comp('system-solid-20-bookmark').layer('control').effect('primary')('Color');"},"o":{"a":0,"k":100,"ix":5},"r":1,"bm":0,"nm":".primary","mn":"ADBE Vector Graphic - Fill","hd":false,"cl":"primary"}],"ip":12,"op":59,"st":1,"ct":1,"bm":0},{"ddd":0,"ind":3,"ty":4,"nm":".primary.design","cl":"primary design","td":1,"sr":1,"ks":{"o":{"a":0,"k":100,"ix":11},"r":{"a":0,"k":0,"ix":10},"p":{"a":1,"k":[{"i":{"x":0.833,"y":0.833},"o":{"x":0.167,"y":0.167},"t":1,"s":[250,-196,0],"to":[0,6.667,0],"ti":[0,-30.667,0]},{"i":{"x":0.833,"y":0.833},"o":{"x":0.167,"y":0.167},"t":6,"s":[250,-156,0],"to":[0,30.667,0],"ti":[0,-24,0]},{"t":15,"s":[250,-12,0]}],"ix":2,"l":2},"a":{"a":0,"k":[0,0,0],"ix":1,"l":2},"s":{"a":0,"k":[100,100,100],"ix":6,"l":2}},"ao":0,"shapes":[{"ty":"gr","it":[{"ty":"rc","d":1,"s":{"a":0,"k":[500,500],"ix":2},"p":{"a":0,"k":[0,0],"ix":3},"r":{"a":0,"k":0,"ix":4},"nm":"Rectangle Path 1","mn":"ADBE Vector Shape - Rect","hd":false},{"ty":"st","c":{"a":0,"k":[0.071,0.075,0.192,1],"ix":3,"x":"var $bm_rt;\n$bm_rt = comp('system-solid-20-bookmark').layer('control').effect('primary')('Color');"},"o":{"a":0,"k":100,"ix":4},"w":{"a":0,"k":0,"ix":5},"lc":1,"lj":1,"ml":4,"bm":0,"nm":".primary","mn":"ADBE Vector Graphic - Stroke","hd":false,"cl":"primary"},{"ty":"fl","c":{"a":0,"k":[0.071,0.075,0.192,1],"ix":4,"x":"var $bm_rt;\n$bm_rt = comp('system-solid-20-bookmark').layer('control').effect('primary')('Color');"},"o":{"a":0,"k":100,"ix":5},"r":1,"bm":0,"nm":".primary","mn":"ADBE Vector Graphic - Fill","hd":false,"cl":"primary"},{"ty":"tr","p":{"a":0,"k":[0,0],"ix":2},"a":{"a":0,"k":[0,0],"ix":1},"s":{"a":0,"k":[100,100],"ix":3},"r":{"a":0,"k":0,"ix":6},"o":{"a":0,"k":100,"ix":7},"sk":{"a":0,"k":0,"ix":4},"sa":{"a":0,"k":0,"ix":5},"nm":"Transform"}],"nm":"Rectangle 1","np":3,"cix":2,"bm":0,"ix":1,"mn":"ADBE Vector Group","hd":false}],"ip":1,"op":16,"st":0,"ct":1,"bm":0},{"ddd":0,"ind":4,"ty":4,"nm":".primary.design","cl":"primary design","tt":2,"tp":3,"sr":1,"ks":{"o":{"a":0,"k":100,"ix":11},"r":{"a":0,"k":0,"ix":10},"p":{"a":1,"k":[{"i":{"x":0.833,"y":0.833},"o":{"x":0.6,"y":0},"t":1,"s":[250.004,249.836,0],"to":[0,-69.667,0],"ti":[0,69.667,0]},{"t":21,"s":[250.004,-168.164,0]}],"ix":2,"l":2},"a":{"a":0,"k":[0,0,0],"ix":1,"l":2},"s":{"a":0,"k":[100,100,100],"ix":6,"l":2}},"ao":0,"shapes":[{"ty":"gr","it":[{"ind":0,"ty":"sh","ix":1,"ks":{"a":0,"k":{"i":[[11.505,0],[0,0],[0,-11.506],[0,-59.965],[0,0],[-16.637,10.723],[0,0],[-6.873,-4.43],[0,0],[0,19.792],[0,52.12],[0,0]],"o":[[0,0],[-11.506,0],[0,0],[0,53.12],[0,19.793],[0,0],[6.873,-4.43],[0,0],[16.636,10.723],[0,0],[0,-60.965],[0,-11.506]],"v":[[130.262,-192.566],[-130.262,-192.566],[-151.096,-171.733],[-151.096,8.164],[-151.096,167.525],[-112.551,188.538],[-11.286,123.263],[11.288,123.263],[112.551,188.538],[151.096,167.525],[151.096,11.164],[151.096,-171.733]],"c":true},"ix":2},"nm":"Path 1","mn":"ADBE Vector Shape - Group","hd":false},{"ty":"st","c":{"a":0,"k":[0.071,0.075,0.192,1],"ix":3,"x":"var $bm_rt;\n$bm_rt = comp('system-solid-20-bookmark').layer('control').effect('primary')('Color');"},"o":{"a":0,"k":100,"ix":4},"w":{"a":0,"k":41,"ix":5},"lc":2,"lj":2,"bm":0,"nm":".primary","mn":"ADBE Vector Graphic - Stroke","hd":false,"cl":"primary"},{"ty":"tr","p":{"a":0,"k":[0,0],"ix":2},"a":{"a":0,"k":[0,0],"ix":1},"s":{"a":0,"k":[100,100],"ix":3},"r":{"a":0,"k":0,"ix":6},"o":{"a":0,"k":100,"ix":7},"sk":{"a":0,"k":0,"ix":4},"sa":{"a":0,"k":0,"ix":5},"nm":"Transform"}],"nm":"Group 1","np":2,"cix":2,"bm":0,"ix":1,"mn":"ADBE Vector Group","hd":false},{"ty":"tm","s":{"a":0,"k":0,"ix":1},"e":{"a":0,"k":100,"ix":2},"o":{"a":0,"k":173,"ix":3},"m":1,"ix":2,"nm":"Trim Paths 1","mn":"ADBE Vector Filter - Trim","hd":false}],"ip":0,"op":16,"st":-10,"ct":1,"bm":0},{"ddd":0,"ind":5,"ty":4,"nm":".primary.design","cl":"primary design","sr":1,"ks":{"o":{"a":0,"k":100,"ix":11},"r":{"a":0,"k":0,"ix":10},"p":{"a":0,"k":[250.002,250.041,0],"ix":2,"l":2},"a":{"a":0,"k":[0,0,0],"ix":1,"l":2},"s":{"a":0,"k":[2083,2083,100],"ix":6,"l":2}},"ao":0,"shapes":[{"ty":"gr","it":[{"ind":0,"ty":"sh","ix":1,"ks":{"a":0,"k":{"i":[[0.32,0],[0.32,0.21],[0,0],[0,0],[0.08,-0.05],[0,0],[0.63,0.35],[0,0.71],[0,0],[-0.97,0],[0,0],[0,-0.96],[0,0],[0.63,-0.34]],"o":[[-0.37,0],[0,0],[0,0],[-0.08,-0.05],[0,0],[-0.6,0.39],[-0.62,-0.34],[0,0],[0,-0.96],[0,0],[0.97,0],[0,0],[0,0.71],[-0.29,0.16]],"v":[[6.05,9.998],[4.99,9.688],[4.99,9.688],[0.13,6.548],[-0.14,6.548],[-5,9.688],[-6.99,9.758],[-8,8.048],[-8,-8.252],[-6.25,-10.002],[6.25,-10.002],[8,-8.252],[8,8.048],[6.98,9.758]],"c":true},"ix":2},"nm":"Path 2","mn":"ADBE Vector Shape - Group","hd":false},{"ty":"fl","c":{"a":0,"k":[0.071,0.075,0.192,1],"ix":4,"x":"var $bm_rt;\n$bm_rt = comp('system-solid-20-bookmark').layer('control').effect('primary')('Color');"},"o":{"a":0,"k":100,"ix":5},"r":1,"bm":0,"nm":".primary","mn":"ADBE Vector Graphic - Fill","hd":false,"cl":"primary"},{"ty":"tr","p":{"a":0,"k":[0,0],"ix":2},"a":{"a":0,"k":[0,0],"ix":1},"s":{"a":0,"k":[100,100],"ix":3},"r":{"a":0,"k":0,"ix":6},"o":{"a":0,"k":100,"ix":7},"sk":{"a":0,"k":0,"ix":4},"sa":{"a":0,"k":0,"ix":5},"nm":"Transform"}],"nm":"Group 1","np":2,"cix":2,"bm":0,"ix":1,"mn":"ADBE Vector Group","hd":false}],"ip":59,"op":361,"st":61,"ct":1,"bm":0}]},{"id":"comp_4","nm":"morph-unmarked-bookmark","fr":60,"layers":[{"ddd":0,"ind":1,"ty":4,"nm":".primary.design","cl":"primary design","sr":1,"ks":{"o":{"a":0,"k":100,"ix":11},"r":{"a":0,"k":0,"ix":10},"p":{"a":1,"k":[{"i":{"x":0.39,"y":0.39},"o":{"x":0.61,"y":0.61},"t":1,"s":[250,58,0],"to":[0,0,0],"ti":[0,0,0]},{"i":{"x":0.723,"y":0.517},"o":{"x":0.395,"y":0},"t":4,"s":[250,58,0],"to":[0,8.844,0],"ti":[0,-17.248,0]},{"i":{"x":0.723,"y":0.664},"o":{"x":0.393,"y":0.22},"t":11,"s":[250,108.171,0],"to":[0,25.143,0],"ti":[0,-37.156,0]},{"i":{"x":0.833,"y":0.833},"o":{"x":0.473,"y":0.438},"t":16,"s":[250,220.197,0],"to":[0,66.561,0],"ti":[0,-23.096,0]},{"t":21,"s":[250,367,0]}],"ix":2,"l":2},"a":{"a":0,"k":[-2.5,-98,0],"ix":1,"l":2},"s":{"a":0,"k":[100,100,100],"ix":6,"l":2}},"ao":0,"shapes":[{"ty":"gr","it":[{"ty":"rc","d":1,"s":{"a":1,"k":[{"i":{"x":[0.833,0.833],"y":[0.833,0.833]},"o":{"x":[0.167,0.167],"y":[0.167,0.167]},"t":1,"s":[374,0]},{"i":{"x":[0.833,0.833],"y":[0.833,0.833]},"o":{"x":[0.167,0.167],"y":[0.167,0.167]},"t":5,"s":[374,61]},{"i":{"x":[0.833,0.833],"y":[0.833,0.833]},"o":{"x":[0.167,0.167],"y":[0.167,0.167]},"t":11,"s":[425,107.125]},{"i":{"x":[0.833,0.833],"y":[0.833,0.833]},"o":{"x":[0.167,0.167],"y":[0.167,0.167]},"t":16,"s":[384,92.562]},{"t":21,"s":[304,0]}],"ix":2},"p":{"a":0,"k":[0,0],"ix":3},"r":{"a":1,"k":[{"i":{"x":[0.833],"y":[0.833]},"o":{"x":[0.167],"y":[0.167]},"t":1,"s":[20]},{"i":{"x":[0.833],"y":[0.833]},"o":{"x":[0.167],"y":[0.167]},"t":5,"s":[35]},{"t":21,"s":[20]}],"ix":4},"nm":"Rectangle Path 1","mn":"ADBE Vector Shape - Rect","hd":false},{"ty":"st","c":{"a":0,"k":[0.071,0.075,0.192,1],"ix":3,"x":"var $bm_rt;\n$bm_rt = comp('system-solid-20-bookmark').layer('control').effect('primary')('Color');"},"o":{"a":0,"k":100,"ix":4},"w":{"a":0,"k":41,"ix":5},"lc":2,"lj":2,"bm":0,"nm":".primary","mn":"ADBE Vector Graphic - Stroke","hd":false,"cl":"primary"},{"ty":"tr","p":{"a":0,"k":[-2.5,-98],"ix":2},"a":{"a":0,"k":[0,0],"ix":1},"s":{"a":0,"k":[100,100],"ix":3},"r":{"a":0,"k":0,"ix":6},"o":{"a":0,"k":100,"ix":7},"sk":{"a":0,"k":0,"ix":4},"sa":{"a":0,"k":0,"ix":5},"nm":"Transform"}],"nm":"Rectangle 1","np":2,"cix":2,"bm":0,"ix":1,"mn":"ADBE Vector Group","hd":false},{"ty":"fl","c":{"a":0,"k":[0.071,0.075,0.192,1],"ix":4,"x":"var $bm_rt;\n$bm_rt = comp('system-solid-20-bookmark').layer('control').effect('primary')('Color');"},"o":{"a":0,"k":100,"ix":5},"r":1,"bm":0,"nm":".primary","mn":"ADBE Vector Graphic - Fill","hd":false,"cl":"primary"}],"ip":1,"op":20,"st":1,"ct":1,"bm":0},{"ddd":0,"ind":2,"ty":4,"nm":".primary.design","cl":"primary design","sr":1,"ks":{"o":{"a":0,"k":100,"ix":11},"r":{"a":0,"k":0,"ix":10},"p":{"a":0,"k":[250.004,249.836,0],"ix":2,"l":2},"a":{"a":0,"k":[0,0,0],"ix":1,"l":2},"s":{"a":0,"k":[100,100,100],"ix":6,"l":2}},"ao":0,"shapes":[{"ty":"gr","it":[{"ind":0,"ty":"sh","ix":1,"ks":{"a":1,"k":[{"i":{"x":0.833,"y":0.833},"o":{"x":0.167,"y":0.167},"t":19,"s":[{"i":[[11.505,0],[0,0],[0,-11.506],[0,-59.965],[0,0],[-16.637,10.723],[0,0],[-6.873,-4.43],[0,0],[0,19.792],[0,52.12],[0,0]],"o":[[0,0],[-11.506,0],[0,0],[0,53.12],[0,19.793],[0,0],[6.873,-4.43],[0,0],[16.636,10.723],[0,0],[0,-60.965],[0,-11.506]],"v":[[130.262,-192.566],[-130.262,-192.566],[-151.096,-171.733],[-161.096,8.164],[-151.096,167.525],[-112.551,188.538],[-11.286,123.263],[11.288,123.263],[112.551,188.538],[151.096,167.525],[163.096,11.164],[151.096,-171.733]],"c":true}]},{"i":{"x":0.833,"y":0.833},"o":{"x":0.167,"y":0.167},"t":20,"s":[{"i":[[11.505,0],[0,0],[0,-11.506],[0,-59.965],[0,0],[-16.637,-7.955],[0,0],[-6.873,3.287],[0,0],[0,-14.684],[0,52.12],[0,0]],"o":[[0,0],[-11.506,0],[0,0],[0,53.12],[0,-14.685],[0,0],[6.873,3.287],[0,0],[16.636,-7.955],[0,0],[0,-60.965],[0,-11.506]],"v":[[130.262,-192.566],[-130.262,-192.566],[-151.096,-171.733],[-164.996,8.164],[-148.187,88.709],[-109.551,46.119],[-8.286,94.546],[14.288,94.546],[115.551,46.119],[154.004,88.709],[164.996,11.164],[151.096,-171.733]],"c":true}]},{"i":{"x":0.4,"y":1},"o":{"x":0.167,"y":0.167},"t":23,"s":[{"i":[[11.505,0],[0,0],[0,-11.506],[0,-59.965],[0,0],[-16.637,10.723],[0,0],[-6.873,-4.43],[0,0],[0,19.792],[0,52.12],[0,0]],"o":[[0,0],[-11.506,0],[0,0],[0,53.12],[0,19.793],[0,0],[6.873,-4.43],[0,0],[16.636,10.723],[0,0],[0,-60.965],[0,-11.506]],"v":[[130.262,-192.566],[-130.262,-192.566],[-151.096,-171.733],[-151.096,8.164],[-151.096,167.525],[-112.551,188.538],[-11.286,123.263],[11.288,123.263],[112.551,188.538],[151.096,167.525],[151.096,11.164],[151.096,-171.733]],"c":true}]},{"i":{"x":0.833,"y":0.833},"o":{"x":0.6,"y":0},"t":31,"s":[{"i":[[11.505,0],[0,0],[0,-11.506],[-9.525,-73.669],[0,0],[-12.643,7.19],[0,0],[-5.223,-2.97],[0,0],[-4.383,14.513],[-8.709,71.324],[0,0]],"o":[[0,0],[-11.506,0],[0,0],[9.391,72.628],[5.252,16.06],[0,0],[5.223,-2.97],[0,0],[12.642,7.19],[0,0],[9.501,-77.805],[0,-11.506]],"v":[[130.262,-192.566],[-130.262,-192.566],[-151.096,-171.733],[-139.479,-1.167],[-114.82,121.886],[-85.529,135.974],[-8.576,92.209],[8.579,92.209],[85.531,135.974],[114.822,121.886],[143.495,-0.031],[151.096,-171.733]],"c":true}]},{"i":{"x":0.833,"y":0.833},"o":{"x":0.167,"y":0.167},"t":37,"s":[{"i":[[11.505,0],[0,0],[0,-11.506],[-5.299,-73.41],[0,0],[-14.415,9.512],[0,0],[-5.955,-3.93],[0,0],[-2.438,18.307],[-4.845,68.213],[0,0]],"o":[[0,0],[-11.506,0],[0,0],[5.224,69.482],[2.922,19.243],[0,0],[5.955,-3.93],[0,0],[14.414,9.512],[0,0],[5.285,-76.391],[0,-11.506]],"v":[[130.262,-192.566],[-130.262,-192.566],[-151.096,-171.733],[-144.633,8.862],[-130.916,160.013],[-97.519,178.652],[-9.779,120.75],[9.781,120.75],[97.52,178.652],[130.917,160.013],[146.868,10.995],[151.096,-171.733]],"c":true}]},{"i":{"x":0.833,"y":0.833},"o":{"x":0.167,"y":0.167},"t":40,"s":[{"i":[[11.505,0],[0,0],[0,-11.506],[0,-59.965],[0,0],[-16.637,10.723],[0,0],[-6.873,-4.43],[0,0],[0,19.792],[0,52.12],[0,0]],"o":[[0,0],[-11.506,0],[0,0],[0,53.12],[0,19.793],[0,0],[6.873,-4.43],[0,0],[16.636,10.723],[0,0],[0,-60.965],[0,-11.506]],"v":[[130.262,-192.566],[-130.262,-192.566],[-151.096,-171.733],[-151.096,8.164],[-151.096,167.525],[-112.551,188.538],[-11.286,123.263],[11.288,123.263],[112.551,188.538],[151.096,167.525],[151.096,11.164],[151.096,-171.733]],"c":true}]},{"i":{"x":0.667,"y":1},"o":{"x":0.167,"y":0.167},"t":43,"s":[{"i":[[11.505,0],[0,0],[0,-11.506],[1.903,-62.475],[0,0],[-17.439,9.981],[0,0],[-7.204,-4.124],[0,0],[0,18.422],[1.319,53.414],[0,0]],"o":[[0,0],[-11.506,0],[0,0],[-1.645,54.008],[0,18.423],[0,0],[7.204,-4.124],[0,0],[17.438,9.981],[0,0],[-1.569,-63.545],[0,-11.506]],"v":[[130.262,-192.566],[-130.262,-192.566],[-151.096,-171.733],[-152.859,1.265],[-158.379,165.624],[-117.976,185.183],[-11.83,124.426],[11.832,124.426],[117.976,185.183],[158.379,165.624],[152.351,5.742],[151.096,-171.733]],"c":true}]},{"i":{"x":0.667,"y":1},"o":{"x":0.333,"y":0},"t":49,"s":[{"i":[[11.505,0],[0,0],[0,-11.506],[4.564,-59.792],[0,0],[-18.498,8.044],[0,0],[-7.642,-3.323],[0,0],[0,14.846],[2.992,50],[0,0]],"o":[[0,0],[-11.506,0],[0,0],[-3.817,50],[0,14.847],[0,0],[7.642,-3.323],[0,0],[18.497,8.044],[0,0],[-3.641,-60.857],[0,-11.506]],"v":[[130.262,-192.566],[-130.262,-192.566],[-151.096,-171.733],[-155.187,-13.836],[-167.996,141.358],[-125.139,157.12],[-12.549,108.156],[12.55,108.156],[125.139,157.12],[167.996,141.358],[154.008,-7.84],[151.096,-171.733]],"c":true}]},{"t":60,"s":[{"i":[[11.505,0],[0,0],[0,-11.506],[0,-59.965],[0,0],[-16.637,10.723],[0,0],[-6.873,-4.43],[0,0],[0,19.792],[0,52.12],[0,0]],"o":[[0,0],[-11.506,0],[0,0],[0,53.12],[0,19.793],[0,0],[6.873,-4.43],[0,0],[16.636,10.723],[0,0],[0,-60.965],[0,-11.506]],"v":[[130.262,-192.566],[-130.262,-192.566],[-151.096,-171.733],[-151.096,8.164],[-151.096,167.525],[-112.551,188.538],[-11.286,123.263],[11.288,123.263],[112.551,188.538],[151.096,167.525],[151.096,11.164],[151.096,-171.733]],"c":true}]}],"ix":2},"nm":"Path 1","mn":"ADBE Vector Shape - Group","hd":false},{"ty":"st","c":{"a":0,"k":[0.071,0.075,0.192,1],"ix":3,"x":"var $bm_rt;\n$bm_rt = comp('system-solid-20-bookmark').layer('control').effect('primary')('Color');"},"o":{"a":0,"k":100,"ix":4},"w":{"a":0,"k":41,"ix":5},"lc":2,"lj":2,"bm":0,"nm":".primary","mn":"ADBE Vector Graphic - Stroke","hd":false,"cl":"primary"},{"ty":"tr","p":{"a":0,"k":[0,0],"ix":2},"a":{"a":0,"k":[0,0],"ix":1},"s":{"a":0,"k":[100,100],"ix":3},"r":{"a":0,"k":0,"ix":6},"o":{"a":0,"k":100,"ix":7},"sk":{"a":0,"k":0,"ix":4},"sa":{"a":0,"k":0,"ix":5},"nm":"Transform"}],"nm":"Group 1","np":2,"cix":2,"bm":0,"ix":1,"mn":"ADBE Vector Group","hd":false},{"ty":"tm","s":{"a":1,"k":[{"i":{"x":[0.833],"y":[0.833]},"o":{"x":[0.167],"y":[0.167]},"t":12,"s":[52]},{"i":{"x":[0.833],"y":[0.833]},"o":{"x":[0.167],"y":[0.167]},"t":15,"s":[45]},{"i":{"x":[0.833],"y":[0.833]},"o":{"x":[0.167],"y":[0.167]},"t":16,"s":[43]},{"i":{"x":[0.833],"y":[0.833]},"o":{"x":[0.167],"y":[0.167]},"t":18,"s":[37.5]},{"i":{"x":[0.833],"y":[0.833]},"o":{"x":[0.167],"y":[0.167]},"t":19,"s":[34]},{"t":20,"s":[0]}],"ix":1},"e":{"a":1,"k":[{"i":{"x":[0.833],"y":[0.833]},"o":{"x":[0.167],"y":[0.167]},"t":12,"s":[72]},{"i":{"x":[0.833],"y":[0.833]},"o":{"x":[0.167],"y":[0.167]},"t":15,"s":[78]},{"i":{"x":[0.833],"y":[0.833]},"o":{"x":[0.167],"y":[0.167]},"t":16,"s":[80]},{"i":{"x":[0.833],"y":[0.833]},"o":{"x":[0.167],"y":[0.167]},"t":18,"s":[85.5]},{"i":{"x":[0.833],"y":[0.833]},"o":{"x":[0.167],"y":[0.167]},"t":19,"s":[88]},{"t":20,"s":[100]}],"ix":2},"o":{"a":0,"k":173,"ix":3},"m":1,"ix":2,"nm":"Trim Paths 1","mn":"ADBE Vector Filter - Trim","hd":false}],"ip":12,"op":361,"st":1,"ct":1,"bm":0},{"ddd":0,"ind":3,"ty":4,"nm":".primary.design","cl":"primary design","td":1,"sr":1,"ks":{"o":{"a":0,"k":100,"ix":11},"r":{"a":0,"k":0,"ix":10},"p":{"a":1,"k":[{"i":{"x":0.833,"y":0.833},"o":{"x":0.167,"y":0.167},"t":1,"s":[250,-196,0],"to":[0,6.667,0],"ti":[0,-30.667,0]},{"i":{"x":0.833,"y":0.833},"o":{"x":0.167,"y":0.167},"t":6,"s":[250,-156,0],"to":[0,30.667,0],"ti":[0,-24,0]},{"t":15,"s":[250,-12,0]}],"ix":2,"l":2},"a":{"a":0,"k":[0,0,0],"ix":1,"l":2},"s":{"a":0,"k":[100,100,100],"ix":6,"l":2}},"ao":0,"shapes":[{"ty":"gr","it":[{"ty":"rc","d":1,"s":{"a":0,"k":[500,500],"ix":2},"p":{"a":0,"k":[0,0],"ix":3},"r":{"a":0,"k":0,"ix":4},"nm":"Rectangle Path 1","mn":"ADBE Vector Shape - Rect","hd":false},{"ty":"st","c":{"a":0,"k":[0.071,0.075,0.192,1],"ix":3,"x":"var $bm_rt;\n$bm_rt = comp('system-solid-20-bookmark').layer('control').effect('primary')('Color');"},"o":{"a":0,"k":100,"ix":4},"w":{"a":0,"k":0,"ix":5},"lc":1,"lj":1,"ml":4,"bm":0,"nm":".primary","mn":"ADBE Vector Graphic - Stroke","hd":false,"cl":"primary"},{"ty":"fl","c":{"a":0,"k":[0.071,0.075,0.192,1],"ix":4,"x":"var $bm_rt;\n$bm_rt = comp('system-solid-20-bookmark').layer('control').effect('primary')('Color');"},"o":{"a":0,"k":100,"ix":5},"r":1,"bm":0,"nm":".primary","mn":"ADBE Vector Graphic - Fill","hd":false,"cl":"primary"},{"ty":"tr","p":{"a":0,"k":[0,0],"ix":2},"a":{"a":0,"k":[0,0],"ix":1},"s":{"a":0,"k":[100,100],"ix":3},"r":{"a":0,"k":0,"ix":6},"o":{"a":0,"k":100,"ix":7},"sk":{"a":0,"k":0,"ix":4},"sa":{"a":0,"k":0,"ix":5},"nm":"Transform"}],"nm":"Rectangle 1","np":3,"cix":2,"bm":0,"ix":1,"mn":"ADBE Vector Group","hd":false}],"ip":1,"op":16,"st":0,"ct":1,"bm":0},{"ddd":0,"ind":4,"ty":4,"nm":".primary.design","cl":"primary design","tt":2,"tp":3,"sr":1,"ks":{"o":{"a":0,"k":100,"ix":11},"r":{"a":0,"k":0,"ix":10},"p":{"a":1,"k":[{"i":{"x":0.833,"y":0.833},"o":{"x":0.6,"y":0},"t":1,"s":[250.004,249.836,0],"to":[0,-69.667,0],"ti":[0,69.667,0]},{"t":21,"s":[250.004,-168.164,0]}],"ix":2,"l":2},"a":{"a":0,"k":[0,0,0],"ix":1,"l":2},"s":{"a":0,"k":[100,100,100],"ix":6,"l":2}},"ao":0,"shapes":[{"ty":"gr","it":[{"ind":0,"ty":"sh","ix":1,"ks":{"a":0,"k":{"i":[[11.505,0],[0,0],[0,-11.506],[0,-59.965],[0,0],[-16.637,10.723],[0,0],[-6.873,-4.43],[0,0],[0,19.792],[0,52.12],[0,0]],"o":[[0,0],[-11.506,0],[0,0],[0,53.12],[0,19.793],[0,0],[6.873,-4.43],[0,0],[16.636,10.723],[0,0],[0,-60.965],[0,-11.506]],"v":[[130.262,-192.566],[-130.262,-192.566],[-151.096,-171.733],[-151.096,8.164],[-151.096,167.525],[-112.551,188.538],[-11.286,123.263],[11.288,123.263],[112.551,188.538],[151.096,167.525],[151.096,11.164],[151.096,-171.733]],"c":true},"ix":2},"nm":"Path 1","mn":"ADBE Vector Shape - Group","hd":false},{"ty":"st","c":{"a":0,"k":[0.071,0.075,0.192,1],"ix":3,"x":"var $bm_rt;\n$bm_rt = comp('system-solid-20-bookmark').layer('control').effect('primary')('Color');"},"o":{"a":0,"k":100,"ix":4},"w":{"a":0,"k":31.3,"ix":5},"lc":2,"lj":2,"bm":0,"nm":".primary","mn":"ADBE Vector Graphic - Stroke","hd":false,"cl":"primary"},{"ty":"tr","p":{"a":0,"k":[0,0],"ix":2},"a":{"a":0,"k":[0,0],"ix":1},"s":{"a":0,"k":[100,100],"ix":3},"r":{"a":0,"k":0,"ix":6},"o":{"a":0,"k":100,"ix":7},"sk":{"a":0,"k":0,"ix":4},"sa":{"a":0,"k":0,"ix":5},"nm":"Transform"}],"nm":"Group 1","np":2,"cix":2,"bm":0,"ix":1,"mn":"ADBE Vector Group","hd":false},{"ty":"tm","s":{"a":0,"k":0,"ix":1},"e":{"a":0,"k":100,"ix":2},"o":{"a":0,"k":173,"ix":3},"m":1,"ix":2,"nm":"Trim Paths 1","mn":"ADBE Vector Filter - Trim","hd":false},{"ty":"fl","c":{"a":0,"k":[0.071,0.075,0.192,1],"ix":4,"x":"var $bm_rt;\n$bm_rt = comp('system-solid-20-bookmark').layer('control').effect('primary')('Color');"},"o":{"a":0,"k":100,"ix":5},"r":1,"bm":0,"nm":".primary","mn":"ADBE Vector Graphic - Fill","hd":false,"cl":"primary"}],"ip":1,"op":16,"st":-10,"ct":1,"bm":0},{"ddd":0,"ind":5,"ty":4,"nm":".primary.design","cl":"primary design","sr":1,"ks":{"o":{"a":0,"k":100,"ix":11},"r":{"a":0,"k":0,"ix":10},"p":{"a":0,"k":[250.002,250.041,0],"ix":2,"l":2},"a":{"a":0,"k":[0,0,0],"ix":1,"l":2},"s":{"a":0,"k":[2083,2083,100],"ix":6,"l":2}},"ao":0,"shapes":[{"ty":"gr","it":[{"ind":0,"ty":"sh","ix":1,"ks":{"a":0,"k":{"i":[[0.32,0],[0.32,0.21],[0,0],[0,0],[0.08,-0.05],[0,0],[0.63,0.35],[0,0.71],[0,0],[-0.97,0],[0,0],[0,-0.96],[0,0],[0.63,-0.34]],"o":[[-0.37,0],[0,0],[0,0],[-0.08,-0.05],[0,0],[-0.6,0.39],[-0.62,-0.34],[0,0],[0,-0.96],[0,0],[0.97,0],[0,0],[0,0.71],[-0.29,0.16]],"v":[[6.05,9.998],[4.99,9.688],[4.99,9.688],[0.13,6.548],[-0.14,6.548],[-5,9.688],[-6.99,9.758],[-8,8.048],[-8,-8.252],[-6.25,-10.002],[6.25,-10.002],[8,-8.252],[8,8.048],[6.98,9.758]],"c":true},"ix":2},"nm":"Path 2","mn":"ADBE Vector Shape - Group","hd":false},{"ty":"fl","c":{"a":0,"k":[0.071,0.075,0.192,1],"ix":4,"x":"var $bm_rt;\n$bm_rt = comp('system-solid-20-bookmark').layer('control').effect('primary')('Color');"},"o":{"a":0,"k":100,"ix":5},"r":1,"bm":0,"nm":".primary","mn":"ADBE Vector Graphic - Fill","hd":false,"cl":"primary"},{"ty":"tr","p":{"a":0,"k":[0,0],"ix":2},"a":{"a":0,"k":[0,0],"ix":1},"s":{"a":0,"k":[100,100],"ix":3},"r":{"a":0,"k":0,"ix":6},"o":{"a":0,"k":100,"ix":7},"sk":{"a":0,"k":0,"ix":4},"sa":{"a":0,"k":0,"ix":5},"nm":"Transform"}],"nm":"Group 1","np":2,"cix":2,"bm":0,"ix":1,"mn":"ADBE Vector Group","hd":false}],"ip":0,"op":1,"st":1,"ct":1,"bm":0}]}],"layers":[{"ddd":0,"ind":1,"ty":3,"nm":"control","sr":1,"ks":{"o":{"a":0,"k":0,"ix":11},"r":{"a":0,"k":0,"ix":10},"p":{"a":0,"k":[0,0],"ix":2,"l":2},"a":{"a":0,"k":[0,0,0],"ix":1,"l":2},"s":{"a":0,"k":[100,100,100],"ix":6,"l":2}},"ao":0,"ef":[{"ty":5,"nm":"primary","np":3,"mn":"ADBE Color Control","ix":1,"en":1,"ef":[{"ty":2,"nm":"Color","mn":"ADBE Color Control-0001","ix":1,"v":{"a":0,"k":[0.071,0.075,0.192],"ix":1}}]}],"ip":0,"op":341,"st":0,"bm":0},{"ddd":0,"ind":2,"ty":0,"nm":"in-bookmark","refId":"comp_0","sr":1,"ks":{"o":{"a":0,"k":100,"ix":11},"r":{"a":0,"k":0,"ix":10},"p":{"a":0,"k":[250,250,0],"ix":2,"l":2},"a":{"a":0,"k":[250,250,0],"ix":1,"l":2},"s":{"a":0,"k":[100,100,100],"ix":6,"l":2}},"ao":0,"w":500,"h":500,"ip":0,"op":70,"st":0,"bm":0},{"ddd":0,"ind":3,"ty":0,"nm":"hover-bookmark-1","refId":"comp_1","sr":1,"ks":{"o":{"a":0,"k":100,"ix":11},"r":{"a":0,"k":0,"ix":10},"p":{"a":0,"k":[250,250,0],"ix":2,"l":2},"a":{"a":0,"k":[250,250,0],"ix":1,"l":2},"s":{"a":0,"k":[100,100,100],"ix":6,"l":2}},"ao":0,"w":500,"h":500,"ip":70,"op":140,"st":70,"bm":0},{"ddd":0,"ind":4,"ty":0,"nm":"hover-bookmark-2","refId":"comp_2","sr":1,"ks":{"o":{"a":0,"k":100,"ix":11},"r":{"a":0,"k":0,"ix":10},"p":{"a":0,"k":[250,250,0],"ix":2,"l":2},"a":{"a":0,"k":[250,250,0],"ix":1,"l":2},"s":{"a":0,"k":[100,100,100],"ix":6,"l":2}},"ao":0,"w":500,"h":500,"ip":140,"op":210,"st":140,"bm":0},{"ddd":0,"ind":5,"ty":0,"nm":"morph-marked-bookmark","refId":"comp_3","sr":1,"ks":{"o":{"a":0,"k":100,"ix":11},"r":{"a":0,"k":0,"ix":10},"p":{"a":0,"k":[250,250,0],"ix":2,"l":2},"a":{"a":0,"k":[250,250,0],"ix":1,"l":2},"s":{"a":0,"k":[100,100,100],"ix":6,"l":2}},"ao":0,"w":500,"h":500,"ip":210,"op":280,"st":210,"bm":0},{"ddd":0,"ind":6,"ty":0,"nm":"morph-unmarked-bookmark","refId":"comp_4","sr":1,"ks":{"o":{"a":0,"k":100,"ix":11},"r":{"a":0,"k":0,"ix":10},"p":{"a":0,"k":[250,250,0],"ix":2,"l":2},"a":{"a":0,"k":[250,250,0],"ix":1,"l":2},"s":{"a":0,"k":[100,100,100],"ix":6,"l":2}},"ao":0,"w":500,"h":500,"ip":280,"op":350,"st":280,"bm":0}],"markers":[{"tm":0,"cm":"in-bookmark","dr":60},{"tm":70,"cm":"default:hover-bookmark-1","dr":60},{"tm":140,"cm":"hover-bookmark-2","dr":60},{"tm":210,"cm":"morph-marked-bookmark","dr":60},{"tm":280,"cm":"morph-unmarked-bookmark","dr":60}],"props":{}}