{"v":"5.12.1","fr":60,"ip":70,"op":130,"w":500,"h":500,"nm":"system-regular-162-update","ddd":0,"assets":[{"id":"comp_0","nm":"in-update","fr":60,"layers":[{"ddd":0,"ind":1,"ty":4,"nm":".primary.design","cl":"primary design","sr":1,"ks":{"o":{"a":0,"k":100,"ix":11},"r":{"a":0,"k":0,"ix":10},"p":{"a":0,"k":[250.004,249.958,0],"ix":2,"l":2},"a":{"a":0,"k":[250.004,249.958,0],"ix":1,"l":2},"s":{"a":0,"k":[100,100,100],"ix":6,"l":2}},"ao":0,"shapes":[{"ty":"gr","it":[{"ind":0,"ty":"sh","ix":1,"ks":{"a":0,"k":{"i":[[-0.023,-0.334],[-0.019,-0.181],[-0.063,-0.357],[-0.03,-0.147],[-2.089,-2.192],[-0.099,-0.098],[-0.037,-0.036],[0,0],[-3.942,0],[-3.066,3.141],[6.186,6.038],[0,0],[0,0],[8.644,0],[0,-8.643],[0,0],[0,-0.033]],"o":[[0.013,0.183],[0.038,0.36],[0.026,0.149],[0.571,2.78],[0.096,0.101],[0.037,0.036],[0,0],[3.043,2.971],[4.068,0],[6.037,-6.185],[0,0],[0,0],[0,-8.643],[-8.644,0],[0,0],[0,0.033],[0.002,0.335]],"v":[[-46.845,12.997],[-46.812,13.547],[-46.649,14.62],[-46.578,15.068],[-42.57,22.684],[-42.286,22.99],[-42.182,23.103],[20.319,84.116],[31.25,88.567],[42.45,83.849],[42.182,61.718],[-15.6,5.312],[-15.6,-72.917],[-31.25,-88.567],[-46.901,-72.917],[-46.901,11.896],[-46.896,11.995]],"c":true},"ix":2},"nm":"Path 1","mn":"ADBE Vector Shape - Group","hd":false},{"ty":"fl","c":{"a":0,"k":[0.071,0.075,0.192,1],"ix":4,"x":"var $bm_rt;\n$bm_rt = comp('system-regular-162-update').layer('control').effect('primary')('Color');"},"o":{"a":0,"k":100,"ix":5},"r":1,"bm":0,"nm":".primary","mn":"ADBE Vector Graphic - Fill","hd":false,"cl":"primary"},{"ty":"tr","p":{"a":0,"k":[276.045,255.211],"ix":2},"a":{"a":0,"k":[0,0],"ix":1},"s":{"a":0,"k":[100,100],"ix":3},"r":{"a":0,"k":0,"ix":6},"o":{"a":0,"k":100,"ix":7},"sk":{"a":0,"k":0,"ix":4},"sa":{"a":0,"k":0,"ix":5},"nm":"Transform"}],"nm":"Group 1","np":2,"cix":2,"bm":0,"ix":1,"mn":"ADBE Vector Group","hd":false}],"ip":60,"op":300,"st":0,"ct":1,"bm":0},{"ddd":0,"ind":2,"ty":4,"nm":".primary.design","cl":"primary design","sr":1,"ks":{"o":{"a":0,"k":100,"ix":11},"r":{"a":1,"k":[{"i":{"x":[0.833],"y":[0.833]},"o":{"x":[0.167],"y":[0.167]},"t":14,"s":[226.313]},{"i":{"x":[0.833],"y":[0.833]},"o":{"x":[0.167],"y":[0.167]},"t":22,"s":[265.884]},{"i":{"x":[0.833],"y":[0.833]},"o":{"x":[0.167],"y":[0.167]},"t":28,"s":[297.313]},{"i":{"x":[0.833],"y":[0.833]},"o":{"x":[0.167],"y":[0.167]},"t":33,"s":[324.17]},{"i":{"x":[0.833],"y":[0.833]},"o":{"x":[0.167],"y":[0.167]},"t":37,"s":[337.456]},{"t":42,"s":[338.313]}],"ix":10},"p":{"a":1,"k":[{"i":{"x":0.833,"y":0.833},"o":{"x":0.167,"y":0.167},"t":14,"s":[82.542,277.981,0],"to":[3.958,-28.764,0],"ti":[-9.09,16.372,0]},{"i":{"x":0.833,"y":0.833},"o":{"x":0.167,"y":0.167},"t":19,"s":[104.019,220.876,0],"to":[6.216,-11.195,0],"ti":[-8.766,11.853,0]},{"i":{"x":0.833,"y":0.833},"o":{"x":0.167,"y":0.167},"t":22,"s":[124.46,181.114,0],"to":[16.547,-22.374,0],"ti":[-31.096,18.726,0]},{"i":{"x":0.833,"y":0.833},"o":{"x":0.167,"y":0.167},"t":28,"s":[203.044,106.545,0],"to":[13.326,-8.025,0],"ti":[-15.975,-3.188,0]},{"i":{"x":0.833,"y":0.833},"o":{"x":0.167,"y":0.167},"t":33,"s":[282.942,90.768,0],"to":[12.003,2.395,0],"ti":[-12.139,-3.354,0]},{"i":{"x":0.833,"y":0.833},"o":{"x":0.167,"y":0.167},"t":37,"s":[326.331,100.556,0],"to":[14.238,3.933,0],"ti":[-13.382,-10.25,0]},{"t":42,"s":[361.042,118.481,0]}],"ix":2,"l":2},"a":{"a":0,"k":[401.032,167.646,0],"ix":1,"l":2},"s":{"a":0,"k":[100,100,100],"ix":6,"l":2}},"ao":0,"shapes":[{"ty":"gr","it":[{"ind":0,"ty":"sh","ix":1,"ks":{"a":1,"k":[{"i":{"x":0.667,"y":1},"o":{"x":0.167,"y":0.167},"t":14,"s":[{"i":[[0,0],[-0.001,8.643],[0,0],[8.643,0],[0,0],[0.001,-8.643],[0,0],[-5.57,-8.872],[0,0],[0,-8.643],[-8.644,0]],"o":[[8.644,0],[0,0],[0,-8.643],[-0.001,0],[-8.643,0],[0,0],[-6.046,-9.081],[0,0],[-8.644,0],[0,8.643],[0,0]],"v":[[171.873,-51.553],[187.524,-67.202],[187.787,-103.776],[172.137,-119.426],[172.136,-119.426],[156.486,-103.777],[156.224,-103.69],[132.439,-82.853],[131.682,-82.556],[116.032,-66.907],[131.682,-51.257]],"c":true}]},{"t":33,"s":[{"i":[[0,0],[-0.001,8.643],[0,0],[8.643,0],[0,0],[0.001,-8.643],[0,0],[-5.57,-8.872],[0,0],[0,-8.643],[-8.644,0]],"o":[[8.644,0],[0,0],[0,-8.643],[-0.001,0],[-8.643,0],[0,0],[-6.046,-9.081],[0,0],[-8.644,0],[0,8.643],[0,0]],"v":[[171.873,-51.553],[187.524,-67.202],[187.527,-161.414],[171.877,-177.064],[171.876,-177.064],[156.226,-161.415],[156.224,-103.69],[132.439,-82.853],[82.872,-82.853],[67.222,-67.203],[82.872,-51.553]],"c":true}]}],"ix":2},"nm":"Path 1","mn":"ADBE Vector Shape - Group","hd":false},{"ty":"fl","c":{"a":0,"k":[0.071,0.075,0.192,1],"ix":4,"x":"var $bm_rt;\n$bm_rt = comp('system-regular-162-update').layer('control').effect('primary')('Color');"},"o":{"a":0,"k":100,"ix":5},"r":1,"bm":0,"nm":".primary","mn":"ADBE Vector Graphic - Fill","hd":false,"cl":"primary"},{"ty":"tr","p":{"a":0,"k":[250.004,249.958],"ix":2},"a":{"a":0,"k":[0,0],"ix":1},"s":{"a":0,"k":[100,100],"ix":3},"r":{"a":0,"k":0,"ix":6},"o":{"a":0,"k":100,"ix":7},"sk":{"a":0,"k":0,"ix":4},"sa":{"a":0,"k":0,"ix":5},"nm":"Transform"}],"nm":"Group 2","np":2,"cix":2,"bm":0,"ix":1,"mn":"ADBE Vector Group","hd":false}],"ip":14,"op":43,"st":0,"ct":1,"bm":0},{"ddd":0,"ind":3,"ty":4,"nm":".primary.design","cl":"primary design","sr":1,"ks":{"o":{"a":0,"k":100,"ix":11},"r":{"a":1,"k":[{"i":{"x":[0.2],"y":[1]},"o":{"x":[0.333],"y":[0]},"t":0,"s":[0]},{"t":60,"s":[360]}],"ix":10},"p":{"a":0,"k":[250.004,249.958,0],"ix":2,"l":2},"a":{"a":0,"k":[250.004,249.958,0],"ix":1,"l":2},"s":{"a":0,"k":[100,100,100],"ix":6,"l":2}},"ao":0,"shapes":[{"ty":"gr","it":[{"ind":0,"ty":"sh","ix":1,"ks":{"a":0,"k":{"i":[[0,0],[-0.001,8.643],[0,0],[8.643,0],[0,0],[0.001,-8.643],[0,0],[7.58,7.955],[50.075,1.21],[36.264,-34.553],[1.21,-50.075],[-34.553,-36.265],[-49.554,0.005],[-36.238,34.527],[-7.36,38.559],[8.49,1.621],[1.62,-8.49],[23.752,-22.631],[59.422,62.365],[-1.009,41.717],[-30.212,28.785],[-41.745,-1.001],[-28.785,-30.212],[-5.57,-8.872],[0,0],[0,-8.643],[-8.644,0]],"o":[[8.644,0],[0,0],[0,-8.643],[-0.001,0],[-8.643,0],[0,0],[-6.046,-9.081],[-34.552,-36.265],[-50.054,-1.209],[-36.264,34.553],[-1.211,50.075],[36.8,38.623],[46.493,-0.004],[28.509,-27.163],[1.621,-8.49],[-8.493,-1.62],[-6.129,32.106],[-62.367,59.424],[-28.785,-30.211],[1.008,-41.717],[30.211,-28.785],[41.717,1.008],[7.293,7.654],[0,0],[-8.644,0],[0,8.643],[0,0]],"v":[[171.873,-51.553],[187.524,-67.202],[187.527,-161.414],[171.877,-177.064],[171.876,-177.064],[156.226,-161.415],[156.224,-103.69],[135.765,-129.313],[4.532,-187.426],[-129.358,-135.721],[-187.47,-4.486],[-135.765,129.403],[0.043,187.482],[129.358,135.811],[184.186,35.349],[171.748,17.042],[153.442,29.48],[107.766,113.149],[-113.105,107.811],[-156.179,-3.73],[-107.766,-113.06],[3.775,-156.135],[113.105,-107.722],[132.439,-82.853],[82.872,-82.853],[67.222,-67.203],[82.872,-51.553]],"c":true},"ix":2},"nm":"Path 1","mn":"ADBE Vector Shape - Group","hd":false},{"ty":"fl","c":{"a":0,"k":[0.071,0.075,0.192,1],"ix":4,"x":"var $bm_rt;\n$bm_rt = comp('system-regular-162-update').layer('control').effect('primary')('Color');"},"o":{"a":0,"k":100,"ix":5},"r":1,"bm":0,"nm":".primary","mn":"ADBE Vector Graphic - Fill","hd":false,"cl":"primary"},{"ty":"tr","p":{"a":0,"k":[250.004,249.958],"ix":2},"a":{"a":0,"k":[0,0],"ix":1},"s":{"a":0,"k":[100,100],"ix":3},"r":{"a":0,"k":0,"ix":6},"o":{"a":0,"k":100,"ix":7},"sk":{"a":0,"k":0,"ix":4},"sa":{"a":0,"k":0,"ix":5},"nm":"Transform"}],"nm":"Group 2","np":2,"cix":2,"bm":0,"ix":1,"mn":"ADBE Vector Group","hd":false}],"ip":41,"op":628,"st":0,"ct":1,"bm":0},{"ddd":0,"ind":4,"ty":4,"nm":".primary.design","cl":"primary design","parent":5,"sr":1,"ks":{"o":{"a":0,"k":100,"ix":11},"r":{"a":1,"k":[{"i":{"x":[0.667],"y":[1]},"o":{"x":[0.333],"y":[0]},"t":1,"s":[0]},{"i":{"x":[0.667],"y":[1]},"o":{"x":[0.176],"y":[0]},"t":42,"s":[374]},{"i":{"x":[0.667],"y":[1]},"o":{"x":[0.333],"y":[0]},"t":53,"s":[355]},{"t":60,"s":[360]}],"ix":10},"p":{"a":0,"k":[250.038,250.067,0],"ix":2,"l":2},"a":{"a":0,"k":[250.038,250.066,0],"ix":1,"l":2},"s":{"a":0,"k":[100,100,100],"ix":6,"l":2}},"ao":0,"shapes":[{"ty":"gr","it":[{"ty":"gr","it":[{"ind":0,"ty":"sh","ix":1,"ks":{"a":0,"k":{"i":[[0,0],[0,0]],"o":[[0,0],[0,0]],"v":[[16.086,14.434],[-44.264,-44.267]],"c":false},"ix":2},"nm":"Path 1","mn":"ADBE Vector Shape - Group","hd":false},{"ty":"st","c":{"a":0,"k":[0.071,0.075,0.192,1],"ix":3,"x":"var $bm_rt;\n$bm_rt = comp('system-regular-162-update').layer('control').effect('primary')('Color');"},"o":{"a":0,"k":100,"ix":4},"w":{"a":0,"k":31.3,"ix":5},"lc":2,"lj":2,"bm":0,"nm":".primary","mn":"ADBE Vector Graphic - Stroke","hd":false,"cl":"primary"},{"ty":"tr","p":{"a":0,"k":[0,0],"ix":2},"a":{"a":0,"k":[0,0],"ix":1},"s":{"a":0,"k":[100,100],"ix":3},"r":{"a":0,"k":0,"ix":6},"o":{"a":0,"k":100,"ix":7},"sk":{"a":0,"k":0,"ix":4},"sa":{"a":0,"k":0,"ix":5},"nm":"Transform"}],"nm":"Group 1","np":2,"cix":2,"bm":0,"ix":1,"mn":"ADBE Vector Group","hd":false},{"ty":"tr","p":{"a":0,"k":[294.302,294.333],"ix":2},"a":{"a":0,"k":[0,0],"ix":1},"s":{"a":0,"k":[100,100],"ix":3},"r":{"a":0,"k":0,"ix":6},"o":{"a":0,"k":100,"ix":7},"sk":{"a":0,"k":0,"ix":4},"sa":{"a":0,"k":0,"ix":5},"nm":"Transform"}],"nm":"Group 2","np":1,"cix":2,"bm":0,"ix":1,"mn":"ADBE Vector Group","hd":false},{"ty":"tm","s":{"a":1,"k":[{"i":{"x":[0.2],"y":[1]},"o":{"x":[0.333],"y":[0]},"t":1,"s":[100]},{"t":41,"s":[0]}],"ix":1},"e":{"a":0,"k":100,"ix":2},"o":{"a":0,"k":0,"ix":3},"m":1,"ix":2,"nm":"Trim Paths 1","mn":"ADBE Vector Filter - Trim","hd":false}],"ip":1,"op":60,"st":0,"ct":1,"bm":0},{"ddd":0,"ind":5,"ty":4,"nm":".primary.design","cl":"primary design","sr":1,"ks":{"o":{"a":0,"k":100,"ix":11},"r":{"a":1,"k":[{"i":{"x":[0.407],"y":[1]},"o":{"x":[0.333],"y":[0]},"t":1,"s":[0]},{"i":{"x":[0.667],"y":[1]},"o":{"x":[0.425],"y":[0]},"t":20,"s":[-23]},{"i":{"x":[0.667],"y":[1]},"o":{"x":[0.333],"y":[0]},"t":45,"s":[5]},{"t":60,"s":[0]}],"ix":10},"p":{"a":1,"k":[{"i":{"x":0.542,"y":0.542},"o":{"x":0.167,"y":0.167},"t":1,"s":[244.024,76.066,0],"to":[-33.847,16.351,0],"ti":[15.609,-29.882,0]},{"i":{"x":0.604,"y":0.73},"o":{"x":0.273,"y":0.293},"t":5,"s":[166.781,135.001,0],"to":[-17.934,34.333,0],"ti":[-6.488,-26.175,0]},{"i":{"x":0.621,"y":0.668},"o":{"x":0.291,"y":0.341},"t":10,"s":[152.519,247.72,0],"to":[5.984,24.143,0],"ti":[-19.326,-8.416,0]},{"i":{"x":0.507,"y":1},"o":{"x":0.203,"y":0.959},"t":15,"s":[197.658,294.184,0],"to":[27.842,12.125,0],"ti":[-1.632,23.219,0]},{"t":41,"s":[245.024,269.566,0]}],"ix":2,"l":2},"a":{"a":0,"k":[250.024,250.066,0],"ix":1,"l":2},"s":{"a":0,"k":[100,100,100],"ix":6,"l":2}},"ao":0,"shapes":[{"ty":"gr","it":[{"ind":0,"ty":"sh","ix":1,"ks":{"a":0,"k":{"i":[[0,0],[0,0]],"o":[[0,0],[0,0]],"v":[[0,-43.86],[0,43.86]],"c":false},"ix":2},"nm":"Path 1","mn":"ADBE Vector Shape - Group","hd":false},{"ty":"st","c":{"a":0,"k":[0.071,0.075,0.192,1],"ix":3,"x":"var $bm_rt;\n$bm_rt = comp('system-regular-162-update').layer('control').effect('primary')('Color');"},"o":{"a":0,"k":100,"ix":4},"w":{"a":0,"k":31.3,"ix":5},"lc":2,"lj":2,"bm":0,"nm":".primary","mn":"ADBE Vector Graphic - Stroke","hd":false,"cl":"primary"},{"ty":"tr","p":{"a":0,"k":[250.024,206.206],"ix":2},"a":{"a":0,"k":[0,0],"ix":1},"s":{"a":0,"k":[100,100],"ix":3},"r":{"a":0,"k":0,"ix":6},"o":{"a":0,"k":100,"ix":7},"sk":{"a":0,"k":0,"ix":4},"sa":{"a":0,"k":0,"ix":5},"nm":"Transform"}],"nm":"Group 1","np":2,"cix":2,"bm":0,"ix":1,"mn":"ADBE Vector Group","hd":false},{"ty":"tm","s":{"a":1,"k":[{"i":{"x":[0.2],"y":[1]},"o":{"x":[0.333],"y":[0]},"t":1,"s":[100]},{"t":41,"s":[0]}],"ix":1},"e":{"a":0,"k":100,"ix":2},"o":{"a":0,"k":0,"ix":3},"m":1,"ix":2,"nm":"Trim Paths 1","mn":"ADBE Vector Filter - Trim","hd":false}],"ip":1,"op":60,"st":0,"ct":1,"bm":0},{"ddd":0,"ind":6,"ty":4,"nm":".primary.design","cl":"primary design","sr":1,"ks":{"o":{"a":0,"k":100,"ix":11},"r":{"a":1,"k":[{"i":{"x":[0.2],"y":[1]},"o":{"x":[0.167],"y":[0.167]},"t":1,"s":[0]},{"t":41,"s":[-180]}],"ix":10},"p":{"a":0,"k":[250.004,250.003,0],"ix":2,"l":2},"a":{"a":0,"k":[0,0,0],"ix":1,"l":2},"s":{"a":0,"k":[100,100,100],"ix":6,"l":2}},"ao":0,"shapes":[{"ty":"gr","it":[{"ind":0,"ty":"sh","ix":1,"ks":{"a":1,"k":[{"i":{"x":0.2,"y":1},"o":{"x":0.167,"y":0.167},"t":1,"s":[{"i":[[-0.237,-9.809],[9.809,-0.237],[0.237,9.809],[-9.809,0.237]],"o":[[0.237,9.809],[-9.809,0.237],[-0.237,-9.809],[9.809,-0.237]],"v":[[17.524,-176.429],[0.193,-158.24],[-17.996,-175.571],[-0.666,-193.76]],"c":true}]},{"t":41,"s":[{"i":[[-2.299,-95.106],[95.106,-2.299],[2.299,95.106],[-95.106,2.299]],"o":[[2.299,95.106],[-95.106,2.299],[-2.299,-95.106],[95.106,-2.299]],"v":[[172.204,-4.162],[4.162,172.204],[-172.204,4.162],[-4.162,-172.204]],"c":true}]}],"ix":2},"nm":"Path 1","mn":"ADBE Vector Shape - Group","hd":false},{"ty":"st","c":{"a":0,"k":[0.071,0.075,0.192,1],"ix":3,"x":"var $bm_rt;\n$bm_rt = comp('system-regular-162-update').layer('control').effect('primary')('Color');"},"o":{"a":0,"k":100,"ix":4},"w":{"a":0,"k":31.3,"ix":5},"lc":2,"lj":2,"bm":0,"nm":".primary","mn":"ADBE Vector Graphic - Stroke","hd":false,"cl":"primary"},{"ty":"tr","p":{"a":0,"k":[0,0],"ix":2},"a":{"a":0,"k":[0,0],"ix":1},"s":{"a":0,"k":[100,100],"ix":3},"r":{"a":0,"k":0,"ix":6},"o":{"a":0,"k":100,"ix":7},"sk":{"a":0,"k":0,"ix":4},"sa":{"a":0,"k":0,"ix":5},"nm":"Transform"}],"nm":"Group 1","np":2,"cix":2,"bm":0,"ix":1,"mn":"ADBE Vector Group","hd":false},{"ty":"tm","s":{"a":0,"k":0,"ix":1},"e":{"a":1,"k":[{"i":{"x":[0.667],"y":[1]},"o":{"x":[0.167],"y":[0.167]},"t":10,"s":[100]},{"t":41,"s":[89.7]}],"ix":2},"o":{"a":1,"k":[{"i":{"x":[0.667],"y":[1]},"o":{"x":[0.167],"y":[0.167]},"t":10,"s":[-101]},{"t":41,"s":[168]}],"ix":3},"m":1,"ix":2,"nm":"Trim Paths 1","mn":"ADBE Vector Filter - Trim","hd":false}],"ip":1,"op":42,"st":1,"ct":1,"bm":0}]},{"id":"comp_1","nm":"hover-update","fr":60,"layers":[{"ddd":0,"ind":1,"ty":4,"nm":".primary.design","cl":"primary design","sr":1,"ks":{"o":{"a":0,"k":100,"ix":11},"r":{"a":0,"k":0,"ix":10},"p":{"a":0,"k":[250.004,249.958,0],"ix":2,"l":2},"a":{"a":0,"k":[250.004,249.958,0],"ix":1,"l":2},"s":{"a":0,"k":[100,100,100],"ix":6,"l":2}},"ao":0,"shapes":[{"ty":"gr","it":[{"ind":0,"ty":"sh","ix":1,"ks":{"a":0,"k":{"i":[[-0.023,-0.334],[-0.019,-0.181],[-0.063,-0.357],[-0.03,-0.147],[-2.089,-2.192],[-0.099,-0.098],[-0.037,-0.036],[0,0],[-3.942,0],[-3.066,3.141],[6.186,6.038],[0,0],[0,0],[8.644,0],[0,-8.643],[0,0],[0,-0.033]],"o":[[0.013,0.183],[0.038,0.36],[0.026,0.149],[0.571,2.78],[0.096,0.101],[0.037,0.036],[0,0],[3.043,2.971],[4.068,0],[6.037,-6.185],[0,0],[0,0],[0,-8.643],[-8.644,0],[0,0],[0,0.033],[0.002,0.335]],"v":[[-46.845,12.997],[-46.812,13.547],[-46.649,14.62],[-46.578,15.068],[-42.57,22.684],[-42.286,22.99],[-42.182,23.103],[20.319,84.116],[31.25,88.567],[42.45,83.849],[42.182,61.718],[-15.6,5.312],[-15.6,-72.917],[-31.25,-88.567],[-46.901,-72.917],[-46.901,11.896],[-46.896,11.995]],"c":true},"ix":2},"nm":"Path 1","mn":"ADBE Vector Shape - Group","hd":false},{"ty":"fl","c":{"a":0,"k":[0.071,0.075,0.192,1],"ix":4,"x":"var $bm_rt;\n$bm_rt = comp('system-regular-162-update').layer('control').effect('primary')('Color');"},"o":{"a":0,"k":100,"ix":5},"r":1,"bm":0,"nm":".primary","mn":"ADBE Vector Graphic - Fill","hd":false,"cl":"primary"},{"ty":"tr","p":{"a":0,"k":[276.045,255.211],"ix":2},"a":{"a":0,"k":[0,0],"ix":1},"s":{"a":0,"k":[100,100],"ix":3},"r":{"a":0,"k":0,"ix":6},"o":{"a":0,"k":100,"ix":7},"sk":{"a":0,"k":0,"ix":4},"sa":{"a":0,"k":0,"ix":5},"nm":"Transform"}],"nm":"Group 1","np":2,"cix":2,"bm":0,"ix":1,"mn":"ADBE Vector Group","hd":false}],"ip":60,"op":300,"st":0,"ct":1,"bm":0},{"ddd":0,"ind":2,"ty":4,"nm":".primary.design","cl":"primary design","sr":1,"ks":{"o":{"a":0,"k":100,"ix":11},"r":{"a":0,"k":0,"ix":10},"p":{"a":0,"k":[250.004,249.958,0],"ix":2,"l":2},"a":{"a":0,"k":[250.004,249.958,0],"ix":1,"l":2},"s":{"a":0,"k":[100,100,100],"ix":6,"l":2}},"ao":0,"shapes":[{"ty":"gr","it":[{"ind":0,"ty":"sh","ix":1,"ks":{"a":0,"k":{"i":[[-0.023,-0.334],[-0.019,-0.181],[-0.063,-0.357],[-0.03,-0.147],[-2.089,-2.192],[-0.099,-0.098],[-0.037,-0.036],[0,0],[-3.942,0],[-3.066,3.141],[6.186,6.038],[0,0],[0,0],[8.644,0],[0,-8.643],[0,0],[0,-0.033]],"o":[[0.013,0.183],[0.038,0.36],[0.026,0.149],[0.571,2.78],[0.096,0.101],[0.037,0.036],[0,0],[3.043,2.971],[4.068,0],[6.037,-6.185],[0,0],[0,0],[0,-8.643],[-8.644,0],[0,0],[0,0.033],[0.002,0.335]],"v":[[-46.845,12.997],[-46.812,13.547],[-46.649,14.62],[-46.578,15.068],[-42.57,22.684],[-42.286,22.99],[-42.182,23.103],[20.319,84.116],[31.25,88.567],[42.45,83.849],[42.182,61.718],[-15.6,5.312],[-15.6,-72.917],[-31.25,-88.567],[-46.901,-72.917],[-46.901,11.896],[-46.896,11.995]],"c":true},"ix":2},"nm":"Path 1","mn":"ADBE Vector Shape - Group","hd":false},{"ty":"fl","c":{"a":0,"k":[0.071,0.075,0.192,1],"ix":4,"x":"var $bm_rt;\n$bm_rt = comp('system-regular-162-update').layer('control').effect('primary')('Color');"},"o":{"a":0,"k":100,"ix":5},"r":1,"bm":0,"nm":".primary","mn":"ADBE Vector Graphic - Fill","hd":false,"cl":"primary"},{"ty":"tr","p":{"a":0,"k":[276.045,255.211],"ix":2},"a":{"a":0,"k":[0,0],"ix":1},"s":{"a":0,"k":[100,100],"ix":3},"r":{"a":0,"k":0,"ix":6},"o":{"a":0,"k":100,"ix":7},"sk":{"a":0,"k":0,"ix":4},"sa":{"a":0,"k":0,"ix":5},"nm":"Transform"}],"nm":"Group 1","np":2,"cix":2,"bm":0,"ix":1,"mn":"ADBE Vector Group","hd":false}],"ip":0,"op":1,"st":0,"ct":1,"bm":0},{"ddd":0,"ind":3,"ty":4,"nm":".primary.design","cl":"primary design","sr":1,"ks":{"o":{"a":0,"k":100,"ix":11},"r":{"a":1,"k":[{"i":{"x":[0.2],"y":[1]},"o":{"x":[0.333],"y":[0]},"t":0,"s":[0]},{"t":60,"s":[360]}],"ix":10},"p":{"a":0,"k":[250.004,249.958,0],"ix":2,"l":2},"a":{"a":0,"k":[250.004,249.958,0],"ix":1,"l":2},"s":{"a":0,"k":[100,100,100],"ix":6,"l":2}},"ao":0,"shapes":[{"ty":"gr","it":[{"ind":0,"ty":"sh","ix":1,"ks":{"a":0,"k":{"i":[[0,0],[-0.001,8.643],[0,0],[8.643,0],[0,0],[0.001,-8.643],[0,0],[7.58,7.955],[50.075,1.21],[36.264,-34.553],[1.21,-50.075],[-34.553,-36.265],[-49.554,0.005],[-36.238,34.527],[-7.36,38.559],[8.49,1.621],[1.62,-8.49],[23.752,-22.631],[59.422,62.365],[-1.009,41.717],[-30.212,28.785],[-41.745,-1.001],[-28.785,-30.212],[-5.57,-8.872],[0,0],[0,-8.643],[-8.644,0]],"o":[[8.644,0],[0,0],[0,-8.643],[-0.001,0],[-8.643,0],[0,0],[-6.046,-9.081],[-34.552,-36.265],[-50.054,-1.209],[-36.264,34.553],[-1.211,50.075],[36.8,38.623],[46.493,-0.004],[28.509,-27.163],[1.621,-8.49],[-8.493,-1.62],[-6.129,32.106],[-62.367,59.424],[-28.785,-30.211],[1.008,-41.717],[30.211,-28.785],[41.717,1.008],[7.293,7.654],[0,0],[-8.644,0],[0,8.643],[0,0]],"v":[[171.873,-51.553],[187.524,-67.202],[187.527,-161.414],[171.877,-177.064],[171.876,-177.064],[156.226,-161.415],[156.224,-103.69],[135.765,-129.313],[4.532,-187.426],[-129.358,-135.721],[-187.47,-4.486],[-135.765,129.403],[0.043,187.482],[129.358,135.811],[184.186,35.349],[171.748,17.042],[153.442,29.48],[107.766,113.149],[-113.105,107.811],[-156.179,-3.73],[-107.766,-113.06],[3.775,-156.135],[113.105,-107.722],[132.439,-82.853],[82.872,-82.853],[67.222,-67.203],[82.872,-51.553]],"c":true},"ix":2},"nm":"Path 1","mn":"ADBE Vector Shape - Group","hd":false},{"ty":"fl","c":{"a":0,"k":[0.071,0.075,0.192,1],"ix":4,"x":"var $bm_rt;\n$bm_rt = comp('system-regular-162-update').layer('control').effect('primary')('Color');"},"o":{"a":0,"k":100,"ix":5},"r":1,"bm":0,"nm":".primary","mn":"ADBE Vector Graphic - Fill","hd":false,"cl":"primary"},{"ty":"tr","p":{"a":0,"k":[250.004,249.958],"ix":2},"a":{"a":0,"k":[0,0],"ix":1},"s":{"a":0,"k":[100,100],"ix":3},"r":{"a":0,"k":0,"ix":6},"o":{"a":0,"k":100,"ix":7},"sk":{"a":0,"k":0,"ix":4},"sa":{"a":0,"k":0,"ix":5},"nm":"Transform"}],"nm":"Group 2","np":2,"cix":2,"bm":0,"ix":1,"mn":"ADBE Vector Group","hd":false}],"ip":0,"op":628,"st":0,"ct":1,"bm":0},{"ddd":0,"ind":4,"ty":4,"nm":".primary.design","cl":"primary design","sr":1,"ks":{"o":{"a":0,"k":100,"ix":11},"r":{"a":1,"k":[{"i":{"x":[0.407],"y":[1]},"o":{"x":[0.333],"y":[0]},"t":0,"s":[0]},{"i":{"x":[0.667],"y":[1]},"o":{"x":[0.425],"y":[0]},"t":20,"s":[23]},{"i":{"x":[0.667],"y":[1]},"o":{"x":[0.333],"y":[0]},"t":45,"s":[-5]},{"t":60,"s":[0]}],"ix":10},"p":{"a":0,"k":[244.795,267.116,0],"ix":2,"l":2},"a":{"a":0,"k":[244.795,267.116,0],"ix":1,"l":2},"s":{"a":0,"k":[100,100,100],"ix":6,"l":2}},"ao":0,"shapes":[{"ty":"gr","it":[{"ind":0,"ty":"sh","ix":1,"ks":{"a":0,"k":{"i":[[0,0],[0,0]],"o":[[0,0],[0,0]],"v":[[31.25,30.506],[-31.25,-30.506]],"c":false},"ix":2},"nm":"Path 1","mn":"ADBE Vector Shape - Group","hd":false},{"ty":"st","c":{"a":0,"k":[0.071,0.075,0.192,1],"ix":3,"x":"var $bm_rt;\n$bm_rt = comp('system-regular-162-update').layer('control').effect('primary')('Color');"},"o":{"a":0,"k":100,"ix":4},"w":{"a":0,"k":31.3,"ix":5},"lc":2,"lj":2,"bm":0,"nm":".primary","mn":"ADBE Vector Graphic - Stroke","hd":false,"cl":"primary"},{"ty":"tr","p":{"a":0,"k":[276.045,297.622],"ix":2},"a":{"a":0,"k":[0,0],"ix":1},"s":{"a":0,"k":[100,100],"ix":3},"r":{"a":0,"k":0,"ix":6},"o":{"a":0,"k":100,"ix":7},"sk":{"a":0,"k":0,"ix":4},"sa":{"a":0,"k":0,"ix":5},"nm":"Transform"}],"nm":"Group 2","np":2,"cix":2,"bm":0,"ix":1,"mn":"ADBE Vector Group","hd":false}],"ip":1,"op":60,"st":0,"ct":1,"bm":0},{"ddd":0,"ind":5,"ty":4,"nm":".primary.design","cl":"primary design","sr":1,"ks":{"o":{"a":0,"k":100,"ix":11},"r":{"a":1,"k":[{"i":{"x":[0.667],"y":[1]},"o":{"x":[0.333],"y":[0]},"t":0,"s":[0]},{"i":{"x":[0.667],"y":[1]},"o":{"x":[0.176],"y":[0]},"t":42,"s":[374]},{"i":{"x":[0.667],"y":[1]},"o":{"x":[0.333],"y":[0]},"t":53,"s":[355]},{"t":60,"s":[360]}],"ix":10},"p":{"a":0,"k":[244.795,267.108,0],"ix":2,"l":2},"a":{"a":0,"k":[244.795,267.108,0],"ix":1,"l":2},"s":{"a":0,"k":[100,100,100],"ix":6,"l":2}},"ao":0,"shapes":[{"ty":"gr","it":[{"ty":"gr","it":[{"ind":0,"ty":"sh","ix":1,"ks":{"a":0,"k":{"i":[[0,0],[0,0]],"o":[[0,0],[0,0]],"v":[[0,-42.407],[0,42.407]],"c":false},"ix":2},"nm":"Path 1","mn":"ADBE Vector Shape - Group","hd":false},{"ty":"st","c":{"a":0,"k":[0.071,0.075,0.192,1],"ix":3,"x":"var $bm_rt;\n$bm_rt = comp('system-regular-162-update').layer('control').effect('primary')('Color');"},"o":{"a":0,"k":100,"ix":4},"w":{"a":0,"k":31.3,"ix":5},"lc":2,"lj":2,"bm":0,"nm":".primary","mn":"ADBE Vector Graphic - Stroke","hd":false,"cl":"primary"},{"ty":"tr","p":{"a":0,"k":[0,0],"ix":2},"a":{"a":0,"k":[0,0],"ix":1},"s":{"a":0,"k":[100,100],"ix":3},"r":{"a":0,"k":0,"ix":6},"o":{"a":0,"k":100,"ix":7},"sk":{"a":0,"k":0,"ix":4},"sa":{"a":0,"k":0,"ix":5},"nm":"Transform"}],"nm":"Group 1","np":2,"cix":2,"bm":0,"ix":1,"mn":"ADBE Vector Group","hd":false},{"ty":"tr","p":{"a":0,"k":[244.795,224.701],"ix":2},"a":{"a":0,"k":[0,0],"ix":1},"s":{"a":0,"k":[100,100],"ix":3},"r":{"a":0,"k":0,"ix":6},"o":{"a":0,"k":100,"ix":7},"sk":{"a":0,"k":0,"ix":4},"sa":{"a":0,"k":0,"ix":5},"nm":"Transform"}],"nm":"Group 3","np":1,"cix":2,"bm":0,"ix":1,"mn":"ADBE Vector Group","hd":false}],"ip":1,"op":60,"st":0,"ct":1,"bm":0}]},{"id":"comp_2","nm":"loop-update","fr":60,"layers":[{"ddd":0,"ind":1,"ty":4,"nm":".primary.design","cl":"primary design","sr":1,"ks":{"o":{"a":0,"k":100,"ix":11},"r":{"a":0,"k":0,"ix":10},"p":{"a":0,"k":[250.004,249.958,0],"ix":2,"l":2},"a":{"a":0,"k":[250.004,249.958,0],"ix":1,"l":2},"s":{"a":0,"k":[100,100,100],"ix":6,"l":2}},"ao":0,"shapes":[{"ty":"gr","it":[{"ind":0,"ty":"sh","ix":1,"ks":{"a":0,"k":{"i":[[-0.023,-0.334],[-0.019,-0.181],[-0.063,-0.357],[-0.03,-0.147],[-2.089,-2.192],[-0.099,-0.098],[-0.037,-0.036],[0,0],[-3.942,0],[-3.066,3.141],[6.186,6.038],[0,0],[0,0],[8.644,0],[0,-8.643],[0,0],[0,-0.033]],"o":[[0.013,0.183],[0.038,0.36],[0.026,0.149],[0.571,2.78],[0.096,0.101],[0.037,0.036],[0,0],[3.043,2.971],[4.068,0],[6.037,-6.185],[0,0],[0,0],[0,-8.643],[-8.644,0],[0,0],[0,0.033],[0.002,0.335]],"v":[[-46.845,12.997],[-46.812,13.547],[-46.649,14.62],[-46.578,15.068],[-42.57,22.684],[-42.286,22.99],[-42.182,23.103],[20.319,84.116],[31.25,88.567],[42.45,83.849],[42.182,61.718],[-15.6,5.312],[-15.6,-72.917],[-31.25,-88.567],[-46.901,-72.917],[-46.901,11.896],[-46.896,11.995]],"c":true},"ix":2},"nm":"Path 1","mn":"ADBE Vector Shape - Group","hd":false},{"ty":"fl","c":{"a":0,"k":[0.071,0.075,0.192,1],"ix":4,"x":"var $bm_rt;\n$bm_rt = comp('system-regular-162-update').layer('control').effect('primary')('Color');"},"o":{"a":0,"k":100,"ix":5},"r":1,"bm":0,"nm":".primary","mn":"ADBE Vector Graphic - Fill","hd":false,"cl":"primary"},{"ty":"tr","p":{"a":0,"k":[276.045,255.211],"ix":2},"a":{"a":0,"k":[0,0],"ix":1},"s":{"a":0,"k":[100,100],"ix":3},"r":{"a":0,"k":0,"ix":6},"o":{"a":0,"k":100,"ix":7},"sk":{"a":0,"k":0,"ix":4},"sa":{"a":0,"k":0,"ix":5},"nm":"Transform"}],"nm":"Group 1","np":2,"cix":2,"bm":0,"ix":1,"mn":"ADBE Vector Group","hd":false}],"ip":0,"op":718,"st":0,"ct":1,"bm":0},{"ddd":0,"ind":2,"ty":4,"nm":".primary.design","cl":"primary design","sr":1,"ks":{"o":{"a":0,"k":100,"ix":11},"r":{"a":1,"k":[{"i":{"x":[0.81],"y":[0.779]},"o":{"x":[0.167],"y":[0.167]},"t":0,"s":[0]},{"i":{"x":[0.393],"y":[0.752]},"o":{"x":[0.167],"y":[0.22]},"t":16,"s":[120]},{"i":{"x":[0.833],"y":[0.833]},"o":{"x":[0.694],"y":[0.438]},"t":45,"s":[300]},{"t":60,"s":[360]}],"ix":10},"p":{"a":0,"k":[250.004,249.958,0],"ix":2,"l":2},"a":{"a":0,"k":[250.004,249.958,0],"ix":1,"l":2},"s":{"a":0,"k":[100,100,100],"ix":6,"l":2}},"ao":0,"shapes":[{"ty":"gr","it":[{"ind":0,"ty":"sh","ix":1,"ks":{"a":0,"k":{"i":[[0,0],[-0.001,8.643],[0,0],[8.643,0],[0,0],[0.001,-8.643],[0,0],[7.58,7.955],[50.075,1.21],[36.264,-34.553],[1.21,-50.075],[-34.553,-36.265],[-49.554,0.005],[-36.238,34.527],[-7.36,38.559],[8.49,1.621],[1.62,-8.49],[23.752,-22.631],[59.422,62.365],[-1.009,41.717],[-30.212,28.785],[-41.745,-1.001],[-28.785,-30.212],[-5.57,-8.872],[0,0],[0,-8.643],[-8.644,0]],"o":[[8.644,0],[0,0],[0,-8.643],[-0.001,0],[-8.643,0],[0,0],[-6.046,-9.081],[-34.552,-36.265],[-50.054,-1.209],[-36.264,34.553],[-1.211,50.075],[36.8,38.623],[46.493,-0.004],[28.509,-27.163],[1.621,-8.49],[-8.493,-1.62],[-6.129,32.106],[-62.367,59.424],[-28.785,-30.211],[1.008,-41.717],[30.211,-28.785],[41.717,1.008],[7.293,7.654],[0,0],[-8.644,0],[0,8.643],[0,0]],"v":[[171.873,-51.553],[187.524,-67.202],[187.527,-161.414],[171.877,-177.064],[171.876,-177.064],[156.226,-161.415],[156.224,-103.69],[135.765,-129.313],[4.532,-187.426],[-129.358,-135.721],[-187.47,-4.486],[-135.765,129.403],[0.043,187.482],[129.358,135.811],[184.186,35.349],[171.748,17.042],[153.442,29.48],[107.766,113.149],[-113.105,107.811],[-156.179,-3.73],[-107.766,-113.06],[3.775,-156.135],[113.105,-107.722],[132.439,-82.853],[82.872,-82.853],[67.222,-67.203],[82.872,-51.553]],"c":true},"ix":2},"nm":"Path 1","mn":"ADBE Vector Shape - Group","hd":false},{"ty":"fl","c":{"a":0,"k":[0.071,0.075,0.192,1],"ix":4,"x":"var $bm_rt;\n$bm_rt = comp('system-regular-162-update').layer('control').effect('primary')('Color');"},"o":{"a":0,"k":100,"ix":5},"r":1,"bm":0,"nm":".primary","mn":"ADBE Vector Graphic - Fill","hd":false,"cl":"primary"},{"ty":"tr","p":{"a":0,"k":[250.004,249.958],"ix":2},"a":{"a":0,"k":[0,0],"ix":1},"s":{"a":0,"k":[100,100],"ix":3},"r":{"a":0,"k":0,"ix":6},"o":{"a":0,"k":100,"ix":7},"sk":{"a":0,"k":0,"ix":4},"sa":{"a":0,"k":0,"ix":5},"nm":"Transform"}],"nm":"Group 2","np":2,"cix":2,"bm":0,"ix":1,"mn":"ADBE Vector Group","hd":false}],"ip":0,"op":628,"st":0,"ct":1,"bm":0}]}],"layers":[{"ddd":0,"ind":1,"ty":3,"nm":"control","sr":1,"ks":{"o":{"a":0,"k":0,"ix":11},"r":{"a":0,"k":0,"ix":10},"p":{"a":0,"k":[0,0],"ix":2,"l":2},"a":{"a":0,"k":[0,0,0],"ix":1,"l":2},"s":{"a":0,"k":[100,100,100],"ix":6,"l":2}},"ao":0,"ef":[{"ty":5,"nm":"primary","np":3,"mn":"ADBE Color Control","ix":1,"en":1,"ef":[{"ty":2,"nm":"Color","mn":"ADBE Color Control-0001","ix":1,"v":{"a":0,"k":[0.071,0.075,0.192],"ix":1}}]}],"ip":0,"op":201,"st":0,"bm":0},{"ddd":0,"ind":2,"ty":0,"nm":"in-update","refId":"comp_0","sr":1,"ks":{"o":{"a":0,"k":100,"ix":11},"r":{"a":0,"k":0,"ix":10},"p":{"a":0,"k":[250,250,0],"ix":2,"l":2},"a":{"a":0,"k":[250,250,0],"ix":1,"l":2},"s":{"a":0,"k":[100,100,100],"ix":6,"l":2}},"ao":0,"w":500,"h":500,"ip":0,"op":70,"st":0,"bm":0},{"ddd":0,"ind":3,"ty":0,"nm":"hover-update","refId":"comp_1","sr":1,"ks":{"o":{"a":0,"k":100,"ix":11},"r":{"a":0,"k":0,"ix":10},"p":{"a":0,"k":[250,250,0],"ix":2,"l":2},"a":{"a":0,"k":[250,250,0],"ix":1,"l":2},"s":{"a":0,"k":[100,100,100],"ix":6,"l":2}},"ao":0,"w":500,"h":500,"ip":70,"op":140,"st":70,"bm":0},{"ddd":0,"ind":4,"ty":0,"nm":"loop-update","refId":"comp_2","sr":1,"ks":{"o":{"a":0,"k":100,"ix":11},"r":{"a":0,"k":0,"ix":10},"p":{"a":0,"k":[250,250,0],"ix":2,"l":2},"a":{"a":0,"k":[250,250,0],"ix":1,"l":2},"s":{"a":0,"k":[100,100,100],"ix":6,"l":2}},"ao":0,"w":500,"h":500,"ip":140,"op":210,"st":140,"bm":0}],"markers":[{"tm":0,"cm":"in-update","dr":60},{"tm":70,"cm":"default:hover-update","dr":60},{"tm":140,"cm":"loop-update","dr":60}],"props":{}}