{"v":"5.12.1","fr":60,"ip":70,"op":130,"w":500,"h":500,"nm":"system-regular-146-label","ddd":0,"assets":[{"id":"comp_0","nm":"in-label","fr":60,"layers":[{"ddd":0,"ind":1,"ty":4,"nm":".primary.design","cl":"primary design","sr":1,"ks":{"o":{"a":0,"k":100,"ix":11},"r":{"a":0,"k":0,"ix":10},"p":{"a":0,"k":[166.671,166.665,0],"ix":2,"l":2},"a":{"a":0,"k":[166.671,166.665,0],"ix":1,"l":2},"s":{"a":0,"k":[100,100,100],"ix":6,"l":2}},"ao":0,"shapes":[{"ty":"gr","it":[{"ind":0,"ty":"sh","ix":1,"ks":{"a":0,"k":{"i":[[0.67,0],[0.67,0.07],[0.649,0.13],[0.64,0.19],[0.62,0.26],[0.58,0.31],[0.56,0.37],[0.52,0.42],[0.47,0.47],[0.431,0.52],[0.37,0.56],[0.311,0.59],[0.26,0.62],[0.2,0.63],[0.131,0.65],[0.07,0.66],[0,0.67],[-0.069,0.67],[-0.13,0.65],[-0.189,0.64],[-0.25,0.62],[-0.319,0.59],[-0.37,0.56],[-0.42,0.52],[-0.479,0.47],[-0.521,0.43],[-0.561,0.37],[-0.59,0.31],[-0.62,0.26],[-0.64,0.19],[-0.66,0.14],[-0.659,0.07],[-1.34,-0.13],[-0.66,-0.13],[-0.641,-0.2],[-0.61,-0.25],[-0.59,-0.31],[-0.55,-0.37],[-0.521,-0.42],[-0.48,-0.48],[-0.43,-0.52],[-0.37,-0.55],[-0.311,-0.59],[-0.25,-0.61],[-0.2,-0.64],[-0.13,-0.66],[-0.069,-0.67],[0,-0.67],[0.07,-0.67],[0.13,-0.66],[0.189,-0.64],[0.26,-0.61],[0.319,-0.59],[0.37,-0.55],[0.42,-0.52],[0.47,-0.47],[0.52,-0.42],[0.56,-0.37],[0.59,-0.32],[0.62,-0.25],[0.64,-0.2],[0.65,-0.13],[0.66,-0.07]],"o":[[-0.67,0],[-0.659,-0.07],[-0.66,-0.13],[-0.64,-0.2],[-0.62,-0.25],[-0.59,-0.32],[-0.561,-0.37],[-0.521,-0.42],[-0.479,-0.47],[-0.42,-0.52],[-0.37,-0.55],[-0.319,-0.59],[-0.25,-0.61],[-0.189,-0.64],[-0.13,-0.66],[-0.069,-0.67],[0,-0.67],[0.07,-0.67],[0.131,-0.66],[0.2,-0.64],[0.26,-0.61],[0.311,-0.59],[0.37,-0.55],[0.431,-0.52],[0.47,-0.48],[0.52,-0.42],[0.56,-0.37],[0.58,-0.31],[0.62,-0.25],[0.64,-0.2],[0.649,-0.13],[1.341,-0.13],[0.66,0.07],[0.65,0.14],[0.64,0.19],[0.62,0.26],[0.59,0.31],[0.56,0.37],[0.52,0.43],[0.47,0.47],[0.42,0.52],[0.37,0.56],[0.319,0.59],[0.26,0.62],[0.189,0.64],[0.13,0.65],[0.07,0.67],[0,0.67],[-0.069,0.66],[-0.13,0.65],[-0.2,0.63],[-0.25,0.62],[-0.311,0.59],[-0.37,0.56],[-0.43,0.52],[-0.48,0.47],[-0.521,0.42],[-0.55,0.37],[-0.59,0.31],[-0.61,0.26],[-0.641,0.19],[-0.66,0.13],[-0.67,0.07]],"v":[[0,20.499],[-2.021,20.399],[-4,20.099],[-5.95,19.609],[-7.84,18.929],[-9.65,18.079],[-11.38,17.049],[-13,15.849],[-14.49,14.499],[-15.851,12.999],[-17.04,11.379],[-18.07,9.659],[-18.93,7.839],[-19.61,5.959],[-20.101,4.009],[-20.4,2.019],[-20.5,-0.001],[-20.4,-2.011],[-20.101,-4.001],[-19.61,-5.951],[-18.93,-7.841],[-18.07,-9.651],[-17.04,-11.381],[-15.851,-13.001],[-14.49,-14.491],[-13,-15.851],[-11.38,-17.041],[-9.65,-18.071],[-7.84,-18.931],[-5.95,-19.601],[-4,-20.101],[-2.021,-20.401],[2.02,-20.401],[4.01,-20.101],[5.95,-19.601],[7.84,-18.931],[9.66,-18.071],[11.38,-17.041],[13,-15.851],[14.5,-14.491],[15.85,-13.001],[17.04,-11.381],[18.07,-9.651],[18.93,-7.841],[19.61,-5.951],[20.1,-4.001],[20.399,-2.011],[20.5,-0.001],[20.399,2.019],[20.1,4.009],[19.61,5.959],[18.93,7.839],[18.07,9.659],[17.04,11.379],[15.85,12.999],[14.5,14.499],[13,15.849],[11.38,17.049],[9.66,18.079],[7.84,18.929],[5.95,19.609],[4.01,20.099],[2.02,20.399]],"c":true},"ix":2},"nm":"Path 1","mn":"ADBE Vector Shape - Group","hd":false},{"ty":"fl","c":{"a":0,"k":[0.071,0.075,0.192,1],"ix":4,"x":"var $bm_rt;\n$bm_rt = comp('system-regular-146-label').layer('control').effect('primary')('Color');"},"o":{"a":0,"k":100,"ix":5},"r":1,"bm":0,"nm":".primary","mn":"ADBE Vector Graphic - Fill","hd":false,"cl":"primary"},{"ty":"tr","p":{"a":0,"k":[166.67,166.664],"ix":2},"a":{"a":0,"k":[0,0],"ix":1},"s":{"a":0,"k":[100,100],"ix":3},"r":{"a":0,"k":0,"ix":6},"o":{"a":0,"k":100,"ix":7},"sk":{"a":0,"k":0,"ix":4},"sa":{"a":0,"k":0,"ix":5},"nm":"Transform"}],"nm":"Group 1","np":2,"cix":2,"bm":0,"ix":1,"mn":"ADBE Vector Group","hd":false},{"ty":"gr","it":[{"ind":0,"ty":"sh","ix":1,"ks":{"a":0,"k":{"i":[[0,0],[0,0],[-1.331,-1.332],[0,0],[0,0],[-0.89,0],[-1.466,1.465],[0,0],[0,0.89],[1.466,1.465],[0,0],[1.852,-0.335]],"o":[[0,0],[-0.333,1.853],[0,0],[0,0],[1.466,1.465],[0.89,0],[0,0],[1.466,-1.466],[0,-0.89],[0,0],[-1.331,-1.332],[0,0]],"v":[[-154.135,-154.131],[-176.969,-27.472],[-175.375,-22.386],[22.385,175.374],[22.385,175.375],[26.451,177.059],[30.518,175.375],[175.374,30.518],[177.06,26.451],[175.375,22.385],[-22.385,-175.374],[-27.472,-176.968]],"c":true},"ix":2},"nm":"Path 1","mn":"ADBE Vector Shape - Group","hd":false},{"ind":1,"ty":"sh","ix":2,"ks":{"a":0,"k":{"i":[[9.896,0],[6.998,6.998],[0,0],[0,0],[0,0],[-2.151,11.941],[0,0],[-6.431,1.16],[0,0],[-8.582,-8.581],[0,0],[0,-9.897],[6.999,-6.998],[0,0]],"o":[[-9.896,0],[0,0],[-0.001,-0.001],[0,0],[-8.579,-8.579],[0,0],[1.159,-6.432],[0,0],[11.938,-2.152],[0,0],[6.998,6.998],[0,9.897],[0,0],[-6.998,6.998]],"v":[[26.451,208.359],[0.252,197.507],[0.252,197.507],[0.252,197.506],[-197.507,-0.252],[-207.772,-33.023],[-183.01,-170.38],[-170.386,-183.006],[-33.026,-207.771],[-0.252,-197.507],[197.507,0.252],[208.359,26.451],[197.506,52.651],[52.65,197.507]],"c":true},"ix":2},"nm":"Path 2","mn":"ADBE Vector Shape - Group","hd":false},{"ty":"fl","c":{"a":0,"k":[0.071,0.075,0.192,1],"ix":4,"x":"var $bm_rt;\n$bm_rt = comp('system-regular-146-label').layer('control').effect('primary')('Color');"},"o":{"a":0,"k":100,"ix":5},"r":1,"bm":0,"nm":".primary","mn":"ADBE Vector Graphic - Fill","hd":false,"cl":"primary"},{"ty":"tr","p":{"a":0,"k":[250.004,250.003],"ix":2},"a":{"a":0,"k":[0,0],"ix":1},"s":{"a":0,"k":[100,100],"ix":3},"r":{"a":0,"k":0,"ix":6},"o":{"a":0,"k":100,"ix":7},"sk":{"a":0,"k":0,"ix":4},"sa":{"a":0,"k":0,"ix":5},"nm":"Transform"}],"nm":"Group 2","np":3,"cix":2,"bm":0,"ix":2,"mn":"ADBE Vector Group","hd":false}],"ip":59,"op":300,"st":0,"ct":1,"bm":0},{"ddd":0,"ind":2,"ty":4,"nm":".primary.design","cl":"primary design","sr":1,"ks":{"o":{"a":0,"k":100,"ix":11},"r":{"a":1,"k":[{"i":{"x":[0.04],"y":[1]},"o":{"x":[0.333],"y":[0]},"t":7,"s":[45]},{"i":{"x":[0.667],"y":[1]},"o":{"x":[0.333],"y":[0]},"t":22,"s":[-45]},{"i":{"x":[0.667],"y":[1]},"o":{"x":[0.333],"y":[0]},"t":35,"s":[20]},{"i":{"x":[0.667],"y":[1]},"o":{"x":[0.333],"y":[0]},"t":48.953,"s":[-10]},{"t":59,"s":[0]}],"ix":10},"p":{"a":1,"k":[{"i":{"x":0.342,"y":1},"o":{"x":0.333,"y":0},"t":7,"s":[246.67,146.664,0],"to":[0,0,0],"ti":[0,0,0]},{"i":{"x":0.667,"y":1},"o":{"x":0.333,"y":0},"t":17,"s":[166.671,146.665,0],"to":[0,0,0],"ti":[0,0,0]},{"i":{"x":0.667,"y":1},"o":{"x":0.333,"y":0},"t":30,"s":[166.671,182.665,0],"to":[0,0,0],"ti":[0,0,0]},{"i":{"x":0.667,"y":1},"o":{"x":0.333,"y":0},"t":44,"s":[166.671,162.665,0],"to":[0,0,0],"ti":[0,0,0]},{"t":54,"s":[166.671,166.665,0]}],"ix":2,"l":2},"a":{"a":0,"k":[166.67,166.664,0],"ix":1,"l":2},"s":{"a":0,"k":[100,100,100],"ix":6,"l":2}},"ao":0,"shapes":[{"ty":"gr","it":[{"ind":0,"ty":"sh","ix":1,"ks":{"a":1,"k":[{"i":{"x":0.833,"y":0.833},"o":{"x":0.167,"y":0.167},"t":1,"s":[{"i":[[0,0],[0,0]],"o":[[0,0],[0,0]],"v":[[188.795,188.8],[188.795,188.8]],"c":false}]},{"i":{"x":0.667,"y":1},"o":{"x":0.167,"y":0.167},"t":3,"s":[{"i":[[0,0],[0,0]],"o":[[0,0],[0,0]],"v":[[168.055,168.528],[168.055,168.528]],"c":false}]},{"i":{"x":0.667,"y":1},"o":{"x":0.167,"y":0},"t":11,"s":[{"i":[[0,0],[0,0]],"o":[[0,0],[0,0]],"v":[[0,0],[0,0]],"c":false}]},{"i":{"x":0.667,"y":1},"o":{"x":0.167,"y":0},"t":25,"s":[{"i":[[0,0],[0,0]],"o":[[0,0],[0,0]],"v":[[0,0],[0,0]],"c":false}]},{"i":{"x":0.667,"y":1},"o":{"x":0.167,"y":0},"t":38,"s":[{"i":[[0,0],[0,0]],"o":[[0,0],[0,0]],"v":[[0,0],[0,0]],"c":false}]},{"t":49,"s":[{"i":[[0,0],[0,0]],"o":[[0,0],[0,0]],"v":[[0,0],[0,0]],"c":false}]}],"ix":2},"nm":"Path 1","mn":"ADBE Vector Shape - Group","hd":false},{"ty":"st","c":{"a":0,"k":[0.071,0.075,0.192,1],"ix":3,"x":"var $bm_rt;\n$bm_rt = comp('system-regular-146-label').layer('control').effect('primary')('Color');"},"o":{"a":0,"k":100,"ix":4},"w":{"a":0,"k":41,"ix":5},"lc":2,"lj":1,"ml":10,"bm":0,"nm":".primary","mn":"ADBE Vector Graphic - Stroke","hd":false,"cl":"primary"},{"ty":"tr","p":{"a":0,"k":[166.671,166.665],"ix":2},"a":{"a":0,"k":[0,0],"ix":1},"s":{"a":0,"k":[100,100],"ix":3},"r":{"a":0,"k":0,"ix":6},"o":{"a":0,"k":100,"ix":7},"sk":{"a":0,"k":0,"ix":4},"sa":{"a":0,"k":0,"ix":5},"nm":"Transform"}],"nm":"Group 1","np":2,"cix":2,"bm":0,"ix":1,"mn":"ADBE Vector Group","hd":false},{"ty":"gr","it":[{"ind":0,"ty":"sh","ix":1,"ks":{"a":1,"k":[{"i":{"x":0.833,"y":0.833},"o":{"x":0.167,"y":0.167},"t":1,"s":[{"i":[[8.358,8.358],[0,0],[0,0],[-5.018,6.572],[0,0],[0,0],[-4.958,-4.958],[0,0],[0,0],[8.358,-8.358],[0,0]],"o":[[0,0],[0,0],[-4.958,-4.958],[0,0],[0,0],[6.102,-5.609],[0,0],[0,0],[8.358,8.358],[0,0],[-8.358,8.358]],"v":[[11.318,186.441],[11.136,186.318],[10.96,186.201],[9.837,162.531],[87.267,84.583],[162.589,10.486],[186.259,11.609],[186.347,11.468],[186.441,11.318],[186.441,41.585],[41.585,186.441]],"c":true}]},{"i":{"x":0.667,"y":1},"o":{"x":0.167,"y":0.167},"t":3,"s":[{"i":[[8.358,8.358],[0,0],[0,0],[-1.244,6.9],[0,0],[0,0],[-4.958,-4.958],[0,0],[0,0],[8.358,-8.358],[0,0]],"o":[[0,0],[0,0],[-4.958,-4.958],[0,0],[0,0],[6.9,-1.244],[0,0],[0,0],[8.358,8.358],[0,0],[-8.358,8.358]],"v":[[11.318,186.441],[-3.824,171.54],[-18.386,157.21],[-24.315,138.28],[0.446,0.925],[137.807,-23.841],[156.737,-17.913],[171.069,-3.809],[186.441,11.318],[186.441,41.585],[41.585,186.441]],"c":true}]},{"i":{"x":0.667,"y":1},"o":{"x":0.167,"y":0},"t":11,"s":[{"i":[[5.494,10.465],[25.64,39.652],[0,0],[-1.244,6.9],[0,0],[0,0],[-5.776,-3.332],[-60.994,-74.067],[0,0],[10.465,-5.494],[0,0]],"o":[[0,0],[-40.34,-62.385],[-4.958,-4.958],[0,0],[0,0],[6.9,-1.244],[0,0],[41.965,50.96],[5.494,10.465],[0,0],[-10.465,5.494]],"v":[[-38.749,187.429],[-90.346,80.886],[-186.441,-11.318],[-192.369,-30.248],[-167.608,-167.603],[-30.248,-192.369],[-9.557,-187.928],[100.621,-90.524],[180.531,72.311],[171.529,101.208],[-9.852,196.43]],"c":true}]},{"i":{"x":0.667,"y":1},"o":{"x":0.167,"y":0},"t":25,"s":[{"i":[[10.137,6.078],[37.211,29.069],[0,0],[-1.244,6.9],[0,0],[0,0],[-4.958,-4.958],[-35.875,-28.026],[0,0],[6.078,-10.137],[0,0]],"o":[[0,0],[-36.254,-28.322],[-4.958,-4.958],[0,0],[0,0],[6.9,-1.244],[0,0],[37.589,29.365],[10.137,6.078],[0,0],[-6.078,10.137]],"v":[[57.641,178.143],[-75.34,94.598],[-186.441,-11.318],[-192.369,-30.248],[-167.608,-167.603],[-30.248,-192.369],[-11.318,-186.44],[75.99,-101.456],[185.002,-34.26],[192.351,-4.899],[87.002,170.794]],"c":true}]},{"i":{"x":0.667,"y":1},"o":{"x":0.167,"y":0},"t":38,"s":[{"i":[[6.914,9.586],[30.466,36.076],[0,0],[-1.244,6.9],[0,0],[0,0],[-4.958,-4.958],[-30.888,-33.443],[0,0],[9.586,-6.914],[0,0]],"o":[[0,0],[-43.303,-51.277],[-4.958,-4.958],[0,0],[0,0],[6.9,-1.244],[0,0],[32.364,35.041],[6.914,9.586],[0,0],[-9.586,6.914]],"v":[[-22.715,189.916],[-94.342,86.617],[-186.441,-11.318],[-192.369,-30.248],[-167.608,-167.603],[-30.248,-192.369],[-11.318,-186.44],[86.615,-82.476],[178.147,45.036],[173.31,74.913],[7.162,194.753]],"c":true}]},{"t":49,"s":[{"i":[[8.358,8.358],[33.389,33.389],[0,0],[-1.244,6.9],[0,0],[0,0],[-4.958,-4.958],[-32.191,-32.191],[0,0],[8.358,-8.358],[0,0]],"o":[[0,0],[-32.53,-32.53],[-4.958,-4.958],[0,0],[0,0],[6.9,-1.244],[0,0],[33.729,33.729],[8.358,8.358],[0,0],[-8.358,8.358]],"v":[[11.318,186.441],[-88.849,86.273],[-186.441,-11.318],[-192.369,-30.248],[-167.608,-167.603],[-30.248,-192.369],[-11.318,-186.44],[85.255,-89.868],[186.441,11.318],[186.441,41.585],[41.585,186.441]],"c":true}]}],"ix":2},"nm":"Path 1","mn":"ADBE Vector Shape - Group","hd":false},{"ty":"st","c":{"a":0,"k":[0.071,0.075,0.192,1],"ix":3,"x":"var $bm_rt;\n$bm_rt = comp('system-regular-146-label').layer('control').effect('primary')('Color');"},"o":{"a":0,"k":100,"ix":4},"w":{"a":0,"k":31.3,"ix":5},"lc":2,"lj":2,"bm":0,"nm":".primary","mn":"ADBE Vector Graphic - Stroke","hd":false,"cl":"primary"},{"ty":"tr","p":{"a":0,"k":[250.004,250.003],"ix":2},"a":{"a":0,"k":[0,0],"ix":1},"s":{"a":0,"k":[100,100],"ix":3},"r":{"a":0,"k":0,"ix":6},"o":{"a":0,"k":100,"ix":7},"sk":{"a":0,"k":0,"ix":4},"sa":{"a":0,"k":0,"ix":5},"nm":"Transform"}],"nm":"Group 2","np":2,"cix":2,"bm":0,"ix":2,"mn":"ADBE Vector Group","hd":false}],"ip":1,"op":59,"st":0,"ct":1,"bm":0}]},{"id":"comp_1","nm":"hover-label","fr":60,"layers":[{"ddd":0,"ind":1,"ty":4,"nm":".primary.design","cl":"primary design","sr":1,"ks":{"o":{"a":0,"k":100,"ix":11},"r":{"a":1,"k":[{"i":{"x":[0.04],"y":[1]},"o":{"x":[0.333],"y":[0]},"t":0,"s":[0]},{"i":{"x":[0.667],"y":[1]},"o":{"x":[0.333],"y":[0]},"t":17,"s":[-45]},{"i":{"x":[0.667],"y":[1]},"o":{"x":[0.333],"y":[0]},"t":31,"s":[20]},{"i":{"x":[0.667],"y":[1]},"o":{"x":[0.333],"y":[0]},"t":48.953,"s":[-10]},{"t":60,"s":[0]}],"ix":10},"p":{"a":1,"k":[{"i":{"x":0.342,"y":1},"o":{"x":0.333,"y":0},"t":0,"s":[166.671,166.665,0],"to":[0,0,0],"ti":[0,0,0]},{"i":{"x":0.667,"y":1},"o":{"x":0.333,"y":0},"t":12,"s":[166.671,146.665,0],"to":[0,0,0],"ti":[0,0,0]},{"i":{"x":0.667,"y":1},"o":{"x":0.333,"y":0},"t":26,"s":[166.671,182.665,0],"to":[0,0,0],"ti":[0,0,0]},{"i":{"x":0.667,"y":1},"o":{"x":0.333,"y":0},"t":44,"s":[166.671,162.665,0],"to":[0,0,0],"ti":[0,0,0]},{"t":55,"s":[166.671,166.665,0]}],"ix":2,"l":2},"a":{"a":0,"k":[166.671,166.665,0],"ix":1,"l":2},"s":{"a":0,"k":[100,100,100],"ix":6,"l":2}},"ao":0,"shapes":[{"ty":"gr","it":[{"ind":0,"ty":"sh","ix":1,"ks":{"a":0,"k":{"i":[[0.67,0],[0.67,0.07],[0.649,0.13],[0.64,0.19],[0.62,0.26],[0.58,0.31],[0.56,0.37],[0.52,0.42],[0.47,0.47],[0.431,0.52],[0.37,0.56],[0.311,0.59],[0.26,0.62],[0.2,0.63],[0.131,0.65],[0.07,0.66],[0,0.67],[-0.069,0.67],[-0.13,0.65],[-0.189,0.64],[-0.25,0.62],[-0.319,0.59],[-0.37,0.56],[-0.42,0.52],[-0.479,0.47],[-0.521,0.43],[-0.561,0.37],[-0.59,0.31],[-0.62,0.26],[-0.64,0.19],[-0.66,0.14],[-0.659,0.07],[-1.34,-0.13],[-0.66,-0.13],[-0.641,-0.2],[-0.61,-0.25],[-0.59,-0.31],[-0.55,-0.37],[-0.521,-0.42],[-0.48,-0.48],[-0.43,-0.52],[-0.37,-0.55],[-0.311,-0.59],[-0.25,-0.61],[-0.2,-0.64],[-0.13,-0.66],[-0.069,-0.67],[0,-0.67],[0.07,-0.67],[0.13,-0.66],[0.189,-0.64],[0.26,-0.61],[0.319,-0.59],[0.37,-0.55],[0.42,-0.52],[0.47,-0.47],[0.52,-0.42],[0.56,-0.37],[0.59,-0.32],[0.62,-0.25],[0.64,-0.2],[0.65,-0.13],[0.66,-0.07]],"o":[[-0.67,0],[-0.659,-0.07],[-0.66,-0.13],[-0.64,-0.2],[-0.62,-0.25],[-0.59,-0.32],[-0.561,-0.37],[-0.521,-0.42],[-0.479,-0.47],[-0.42,-0.52],[-0.37,-0.55],[-0.319,-0.59],[-0.25,-0.61],[-0.189,-0.64],[-0.13,-0.66],[-0.069,-0.67],[0,-0.67],[0.07,-0.67],[0.131,-0.66],[0.2,-0.64],[0.26,-0.61],[0.311,-0.59],[0.37,-0.55],[0.431,-0.52],[0.47,-0.48],[0.52,-0.42],[0.56,-0.37],[0.58,-0.31],[0.62,-0.25],[0.64,-0.2],[0.649,-0.13],[1.341,-0.13],[0.66,0.07],[0.65,0.14],[0.64,0.19],[0.62,0.26],[0.59,0.31],[0.56,0.37],[0.52,0.43],[0.47,0.47],[0.42,0.52],[0.37,0.56],[0.319,0.59],[0.26,0.62],[0.189,0.64],[0.13,0.65],[0.07,0.67],[0,0.67],[-0.069,0.66],[-0.13,0.65],[-0.2,0.63],[-0.25,0.62],[-0.311,0.59],[-0.37,0.56],[-0.43,0.52],[-0.48,0.47],[-0.521,0.42],[-0.55,0.37],[-0.59,0.31],[-0.61,0.26],[-0.641,0.19],[-0.66,0.13],[-0.67,0.07]],"v":[[0,20.499],[-2.021,20.399],[-4,20.099],[-5.95,19.609],[-7.84,18.929],[-9.65,18.079],[-11.38,17.049],[-13,15.849],[-14.49,14.499],[-15.851,12.999],[-17.04,11.379],[-18.07,9.659],[-18.93,7.839],[-19.61,5.959],[-20.101,4.009],[-20.4,2.019],[-20.5,-0.001],[-20.4,-2.011],[-20.101,-4.001],[-19.61,-5.951],[-18.93,-7.841],[-18.07,-9.651],[-17.04,-11.381],[-15.851,-13.001],[-14.49,-14.491],[-13,-15.851],[-11.38,-17.041],[-9.65,-18.071],[-7.84,-18.931],[-5.95,-19.601],[-4,-20.101],[-2.021,-20.401],[2.02,-20.401],[4.01,-20.101],[5.95,-19.601],[7.84,-18.931],[9.66,-18.071],[11.38,-17.041],[13,-15.851],[14.5,-14.491],[15.85,-13.001],[17.04,-11.381],[18.07,-9.651],[18.93,-7.841],[19.61,-5.951],[20.1,-4.001],[20.399,-2.011],[20.5,-0.001],[20.399,2.019],[20.1,4.009],[19.61,5.959],[18.93,7.839],[18.07,9.659],[17.04,11.379],[15.85,12.999],[14.5,14.499],[13,15.849],[11.38,17.049],[9.66,18.079],[7.84,18.929],[5.95,19.609],[4.01,20.099],[2.02,20.399]],"c":true},"ix":2},"nm":"Path 1","mn":"ADBE Vector Shape - Group","hd":false},{"ty":"fl","c":{"a":0,"k":[0.071,0.075,0.192,1],"ix":4,"x":"var $bm_rt;\n$bm_rt = comp('system-regular-146-label').layer('control').effect('primary')('Color');"},"o":{"a":0,"k":100,"ix":5},"r":1,"bm":0,"nm":".primary","mn":"ADBE Vector Graphic - Fill","hd":false,"cl":"primary"},{"ty":"tr","p":{"a":0,"k":[166.67,166.664],"ix":2},"a":{"a":0,"k":[0,0],"ix":1},"s":{"a":0,"k":[100,100],"ix":3},"r":{"a":0,"k":0,"ix":6},"o":{"a":0,"k":100,"ix":7},"sk":{"a":0,"k":0,"ix":4},"sa":{"a":0,"k":0,"ix":5},"nm":"Transform"}],"nm":"Group 1","np":2,"cix":2,"bm":0,"ix":1,"mn":"ADBE Vector Group","hd":false},{"ty":"gr","it":[{"ind":0,"ty":"sh","ix":1,"ks":{"a":0,"k":{"i":[[0,0],[0,0],[-1.331,-1.332],[0,0],[0,0],[-0.89,0],[-1.466,1.465],[0,0],[0,0.89],[1.466,1.465],[0,0],[1.852,-0.335]],"o":[[0,0],[-0.333,1.853],[0,0],[0,0],[1.466,1.465],[0.89,0],[0,0],[1.466,-1.466],[0,-0.89],[0,0],[-1.331,-1.332],[0,0]],"v":[[-154.135,-154.131],[-176.969,-27.472],[-175.375,-22.386],[22.385,175.374],[22.385,175.375],[26.451,177.059],[30.518,175.375],[175.374,30.518],[177.06,26.451],[175.375,22.385],[-22.385,-175.374],[-27.472,-176.968]],"c":true},"ix":2},"nm":"Path 1","mn":"ADBE Vector Shape - Group","hd":false},{"ind":1,"ty":"sh","ix":2,"ks":{"a":0,"k":{"i":[[9.896,0],[6.998,6.998],[0,0],[0,0],[0,0],[-2.151,11.941],[0,0],[-6.431,1.16],[0,0],[-8.582,-8.581],[0,0],[0,-9.897],[6.999,-6.998],[0,0]],"o":[[-9.896,0],[0,0],[-0.001,-0.001],[0,0],[-8.579,-8.579],[0,0],[1.159,-6.432],[0,0],[11.938,-2.152],[0,0],[6.998,6.998],[0,9.897],[0,0],[-6.998,6.998]],"v":[[26.451,208.359],[0.252,197.507],[0.252,197.507],[0.252,197.506],[-197.507,-0.252],[-207.772,-33.023],[-183.01,-170.38],[-170.386,-183.006],[-33.026,-207.771],[-0.252,-197.507],[197.507,0.252],[208.359,26.451],[197.506,52.651],[52.65,197.507]],"c":true},"ix":2},"nm":"Path 2","mn":"ADBE Vector Shape - Group","hd":false},{"ty":"fl","c":{"a":0,"k":[0.071,0.075,0.192,1],"ix":4,"x":"var $bm_rt;\n$bm_rt = comp('system-regular-146-label').layer('control').effect('primary')('Color');"},"o":{"a":0,"k":100,"ix":5},"r":1,"bm":0,"nm":".primary","mn":"ADBE Vector Graphic - Fill","hd":false,"cl":"primary"},{"ty":"tr","p":{"a":0,"k":[250.004,250.003],"ix":2},"a":{"a":0,"k":[0,0],"ix":1},"s":{"a":0,"k":[100,100],"ix":3},"r":{"a":0,"k":0,"ix":6},"o":{"a":0,"k":100,"ix":7},"sk":{"a":0,"k":0,"ix":4},"sa":{"a":0,"k":0,"ix":5},"nm":"Transform"}],"nm":"Group 2","np":3,"cix":2,"bm":0,"ix":2,"mn":"ADBE Vector Group","hd":false}],"ip":0,"op":300,"st":0,"ct":1,"bm":0}]}],"layers":[{"ddd":0,"ind":1,"ty":3,"nm":"control","sr":1,"ks":{"o":{"a":0,"k":0,"ix":11},"r":{"a":0,"k":0,"ix":10},"p":{"a":0,"k":[0,0],"ix":2,"l":2},"a":{"a":0,"k":[0,0,0],"ix":1,"l":2},"s":{"a":0,"k":[100,100,100],"ix":6,"l":2}},"ao":0,"ef":[{"ty":5,"nm":"primary","np":3,"mn":"ADBE Color Control","ix":1,"en":1,"ef":[{"ty":2,"nm":"Color","mn":"ADBE Color Control-0001","ix":1,"v":{"a":0,"k":[0.071,0.075,0.192],"ix":1}}]}],"ip":0,"op":131,"st":0,"bm":0},{"ddd":0,"ind":2,"ty":0,"nm":"in-label","refId":"comp_0","sr":1,"ks":{"o":{"a":0,"k":100,"ix":11},"r":{"a":0,"k":0,"ix":10},"p":{"a":0,"k":[250,250,0],"ix":2,"l":2},"a":{"a":0,"k":[250,250,0],"ix":1,"l":2},"s":{"a":0,"k":[100,100,100],"ix":6,"l":2}},"ao":0,"w":500,"h":500,"ip":0,"op":70,"st":0,"bm":0},{"ddd":0,"ind":3,"ty":0,"nm":"hover-label","refId":"comp_1","sr":1,"ks":{"o":{"a":0,"k":100,"ix":11},"r":{"a":0,"k":0,"ix":10},"p":{"a":0,"k":[250,250,0],"ix":2,"l":2},"a":{"a":0,"k":[250,250,0],"ix":1,"l":2},"s":{"a":0,"k":[100,100,100],"ix":6,"l":2}},"ao":0,"w":500,"h":500,"ip":70,"op":140,"st":70,"bm":0}],"markers":[{"tm":0,"cm":"in-label","dr":60},{"tm":70,"cm":"default:hover-label","dr":60}],"props":{}}