{"v":"5.12.1","fr":60,"ip":70,"op":130,"w":500,"h":500,"nm":"system-solid-178-work","ddd":0,"assets":[{"id":"comp_0","nm":"in-work","fr":60,"layers":[{"ddd":0,"ind":1,"ty":4,"nm":".primary.design","cl":"primary design","parent":3,"sr":1,"ks":{"o":{"a":0,"k":100,"ix":11},"r":{"a":0,"k":0,"ix":10},"p":{"a":0,"k":[0.048,-0.004,0],"ix":2,"l":2},"a":{"a":0,"k":[250.046,250,0],"ix":1,"l":2},"s":{"a":0,"k":[100,100,100],"ix":6,"l":2}},"ao":0,"shapes":[{"ty":"gr","it":[{"ind":0,"ty":"sh","ix":1,"ks":{"a":0,"k":{"i":[[0,0],[11.458,0],[0,11.458],[0,0],[0,0],[0,0],[11.458,0],[0,11.458],[0,0],[0,0],[0,0],[-22.916,0],[0,0],[0,22.916],[0,0],[0,0]],"o":[[0,11.458],[-11.458,0],[0,0],[0,0],[0,0],[0,11.458],[-11.458,0],[0,0],[0,0],[0,0],[0,22.916],[0,0],[22.916,0],[0,0],[0,0],[0,0]],"v":[[104.167,-26.042],[83.333,-5.208],[62.5,-26.042],[62.5,-78.125],[-62.5,-78.125],[-62.5,-26.042],[-83.333,-5.208],[-104.167,-26.042],[-104.167,-78.125],[-187.5,-78.125],[-187.5,36.458],[-145.833,78.125],[145.833,78.125],[187.5,36.458],[187.5,-78.125],[104.167,-78.125]],"c":true},"ix":2},"nm":"Path 1","mn":"ADBE Vector Shape - Group","hd":false},{"ty":"fl","c":{"a":0,"k":[0.071,0.075,0.192,1],"ix":4,"x":"var $bm_rt;\n$bm_rt = comp('system-solid-178-work').layer('control').effect('primary')('Color');"},"o":{"a":0,"k":100,"ix":5},"r":1,"bm":0,"nm":".primary","mn":"ADBE Vector Graphic - Fill","hd":false,"cl":"primary"},{"ty":"tr","p":{"a":0,"k":[250.046,359.375],"ix":2},"a":{"a":0,"k":[0,0],"ix":1},"s":{"a":0,"k":[100,100],"ix":3},"r":{"a":0,"k":0,"ix":6},"o":{"a":0,"k":100,"ix":7},"sk":{"a":0,"k":0,"ix":4},"sa":{"a":0,"k":0,"ix":5},"nm":"Transform"}],"nm":"Group 1","np":2,"cix":2,"bm":0,"ix":1,"mn":"ADBE Vector Group","hd":false},{"ty":"gr","it":[{"ind":0,"ty":"sh","ix":1,"ks":{"a":1,"k":[{"i":{"x":0.2,"y":1},"o":{"x":0.167,"y":0.167},"t":43,"s":[{"i":[[0,0],[0,0],[0,0],[0,0]],"o":[[0,0],[0,0],[0,0],[0,0]],"v":[[-41.667,-52.083],[41.667,-52.083],[40.852,-21.074],[-42.482,-21.074]],"c":true}]},{"t":60,"s":[{"i":[[0,0],[0,0],[0,0],[0,0]],"o":[[0,0],[0,0],[0,0],[0,0]],"v":[[-41.667,-52.083],[41.667,-52.083],[41.667,-10.417],[-41.667,-10.417]],"c":true}]}],"ix":2},"nm":"Path 1","mn":"ADBE Vector Shape - Group","hd":false},{"ind":1,"ty":"sh","ix":2,"ks":{"a":1,"k":[{"i":{"x":0.2,"y":1},"o":{"x":0.167,"y":0.167},"t":43,"s":[{"i":[[22.916,0],[0,0],[0,0],[22.292,0],[0,0],[0,-22.083],[0,0],[0,0],[0,-22.916],[0,0],[0,0],[0,0]],"o":[[0,0],[0,0],[0,-22.083],[0,0],[-22.083,0],[0,0],[0,0],[-22.916,0],[0,0],[0,0],[0,0],[0,-22.916]],"v":[[145.018,-21.074],[82.518,-21.074],[83.333,-53.542],[43.125,-93.75],[-43.334,-93.75],[-83.333,-53.542],[-84.148,-21.074],[-146.648,-21.074],[-188.315,20.592],[-187.5,93.75],[187.5,93.75],[186.685,20.592]],"c":true}]},{"t":60,"s":[{"i":[[22.916,0],[0,0],[0,0],[22.292,0],[0,0],[0,-22.083],[0,0],[0,0],[0,-22.916],[0,0],[0,0],[0,0]],"o":[[0,0],[0,0],[0,-22.083],[0,0],[-22.083,0],[0,0],[0,0],[-22.916,0],[0,0],[0,0],[0,0],[0,-22.916]],"v":[[145.833,-10.417],[83.333,-10.417],[83.333,-53.542],[43.125,-93.75],[-43.334,-93.75],[-83.333,-53.542],[-83.333,-10.417],[-145.833,-10.417],[-187.5,31.25],[-187.5,93.75],[187.5,93.75],[187.5,31.25]],"c":true}]}],"ix":2},"nm":"Path 2","mn":"ADBE Vector Shape - Group","hd":false},{"ty":"fl","c":{"a":0,"k":[0.071,0.075,0.192,1],"ix":4,"x":"var $bm_rt;\n$bm_rt = comp('system-solid-178-work').layer('control').effect('primary')('Color');"},"o":{"a":0,"k":100,"ix":5},"r":1,"bm":0,"nm":".primary","mn":"ADBE Vector Graphic - Fill","hd":false,"cl":"primary"},{"ty":"tr","p":{"a":0,"k":[250.046,156.25],"ix":2},"a":{"a":0,"k":[0,0],"ix":1},"s":{"a":0,"k":[100,100],"ix":3},"r":{"a":0,"k":0,"ix":6},"o":{"a":0,"k":100,"ix":7},"sk":{"a":0,"k":0,"ix":4},"sa":{"a":0,"k":0,"ix":5},"nm":"Transform"}],"nm":"Group 2","np":3,"cix":2,"bm":0,"ix":2,"mn":"ADBE Vector Group","hd":false}],"ip":43,"op":300,"st":0,"ct":1,"bm":0},{"ddd":0,"ind":2,"ty":4,"nm":".primary.design","cl":"primary design","sr":1,"ks":{"o":{"a":0,"k":100,"ix":11},"r":{"a":0,"k":0,"ix":10},"p":{"a":1,"k":[{"i":{"x":0.2,"y":1},"o":{"x":0.167,"y":0.167},"t":1,"s":[250,441,0],"to":[0,-54.5,0],"ti":[0,54.5,0]},{"t":15.6953125,"s":[250,114,0]}],"ix":2,"l":2},"a":{"a":0,"k":[0,-136,0],"ix":1,"l":2},"s":{"a":0,"k":[100,100,100],"ix":6,"l":2}},"ao":0,"shapes":[{"ty":"gr","it":[{"ind":0,"ty":"sh","ix":1,"ks":{"a":1,"k":[{"i":{"x":0.2,"y":1},"o":{"x":0.167,"y":0.167},"t":1,"s":[{"i":[[-10.416,0],[-0.936,-10.176],[0,-0.626],[11.046,0],[0,11.046],[-0.057,0.615]],"o":[[10.42,0],[0.056,0.611],[0,11.046],[-11.046,0],[0,-0.63],[0.942,-10.17]],"v":[[0,-100],[20.103,-81.856],[20,0],[0,20],[-20,0],[-20.102,-81.867]],"c":true}]},{"t":15.6953125,"s":[{"i":[[-43.112,0],[-4.042,-42.069],[0,-2.711],[45.84,0],[0,45.84],[-0.257,2.66]],"o":[[43.129,0],[0.254,2.644],[0,45.84],[-45.84,0],[0,-2.728],[4.065,-42.046]],"v":[[0,-83],[82.616,-8.036],[83,0],[0,83],[-83,0],[-82.611,-8.085]],"c":true}]}],"ix":2},"nm":"Path 1","mn":"ADBE Vector Shape - Group","hd":false},{"ty":"st","c":{"a":0,"k":[0.071,0.075,0.192,1],"ix":3,"x":"var $bm_rt;\n$bm_rt = comp('system-solid-178-work').layer('control').effect('primary')('Color');"},"o":{"a":0,"k":100,"ix":4},"w":{"a":0,"k":31,"ix":5},"lc":1,"lj":1,"ml":4,"bm":0,"nm":".primary","mn":"ADBE Vector Graphic - Stroke","hd":false,"cl":"primary"},{"ty":"fl","c":{"a":0,"k":[0.071,0.075,0.192,1],"ix":4,"x":"var $bm_rt;\n$bm_rt = comp('system-solid-178-work').layer('control').effect('primary')('Color');"},"o":{"a":0,"k":100,"ix":5},"r":1,"bm":0,"nm":".primary","mn":"ADBE Vector Graphic - Fill","hd":false,"cl":"primary"},{"ty":"tr","p":{"a":0,"k":[0,-136],"ix":2},"a":{"a":0,"k":[0,0],"ix":1},"s":{"a":0,"k":[100,100],"ix":3},"r":{"a":0,"k":0,"ix":6},"o":{"a":0,"k":100,"ix":7},"sk":{"a":0,"k":0,"ix":4},"sa":{"a":0,"k":0,"ix":5},"nm":"Transform"}],"nm":"Ellipse 1","np":3,"cix":2,"bm":0,"ix":1,"mn":"ADBE Vector Group","hd":false},{"ty":"fl","c":{"a":0,"k":[0.071,0.075,0.192,1],"ix":4,"x":"var $bm_rt;\n$bm_rt = comp('system-solid-178-work').layer('control').effect('primary')('Color');"},"o":{"a":0,"k":100,"ix":5},"r":1,"bm":0,"nm":".primary","mn":"ADBE Vector Graphic - Fill","hd":false,"cl":"primary"}],"ip":1,"op":16,"st":0,"ct":1,"bm":0},{"ddd":0,"ind":3,"ty":4,"nm":".primary.design","cl":"primary design","sr":1,"ks":{"o":{"a":0,"k":0,"ix":11},"r":{"a":1,"k":[{"i":{"x":[0.584],"y":[1]},"o":{"x":[0.167],"y":[0.167]},"t":15.695,"s":[77]},{"i":{"x":[0.667],"y":[1]},"o":{"x":[0.333],"y":[0]},"t":37,"s":[-14]},{"i":{"x":[0.667],"y":[1]},"o":{"x":[0.167],"y":[0]},"t":52.188,"s":[8]},{"t":60,"s":[0]}],"ix":10},"p":{"a":1,"k":[{"i":{"x":0.281,"y":1},"o":{"x":0.333,"y":0},"t":15.695,"s":[249.783,113.999,0],"to":[0,8.667,0],"ti":[0,4.667,0]},{"i":{"x":0.667,"y":1},"o":{"x":0.333,"y":0},"t":30,"s":[249.783,165.999,0],"to":[0,-4.667,0],"ti":[0,8.667,0]},{"i":{"x":0.667,"y":1},"o":{"x":0.167,"y":0},"t":43,"s":[249.783,85.999,0],"to":[0,-8.667,0],"ti":[0,-4.667,0]},{"t":52.1875,"s":[249.783,113.999,0]}],"ix":2,"l":2},"a":{"a":0,"k":[-0.215,-136.005,0],"ix":1,"l":2},"s":{"a":0,"k":[100,100,100],"ix":6,"l":2}},"ao":0,"shapes":[{"ty":"gr","it":[{"ind":0,"ty":"sh","ix":1,"ks":{"a":1,"k":[{"i":{"x":0.833,"y":0.807},"o":{"x":0.333,"y":0},"t":15.695,"s":[{"i":[[0,0],[0,0],[8.87,-28.834],[42.606,0],[0,0],[0,0],[0,0],[-42.127,45.088],[0,0],[-40.99,1.371]],"o":[[0,0],[16.136,17.513],[-9.413,30.597],[0,0],[0,0],[0,0],[-77.329,0.092],[0,0],[0,0],[39.509,-0.629]],"v":[[64.622,-188.295],[64.244,-188.35],[78.727,-109.993],[-0.255,-53.189],[0.097,-53.125],[0.089,-53.125],[-0.314,-53.189],[-63.37,-190.092],[-63.377,-190.045],[-0.007,-218.875]],"c":true}]},{"i":{"x":0.667,"y":1},"o":{"x":0.167,"y":0.193},"t":21.746,"s":[{"i":[[0,0],[0,0],[12.256,-30.674],[42.668,-8.454],[0,0],[0,0],[0,0],[-25.502,59.236],[0,0],[-73.493,5.608]],"o":[[0,0],[9.535,24.634],[-14.097,34.46],[0,0],[0,0],[0,0],[-77.329,-15.207],[0,0],[0,0],[67.007,-0.392]],"v":[[94.002,-151.387],[95.117,-150.643],[93.331,-61.263],[7.167,11.228],[0.136,8.492],[0.129,8.492],[-7.561,11.227],[-94.511,-151.847],[-94.64,-152.329],[-0.005,-204.437]],"c":true}]},{"i":{"x":0.667,"y":1},"o":{"x":0.167,"y":0},"t":30,"s":[{"i":[[0,0],[0,0],[19.891,-34.822],[42.806,-27.519],[0,0],[0,0],[0,0],[15.895,90.546],[0,0],[-41.666,26.039]],"o":[[0,0],[-6.33,40.555],[-24.661,43.173],[0,0],[0,0],[0,0],[-77.33,-49.714],[0,0],[0,0],[41.667,26.039]],"v":[[183.699,-122.675],[175.269,-68.668],[126.269,48.638],[23.905,156.51],[0.007,171.873],[0,171.875],[-23.904,156.508],[-175.51,-64.584],[-184.963,-118.431],[0,-171.875]],"c":true}]},{"t":43,"s":[{"i":[[0,0],[0,0],[19.891,-34.822],[42.806,-27.519],[0,0],[0,0],[0,0],[11.993,91.145],[0,0],[-41.666,26.039]],"o":[[0,0],[-5.353,40.695],[-24.661,43.173],[0,0],[0,0],[0,0],[-77.33,-49.714],[0,0],[0,0],[41.667,26.039]],"v":[[171.875,-119.795],[164.746,-65.6],[126.269,48.638],[23.905,156.51],[0.007,171.873],[0,171.875],[-23.904,156.508],[-164.743,-65.592],[-171.875,-119.795],[0,-171.875]],"c":true}]}],"ix":2},"nm":"Path 1","mn":"ADBE Vector Shape - Group","hd":false},{"ty":"st","c":{"a":0,"k":[0.071,0.075,0.192,1],"ix":3,"x":"var $bm_rt;\n$bm_rt = comp('system-solid-178-work').layer('control').effect('primary')('Color');"},"o":{"a":0,"k":100,"ix":4},"w":{"a":0,"k":31.3,"ix":5},"lc":2,"lj":2,"bm":0,"nm":".primary","mn":"ADBE Vector Graphic - Stroke","hd":false,"cl":"primary"},{"ty":"tr","p":{"a":0,"k":[0,0],"ix":2},"a":{"a":0,"k":[0,0],"ix":1},"s":{"a":0,"k":[100,100],"ix":3},"r":{"a":0,"k":0,"ix":6},"o":{"a":0,"k":100,"ix":7},"sk":{"a":0,"k":0,"ix":4},"sa":{"a":0,"k":0,"ix":5},"nm":"Transform"}],"nm":"Group 1","np":2,"cix":2,"bm":0,"ix":1,"mn":"ADBE Vector Group","hd":false}],"ip":16,"op":60,"st":-253,"ct":1,"bm":0},{"ddd":0,"ind":4,"ty":4,"nm":".primary.design","cl":"primary design","parent":3,"td":1,"sr":1,"ks":{"o":{"a":0,"k":100,"ix":11},"r":{"a":0,"k":0,"ix":10},"p":{"a":0,"k":[0.006,-0.001,0],"ix":2,"l":2},"a":{"a":0,"k":[250.004,250.003,0],"ix":1,"l":2},"s":{"a":0,"k":[100,100,100],"ix":6,"l":2}},"ao":0,"shapes":[{"ty":"gr","it":[{"ind":0,"ty":"sh","ix":1,"ks":{"a":1,"k":[{"i":{"x":0.2,"y":1},"o":{"x":0.333,"y":0},"t":16,"s":[{"i":[[0,0],[0,0]],"o":[[0,0],[0,0]],"v":[[-46.339,-182.624],[-46.28,-182.652]],"c":false}]},{"t":43,"s":[{"i":[[0,0],[0,0]],"o":[[0,0],[0,0]],"v":[[-5.856,-23.18],[-5.265,41.553]],"c":false}]}],"ix":2},"nm":"Path 1","mn":"ADBE Vector Shape - Group","hd":false},{"ty":"st","c":{"a":0,"k":[0.071,0.075,0.192,1],"ix":3,"x":"var $bm_rt;\n$bm_rt = comp('system-solid-178-work').layer('control').effect('primary')('Color');"},"o":{"a":0,"k":100,"ix":4},"w":{"a":1,"k":[{"i":{"x":[0.833],"y":[0.833]},"o":{"x":[0.167],"y":[0.167]},"t":16,"s":[0]},{"t":22,"s":[41]}],"ix":5},"lc":2,"lj":2,"bm":0,"nm":".primary","mn":"ADBE Vector Graphic - Stroke","hd":false,"cl":"primary"},{"ty":"tr","p":{"a":0,"k":[338.546,291.672],"ix":2},"a":{"a":0,"k":[0,0],"ix":1},"s":{"a":0,"k":[100,100],"ix":3},"r":{"a":0,"k":0,"ix":6},"o":{"a":0,"k":100,"ix":7},"sk":{"a":0,"k":0,"ix":4},"sa":{"a":0,"k":0,"ix":5},"nm":"Transform"}],"nm":"Group 1","np":2,"cix":2,"bm":0,"ix":1,"mn":"ADBE Vector Group","hd":false},{"ty":"gr","it":[{"ind":0,"ty":"sh","ix":1,"ks":{"a":1,"k":[{"i":{"x":0.2,"y":1},"o":{"x":0.333,"y":0},"t":16,"s":[{"i":[[0,0],[0,0]],"o":[[0,0],[0,0]],"v":[[46.111,-182.624],[46.17,-182.652]],"c":false}]},{"t":43,"s":[{"i":[[0,0],[0,0]],"o":[[0,0],[0,0]],"v":[[5.683,-22.89],[5.337,41.235]],"c":false}]}],"ix":2},"nm":"Path 1","mn":"ADBE Vector Shape - Group","hd":false},{"ty":"st","c":{"a":0,"k":[0.071,0.075,0.192,1],"ix":3,"x":"var $bm_rt;\n$bm_rt = comp('system-solid-178-work').layer('control').effect('primary')('Color');"},"o":{"a":0,"k":100,"ix":4},"w":{"a":1,"k":[{"i":{"x":[0.833],"y":[0.833]},"o":{"x":[0.167],"y":[0.167]},"t":16,"s":[0]},{"t":22,"s":[41]}],"ix":5},"lc":2,"lj":2,"bm":0,"nm":".primary","mn":"ADBE Vector Graphic - Stroke","hd":false,"cl":"primary"},{"ty":"tr","p":{"a":0,"k":[161.461,291.672],"ix":2},"a":{"a":0,"k":[0,0],"ix":1},"s":{"a":0,"k":[100,100],"ix":3},"r":{"a":0,"k":0,"ix":6},"o":{"a":0,"k":100,"ix":7},"sk":{"a":0,"k":0,"ix":4},"sa":{"a":0,"k":0,"ix":5},"nm":"Transform"}],"nm":"Group 2","np":2,"cix":2,"bm":0,"ix":2,"mn":"ADBE Vector Group","hd":false},{"ty":"gr","it":[{"ind":0,"ty":"sh","ix":1,"ks":{"a":1,"k":[{"i":{"x":0.2,"y":1},"o":{"x":0.333,"y":0},"t":16,"s":[{"i":[[0,0],[0,0]],"o":[[0,0],[0,0]],"v":[[-82.258,-156.58],[82.031,-156.58]],"c":false}]},{"t":43,"s":[{"i":[[0,0],[0,0]],"o":[[0,0],[0,0]],"v":[[-185.571,0.977],[186.509,-0.368]],"c":false}]}],"ix":2},"nm":"Path 1","mn":"ADBE Vector Shape - Group","hd":false},{"ty":"st","c":{"a":0,"k":[0.071,0.075,0.192,1],"ix":3,"x":"var $bm_rt;\n$bm_rt = comp('system-solid-178-work').layer('control').effect('primary')('Color');"},"o":{"a":0,"k":100,"ix":4},"w":{"a":1,"k":[{"i":{"x":[0.833],"y":[0.833]},"o":{"x":[0.167],"y":[0.167]},"t":16,"s":[0]},{"t":22,"s":[41]}],"ix":5},"lc":2,"lj":2,"bm":0,"nm":".primary","mn":"ADBE Vector Graphic - Stroke","hd":false,"cl":"primary"},{"ty":"tr","p":{"a":0,"k":[250.004,265.628],"ix":2},"a":{"a":0,"k":[0,0],"ix":1},"s":{"a":0,"k":[100,100],"ix":3},"r":{"a":0,"k":0,"ix":6},"o":{"a":0,"k":100,"ix":7},"sk":{"a":0,"k":0,"ix":4},"sa":{"a":0,"k":0,"ix":5},"nm":"Transform"}],"nm":"Group 3","np":2,"cix":2,"bm":0,"ix":3,"mn":"ADBE Vector Group","hd":false}],"ip":16,"op":43,"st":0,"ct":1,"bm":0},{"ddd":0,"ind":5,"ty":4,"nm":".primary.design","cl":"primary design","parent":3,"tt":2,"tp":4,"sr":1,"ks":{"o":{"a":0,"k":100,"ix":11},"r":{"a":0,"k":0,"ix":10},"p":{"a":0,"k":[0.006,-0.001,0],"ix":2,"l":2},"a":{"a":0,"k":[250.004,250.003,0],"ix":1,"l":2},"s":{"a":0,"k":[100,100,100],"ix":6,"l":2}},"ao":0,"shapes":[{"ty":"gr","it":[{"ind":0,"ty":"sh","ix":1,"ks":{"a":1,"k":[{"i":{"x":0.2,"y":1},"o":{"x":0.333,"y":0},"t":16,"s":[{"i":[[0,0],[0,0],[43.674,-1.221],[0,0],[0.345,-44.023],[0,0]],"o":[[0,0],[-3.942,-46.652],[0,0],[-39.125,-0.317],[0,0],[0,0]],"v":[[82.417,-6.213],[82.417,-6.544],[-3.593,-83.137],[-3.883,-82.391],[-83.079,-5.1],[-83.079,-5.767]],"c":false}]},{"t":43,"s":[{"i":[[0,0],[0,0],[9.84,0],[0,0],[0,-9.84],[0,0]],"o":[[0,0],[0,-9.84],[0,0],[-9.84,0],[0,0],[0,0]],"v":[[61.938,31.131],[61.938,-13.414],[44.121,-31.231],[-45.226,-30.249],[-63.044,-12.431],[-63.044,32.113]],"c":false}]}],"ix":2},"nm":"Path 1","mn":"ADBE Vector Shape - Group","hd":false},{"ty":"st","c":{"a":0,"k":[0.071,0.075,0.192,1],"ix":3,"x":"var $bm_rt;\n$bm_rt = comp('system-solid-178-work').layer('control').effect('primary')('Color');"},"o":{"a":0,"k":100,"ix":4},"w":{"a":0,"k":41,"ix":5},"lc":2,"lj":2,"bm":0,"nm":".primary","mn":"ADBE Vector Graphic - Stroke","hd":false,"cl":"primary"},{"ty":"tr","p":{"a":0,"k":[250.004,114.585],"ix":2},"a":{"a":0,"k":[0,0],"ix":1},"s":{"a":0,"k":[100,100],"ix":3},"r":{"a":0,"k":0,"ix":6},"o":{"a":0,"k":100,"ix":7},"sk":{"a":0,"k":0,"ix":4},"sa":{"a":0,"k":0,"ix":5},"nm":"Transform"}],"nm":"Group 4","np":2,"cix":2,"bm":0,"ix":1,"mn":"ADBE Vector Group","hd":false},{"ty":"gr","it":[{"ind":0,"ty":"sh","ix":1,"ks":{"a":1,"k":[{"i":{"x":0.2,"y":1},"o":{"x":0.333,"y":0},"t":16,"s":[{"i":[[-0.053,0],[0,0],[0,-0.153],[0,0],[-40.105,0],[0,0],[0.659,63.311],[0,0]],"o":[[0,0],[-0.153,0],[0,0],[-3.861,52.102],[0,0],[37.662,0],[0,0],[0,0.053]],"v":[[82.62,-177.242],[-81.583,-177.628],[-81.861,-177.351],[-82.683,-176.968],[-1.727,-88.754],[-2.28,-88.958],[81.741,-176.291],[82.525,-177.338]],"c":true}]},{"t":43,"s":[{"i":[[11.505,0],[0,0],[0,-11.506],[0,0],[-11.506,0],[0,0],[0,11.505],[0,0]],"o":[[0,0],[-11.506,0],[0,0],[0,11.505],[0,0],[11.505,0],[0,0],[0,-11.506]],"v":[[151.042,-135.417],[-151.042,-135.417],[-171.876,-114.584],[-171.876,114.584],[-151.042,135.417],[151.042,135.417],[171.876,114.584],[171.876,-114.584]],"c":true}]}],"ix":2},"nm":"Path 1","mn":"ADBE Vector Shape - Group","hd":false},{"ty":"fl","c":{"a":0,"k":[0.071,0.075,0.192,1],"ix":4,"x":"var $bm_rt;\n$bm_rt = comp('system-solid-178-work').layer('control').effect('primary')('Color');"},"o":{"a":0,"k":100,"ix":5},"r":1,"bm":0,"nm":".primary","mn":"ADBE Vector Graphic - Fill","hd":false,"cl":"primary"},{"ty":"st","c":{"a":0,"k":[0.071,0.075,0.192,1],"ix":3,"x":"var $bm_rt;\n$bm_rt = comp('system-solid-178-work').layer('control').effect('primary')('Color');"},"o":{"a":0,"k":100,"ix":4},"w":{"a":0,"k":31.3,"ix":5},"lc":2,"lj":2,"bm":0,"nm":".primary","mn":"ADBE Vector Graphic - Stroke","hd":false,"cl":"primary"},{"ty":"tr","p":{"a":0,"k":[250.004,286.462],"ix":2},"a":{"a":0,"k":[0,0],"ix":1},"s":{"a":0,"k":[100,100],"ix":3},"r":{"a":0,"k":0,"ix":6},"o":{"a":0,"k":100,"ix":7},"sk":{"a":0,"k":0,"ix":4},"sa":{"a":0,"k":0,"ix":5},"nm":"Transform"}],"nm":"Group 5","np":3,"cix":2,"bm":0,"ix":2,"mn":"ADBE Vector Group","hd":false}],"ip":16,"op":43,"st":0,"ct":1,"bm":0}]},{"id":"comp_1","nm":"hover-work","fr":60,"layers":[{"ddd":0,"ind":1,"ty":4,"nm":".primary.design","cl":"primary design","parent":2,"sr":1,"ks":{"o":{"a":0,"k":100,"ix":11},"r":{"a":0,"k":0,"ix":10},"p":{"a":0,"k":[0.046,0,0],"ix":2,"l":2},"a":{"a":0,"k":[250.046,250,0],"ix":1,"l":2},"s":{"a":0,"k":[100,100,100],"ix":6,"l":2}},"ao":0,"shapes":[{"ty":"gr","it":[{"ind":0,"ty":"sh","ix":1,"ks":{"a":0,"k":{"i":[[0,0],[11.458,0],[0,11.458],[0,0],[0,0],[0,0],[11.458,0],[0,11.458],[0,0],[0,0],[0,0],[-22.916,0],[0,0],[0,22.916],[0,0],[0,0]],"o":[[0,11.458],[-11.458,0],[0,0],[0,0],[0,0],[0,11.458],[-11.458,0],[0,0],[0,0],[0,0],[0,22.916],[0,0],[22.916,0],[0,0],[0,0],[0,0]],"v":[[104.167,-26.042],[83.333,-5.208],[62.5,-26.042],[62.5,-78.125],[-62.5,-78.125],[-62.5,-26.042],[-83.333,-5.208],[-104.167,-26.042],[-104.167,-78.125],[-187.5,-78.125],[-187.5,36.458],[-145.833,78.125],[145.833,78.125],[187.5,36.458],[187.5,-78.125],[104.167,-78.125]],"c":true},"ix":2},"nm":"Path 1","mn":"ADBE Vector Shape - Group","hd":false},{"ty":"fl","c":{"a":0,"k":[0.071,0.075,0.192,1],"ix":4,"x":"var $bm_rt;\n$bm_rt = comp('system-solid-178-work').layer('control').effect('primary')('Color');"},"o":{"a":0,"k":100,"ix":5},"r":1,"bm":0,"nm":".primary","mn":"ADBE Vector Graphic - Fill","hd":false,"cl":"primary"},{"ty":"tr","p":{"a":0,"k":[250.046,359.375],"ix":2},"a":{"a":0,"k":[0,0],"ix":1},"s":{"a":0,"k":[100,100],"ix":3},"r":{"a":0,"k":0,"ix":6},"o":{"a":0,"k":100,"ix":7},"sk":{"a":0,"k":0,"ix":4},"sa":{"a":0,"k":0,"ix":5},"nm":"Transform"}],"nm":"Group 1","np":2,"cix":2,"bm":0,"ix":1,"mn":"ADBE Vector Group","hd":false},{"ty":"gr","it":[{"ind":0,"ty":"sh","ix":1,"ks":{"a":0,"k":{"i":[[0,0],[0,0],[0,0],[0,0]],"o":[[0,0],[0,0],[0,0],[0,0]],"v":[[-41.667,-52.083],[41.667,-52.083],[41.667,-10.417],[-41.667,-10.417]],"c":true},"ix":2},"nm":"Path 1","mn":"ADBE Vector Shape - Group","hd":false},{"ind":1,"ty":"sh","ix":2,"ks":{"a":0,"k":{"i":[[22.916,0],[0,0],[0,0],[22.292,0],[0,0],[0,-22.083],[0,0],[0,0],[0,-22.916],[0,0],[0,0],[0,0]],"o":[[0,0],[0,0],[0,-22.083],[0,0],[-22.083,0],[0,0],[0,0],[-22.916,0],[0,0],[0,0],[0,0],[0,-22.916]],"v":[[145.833,-10.417],[83.333,-10.417],[83.333,-53.542],[43.125,-93.75],[-43.334,-93.75],[-83.333,-53.542],[-83.333,-10.417],[-145.833,-10.417],[-187.5,31.25],[-187.5,93.75],[187.5,93.75],[187.5,31.25]],"c":true},"ix":2},"nm":"Path 2","mn":"ADBE Vector Shape - Group","hd":false},{"ty":"fl","c":{"a":0,"k":[0.071,0.075,0.192,1],"ix":4,"x":"var $bm_rt;\n$bm_rt = comp('system-solid-178-work').layer('control').effect('primary')('Color');"},"o":{"a":0,"k":100,"ix":5},"r":1,"bm":0,"nm":".primary","mn":"ADBE Vector Graphic - Fill","hd":false,"cl":"primary"},{"ty":"tr","p":{"a":0,"k":[250.046,156.25],"ix":2},"a":{"a":0,"k":[0,0],"ix":1},"s":{"a":0,"k":[100,100],"ix":3},"r":{"a":0,"k":0,"ix":6},"o":{"a":0,"k":100,"ix":7},"sk":{"a":0,"k":0,"ix":4},"sa":{"a":0,"k":0,"ix":5},"nm":"Transform"}],"nm":"Group 2","np":3,"cix":2,"bm":0,"ix":2,"mn":"ADBE Vector Group","hd":false}],"ip":0,"op":300,"st":0,"ct":1,"bm":0},{"ddd":0,"ind":2,"ty":3,"nm":".primary.design","cl":"primary design","sr":1,"ks":{"o":{"a":0,"k":100,"ix":11},"r":{"a":1,"k":[{"i":{"x":[0.567],"y":[1]},"o":{"x":[0.333],"y":[0]},"t":5,"s":[0]},{"i":{"x":[0.667],"y":[1]},"o":{"x":[0.539],"y":[0]},"t":23,"s":[13]},{"i":{"x":[0.667],"y":[1]},"o":{"x":[0.333],"y":[0]},"t":36,"s":[-14]},{"i":{"x":[0.667],"y":[1]},"o":{"x":[0.333],"y":[0]},"t":47,"s":[10]},{"t":60,"s":[0]}],"ix":10},"p":{"a":1,"k":[{"i":{"x":0.237,"y":1},"o":{"x":0.333,"y":0},"t":0,"s":[250,116,0],"to":[0,0,0],"ti":[0,0,0]},{"i":{"x":0.416,"y":1},"o":{"x":0.333,"y":0},"t":15,"s":[250,149,0],"to":[0,0,0],"ti":[0,0,0]},{"i":{"x":0.667,"y":1},"o":{"x":0.333,"y":0},"t":32,"s":[250,70,0],"to":[0,0,0],"ti":[0,0,0]},{"t":45,"s":[250,116,0]}],"ix":2,"l":2},"a":{"a":0,"k":[0,-134,0],"ix":1,"l":2},"s":{"a":0,"k":[100,100,100],"ix":6,"l":2}},"ao":0,"ip":0,"op":300,"st":0,"ct":1,"bm":0}]}],"layers":[{"ddd":0,"ind":1,"ty":3,"nm":"control","sr":1,"ks":{"o":{"a":0,"k":0,"ix":11},"r":{"a":0,"k":0,"ix":10},"p":{"a":0,"k":[0,0],"ix":2,"l":2},"a":{"a":0,"k":[0,0,0],"ix":1,"l":2},"s":{"a":0,"k":[100,100,100],"ix":6,"l":2}},"ao":0,"ef":[{"ty":5,"nm":"primary","np":3,"mn":"ADBE Color Control","ix":1,"en":1,"ef":[{"ty":2,"nm":"Color","mn":"ADBE Color Control-0001","ix":1,"v":{"a":0,"k":[0.071,0.075,0.192],"ix":1}}]}],"ip":0,"op":131,"st":0,"bm":0},{"ddd":0,"ind":2,"ty":0,"nm":"in-work","refId":"comp_0","sr":1,"ks":{"o":{"a":0,"k":100,"ix":11},"r":{"a":0,"k":0,"ix":10},"p":{"a":0,"k":[250,250,0],"ix":2,"l":2},"a":{"a":0,"k":[250,250,0],"ix":1,"l":2},"s":{"a":0,"k":[100,100,100],"ix":6,"l":2}},"ao":0,"w":500,"h":500,"ip":0,"op":70,"st":0,"bm":0},{"ddd":0,"ind":3,"ty":0,"nm":"hover-work","refId":"comp_1","sr":1,"ks":{"o":{"a":0,"k":100,"ix":11},"r":{"a":0,"k":0,"ix":10},"p":{"a":0,"k":[250,250,0],"ix":2,"l":2},"a":{"a":0,"k":[250,250,0],"ix":1,"l":2},"s":{"a":0,"k":[100,100,100],"ix":6,"l":2}},"ao":0,"w":500,"h":500,"ip":70,"op":140,"st":70,"bm":0}],"markers":[{"tm":0,"cm":"in-work","dr":60},{"tm":70,"cm":"default:hover-work","dr":60}],"props":{}}