{"v":"5.12.1","fr":60,"ip":70,"op":130,"w":500,"h":500,"nm":"system-solid-120-text-snippet","ddd":0,"assets":[{"id":"comp_0","nm":"in-text","fr":60,"layers":[{"ddd":0,"ind":1,"ty":4,"nm":".primary.design","cl":"primary design","sr":1,"ks":{"o":{"a":0,"k":100,"ix":11},"r":{"a":0,"k":0,"ix":10},"p":{"a":0,"k":[250,250,0],"ix":2,"l":2},"a":{"a":0,"k":[0,0,0],"ix":1,"l":2},"s":{"a":0,"k":[100,100,100],"ix":6,"l":2}},"ao":0,"shapes":[{"ty":"gr","it":[{"ind":0,"ty":"sh","ix":1,"ks":{"a":0,"k":{"i":[[11.458,0],[0,0],[0,11.458],[-11.458,0],[0,0],[0,-11.458]],"o":[[0,0],[-11.458,0],[0,-11.458],[0,0],[11.458,0],[0,11.458]],"v":[[83.379,41.667],[-83.287,41.667],[-104.121,20.833],[-83.287,0],[83.379,0],[104.213,20.833]],"c":true},"ix":2},"nm":"Path 1","mn":"ADBE Vector Shape - Group","hd":false},{"ind":1,"ty":"sh","ix":2,"ks":{"a":0,"k":{"i":[[11.458,0],[0,0],[0,11.458],[-11.458,0],[0,0],[0,-11.458]],"o":[[0,0],[-11.458,0],[0,-11.458],[0,0],[11.458,0],[0,11.458]],"v":[[83.379,125],[-83.287,125],[-104.121,104.167],[-83.287,83.333],[83.379,83.333],[104.213,104.167]],"c":true},"ix":2},"nm":"Path 2","mn":"ADBE Vector Shape - Group","hd":false},{"ind":2,"ty":"sh","ix":3,"ks":{"a":0,"k":{"i":[[-11.458,0],[0,0],[0,-11.458],[11.458,0],[0,0],[0,11.458]],"o":[[0,0],[11.458,0],[0,11.458],[0,0],[-11.458,0],[0,-11.458]],"v":[[-83.287,-83.333],[20.879,-83.333],[41.713,-62.5],[20.879,-41.667],[-83.287,-41.667],[-104.121,-62.5]],"c":true},"ix":2},"nm":"Path 3","mn":"ADBE Vector Shape - Group","hd":false},{"ind":3,"ty":"sh","ix":4,"ks":{"a":0,"k":{"i":[[3.75,3.75],[0,0],[5.417,0],[0,0],[0,-22.708],[0,0],[-22.708,0],[0,0],[0,22.708],[0,0]],"o":[[0,0],[-3.75,-3.75],[0,0],[-22.708,0],[0,0],[0,22.708],[0,0],[22.708,0],[0,0],[0,-5.417]],"v":[[181.504,-50],[50.046,-181.458],[35.463,-187.5],[-146.412,-187.5],[-187.454,-146.458],[-187.454,146.458],[-146.412,187.5],[146.504,187.5],[187.546,146.458],[187.546,-35.417]],"c":true},"ix":2},"nm":"Path 4","mn":"ADBE Vector Shape - Group","hd":false},{"ty":"fl","c":{"a":0,"k":[0.071,0.075,0.192,1],"ix":4,"x":"var $bm_rt;\n$bm_rt = comp('system-solid-120-text-snippet').layer('control').effect('primary')('Color');"},"o":{"a":0,"k":100,"ix":5},"r":1,"bm":0,"nm":".primary","mn":"ADBE Vector Graphic - Fill","hd":false,"cl":"primary"},{"ty":"tr","p":{"a":0,"k":[0,0],"ix":2},"a":{"a":0,"k":[0,0],"ix":1},"s":{"a":0,"k":[100,100],"ix":3},"r":{"a":0,"k":0,"ix":6},"o":{"a":0,"k":100,"ix":7},"sk":{"a":0,"k":0,"ix":4},"sa":{"a":0,"k":0,"ix":5},"nm":"Transform"}],"nm":"Group 1","np":5,"cix":2,"bm":0,"ix":1,"mn":"ADBE Vector Group","hd":false}],"ip":60,"op":300,"st":0,"ct":1,"bm":0},{"ddd":0,"ind":2,"ty":4,"nm":".primary.design","cl":"primary design","td":1,"sr":1,"ks":{"o":{"a":0,"k":100,"ix":11},"r":{"a":0,"k":-0.017,"ix":10},"p":{"a":0,"k":[249.935,250.001,0],"ix":2,"l":2},"a":{"a":0,"k":[250.003,250.001,0],"ix":1,"l":2},"s":{"a":0,"k":[100.016,100,100],"ix":6,"l":2}},"ao":0,"shapes":[{"ty":"gr","it":[{"ind":0,"ty":"sh","ix":1,"ks":{"a":1,"k":[{"i":{"x":0.667,"y":1},"o":{"x":0.167,"y":0.167},"t":28,"s":[{"i":[[0,0],[0,0]],"o":[[0,0],[0,0]],"v":[[-188.261,-0.583],[226.749,0.506]],"c":false}]},{"i":{"x":0.833,"y":1},"o":{"x":0.333,"y":0},"t":47,"s":[{"i":[[0,0],[0,0]],"o":[[0,0],[0,0]],"v":[[-199.791,-0.303],[202.041,0.525]],"c":false}]},{"t":60,"s":[{"i":[[0,0],[0,0]],"o":[[0,0],[0,0]],"v":[[-185.794,-0.299],[188.043,0.521]],"c":false}]}],"ix":2},"nm":"Path 1","mn":"ADBE Vector Shape - Group","hd":false},{"ty":"st","c":{"a":0,"k":[0.071,0.075,0.192,1],"ix":3,"x":"var $bm_rt;\n$bm_rt = comp('system-solid-120-text-snippet').layer('control').effect('primary')('Color');"},"o":{"a":0,"k":100,"ix":4},"w":{"a":0,"k":42,"ix":5},"lc":2,"lj":2,"bm":0,"nm":".primary","mn":"ADBE Vector Graphic - Stroke","hd":false,"cl":"primary"},{"ty":"tm","s":{"a":1,"k":[{"i":{"x":[0.833],"y":[0.833]},"o":{"x":[0.167],"y":[0.167]},"t":28,"s":[93]},{"i":{"x":[0.1],"y":[1]},"o":{"x":[0.167],"y":[0.167]},"t":29,"s":[93]},{"t":51,"s":[27.5]}],"ix":1},"e":{"a":1,"k":[{"i":{"x":[0.833],"y":[0.833]},"o":{"x":[0.167],"y":[0.167]},"t":28,"s":[93]},{"i":{"x":[0.1],"y":[1]},"o":{"x":[0.167],"y":[0.167]},"t":38,"s":[92]},{"t":60,"s":[72]}],"ix":2},"o":{"a":0,"k":0,"ix":3},"m":1,"ix":3,"nm":"Trim Paths 1","mn":"ADBE Vector Filter - Trim","hd":false},{"ty":"tr","p":{"a":0,"k":[249.998,354.126],"ix":2},"a":{"a":0,"k":[0,0],"ix":1},"s":{"a":0,"k":[100,100],"ix":3},"r":{"a":0,"k":0,"ix":6},"o":{"a":0,"k":100,"ix":7},"sk":{"a":0,"k":0,"ix":4},"sa":{"a":0,"k":0,"ix":5},"nm":"Transform"}],"nm":"Group 1","np":3,"cix":2,"bm":0,"ix":1,"mn":"ADBE Vector Group","hd":false},{"ty":"gr","it":[{"ind":0,"ty":"sh","ix":1,"ks":{"a":1,"k":[{"i":{"x":0.667,"y":1},"o":{"x":0.167,"y":0.167},"t":28,"s":[{"i":[[0,0],[0,0]],"o":[[0,0],[0,0]],"v":[[-146.594,-0.583],[366.298,0.105]],"c":false}]},{"i":{"x":0.833,"y":1},"o":{"x":0.333,"y":0},"t":47,"s":[{"i":[[0,0],[0,0]],"o":[[0,0],[0,0]],"v":[[-158.125,-0.303],[223.375,0.293]],"c":false}]},{"t":60,"s":[{"i":[[0,0],[0,0]],"o":[[0,0],[0,0]],"v":[[-162.124,-0.304],[253.37,0.302]],"c":false}]}],"ix":2},"nm":"Path 1","mn":"ADBE Vector Shape - Group","hd":false},{"ty":"st","c":{"a":0,"k":[0.071,0.075,0.192,1],"ix":3,"x":"var $bm_rt;\n$bm_rt = comp('system-solid-120-text-snippet').layer('control').effect('primary')('Color');"},"o":{"a":0,"k":100,"ix":4},"w":{"a":0,"k":42,"ix":5},"lc":2,"lj":2,"bm":0,"nm":".primary","mn":"ADBE Vector Graphic - Stroke","hd":false,"cl":"primary"},{"ty":"tm","s":{"a":1,"k":[{"i":{"x":[0.833],"y":[0.833]},"o":{"x":[0.167],"y":[0.167]},"t":24,"s":[90]},{"i":{"x":[0.1],"y":[1]},"o":{"x":[0.167],"y":[0.167]},"t":25,"s":[91]},{"t":47,"s":[29]}],"ix":1},"e":{"a":1,"k":[{"i":{"x":[0.833],"y":[0.833]},"o":{"x":[0.167],"y":[0.167]},"t":24,"s":[90]},{"i":{"x":[0.1],"y":[1]},"o":{"x":[0.167],"y":[0.167]},"t":34,"s":[89]},{"t":56,"s":[54]}],"ix":2},"o":{"a":0,"k":0,"ix":3},"m":1,"ix":3,"nm":"Trim Paths 1","mn":"ADBE Vector Filter - Trim","hd":false},{"ty":"tr","p":{"a":0,"k":[208.331,187.29],"ix":2},"a":{"a":0,"k":[0,0],"ix":1},"s":{"a":0,"k":[100,100],"ix":3},"r":{"a":0,"k":0,"ix":6},"o":{"a":0,"k":100,"ix":7},"sk":{"a":0,"k":0,"ix":4},"sa":{"a":0,"k":0,"ix":5},"nm":"Transform"}],"nm":"Group 2","np":3,"cix":2,"bm":0,"ix":2,"mn":"ADBE Vector Group","hd":false},{"ty":"gr","it":[{"ind":0,"ty":"sh","ix":1,"ks":{"a":1,"k":[{"i":{"x":0.667,"y":1},"o":{"x":0.167,"y":0.167},"t":28,"s":[{"i":[[0,0],[0,0]],"o":[[0,0],[0,0]],"v":[[-188.261,-0.583],[213.572,0.245]],"c":false}]},{"i":{"x":0.833,"y":1},"o":{"x":0.333,"y":0},"t":47,"s":[{"i":[[0,0],[0,0]],"o":[[0,0],[0,0]],"v":[[-199.791,-0.303],[202.041,0.525]],"c":false}]},{"t":60,"s":[{"i":[[0,0],[0,0]],"o":[[0,0],[0,0]],"v":[[-185.794,-0.299],[188.043,0.521]],"c":false}]}],"ix":2},"nm":"Path 1","mn":"ADBE Vector Shape - Group","hd":false},{"ty":"st","c":{"a":0,"k":[0.071,0.075,0.192,1],"ix":3,"x":"var $bm_rt;\n$bm_rt = comp('system-solid-120-text-snippet').layer('control').effect('primary')('Color');"},"o":{"a":0,"k":100,"ix":4},"w":{"a":0,"k":42,"ix":5},"lc":2,"lj":2,"bm":0,"nm":".primary","mn":"ADBE Vector Graphic - Stroke","hd":false,"cl":"primary"},{"ty":"tm","s":{"a":1,"k":[{"i":{"x":[0.833],"y":[0.833]},"o":{"x":[0.167],"y":[0.167]},"t":26,"s":[93]},{"i":{"x":[0.1],"y":[1]},"o":{"x":[0.167],"y":[0.167]},"t":27,"s":[93]},{"t":49,"s":[27.5]}],"ix":1},"e":{"a":1,"k":[{"i":{"x":[0.833],"y":[0.833]},"o":{"x":[0.167],"y":[0.167]},"t":26,"s":[93]},{"i":{"x":[0.1],"y":[1]},"o":{"x":[0.167],"y":[0.167]},"t":36,"s":[92]},{"t":58,"s":[72]}],"ix":2},"o":{"a":0,"k":0,"ix":3},"m":1,"ix":3,"nm":"Trim Paths 1","mn":"ADBE Vector Filter - Trim","hd":false},{"ty":"tr","p":{"a":0,"k":[249.998,271.211],"ix":2},"a":{"a":0,"k":[0,0],"ix":1},"s":{"a":0,"k":[100,100],"ix":3},"r":{"a":0,"k":0,"ix":6},"o":{"a":0,"k":100,"ix":7},"sk":{"a":0,"k":0,"ix":4},"sa":{"a":0,"k":0,"ix":5},"nm":"Transform"}],"nm":"Group 3","np":3,"cix":2,"bm":0,"ix":3,"mn":"ADBE Vector Group","hd":false}],"ip":1,"op":60,"st":0,"ct":1,"bm":0},{"ddd":0,"ind":3,"ty":4,"nm":".primary.design","cl":"primary design","tt":2,"tp":2,"sr":1,"ks":{"o":{"a":0,"k":100,"ix":11},"r":{"a":0,"k":0,"ix":10},"p":{"a":1,"k":[{"i":{"x":0.667,"y":1},"o":{"x":0.167,"y":0.167},"t":0,"s":[331.004,290.003,0],"to":[0,0,0],"ti":[0,0,0]},{"i":{"x":0.833,"y":0.833},"o":{"x":0.333,"y":0},"t":20,"s":[329.004,212.003,0],"to":[0,0,0],"ti":[0,0,0]},{"i":{"x":0.833,"y":0.833},"o":{"x":0.167,"y":0.167},"t":28,"s":[313.204,219.603,0],"to":[0,0,0],"ti":[0,0,0]},{"t":60,"s":[250.004,250.003,0]}],"ix":2,"l":2},"a":{"a":0,"k":[0,0,0],"ix":1,"l":2},"s":{"a":0,"k":[100,100,100],"ix":6,"l":2}},"ao":0,"shapes":[{"ty":"gr","it":[{"ind":0,"ty":"sh","ix":1,"ks":{"a":1,"k":[{"i":{"x":0.667,"y":1},"o":{"x":0.167,"y":0.167},"t":0,"s":[{"i":[[11.206,0],[0,0],[0,-9.627],[0,-0.34],[0,0.621],[-11.506,0],[0,0],[0,9.821],[-0.022,0.316],[0,2.539]],"o":[[-65.379,0],[-11.506,0],[0.91,0],[0,0.315],[0,9.821],[0,0],[11.506,0],[0.454,0],[0.024,-0.339],[0,-12.711]],"v":[[129.254,153.334],[-130.58,153.291],[-151.414,174.124],[-151.159,171.838],[-151.042,171.876],[-130.209,192.709],[130.209,192.709],[151.042,171.876],[150.981,171.836],[150.809,174.458]],"c":true}]},{"i":{"x":0.833,"y":0.833},"o":{"x":0.333,"y":0},"t":20,"s":[{"i":[[11.206,0],[0,0],[0,-9.627],[0,-59.472],[0,-54.879],[-11.506,0],[0,0],[0,9.821],[-0.022,55.189],[0,64.933]],"o":[[-65.379,0],[-11.506,0],[0,59.472],[0,55.111],[0,9.821],[0,0],[11.506,0],[0,-55.879],[0.024,-59.283],[0,-12.711]],"v":[[129.625,-192.666],[-130.209,-192.709],[-151.042,-171.876],[-151.081,6.542],[-151.042,155.401],[-130.209,176.235],[130.209,176.235],[151.042,155.401],[151.058,6.307],[151.18,-171.542]],"c":true}]},{"i":{"x":0.833,"y":0.833},"o":{"x":0.167,"y":0.167},"t":28,"s":[{"i":[[11.206,0],[0,0],[-0.289,-9.976],[-12.73,-46.111],[-5.639,-45.209],[-11.506,0],[0,0],[0,10.137],[11.461,52.997],[1.516,50.139]],"o":[[-65.379,0],[-11.506,0],[1.739,59.973],[10.77,43.389],[1.536,9.921],[0,0],[11.506,0],[0,-45.388],[-12.242,-56.767],[-1.117,-12.618]],"v":[[89.725,-176.866],[-180.109,-176.909],[-200.942,-156.076],[-171.474,16.508],[-146.776,148.468],[-125.142,169.301],[145.276,169.301],[166.109,148.468],[136.932,7.136],[111.28,-155.742]],"c":true}]},{"i":{"x":0.833,"y":0.833},"o":{"x":0.167,"y":0.167},"t":32,"s":[{"i":[[11.206,0],[0,0],[-0.124,-10.154],[-13.769,-44.106],[-8.459,-40.375],[-11.506,0],[0,0],[0,10.295],[17.202,51.901],[3.052,35.87]],"o":[[-65.379,0],[-11.506,0],[0.745,47.724],[11.063,37.473],[2.304,9.971],[0,0],[11.506,0],[0,-40.143],[-18.376,-55.508],[-1.675,-12.572]],"v":[[77.739,-167.537],[-192.095,-167.581],[-212.928,-146.747],[-184.67,25.991],[-143.642,155.739],[-121.609,176.572],[148.809,176.572],[169.642,155.739],[121.869,12.051],[99.295,-146.413]],"c":true}]},{"i":{"x":0.833,"y":0.833},"o":{"x":0.167,"y":0.167},"t":35,"s":[{"i":[[11.206,0],[0,0],[0,-10.288],[-14.548,-42.602],[-10.573,-36.749],[-11.506,0],[0,0],[1.752,10.266],[16.55,56.385],[4.204,25.169]],"o":[[-65.379,0],[-11.506,0],[0,38.538],[11.282,33.036],[2.88,10.008],[0,0],[11.506,0],[-6.421,-37.629],[-16.674,-56.808],[-2.094,-12.537]],"v":[[80.125,-158.666],[-189.709,-158.709],[-210.542,-137.876],[-180.568,25.229],[-139.042,174.113],[-116.709,194.947],[153.709,194.947],[174.542,174.113],[124.572,7.862],[93.68,-138.542]],"c":true}]},{"i":{"x":0.833,"y":0.833},"o":{"x":0.167,"y":0.167},"t":45,"s":[{"i":[[11.206,0],[0,0],[0,-10.868],[-7.938,-74.495],[-12.081,-12.767],[-11.506,0],[0,0],[5.549,12.233],[11.252,54.156],[2.202,44.104]],"o":[[-65.379,0],[-11.506,0],[0,20.187],[10.123,94.996],[12.419,11.733],[0,0],[11.506,0],[-7.835,-17.273],[-11.85,-58.582],[-1.097,-12.62]],"v":[[121.006,-157.88],[-178.828,-157.924],[-199.661,-137.09],[-192.46,28.946],[-151.757,186.684],[-105.638,203.017],[183.28,203.117],[198.614,186.45],[151.012,40.606],[142.561,-136.756]],"c":true}]},{"i":{"x":0.833,"y":0.833},"o":{"x":0.167,"y":0.167},"t":50,"s":[{"i":[[11.206,0],[0,0],[0,-11.126],[-3.53,-44.46],[-7.2,-7.608],[-11.506,0],[0,0],[3.307,11.939],[7.785,87.558],[1.312,52.52]],"o":[[-65.379,0],[-11.506,0],[0,12.03],[4.507,98.354],[7.401,11.641],[0,0],[11.506,0],[-4.669,-10.294],[-7.046,-65.654],[-0.654,-12.657]],"v":[[130.398,-162.642],[-169.436,-162.685],[-190.27,-141.852],[-185.978,29.929],[-160.887,177.928],[-124.985,196.08],[168.58,196.14],[186.135,177.789],[156.122,46.09],[151.953,-141.518]],"c":true}]},{"i":{"x":0.833,"y":0.833},"o":{"x":0.167,"y":0.167},"t":51,"s":[{"i":[[11.206,0],[0,0],[0,-11.177],[-2.648,-38.453],[-6.223,-6.577],[-11.506,0],[0,0],[2.859,11.881],[7.091,94.238],[1.134,54.203]],"o":[[-65.379,0],[-11.506,0],[0,10.399],[3.384,99.025],[6.398,11.623],[0,0],[11.506,0],[-4.036,-8.898],[-6.086,-67.068],[-0.565,-12.664]],"v":[[132.276,-163.594],[-167.558,-163.638],[-188.392,-142.804],[-184.682,30.126],[-162.713,177.547],[-128.854,196.062],[165.64,196.114],[183.64,177.427],[157.144,47.186],[153.831,-142.471]],"c":true}]},{"i":{"x":0.833,"y":0.833},"o":{"x":0.167,"y":0.167},"t":52,"s":[{"i":[[11.206,0],[0,0],[0,-11.229],[-1.766,-32.446],[-5.247,-5.545],[-11.506,0],[0,0],[2.41,11.822],[6.398,100.919],[0.956,55.886]],"o":[[-65.379,0],[-11.506,0],[0,8.768],[2.261,99.697],[5.394,11.605],[0,0],[11.506,0],[-3.403,-7.502],[-5.125,-68.483],[-0.476,-12.671]],"v":[[134.154,-164.547],[-165.68,-164.59],[-186.513,-143.757],[-183.386,30.323],[-164.54,174.695],[-132.723,193.574],[162.7,193.617],[181.144,174.594],[158.166,48.283],[155.709,-143.423]],"c":true}]},{"i":{"x":0.833,"y":0.833},"o":{"x":0.167,"y":0.167},"t":53,"s":[{"i":[[11.206,0],[0,0],[0,-11.281],[-0.885,-26.439],[-4.271,-4.513],[-11.506,0],[0,0],[1.962,11.763],[5.705,107.599],[0.779,57.569]],"o":[[-65.379,0],[-11.506,0],[0,7.137],[1.137,100.368],[4.391,11.586],[0,0],[11.506,0],[-2.77,-6.107],[-4.164,-69.897],[-0.388,-12.679]],"v":[[136.532,-165.499],[-163.802,-165.543],[-184.635,-144.709],[-182.089,30.519],[-166.366,167.492],[-136.593,186.734],[160.259,186.77],[179.148,167.409],[159.688,49.38],[158.088,-144.375]],"c":true}]},{"i":{"x":0.833,"y":0.833},"o":{"x":0.167,"y":0.167},"t":54,"s":[{"i":[[11.206,0],[0,0],[0,-11.332],[-0.003,-20.432],[-3.295,-3.482],[-11.506,0],[0,0],[1.513,11.704],[5.011,114.279],[0.601,59.252]],"o":[[-65.379,0],[-11.506,0],[0,5.505],[0.014,101.04],[3.387,11.568],[0,0],[11.506,0],[-2.137,-4.711],[-3.204,-71.312],[-0.299,-12.686]],"v":[[138.911,-166.451],[-161.923,-166.495],[-182.757,-145.662],[-180.793,30.716],[-168.192,164.407],[-140.462,184.014],[157.819,184.041],[177.153,164.344],[161.21,50.477],[160.466,-145.328]],"c":true}]},{"i":{"x":0.833,"y":0.833},"o":{"x":0.167,"y":0.167},"t":55,"s":[{"i":[[11.206,0],[0,0],[0,-11.361],[-0.002,-17.026],[-2.302,-8.784],[-11.506,0],[0,0],[1.261,11.671],[4.171,104.823],[0.5,60.199]],"o":[[-65.379,0],[-11.506,0],[0,4.588],[0.012,84.2],[2.823,11.558],[0,0],[11.506,0],[-1.518,-8.093],[-2.663,-72.107],[-0.249,-12.69]],"v":[[140.863,-167.487],[-159.971,-167.531],[-180.804,-146.697],[-179.168,30.327],[-170.334,157.119],[-143.753,176.93],[155.051,176.953],[174.634,157.066],[163.025,54.031],[162.418,-146.363]],"c":true}]},{"i":{"x":0.833,"y":0.833},"o":{"x":0.167,"y":0.167},"t":56,"s":[{"i":[[11.206,0],[0,0],[0,-11.39],[-0.002,-13.621],[-1.309,-14.087],[-11.506,0],[0,0],[1.009,11.638],[3.331,95.366],[0.4,61.146]],"o":[[-65.379,0],[-11.506,0],[0,3.67],[0.009,67.36],[2.258,11.547],[0,0],[11.506,0],[-0.9,-11.476],[-2.123,-72.903],[-0.199,-12.694]],"v":[[142.816,-167.523],[-158.018,-167.566],[-178.852,-146.733],[-177.543,29.937],[-172.475,156.921],[-147.044,176.937],[152.283,176.955],[172.116,156.879],[164.839,57.585],[164.371,-146.399]],"c":true}]},{"i":{"x":0.833,"y":0.833},"o":{"x":0.167,"y":0.167},"t":57,"s":[{"i":[[11.206,0],[0,0],[0,-11.419],[-0.001,-10.216],[-0.317,-19.39],[-11.506,0],[0,0],[0.757,11.605],[2.491,85.91],[0.3,62.093]],"o":[[-65.379,0],[-11.506,0],[0,2.753],[0.007,50.52],[1.694,11.537],[0,0],[11.506,0],[-0.281,-14.858],[-1.583,-73.699],[-0.15,-12.699]],"v":[[143.768,-168.559],[-157.066,-168.602],[-177.9,-147.769],[-176.918,29.548],[-174.617,153.883],[-150.336,174.103],[149.514,174.117],[169.598,153.852],[165.654,61.14],[165.323,-147.435]],"c":true}]},{"t":60,"s":[{"i":[[11.206,0],[0,0],[0,-11.506],[0,0],[0,0],[-11.506,0],[0,0],[0,11.506],[-0.029,57.54],[0,64.933]],"o":[[-65.379,0],[-11.506,0],[0,0],[0,0],[0,11.506],[0,0],[11.506,0],[0,0],[0.039,-76.085],[0,-12.711]],"v":[[150.625,-171.666],[-150.209,-171.709],[-171.042,-150.876],[-171.042,28.38],[-171.042,150.876],[-150.209,171.709],[151.209,171.709],[172.042,150.876],[172.097,71.803],[172.18,-150.542]],"c":true}]}],"ix":2},"nm":"Path 2","mn":"ADBE Vector Shape - Group","hd":false},{"ty":"tm","s":{"a":1,"k":[{"t":28,"s":[0],"h":1},{"i":{"x":[0.833],"y":[0.833]},"o":{"x":[0.167],"y":[0.167]},"t":32,"s":[0]},{"i":{"x":[0.833],"y":[0.833]},"o":{"x":[0.167],"y":[0.167]},"t":36,"s":[9]},{"i":{"x":[0.833],"y":[0.833]},"o":{"x":[0.167],"y":[0.167]},"t":42,"s":[8.923]},{"t":45,"s":[9]}],"ix":1},"e":{"a":1,"k":[{"t":28,"s":[100],"h":1},{"i":{"x":[0.833],"y":[0.833]},"o":{"x":[0.167],"y":[0.167]},"t":32,"s":[100]},{"i":{"x":[0.833],"y":[0.833]},"o":{"x":[0.167],"y":[0.167]},"t":36,"s":[96]},{"i":{"x":[0.833],"y":[0.833]},"o":{"x":[0.167],"y":[0.167]},"t":39,"s":[89.269]},{"i":{"x":[0.833],"y":[0.833]},"o":{"x":[0.167],"y":[0.167]},"t":40,"s":[89.692]},{"i":{"x":[0.833],"y":[0.833]},"o":{"x":[0.167],"y":[0.167]},"t":42,"s":[89.538]},{"t":45,"s":[89]}],"ix":2},"o":{"a":0,"k":0,"ix":3},"m":1,"ix":2,"nm":"Trim Paths 1","mn":"ADBE Vector Filter - Trim","hd":false},{"ty":"st","c":{"a":0,"k":[0.071,0.075,0.192,1],"ix":3,"x":"var $bm_rt;\n$bm_rt = comp('system-solid-120-text-snippet').layer('control').effect('primary')('Color');"},"o":{"a":0,"k":100,"ix":4},"w":{"a":0,"k":31.3,"ix":5},"lc":2,"lj":2,"bm":0,"nm":".primary","mn":"ADBE Vector Graphic - Stroke","hd":false,"cl":"primary"},{"ty":"tr","p":{"a":0,"k":[0,0],"ix":2},"a":{"a":0,"k":[0,0],"ix":1},"s":{"a":0,"k":[100,100],"ix":3},"r":{"a":0,"k":0,"ix":6},"o":{"a":0,"k":100,"ix":7},"sk":{"a":0,"k":0,"ix":4},"sa":{"a":0,"k":0,"ix":5},"nm":"Transform"}],"nm":"Group 1","np":3,"cix":2,"bm":0,"ix":1,"mn":"ADBE Vector Group","hd":false},{"ty":"fl","c":{"a":0,"k":[0.071,0.075,0.192,1],"ix":4,"x":"var $bm_rt;\n$bm_rt = comp('system-solid-120-text-snippet').layer('control').effect('primary')('Color');"},"o":{"a":0,"k":100,"ix":5},"r":1,"bm":0,"nm":".primary","mn":"ADBE Vector Graphic - Fill","hd":false,"cl":"primary"}],"ip":1,"op":60,"st":0,"ct":1,"bm":0},{"ddd":0,"ind":4,"ty":4,"nm":".primary.design","cl":"primary design","sr":1,"ks":{"o":{"a":0,"k":100,"ix":11},"r":{"a":0,"k":0,"ix":10},"p":{"a":0,"k":[353.335,145.995,0],"ix":2,"l":2},"a":{"a":0,"k":[0,0,0],"ix":1,"l":2},"s":{"a":0,"k":[100,100,100],"ix":6,"l":2}},"ao":0,"shapes":[{"ty":"gr","it":[{"ind":0,"ty":"sh","ix":1,"ks":{"a":1,"k":[{"i":{"x":0.833,"y":0.833},"o":{"x":0.167,"y":0.167},"t":32,"s":[{"i":[[0,0],[0,0],[0,0],[0,0]],"o":[[0,0],[0,0],[0,0],[0,0]],"v":[[-91.705,-89.705],[43.373,-79.842],[55.222,1.205],[43.393,-6.115]],"c":false}]},{"i":{"x":0.833,"y":0.833},"o":{"x":0.167,"y":0.167},"t":34,"s":[{"i":[[0,0],[0,0],[0,0],[0,0]],"o":[[0,0],[0,0],[0,0],[0,0]],"v":[[-31.641,-82.367],[37.903,-76.78],[63.164,52.722],[54.782,6.846]],"c":false}]},{"i":{"x":0.833,"y":0.833},"o":{"x":0.167,"y":0.167},"t":36,"s":[{"i":[[0,0],[0,0],[0,0],[0,0]],"o":[[0,0],[0,0],[0,0],[0,0]],"v":[[-89.577,-77.029],[41.433,-68.718],[62.606,57.24],[55.354,10.43]],"c":false}]},{"i":{"x":0.833,"y":0.833},"o":{"x":0.167,"y":0.167},"t":39,"s":[{"i":[[0,0],[0,0],[0,0],[0,0]],"o":[[0,0],[0,0],[0,0],[0,0]],"v":[[-82.981,-72.647],[21.727,-49.125],[64.019,61.017],[52.54,67.256]],"c":false}]},{"i":{"x":0.833,"y":0.833},"o":{"x":0.167,"y":0.167},"t":43,"s":[{"i":[[0,0],[0,0],[0,0],[0,0]],"o":[[0,0],[0,0],[0,0],[0,0]],"v":[[-75.638,-69.972],[8.787,-27.001],[66.046,62.052],[32.665,67.005]],"c":false}]},{"i":{"x":0.2,"y":1},"o":{"x":0.167,"y":0.167},"t":47,"s":[{"i":[[0,0],[0,0],[0,0],[0,0]],"o":[[0,0],[0,0],[0,0],[0,0]],"v":[[-65.705,-66.205],[-4.154,-4.877],[68.073,67.088],[57.302,56.357]],"c":false}]},{"t":60,"s":[{"i":[[0,0],[0,0],[0,0],[0,0]],"o":[[0,0],[0,0],[0,0],[0,0]],"v":[[-67.705,-67.705],[-5.395,-5.403],[67.722,67.705],[56.819,56.803]],"c":false}]}],"ix":2},"nm":"Path 1","mn":"ADBE Vector Shape - Group","hd":false},{"ty":"st","c":{"a":0,"k":[0.071,0.075,0.192,1],"ix":3,"x":"var $bm_rt;\n$bm_rt = comp('system-solid-120-text-snippet').layer('control').effect('primary')('Color');"},"o":{"a":0,"k":100,"ix":4},"w":{"a":0,"k":31.3,"ix":5},"lc":2,"lj":2,"bm":0,"nm":".primary","mn":"ADBE Vector Graphic - Stroke","hd":false,"cl":"primary"},{"ty":"tr","p":{"a":0,"k":[0,0],"ix":2},"a":{"a":0,"k":[0,0],"ix":1},"s":{"a":0,"k":[100,100],"ix":3},"r":{"a":0,"k":0,"ix":6},"o":{"a":0,"k":100,"ix":7},"sk":{"a":0,"k":0,"ix":4},"sa":{"a":0,"k":0,"ix":5},"nm":"Transform"}],"nm":"Group 1","np":2,"cix":2,"bm":0,"ix":1,"mn":"ADBE Vector Group","hd":false},{"ty":"fl","c":{"a":0,"k":[0.071,0.075,0.192,1],"ix":4,"x":"var $bm_rt;\n$bm_rt = comp('system-solid-120-text-snippet').layer('control').effect('primary')('Color');"},"o":{"a":0,"k":100,"ix":5},"r":1,"bm":0,"nm":".primary","mn":"ADBE Vector Graphic - Fill","hd":false,"cl":"primary"}],"ip":32,"op":60,"st":0,"ct":1,"bm":0}]},{"id":"comp_1","nm":"hover-text","fr":60,"layers":[{"ddd":0,"ind":1,"ty":4,"nm":".primary.design","cl":"primary design","sr":1,"ks":{"o":{"a":0,"k":100,"ix":11},"r":{"a":0,"k":0,"ix":10},"p":{"a":0,"k":[250,250,0],"ix":2,"l":2},"a":{"a":0,"k":[0,0,0],"ix":1,"l":2},"s":{"a":0,"k":[100,100,100],"ix":6,"l":2}},"ao":0,"shapes":[{"ty":"gr","it":[{"ind":0,"ty":"sh","ix":1,"ks":{"a":0,"k":{"i":[[11.458,0],[0,0],[0,11.458],[-11.458,0],[0,0],[0,-11.458]],"o":[[0,0],[-11.458,0],[0,-11.458],[0,0],[11.458,0],[0,11.458]],"v":[[83.379,41.667],[-83.287,41.667],[-104.121,20.833],[-83.287,0],[83.379,0],[104.213,20.833]],"c":true},"ix":2},"nm":"Path 1","mn":"ADBE Vector Shape - Group","hd":false},{"ind":1,"ty":"sh","ix":2,"ks":{"a":0,"k":{"i":[[11.458,0],[0,0],[0,11.458],[-11.458,0],[0,0],[0,-11.458]],"o":[[0,0],[-11.458,0],[0,-11.458],[0,0],[11.458,0],[0,11.458]],"v":[[83.379,125],[-83.287,125],[-104.121,104.167],[-83.287,83.333],[83.379,83.333],[104.213,104.167]],"c":true},"ix":2},"nm":"Path 2","mn":"ADBE Vector Shape - Group","hd":false},{"ind":2,"ty":"sh","ix":3,"ks":{"a":0,"k":{"i":[[-11.458,0],[0,0],[0,-11.458],[11.458,0],[0,0],[0,11.458]],"o":[[0,0],[11.458,0],[0,11.458],[0,0],[-11.458,0],[0,-11.458]],"v":[[-83.287,-83.333],[20.879,-83.333],[41.713,-62.5],[20.879,-41.667],[-83.287,-41.667],[-104.121,-62.5]],"c":true},"ix":2},"nm":"Path 3","mn":"ADBE Vector Shape - Group","hd":false},{"ind":3,"ty":"sh","ix":4,"ks":{"a":0,"k":{"i":[[3.75,3.75],[0,0],[5.417,0],[0,0],[0,-22.708],[0,0],[-22.708,0],[0,0],[0,22.708],[0,0]],"o":[[0,0],[-3.75,-3.75],[0,0],[-22.708,0],[0,0],[0,22.708],[0,0],[22.708,0],[0,0],[0,-5.417]],"v":[[181.504,-50],[50.046,-181.458],[35.463,-187.5],[-146.412,-187.5],[-187.454,-146.458],[-187.454,146.458],[-146.412,187.5],[146.504,187.5],[187.546,146.458],[187.546,-35.417]],"c":true},"ix":2},"nm":"Path 4","mn":"ADBE Vector Shape - Group","hd":false},{"ty":"fl","c":{"a":0,"k":[0.071,0.075,0.192,1],"ix":4,"x":"var $bm_rt;\n$bm_rt = comp('system-solid-120-text-snippet').layer('control').effect('primary')('Color');"},"o":{"a":0,"k":100,"ix":5},"r":1,"bm":0,"nm":".primary","mn":"ADBE Vector Graphic - Fill","hd":false,"cl":"primary"},{"ty":"tr","p":{"a":0,"k":[0,0],"ix":2},"a":{"a":0,"k":[0,0],"ix":1},"s":{"a":0,"k":[100,100],"ix":3},"r":{"a":0,"k":0,"ix":6},"o":{"a":0,"k":100,"ix":7},"sk":{"a":0,"k":0,"ix":4},"sa":{"a":0,"k":0,"ix":5},"nm":"Transform"}],"nm":"Group 1","np":5,"cix":2,"bm":0,"ix":1,"mn":"ADBE Vector Group","hd":false}],"ip":0,"op":1,"st":-60,"ct":1,"bm":0},{"ddd":0,"ind":2,"ty":4,"nm":".primary.design","cl":"primary design","sr":1,"ks":{"o":{"a":0,"k":100,"ix":11},"r":{"a":0,"k":0,"ix":10},"p":{"a":0,"k":[250,250,0],"ix":2,"l":2},"a":{"a":0,"k":[0,0,0],"ix":1,"l":2},"s":{"a":0,"k":[100,100,100],"ix":6,"l":2}},"ao":0,"shapes":[{"ty":"gr","it":[{"ind":0,"ty":"sh","ix":1,"ks":{"a":0,"k":{"i":[[11.458,0],[0,0],[0,11.458],[-11.458,0],[0,0],[0,-11.458]],"o":[[0,0],[-11.458,0],[0,-11.458],[0,0],[11.458,0],[0,11.458]],"v":[[83.379,41.667],[-83.287,41.667],[-104.121,20.833],[-83.287,0],[83.379,0],[104.213,20.833]],"c":true},"ix":2},"nm":"Path 1","mn":"ADBE Vector Shape - Group","hd":false},{"ind":1,"ty":"sh","ix":2,"ks":{"a":0,"k":{"i":[[11.458,0],[0,0],[0,11.458],[-11.458,0],[0,0],[0,-11.458]],"o":[[0,0],[-11.458,0],[0,-11.458],[0,0],[11.458,0],[0,11.458]],"v":[[83.379,125],[-83.287,125],[-104.121,104.167],[-83.287,83.333],[83.379,83.333],[104.213,104.167]],"c":true},"ix":2},"nm":"Path 2","mn":"ADBE Vector Shape - Group","hd":false},{"ind":2,"ty":"sh","ix":3,"ks":{"a":0,"k":{"i":[[-11.458,0],[0,0],[0,-11.458],[11.458,0],[0,0],[0,11.458]],"o":[[0,0],[11.458,0],[0,11.458],[0,0],[-11.458,0],[0,-11.458]],"v":[[-83.287,-83.333],[20.879,-83.333],[41.713,-62.5],[20.879,-41.667],[-83.287,-41.667],[-104.121,-62.5]],"c":true},"ix":2},"nm":"Path 3","mn":"ADBE Vector Shape - Group","hd":false},{"ind":3,"ty":"sh","ix":4,"ks":{"a":0,"k":{"i":[[3.75,3.75],[0,0],[5.417,0],[0,0],[0,-22.708],[0,0],[-22.708,0],[0,0],[0,22.708],[0,0]],"o":[[0,0],[-3.75,-3.75],[0,0],[-22.708,0],[0,0],[0,22.708],[0,0],[22.708,0],[0,0],[0,-5.417]],"v":[[181.504,-50],[50.046,-181.458],[35.463,-187.5],[-146.412,-187.5],[-187.454,-146.458],[-187.454,146.458],[-146.412,187.5],[146.504,187.5],[187.546,146.458],[187.546,-35.417]],"c":true},"ix":2},"nm":"Path 4","mn":"ADBE Vector Shape - Group","hd":false},{"ty":"fl","c":{"a":0,"k":[0.071,0.075,0.192,1],"ix":4,"x":"var $bm_rt;\n$bm_rt = comp('system-solid-120-text-snippet').layer('control').effect('primary')('Color');"},"o":{"a":0,"k":100,"ix":5},"r":1,"bm":0,"nm":".primary","mn":"ADBE Vector Graphic - Fill","hd":false,"cl":"primary"},{"ty":"tr","p":{"a":0,"k":[0,0],"ix":2},"a":{"a":0,"k":[0,0],"ix":1},"s":{"a":0,"k":[100,100],"ix":3},"r":{"a":0,"k":0,"ix":6},"o":{"a":0,"k":100,"ix":7},"sk":{"a":0,"k":0,"ix":4},"sa":{"a":0,"k":0,"ix":5},"nm":"Transform"}],"nm":"Group 1","np":5,"cix":2,"bm":0,"ix":1,"mn":"ADBE Vector Group","hd":false}],"ip":60,"op":300,"st":0,"ct":1,"bm":0},{"ddd":0,"ind":3,"ty":4,"nm":".primary.design","cl":"primary design","parent":4,"td":1,"sr":1,"ks":{"o":{"a":0,"k":100,"ix":11},"r":{"a":0,"k":0,"ix":10},"p":{"a":0,"k":[0,-0.002,0],"ix":2,"l":2},"a":{"a":0,"k":[250.003,250.001,0],"ix":1,"l":2},"s":{"a":0,"k":[100,100,100],"ix":6,"l":2}},"ao":0,"shapes":[{"ty":"gr","it":[{"ind":0,"ty":"sh","ix":1,"ks":{"a":1,"k":[{"i":{"x":0.833,"y":0.833},"o":{"x":0.333,"y":0},"t":5,"s":[{"i":[[0,0],[0,0]],"o":[[0,0],[0,0]],"v":[[-199.791,-0.303],[202.041,0.525]],"c":false}]},{"i":{"x":0.833,"y":0.833},"o":{"x":0.167,"y":0.167},"t":14,"s":[{"i":[[0,0],[0,0]],"o":[[0,0],[0,0]],"v":[[-227.98,2.025],[264.288,-1.778]],"c":false}]},{"i":{"x":0.667,"y":1},"o":{"x":0.167,"y":0.167},"t":26,"s":[{"i":[[0,0],[0,0]],"o":[[0,0],[0,0]],"v":[[-227.98,2.025],[264.288,-1.778]],"c":false}]},{"t":45,"s":[{"i":[[0,0],[0,0]],"o":[[0,0],[0,0]],"v":[[-199.791,-0.303],[202.041,0.525]],"c":false}]}],"ix":2},"nm":"Path 1","mn":"ADBE Vector Shape - Group","hd":false},{"ty":"st","c":{"a":0,"k":[1,0,0,1],"ix":3},"o":{"a":0,"k":100,"ix":4},"w":{"a":0,"k":41,"ix":5},"lc":2,"lj":2,"bm":0,"nm":"Stroke 1","mn":"ADBE Vector Graphic - Stroke","hd":false},{"ty":"tm","s":{"a":1,"k":[{"i":{"x":[0.833],"y":[0.833]},"o":{"x":[0.8],"y":[0]},"t":5,"s":[29]},{"t":15,"s":[8],"h":1},{"i":{"x":[0.833],"y":[0.833]},"o":{"x":[0.167],"y":[0.167]},"t":22,"s":[93]},{"i":{"x":[0.1],"y":[1]},"o":{"x":[0.167],"y":[0.167]},"t":23,"s":[93]},{"t":45,"s":[29.2]}],"ix":1},"e":{"a":1,"k":[{"i":{"x":[0.833],"y":[0.833]},"o":{"x":[0.167],"y":[0]},"t":9,"s":[71]},{"t":19,"s":[8],"h":1},{"i":{"x":[0.833],"y":[0.833]},"o":{"x":[0.167],"y":[0.167]},"t":22,"s":[93]},{"i":{"x":[0.1],"y":[1]},"o":{"x":[0.167],"y":[0.167]},"t":32,"s":[92]},{"t":54,"s":[71]}],"ix":2},"o":{"a":0,"k":0,"ix":3},"m":1,"ix":3,"nm":"Trim Paths 1","mn":"ADBE Vector Filter - Trim","hd":false},{"ty":"tr","p":{"a":0,"k":[249.454,354.121],"ix":2},"a":{"a":0,"k":[0,0],"ix":1},"s":{"a":0,"k":[100,100],"ix":3},"r":{"a":0,"k":0,"ix":6},"o":{"a":0,"k":100,"ix":7},"sk":{"a":0,"k":0,"ix":4},"sa":{"a":0,"k":0,"ix":5},"nm":"Transform"}],"nm":"Group 1","np":3,"cix":2,"bm":0,"ix":1,"mn":"ADBE Vector Group","hd":false},{"ty":"gr","it":[{"ind":0,"ty":"sh","ix":1,"ks":{"a":1,"k":[{"i":{"x":0.833,"y":0.833},"o":{"x":0.333,"y":0},"t":5,"s":[{"i":[[0,0],[0,0]],"o":[[0,0],[0,0]],"v":[[-158.125,-0.303],[223.375,0.293]],"c":false}]},{"i":{"x":0.833,"y":0.833},"o":{"x":0.167,"y":0.167},"t":14,"s":[{"i":[[0,0],[0,0]],"o":[[0,0],[0,0]],"v":[[-186.313,2.025],[285.622,-2.011]],"c":false}]},{"i":{"x":0.667,"y":1},"o":{"x":0.167,"y":0.167},"t":26,"s":[{"i":[[0,0],[0,0]],"o":[[0,0],[0,0]],"v":[[-186.313,2.025],[285.622,-2.011]],"c":false}]},{"t":45,"s":[{"i":[[0,0],[0,0]],"o":[[0,0],[0,0]],"v":[[-158.125,-0.303],[223.375,0.293]],"c":false}]}],"ix":2},"nm":"Path 1","mn":"ADBE Vector Shape - Group","hd":false},{"ty":"st","c":{"a":0,"k":[1,0,0,1],"ix":3},"o":{"a":0,"k":100,"ix":4},"w":{"a":0,"k":41,"ix":5},"lc":2,"lj":2,"bm":0,"nm":"Stroke 1","mn":"ADBE Vector Graphic - Stroke","hd":false},{"ty":"tm","s":{"a":1,"k":[{"i":{"x":[0.833],"y":[0.833]},"o":{"x":[0.8],"y":[0]},"t":1,"s":[30.8]},{"t":11,"s":[8],"h":1},{"i":{"x":[0.833],"y":[0.833]},"o":{"x":[0.167],"y":[0.167]},"t":18,"s":[90]},{"i":{"x":[0.2],"y":[1]},"o":{"x":[0.167],"y":[0.167]},"t":19,"s":[91]},{"t":41,"s":[30.8]}],"ix":1},"e":{"a":1,"k":[{"i":{"x":[0.833],"y":[0.833]},"o":{"x":[0.167],"y":[0]},"t":5,"s":[57.7]},{"t":15,"s":[8],"h":1},{"i":{"x":[0.833],"y":[0.833]},"o":{"x":[0.167],"y":[0.167]},"t":18,"s":[90]},{"i":{"x":[0.2],"y":[1]},"o":{"x":[0.167],"y":[0.167]},"t":28,"s":[89]},{"t":50,"s":[57.7]}],"ix":2},"o":{"a":0,"k":0,"ix":3},"m":1,"ix":3,"nm":"Trim Paths 1","mn":"ADBE Vector Filter - Trim","hd":false},{"ty":"tr","p":{"a":0,"k":[208.226,187.289],"ix":2},"a":{"a":0,"k":[0,0],"ix":1},"s":{"a":0,"k":[100,100],"ix":3},"r":{"a":0,"k":0,"ix":6},"o":{"a":0,"k":100,"ix":7},"sk":{"a":0,"k":0,"ix":4},"sa":{"a":0,"k":0,"ix":5},"nm":"Transform"}],"nm":"Group 2","np":3,"cix":2,"bm":0,"ix":2,"mn":"ADBE Vector Group","hd":false},{"ty":"gr","it":[{"ind":0,"ty":"sh","ix":1,"ks":{"a":1,"k":[{"i":{"x":0.833,"y":0.833},"o":{"x":0.333,"y":0},"t":5,"s":[{"i":[[0,0],[0,0]],"o":[[0,0],[0,0]],"v":[[-199.791,-0.303],[202.041,0.525]],"c":false}]},{"i":{"x":0.833,"y":0.833},"o":{"x":0.167,"y":0.167},"t":14,"s":[{"i":[[0,0],[0,0]],"o":[[0,0],[0,0]],"v":[[-227.98,2.025],[264.288,-1.778]],"c":false}]},{"i":{"x":0.667,"y":1},"o":{"x":0.167,"y":0.167},"t":26,"s":[{"i":[[0,0],[0,0]],"o":[[0,0],[0,0]],"v":[[-227.98,2.025],[264.288,-1.778]],"c":false}]},{"t":45,"s":[{"i":[[0,0],[0,0]],"o":[[0,0],[0,0]],"v":[[-199.791,-0.303],[202.041,0.525]],"c":false}]}],"ix":2},"nm":"Path 1","mn":"ADBE Vector Shape - Group","hd":false},{"ty":"st","c":{"a":0,"k":[1,0,0,1],"ix":3},"o":{"a":0,"k":100,"ix":4},"w":{"a":0,"k":41,"ix":5},"lc":2,"lj":2,"bm":0,"nm":"Stroke 1","mn":"ADBE Vector Graphic - Stroke","hd":false},{"ty":"tm","s":{"a":1,"k":[{"i":{"x":[0.833],"y":[0.833]},"o":{"x":[0.8],"y":[0]},"t":3,"s":[29.3]},{"t":13,"s":[8],"h":1},{"i":{"x":[0.833],"y":[0.833]},"o":{"x":[0.167],"y":[0.167]},"t":20,"s":[93]},{"i":{"x":[0.1],"y":[1]},"o":{"x":[0.167],"y":[0.167]},"t":21,"s":[93]},{"t":43,"s":[29.2]}],"ix":1},"e":{"a":1,"k":[{"i":{"x":[0.833],"y":[0.833]},"o":{"x":[0.8],"y":[0]},"t":7,"s":[71]},{"t":17,"s":[8],"h":1},{"i":{"x":[0.833],"y":[0.833]},"o":{"x":[0.167],"y":[0.167]},"t":20,"s":[93]},{"i":{"x":[0.1],"y":[1]},"o":{"x":[0.167],"y":[0.167]},"t":30,"s":[92]},{"t":52,"s":[71]}],"ix":2},"o":{"a":0,"k":0,"ix":3},"m":1,"ix":3,"nm":"Trim Paths 1","mn":"ADBE Vector Filter - Trim","hd":false},{"ty":"st","c":{"a":0,"k":[1,1,1,1],"ix":3},"o":{"a":0,"k":100,"ix":4},"w":{"a":0,"k":2,"ix":5},"lc":2,"lj":2,"bm":0,"nm":"Stroke 2","mn":"ADBE Vector Graphic - Stroke","hd":false},{"ty":"st","c":{"a":0,"k":[1,1,1,1],"ix":3},"o":{"a":0,"k":100,"ix":4},"w":{"a":0,"k":2,"ix":5},"lc":2,"lj":2,"bm":0,"nm":"Stroke 3","mn":"ADBE Vector Graphic - Stroke","hd":false},{"ty":"tr","p":{"a":0,"k":[249.684,270.208],"ix":2},"a":{"a":0,"k":[0,0],"ix":1},"s":{"a":0,"k":[100,100],"ix":3},"r":{"a":0,"k":0,"ix":6},"o":{"a":0,"k":100,"ix":7},"sk":{"a":0,"k":0,"ix":4},"sa":{"a":0,"k":0,"ix":5},"nm":"Transform"}],"nm":"Group 3","np":5,"cix":2,"bm":0,"ix":3,"mn":"ADBE Vector Group","hd":false}],"ip":1,"op":60,"st":0,"ct":1,"bm":0},{"ddd":0,"ind":4,"ty":4,"nm":".primary.design","cl":"primary design","tt":2,"tp":3,"sr":1,"ks":{"o":{"a":0,"k":100,"ix":11},"r":{"a":1,"k":[{"i":{"x":[0.142],"y":[1]},"o":{"x":[0.333],"y":[0]},"t":0,"s":[0]},{"i":{"x":[0.229],"y":[1]},"o":{"x":[0.333],"y":[0]},"t":26,"s":[-4]},{"t":60,"s":[0]}],"ix":10},"p":{"a":1,"k":[{"i":{"x":0.17,"y":1},"o":{"x":0.333,"y":0},"t":0,"s":[250.004,250.003,0],"to":[0,0,0],"ti":[0,0,0]},{"i":{"x":0.251,"y":1},"o":{"x":0.333,"y":0},"t":17,"s":[199.004,250.003,0],"to":[0,0,0],"ti":[0,0,0]},{"t":60,"s":[250.004,250.003,0]}],"ix":2,"l":2},"a":{"a":0,"k":[0,0,0],"ix":1,"l":2},"s":{"a":0,"k":[100,100,100],"ix":6,"l":2}},"ao":0,"shapes":[{"ty":"gr","it":[{"ind":0,"ty":"sh","ix":1,"ks":{"a":0,"k":{"i":[[3.75,3.75],[0,0],[5.417,0],[0,0],[0,-22.708],[0,0],[-22.708,0],[0,0],[0,22.708],[0,0]],"o":[[0,0],[-3.75,-3.75],[0,0],[-22.708,0],[0,0],[0,22.708],[0,0],[22.708,0],[0,0],[0,-5.417]],"v":[[181.504,-50],[50.046,-181.458],[35.463,-187.5],[-146.412,-187.5],[-187.454,-146.458],[-187.454,146.458],[-146.412,187.5],[146.504,187.5],[187.546,146.458],[187.546,-35.417]],"c":true},"ix":2},"nm":"Path 4","mn":"ADBE Vector Shape - Group","hd":false},{"ty":"fl","c":{"a":0,"k":[0.071,0.075,0.192,1],"ix":4,"x":"var $bm_rt;\n$bm_rt = comp('system-solid-120-text-snippet').layer('control').effect('primary')('Color');"},"o":{"a":0,"k":100,"ix":5},"r":1,"bm":0,"nm":".primary","mn":"ADBE Vector Graphic - Fill","hd":false,"cl":"primary"},{"ty":"tr","p":{"a":0,"k":[0,0],"ix":2},"a":{"a":0,"k":[0,0],"ix":1},"s":{"a":0,"k":[100,100],"ix":3},"r":{"a":0,"k":0,"ix":6},"o":{"a":0,"k":100,"ix":7},"sk":{"a":0,"k":0,"ix":4},"sa":{"a":0,"k":0,"ix":5},"nm":"Transform"}],"nm":"Group 1","np":2,"cix":2,"bm":0,"ix":1,"mn":"ADBE Vector Group","hd":false}],"ip":1,"op":60,"st":-60,"ct":1,"bm":0}]}],"layers":[{"ddd":0,"ind":1,"ty":3,"nm":"control","sr":1,"ks":{"o":{"a":0,"k":0,"ix":11},"r":{"a":0,"k":0,"ix":10},"p":{"a":0,"k":[0,0],"ix":2,"l":2},"a":{"a":0,"k":[0,0,0],"ix":1,"l":2},"s":{"a":0,"k":[100,100,100],"ix":6,"l":2}},"ao":0,"ef":[{"ty":5,"nm":"primary","np":3,"mn":"ADBE Color Control","ix":1,"en":1,"ef":[{"ty":2,"nm":"Color","mn":"ADBE Color Control-0001","ix":1,"v":{"a":0,"k":[0.071,0.075,0.192],"ix":1}}]}],"ip":0,"op":131,"st":0,"bm":0},{"ddd":0,"ind":2,"ty":0,"nm":"in-text","refId":"comp_0","sr":1,"ks":{"o":{"a":0,"k":100,"ix":11},"r":{"a":0,"k":0,"ix":10},"p":{"a":0,"k":[250,250,0],"ix":2,"l":2},"a":{"a":0,"k":[250,250,0],"ix":1,"l":2},"s":{"a":0,"k":[100,100,100],"ix":6,"l":2}},"ao":0,"w":500,"h":500,"ip":0,"op":70,"st":0,"bm":0},{"ddd":0,"ind":3,"ty":0,"nm":"hover-text","refId":"comp_1","sr":1,"ks":{"o":{"a":0,"k":100,"ix":11},"r":{"a":0,"k":0,"ix":10},"p":{"a":0,"k":[250,250,0],"ix":2,"l":2},"a":{"a":0,"k":[250,250,0],"ix":1,"l":2},"s":{"a":0,"k":[100,100,100],"ix":6,"l":2}},"ao":0,"w":500,"h":500,"ip":70,"op":140,"st":70,"bm":0}],"markers":[{"tm":0,"cm":"in-text","dr":60},{"tm":70,"cm":"default:hover-text","dr":60}],"props":{}}