{"v":"5.12.1","fr":60,"ip":70,"op":130,"w":500,"h":500,"nm":"system-solid-114-edit-pencil-rename","ddd":0,"assets":[{"id":"comp_0","nm":"in-edit","fr":60,"layers":[{"ddd":0,"ind":1,"ty":4,"nm":".primary.design","cl":"primary design","parent":5,"sr":1,"ks":{"o":{"a":0,"k":100,"ix":11},"r":{"a":0,"k":0,"ix":10},"p":{"a":0,"k":[250.046,250.273,0],"ix":2,"l":2},"a":{"a":0,"k":[250.046,250.273,0],"ix":1,"l":2},"s":{"a":0,"k":[100,100,100],"ix":6,"l":2}},"ao":0,"shapes":[{"ty":"gr","it":[{"ind":0,"ty":"sh","ix":1,"ks":{"a":1,"k":[{"i":{"x":0.667,"y":1},"o":{"x":0.333,"y":0},"t":46,"s":[{"i":[[0,0],[0,0],[0,0],[0,-5.625],[0,0],[-11.458,0],[-17.65,0.238],[-5.552,5.207]],"o":[[0,0],[0,0],[-4.167,3.75],[0,0],[0,11.458],[0,0],[13.5,-0.182],[54.932,-51.519]],"v":[[54.166,-37.396],[-36.458,-128.021],[-201.875,29.688],[-208.333,44.687],[-208.333,107.187],[-187.5,128.021],[-134.546,128.036],[-108.744,119.147]],"c":true}]},{"i":{"x":0.667,"y":1},"o":{"x":0.333,"y":0},"t":49,"s":[{"i":[[0,0],[0,0],[0,0],[0,-5.625],[0,0],[-11.458,0],[-17.65,0.238],[-5.552,5.207]],"o":[[0,0],[0,0],[-4.167,3.75],[0,0],[0,11.458],[0,0],[13.5,-0.182],[54.932,-51.519]],"v":[[38.255,-22.17],[-52.369,-112.794],[-201.875,29.688],[-208.333,44.687],[-208.333,107.187],[-187.5,128.021],[-134.546,128.036],[-108.744,119.147]],"c":true}]},{"t":52,"s":[{"i":[[0,0],[0,0],[0,0],[0,-5.625],[0,0],[-11.458,0],[-17.65,0.238],[-5.552,5.207]],"o":[[0,0],[0,0],[-4.167,3.75],[0,0],[0,11.458],[0,0],[13.5,-0.182],[54.932,-51.519]],"v":[[54.166,-37.396],[-36.458,-128.021],[-201.875,29.688],[-208.333,44.687],[-208.333,107.187],[-187.5,128.021],[-134.546,128.036],[-108.744,119.147]],"c":true}]}],"ix":2},"nm":"Path 1","mn":"ADBE Vector Shape - Group","hd":false},{"ty":"fl","c":{"a":0,"k":[0.071,0.075,0.192,1],"ix":4,"x":"var $bm_rt;\n$bm_rt = comp('system-solid-114-edit-pencil-rename').layer('control').effect('primary')('Color');"},"o":{"a":0,"k":100,"ix":5},"r":1,"bm":0,"nm":".primary","mn":"ADBE Vector Graphic - Fill","hd":false,"cl":"primary"},{"ty":"tr","p":{"a":0,"k":[250.046,288.646],"ix":2},"a":{"a":0,"k":[0,0],"ix":1},"s":{"a":0,"k":[100,100],"ix":3},"r":{"a":0,"k":0,"ix":6},"o":{"a":0,"k":100,"ix":7},"sk":{"a":0,"k":0,"ix":4},"sa":{"a":0,"k":0,"ix":5},"nm":"Transform"}],"nm":"Group 1","np":2,"cix":2,"bm":0,"ix":1,"mn":"ADBE Vector Group","hd":false},{"ty":"gr","it":[{"ind":0,"ty":"sh","ix":1,"ks":{"a":1,"k":[{"i":{"x":0.667,"y":1},"o":{"x":0.333,"y":0},"t":46,"s":[{"i":[[0,0],[0,11.875],[9.167,9.167],[0,0],[16.042,-16.041],[0,0],[0,0]],"o":[[8.334,-8.542],[0,-11.875],[0,0],[-16.666,-16.666],[0,0],[0,0],[0,0]],"v":[[57.917,31.914],[70.833,0.456],[57.084,-31.627],[29.167,-56.836],[-33.125,-57.044],[-70.833,-21.21],[19.583,69.206]],"c":true}]},{"i":{"x":0.667,"y":1},"o":{"x":0.333,"y":0},"t":49,"s":[{"i":[[0,0],[0,11.875],[9.167,9.167],[0,0],[16.042,-16.041],[0,0],[0,0]],"o":[[8.334,-8.542],[0,-11.875],[0,0],[-16.666,-16.666],[0,0],[0,0],[0,0]],"v":[[42.006,47.141],[54.922,15.682],[41.173,-16.401],[13.256,-41.609],[-49.036,-41.818],[-86.744,-5.984],[3.672,84.432]],"c":true}]},{"t":52,"s":[{"i":[[0,0],[0,11.875],[9.167,9.167],[0,0],[16.042,-16.041],[0,0],[0,0]],"o":[[8.334,-8.542],[0,-11.875],[0,0],[-16.666,-16.666],[0,0],[0,0],[0,0]],"v":[[57.917,31.914],[70.833,0.456],[57.084,-31.627],[29.167,-56.836],[-33.125,-57.044],[-70.833,-21.21],[19.583,69.206]],"c":true}]}],"ix":2},"nm":"Path 1","mn":"ADBE Vector Shape - Group","hd":false},{"ty":"fl","c":{"a":0,"k":[0.071,0.075,0.192,1],"ix":4,"x":"var $bm_rt;\n$bm_rt = comp('system-solid-114-edit-pencil-rename').layer('control').effect('primary')('Color');"},"o":{"a":0,"k":100,"ix":5},"r":1,"bm":0,"nm":".primary","mn":"ADBE Vector Graphic - Fill","hd":false,"cl":"primary"},{"ty":"tr","p":{"a":0,"k":[314.629,153.086],"ix":2},"a":{"a":0,"k":[0,0],"ix":1},"s":{"a":0,"k":[100,100],"ix":3},"r":{"a":0,"k":0,"ix":6},"o":{"a":0,"k":100,"ix":7},"sk":{"a":0,"k":0,"ix":4},"sa":{"a":0,"k":0,"ix":5},"nm":"Transform"}],"nm":"Group 2","np":2,"cix":2,"bm":0,"ix":2,"mn":"ADBE Vector Group","hd":false}],"ip":1,"op":60,"st":0,"ct":1,"bm":0},{"ddd":0,"ind":2,"ty":4,"nm":".primary.design","cl":"primary design","sr":1,"ks":{"o":{"a":0,"k":100,"ix":11},"r":{"a":0,"k":0,"ix":10},"p":{"a":0,"k":[250.046,250.273,0],"ix":2,"l":2},"a":{"a":0,"k":[250.046,250.273,0],"ix":1,"l":2},"s":{"a":0,"k":[100,100,100],"ix":6,"l":2}},"ao":0,"shapes":[{"ty":"gr","it":[{"ind":0,"ty":"sh","ix":1,"ks":{"a":0,"k":{"i":[[11.458,0],[0,0],[0,0],[0,0],[0,0],[0,-5.625],[0,0],[-11.458,0],[0,0],[0,0],[0,11.458]],"o":[[0,0],[0,0],[0,0],[0,0],[-4.167,3.75],[0,0],[0,11.458],[0,0],[0,0],[11.458,0],[0,-11.458]],"v":[[187.5,86.354],[-73.461,86.354],[54.166,-37.396],[-36.458,-128.021],[-201.875,29.688],[-208.333,44.687],[-208.333,107.187],[-187.5,128.021],[-125,128.021],[187.5,128.021],[208.333,107.187]],"c":true},"ix":2},"nm":"Path 1","mn":"ADBE Vector Shape - Group","hd":false},{"ty":"fl","c":{"a":0,"k":[0.071,0.075,0.192,1],"ix":4,"x":"var $bm_rt;\n$bm_rt = comp('system-solid-114-edit-pencil-rename').layer('control').effect('primary')('Color');"},"o":{"a":0,"k":100,"ix":5},"r":1,"bm":0,"nm":".primary","mn":"ADBE Vector Graphic - Fill","hd":false,"cl":"primary"},{"ty":"tr","p":{"a":0,"k":[250.046,288.646],"ix":2},"a":{"a":0,"k":[0,0],"ix":1},"s":{"a":0,"k":[100,100],"ix":3},"r":{"a":0,"k":0,"ix":6},"o":{"a":0,"k":100,"ix":7},"sk":{"a":0,"k":0,"ix":4},"sa":{"a":0,"k":0,"ix":5},"nm":"Transform"}],"nm":"Group 1","np":2,"cix":2,"bm":0,"ix":1,"mn":"ADBE Vector Group","hd":false},{"ty":"gr","it":[{"ind":0,"ty":"sh","ix":1,"ks":{"a":0,"k":{"i":[[0,0],[0,11.875],[9.167,9.167],[0,0],[16.042,-16.041],[0,0],[0,0]],"o":[[8.334,-8.542],[0,-11.875],[0,0],[-16.666,-16.666],[0,0],[0,0],[0,0]],"v":[[57.917,31.914],[70.833,0.456],[57.084,-31.627],[29.167,-56.836],[-33.125,-57.044],[-70.833,-21.21],[19.583,69.206]],"c":true},"ix":2},"nm":"Path 1","mn":"ADBE Vector Shape - Group","hd":false},{"ty":"fl","c":{"a":0,"k":[0.071,0.075,0.192,1],"ix":4,"x":"var $bm_rt;\n$bm_rt = comp('system-solid-114-edit-pencil-rename').layer('control').effect('primary')('Color');"},"o":{"a":0,"k":100,"ix":5},"r":1,"bm":0,"nm":".primary","mn":"ADBE Vector Graphic - Fill","hd":false,"cl":"primary"},{"ty":"tr","p":{"a":0,"k":[314.629,153.086],"ix":2},"a":{"a":0,"k":[0,0],"ix":1},"s":{"a":0,"k":[100,100],"ix":3},"r":{"a":0,"k":0,"ix":6},"o":{"a":0,"k":100,"ix":7},"sk":{"a":0,"k":0,"ix":4},"sa":{"a":0,"k":0,"ix":5},"nm":"Transform"}],"nm":"Group 2","np":2,"cix":2,"bm":0,"ix":2,"mn":"ADBE Vector Group","hd":false}],"ip":60,"op":300,"st":0,"ct":1,"bm":0},{"ddd":0,"ind":3,"ty":4,"nm":".primary.design","cl":"primary design","sr":1,"ks":{"o":{"a":0,"k":100,"ix":11},"r":{"a":0,"k":0,"ix":10},"p":{"a":0,"k":[287.852,396.045,0],"ix":2,"l":2},"a":{"a":0,"k":[0,0,0],"ix":1,"l":2},"s":{"a":0,"k":[100,100,100],"ix":6,"l":2}},"ao":0,"shapes":[{"ty":"gr","it":[{"ind":0,"ty":"sh","ix":1,"ks":{"a":1,"k":[{"i":{"x":0.833,"y":0.833},"o":{"x":0.167,"y":0.167},"t":51,"s":[{"i":[[0,0],[0,0]],"o":[[0,0],[0,0]],"v":[[-158.855,0],[158.855,0]],"c":false}]},{"i":{"x":0.833,"y":0.833},"o":{"x":0.167,"y":0.167},"t":55,"s":[{"i":[[0,0],[0,0]],"o":[[0,0],[0,0]],"v":[[-206.355,0.023],[158.855,0]],"c":false}]},{"i":{"x":0.833,"y":0.833},"o":{"x":0.167,"y":0.167},"t":59,"s":[{"i":[[0,0],[0,0]],"o":[[0,0],[0,0]],"v":[[-225.855,0.045],[158.855,0]],"c":false}]},{"t":60,"s":[{"i":[[0,0],[0,0]],"o":[[0,0],[0,0]],"v":[[-158.855,0],[158.855,0]],"c":false}]}],"ix":2},"nm":"Path 1","mn":"ADBE Vector Shape - Group","hd":false},{"ty":"tm","s":{"a":0,"k":0,"ix":1},"e":{"a":0,"k":97,"ix":2},"o":{"a":0,"k":0,"ix":3},"m":1,"ix":2,"nm":"Trim Paths 1","mn":"ADBE Vector Filter - Trim","hd":false},{"ty":"st","c":{"a":0,"k":[0.071,0.075,0.192,1],"ix":3,"x":"var $bm_rt;\n$bm_rt = comp('system-solid-114-edit-pencil-rename').layer('control').effect('primary')('Color');"},"o":{"a":0,"k":100,"ix":4},"w":{"a":0,"k":42,"ix":5},"lc":2,"lj":2,"bm":0,"nm":".primary","mn":"ADBE Vector Graphic - Stroke","hd":false,"cl":"primary"},{"ty":"tr","p":{"a":0,"k":[0,0],"ix":2},"a":{"a":0,"k":[0,0],"ix":1},"s":{"a":0,"k":[100,100],"ix":3},"r":{"a":0,"k":0,"ix":6},"o":{"a":0,"k":100,"ix":7},"sk":{"a":0,"k":0,"ix":4},"sa":{"a":0,"k":0,"ix":5},"nm":"Transform"}],"nm":"Group 1","np":3,"cix":2,"bm":0,"ix":1,"mn":"ADBE Vector Group","hd":false},{"ty":"tm","s":{"a":1,"k":[{"i":{"x":[0.696],"y":[0.537]},"o":{"x":[0.446],"y":[0]},"t":38,"s":[100]},{"i":{"x":[0.616],"y":[0.751]},"o":{"x":[0.297],"y":[0.281]},"t":45,"s":[55.1]},{"i":{"x":[0.617],"y":[0.844]},"o":{"x":[0.29],"y":[0.253]},"t":48,"s":[24.069]},{"i":{"x":[0.566],"y":[1]},"o":{"x":[0.248],"y":[0.777]},"t":51,"s":[1]},{"t":52,"s":[0]}],"ix":1},"e":{"a":1,"k":[{"i":{"x":[0.323],"y":[1]},"o":{"x":[0.493],"y":[0]},"t":38,"s":[100]},{"t":60,"s":[100]}],"ix":2},"o":{"a":0,"k":0,"ix":3},"m":1,"ix":2,"nm":"Trim Paths 1","mn":"ADBE Vector Filter - Trim","hd":false}],"ip":1,"op":60,"st":0,"ct":1,"bm":0},{"ddd":0,"ind":4,"ty":3,"nm":"NULL ","sr":1,"ks":{"o":{"a":0,"k":0,"ix":11},"r":{"a":1,"k":[{"i":{"x":[0.833],"y":[0.833]},"o":{"x":[0.167],"y":[0.167]},"t":1,"s":[-315]},{"t":29,"s":[0]}],"ix":10},"p":{"a":1,"k":[{"i":{"x":0,"y":1},"o":{"x":0.167,"y":0.167},"t":1,"s":[250,526,0],"to":[0,-46.167,0],"ti":[-0.333,21.167,0]},{"i":{"x":0.833,"y":0.833},"o":{"x":0.333,"y":0},"t":19.162,"s":[250,249,0],"to":[6.333,0.333,0],"ti":[-6.333,0,0]},{"t":29,"s":[288,249,0]}],"ix":2,"l":2},"a":{"a":0,"k":[50,50,0],"ix":1,"l":2},"s":{"a":0,"k":[100,100,100],"ix":6,"l":2}},"ao":0,"ip":0,"op":300,"st":0,"bm":0},{"ddd":0,"ind":5,"ty":4,"nm":".primary.design","cl":"primary design","parent":4,"sr":1,"ks":{"o":{"a":0,"k":0,"ix":11},"r":{"a":1,"k":[{"i":{"x":[0.59],"y":[1]},"o":{"x":[0.164],"y":[0]},"t":29,"s":[-90]},{"i":{"x":[0.831],"y":[1]},"o":{"x":[0.423],"y":[0]},"t":36,"s":[-70]},{"i":{"x":[0.35],"y":[1]},"o":{"x":[0.333],"y":[0]},"t":42,"s":[-90]},{"t":60,"s":[0]}],"ix":10},"p":{"a":1,"k":[{"i":{"x":0.35,"y":1},"o":{"x":0.333,"y":0},"t":38,"s":[205.288,202.045,0],"to":[-64.333,0,0],"ti":[64.333,0,0]},{"t":60,"s":[-180.712,202.045,0]}],"ix":2,"l":2},"a":{"a":0,"k":[57.288,401.045,0],"ix":1,"l":2},"s":{"a":0,"k":[100,100,100],"ix":6,"l":2}},"ao":0,"shapes":[{"ty":"gr","it":[{"ind":0,"ty":"sh","ix":1,"ks":{"a":0,"k":{"i":[[0,0],[0,0]],"o":[[0,0],[0,0]],"v":[[37.419,37.419],[-37.419,-37.419]],"c":false},"ix":2},"nm":"Path 1","mn":"ADBE Vector Shape - Group","hd":false},{"ind":1,"ty":"sh","ix":2,"ks":{"a":1,"k":[{"i":{"x":0,"y":1},"o":{"x":0.167,"y":0.167},"t":1,"s":[{"i":[[9.185,9.185],[0,0],[9.185,-9.185],[0,0],[0,0],[0,0],[0,0]],"o":[[0,0],[-9.185,-9.185],[0,0],[0,0],[0,0],[0,0],[9.185,-9.186]],"v":[[87.311,-45.734],[45.734,-87.311],[12.473,-87.311],[-38.18,-36.658],[-0.704,0.702],[36.658,38.179],[87.311,-12.472]],"c":true}]},{"t":15,"s":[{"i":[[9.185,9.185],[0,0],[9.185,-9.185],[0,0],[0,0],[0,0],[0,0]],"o":[[0,0],[-9.185,-9.185],[0,0],[0,0],[0,0],[0,0],[9.185,-9.186]],"v":[[87.311,-45.734],[45.734,-87.311],[12.473,-87.311],[-207.886,133.048],[-207.886,207.885],[-133.047,207.885],[87.311,-12.472]],"c":true}]}],"ix":2},"nm":"Path 2","mn":"ADBE Vector Shape - Group","hd":false},{"ty":"st","c":{"a":0,"k":[0.071,0.075,0.192,1],"ix":3,"x":"var $bm_rt;\n$bm_rt = comp('system-solid-114-edit-pencil-rename').layer('control').effect('primary')('Color');"},"o":{"a":0,"k":100,"ix":4},"w":{"a":0,"k":31.3,"ix":5},"lc":2,"lj":2,"bm":0,"nm":".primary","mn":"ADBE Vector Graphic - Stroke","hd":false,"cl":"primary"},{"ty":"tr","p":{"a":0,"k":[265.174,193.16],"ix":2},"a":{"a":0,"k":[0,0],"ix":1},"s":{"a":0,"k":[100,100],"ix":3},"r":{"a":0,"k":0,"ix":6},"o":{"a":0,"k":100,"ix":7},"sk":{"a":0,"k":0,"ix":4},"sa":{"a":0,"k":0,"ix":5},"nm":"Transform"}],"nm":"Group 1","np":3,"cix":2,"bm":0,"ix":1,"mn":"ADBE Vector Group","hd":false}],"ip":1,"op":60,"st":0,"ct":1,"bm":0}]},{"id":"comp_1","nm":"hover-edit","fr":60,"layers":[{"ddd":0,"ind":1,"ty":4,"nm":".primary.design","cl":"primary design","parent":6,"sr":1,"ks":{"o":{"a":0,"k":100,"ix":11},"r":{"a":0,"k":0,"ix":10},"p":{"a":0,"k":[250.046,250.273,0],"ix":2,"l":2},"a":{"a":0,"k":[250.046,250.273,0],"ix":1,"l":2},"s":{"a":0,"k":[100,100,100],"ix":6,"l":2}},"ao":0,"shapes":[{"ty":"gr","it":[{"ind":0,"ty":"sh","ix":1,"ks":{"a":1,"k":[{"i":{"x":0.667,"y":1},"o":{"x":0.333,"y":0},"t":1,"s":[{"i":[[0,0],[0,0],[0,0],[0,-5.625],[0,0],[-11.458,0],[-17.65,0.238],[-5.552,5.207]],"o":[[0,0],[0,0],[-4.167,3.75],[0,0],[0,11.458],[0,0],[13.5,-0.182],[54.932,-51.519]],"v":[[54.166,-37.396],[-36.458,-128.021],[-201.875,29.688],[-208.333,44.687],[-208.333,107.187],[-187.5,128.021],[-134.546,128.036],[-108.744,119.147]],"c":true}]},{"i":{"x":0.667,"y":1},"o":{"x":0.333,"y":0},"t":16,"s":[{"i":[[0,0],[0,0],[0,0],[0,-5.625],[0,0],[-11.458,0],[-17.65,0.238],[-5.552,5.207]],"o":[[0,0],[0,0],[-4.167,3.75],[0,0],[0,11.458],[0,0],[13.5,-0.182],[54.932,-51.519]],"v":[[-9.102,25.232],[-99.726,-65.393],[-201.875,29.688],[-208.333,44.687],[-208.333,107.187],[-187.5,128.021],[-134.546,128.036],[-108.744,119.147]],"c":true}]},{"i":{"x":0.667,"y":1},"o":{"x":0.333,"y":0},"t":25,"s":[{"i":[[0,0],[0,0],[0,0],[0,-5.625],[0,0],[-11.458,0],[-17.65,0.238],[-5.552,5.207]],"o":[[0,0],[0,0],[-4.167,3.75],[0,0],[0,11.458],[0,0],[13.5,-0.182],[54.932,-51.519]],"v":[[54.166,-37.396],[-36.458,-128.021],[-201.875,29.688],[-208.333,44.687],[-208.333,107.187],[-187.5,128.021],[-134.546,128.036],[-108.744,119.147]],"c":true}]},{"i":{"x":0.667,"y":1},"o":{"x":0.333,"y":0},"t":32,"s":[{"i":[[0,0],[0,0],[0,0],[0,-5.625],[0,0],[-11.458,0],[-17.65,0.238],[-5.552,5.207]],"o":[[0,0],[0,0],[-4.167,3.75],[0,0],[0,11.458],[0,0],[13.5,-0.182],[54.932,-51.519]],"v":[[54.166,-37.396],[-36.458,-128.021],[-201.875,29.688],[-208.333,44.687],[-208.333,107.187],[-187.5,128.021],[-134.546,128.036],[-108.744,119.147]],"c":true}]},{"i":{"x":0.667,"y":1},"o":{"x":0.333,"y":0},"t":40,"s":[{"i":[[0,0],[0,0],[0,0],[0,-5.625],[0,0],[-11.458,0],[-17.65,0.238],[-5.552,5.207]],"o":[[0,0],[0,0],[-4.167,3.75],[0,0],[0,11.458],[0,0],[13.5,-0.182],[54.932,-51.519]],"v":[[32.982,-16.131],[-57.643,-106.755],[-201.875,29.688],[-208.333,44.687],[-208.333,107.187],[-187.5,128.021],[-134.546,128.036],[-108.744,119.147]],"c":true}]},{"t":51,"s":[{"i":[[0,0],[0,0],[0,0],[0,-5.625],[0,0],[-11.458,0],[-17.65,0.238],[-5.552,5.207]],"o":[[0,0],[0,0],[-4.167,3.75],[0,0],[0,11.458],[0,0],[13.5,-0.182],[54.932,-51.519]],"v":[[54.166,-37.396],[-36.458,-128.021],[-201.875,29.688],[-208.333,44.687],[-208.333,107.187],[-187.5,128.021],[-134.546,128.036],[-108.744,119.147]],"c":true}]}],"ix":2},"nm":"Path 1","mn":"ADBE Vector Shape - Group","hd":false},{"ty":"fl","c":{"a":0,"k":[0.071,0.075,0.192,1],"ix":4,"x":"var $bm_rt;\n$bm_rt = comp('system-solid-114-edit-pencil-rename').layer('control').effect('primary')('Color');"},"o":{"a":0,"k":100,"ix":5},"r":1,"bm":0,"nm":".primary","mn":"ADBE Vector Graphic - Fill","hd":false,"cl":"primary"},{"ty":"tr","p":{"a":0,"k":[250.046,288.646],"ix":2},"a":{"a":0,"k":[0,0],"ix":1},"s":{"a":0,"k":[100,100],"ix":3},"r":{"a":0,"k":0,"ix":6},"o":{"a":0,"k":100,"ix":7},"sk":{"a":0,"k":0,"ix":4},"sa":{"a":0,"k":0,"ix":5},"nm":"Transform"}],"nm":"Group 1","np":2,"cix":2,"bm":0,"ix":1,"mn":"ADBE Vector Group","hd":false},{"ty":"gr","it":[{"ind":0,"ty":"sh","ix":1,"ks":{"a":1,"k":[{"i":{"x":0.667,"y":1},"o":{"x":0.333,"y":0},"t":1,"s":[{"i":[[0,0],[0,11.875],[9.167,9.167],[0,0],[16.042,-16.041],[0,0],[0,0]],"o":[[8.334,-8.542],[0,-11.875],[0,0],[-16.666,-16.666],[0,0],[0,0],[0,0]],"v":[[57.917,31.914],[70.833,0.456],[57.084,-31.627],[29.167,-56.836],[-33.125,-57.044],[-70.833,-21.21],[19.583,69.206]],"c":true}]},{"i":{"x":0.667,"y":1},"o":{"x":0.333,"y":0},"t":16,"s":[{"i":[[0,0],[0,11.875],[9.167,9.167],[0,0],[16.042,-16.041],[0,0],[0,0]],"o":[[8.334,-8.542],[0,-11.875],[0,0],[-16.666,-16.666],[0,0],[0,0],[0,0]],"v":[[-14.714,103.562],[-1.797,72.103],[-15.546,40.02],[-43.464,14.811],[-105.755,14.603],[-143.043,49.429],[-52.627,139.844]],"c":true}]},{"i":{"x":0.667,"y":1},"o":{"x":0.333,"y":0},"t":25,"s":[{"i":[[0,0],[0,11.875],[9.167,9.167],[0,0],[16.042,-16.041],[0,0],[0,0]],"o":[[8.334,-8.542],[0,-11.875],[0,0],[-16.666,-16.666],[0,0],[0,0],[0,0]],"v":[[57.917,31.914],[70.833,0.456],[57.084,-31.627],[29.167,-56.836],[-33.125,-57.044],[-70.833,-21.21],[19.583,69.206]],"c":true}]},{"i":{"x":0.667,"y":1},"o":{"x":0.333,"y":0},"t":32,"s":[{"i":[[0,0],[0,11.875],[9.167,9.167],[0,0],[16.042,-16.041],[0,0],[0,0]],"o":[[8.334,-8.542],[0,-11.875],[0,0],[-16.666,-16.666],[0,0],[0,0],[0,0]],"v":[[57.917,31.914],[70.833,0.456],[57.084,-31.627],[29.167,-56.836],[-33.125,-57.044],[-70.833,-21.21],[19.583,69.206]],"c":true}]},{"i":{"x":0.667,"y":1},"o":{"x":0.333,"y":0},"t":40,"s":[{"i":[[0,0],[0,11.875],[9.167,9.167],[0,0],[16.042,-16.041],[0,0],[0,0]],"o":[[8.334,-8.542],[0,-11.875],[0,0],[-16.666,-16.666],[0,0],[0,0],[0,0]],"v":[[36.732,53.18],[49.649,21.721],[35.899,-10.362],[7.982,-35.57],[-54.309,-35.779],[-92.018,0.055],[-1.602,90.471]],"c":true}]},{"t":51,"s":[{"i":[[0,0],[0,11.875],[9.167,9.167],[0,0],[16.042,-16.041],[0,0],[0,0]],"o":[[8.334,-8.542],[0,-11.875],[0,0],[-16.666,-16.666],[0,0],[0,0],[0,0]],"v":[[57.917,31.914],[70.833,0.456],[57.084,-31.627],[29.167,-56.836],[-33.125,-57.044],[-70.833,-21.21],[19.583,69.206]],"c":true}]}],"ix":2},"nm":"Path 1","mn":"ADBE Vector Shape - Group","hd":false},{"ty":"fl","c":{"a":0,"k":[0.071,0.075,0.192,1],"ix":4,"x":"var $bm_rt;\n$bm_rt = comp('system-solid-114-edit-pencil-rename').layer('control').effect('primary')('Color');"},"o":{"a":0,"k":100,"ix":5},"r":1,"bm":0,"nm":".primary","mn":"ADBE Vector Graphic - Fill","hd":false,"cl":"primary"},{"ty":"tr","p":{"a":0,"k":[314.629,153.086],"ix":2},"a":{"a":0,"k":[0,0],"ix":1},"s":{"a":0,"k":[100,100],"ix":3},"r":{"a":0,"k":0,"ix":6},"o":{"a":0,"k":100,"ix":7},"sk":{"a":0,"k":0,"ix":4},"sa":{"a":0,"k":0,"ix":5},"nm":"Transform"}],"nm":"Group 2","np":2,"cix":2,"bm":0,"ix":2,"mn":"ADBE Vector Group","hd":false}],"ip":1,"op":60,"st":0,"ct":1,"bm":0},{"ddd":0,"ind":2,"ty":4,"nm":".primary.design","cl":"primary design","sr":1,"ks":{"o":{"a":0,"k":100,"ix":11},"r":{"a":0,"k":0,"ix":10},"p":{"a":0,"k":[250.046,250.273,0],"ix":2,"l":2},"a":{"a":0,"k":[250.046,250.273,0],"ix":1,"l":2},"s":{"a":0,"k":[100,100,100],"ix":6,"l":2}},"ao":0,"shapes":[{"ty":"gr","it":[{"ind":0,"ty":"sh","ix":1,"ks":{"a":0,"k":{"i":[[11.458,0],[0,0],[0,0],[0,0],[0,0],[0,-5.625],[0,0],[-11.458,0],[0,0],[0,0],[0,11.458]],"o":[[0,0],[0,0],[0,0],[0,0],[-4.167,3.75],[0,0],[0,11.458],[0,0],[0,0],[11.458,0],[0,-11.458]],"v":[[187.5,86.354],[-73.461,86.354],[54.166,-37.396],[-36.458,-128.021],[-201.875,29.688],[-208.333,44.687],[-208.333,107.187],[-187.5,128.021],[-125,128.021],[187.5,128.021],[208.333,107.187]],"c":true},"ix":2},"nm":"Path 1","mn":"ADBE Vector Shape - Group","hd":false},{"ty":"fl","c":{"a":0,"k":[0.071,0.075,0.192,1],"ix":4,"x":"var $bm_rt;\n$bm_rt = comp('system-solid-114-edit-pencil-rename').layer('control').effect('primary')('Color');"},"o":{"a":0,"k":100,"ix":5},"r":1,"bm":0,"nm":".primary","mn":"ADBE Vector Graphic - Fill","hd":false,"cl":"primary"},{"ty":"tr","p":{"a":0,"k":[250.046,288.646],"ix":2},"a":{"a":0,"k":[0,0],"ix":1},"s":{"a":0,"k":[100,100],"ix":3},"r":{"a":0,"k":0,"ix":6},"o":{"a":0,"k":100,"ix":7},"sk":{"a":0,"k":0,"ix":4},"sa":{"a":0,"k":0,"ix":5},"nm":"Transform"}],"nm":"Group 1","np":2,"cix":2,"bm":0,"ix":1,"mn":"ADBE Vector Group","hd":false},{"ty":"gr","it":[{"ind":0,"ty":"sh","ix":1,"ks":{"a":0,"k":{"i":[[0,0],[0,11.875],[9.167,9.167],[0,0],[16.042,-16.041],[0,0],[0,0]],"o":[[8.334,-8.542],[0,-11.875],[0,0],[-16.666,-16.666],[0,0],[0,0],[0,0]],"v":[[57.917,31.914],[70.833,0.456],[57.084,-31.627],[29.167,-56.836],[-33.125,-57.044],[-70.833,-21.21],[19.583,69.206]],"c":true},"ix":2},"nm":"Path 1","mn":"ADBE Vector Shape - Group","hd":false},{"ty":"fl","c":{"a":0,"k":[0.071,0.075,0.192,1],"ix":4,"x":"var $bm_rt;\n$bm_rt = comp('system-solid-114-edit-pencil-rename').layer('control').effect('primary')('Color');"},"o":{"a":0,"k":100,"ix":5},"r":1,"bm":0,"nm":".primary","mn":"ADBE Vector Graphic - Fill","hd":false,"cl":"primary"},{"ty":"tr","p":{"a":0,"k":[314.629,153.086],"ix":2},"a":{"a":0,"k":[0,0],"ix":1},"s":{"a":0,"k":[100,100],"ix":3},"r":{"a":0,"k":0,"ix":6},"o":{"a":0,"k":100,"ix":7},"sk":{"a":0,"k":0,"ix":4},"sa":{"a":0,"k":0,"ix":5},"nm":"Transform"}],"nm":"Group 2","np":2,"cix":2,"bm":0,"ix":2,"mn":"ADBE Vector Group","hd":false}],"ip":59,"op":300,"st":0,"ct":1,"bm":0},{"ddd":0,"ind":3,"ty":4,"nm":".primary.design","cl":"primary design","sr":1,"ks":{"o":{"a":0,"k":100,"ix":11},"r":{"a":0,"k":0,"ix":10},"p":{"a":0,"k":[250.046,250.273,0],"ix":2,"l":2},"a":{"a":0,"k":[250.046,250.273,0],"ix":1,"l":2},"s":{"a":0,"k":[100,100,100],"ix":6,"l":2}},"ao":0,"shapes":[{"ty":"gr","it":[{"ind":0,"ty":"sh","ix":1,"ks":{"a":0,"k":{"i":[[11.458,0],[0,0],[0,0],[0,0],[0,0],[0,-5.625],[0,0],[-11.458,0],[0,0],[0,0],[0,11.458]],"o":[[0,0],[0,0],[0,0],[0,0],[-4.167,3.75],[0,0],[0,11.458],[0,0],[0,0],[11.458,0],[0,-11.458]],"v":[[187.5,86.354],[-73.461,86.354],[54.166,-37.396],[-36.458,-128.021],[-201.875,29.688],[-208.333,44.687],[-208.333,107.187],[-187.5,128.021],[-125,128.021],[187.5,128.021],[208.333,107.187]],"c":true},"ix":2},"nm":"Path 1","mn":"ADBE Vector Shape - Group","hd":false},{"ty":"fl","c":{"a":0,"k":[0.071,0.075,0.192,1],"ix":4,"x":"var $bm_rt;\n$bm_rt = comp('system-solid-114-edit-pencil-rename').layer('control').effect('primary')('Color');"},"o":{"a":0,"k":100,"ix":5},"r":1,"bm":0,"nm":".primary","mn":"ADBE Vector Graphic - Fill","hd":false,"cl":"primary"},{"ty":"tr","p":{"a":0,"k":[250.046,288.646],"ix":2},"a":{"a":0,"k":[0,0],"ix":1},"s":{"a":0,"k":[100,100],"ix":3},"r":{"a":0,"k":0,"ix":6},"o":{"a":0,"k":100,"ix":7},"sk":{"a":0,"k":0,"ix":4},"sa":{"a":0,"k":0,"ix":5},"nm":"Transform"}],"nm":"Group 1","np":2,"cix":2,"bm":0,"ix":1,"mn":"ADBE Vector Group","hd":false},{"ty":"gr","it":[{"ind":0,"ty":"sh","ix":1,"ks":{"a":0,"k":{"i":[[0,0],[0,11.875],[9.167,9.167],[0,0],[16.042,-16.041],[0,0],[0,0]],"o":[[8.334,-8.542],[0,-11.875],[0,0],[-16.666,-16.666],[0,0],[0,0],[0,0]],"v":[[57.917,31.914],[70.833,0.456],[57.084,-31.627],[29.167,-56.836],[-33.125,-57.044],[-70.833,-21.21],[19.583,69.206]],"c":true},"ix":2},"nm":"Path 1","mn":"ADBE Vector Shape - Group","hd":false},{"ty":"fl","c":{"a":0,"k":[0.071,0.075,0.192,1],"ix":4,"x":"var $bm_rt;\n$bm_rt = comp('system-solid-114-edit-pencil-rename').layer('control').effect('primary')('Color');"},"o":{"a":0,"k":100,"ix":5},"r":1,"bm":0,"nm":".primary","mn":"ADBE Vector Graphic - Fill","hd":false,"cl":"primary"},{"ty":"tr","p":{"a":0,"k":[314.629,153.086],"ix":2},"a":{"a":0,"k":[0,0],"ix":1},"s":{"a":0,"k":[100,100],"ix":3},"r":{"a":0,"k":0,"ix":6},"o":{"a":0,"k":100,"ix":7},"sk":{"a":0,"k":0,"ix":4},"sa":{"a":0,"k":0,"ix":5},"nm":"Transform"}],"nm":"Group 2","np":2,"cix":2,"bm":0,"ix":2,"mn":"ADBE Vector Group","hd":false}],"ip":0,"op":1,"st":0,"ct":1,"bm":0},{"ddd":0,"ind":4,"ty":4,"nm":".primary.design","cl":"primary design","sr":1,"ks":{"o":{"a":0,"k":100,"ix":11},"r":{"a":0,"k":0,"ix":10},"p":{"a":0,"k":[277.852,396.045,0],"ix":2,"l":2},"a":{"a":0,"k":[0,0,0],"ix":1,"l":2},"s":{"a":0,"k":[100,100,100],"ix":6,"l":2}},"ao":0,"shapes":[{"ty":"gr","it":[{"ind":0,"ty":"sh","ix":1,"ks":{"a":1,"k":[{"i":{"x":0.833,"y":0.833},"o":{"x":0.373,"y":0},"t":29,"s":[{"i":[[0,0],[0,0]],"o":[[0,0],[0,0]],"v":[[158.145,0.045],[158.855,0]],"c":false}]},{"i":{"x":0.833,"y":0.833},"o":{"x":0.167,"y":0.167},"t":31,"s":[{"i":[[0,0],[0,0]],"o":[[0,0],[0,0]],"v":[[155.979,0.043],[158.855,0]],"c":false}]},{"i":{"x":0.833,"y":0.833},"o":{"x":0.167,"y":0.167},"t":34,"s":[{"i":[[0,0],[0,0]],"o":[[0,0],[0,0]],"v":[[106.191,0.036],[158.855,0]],"c":false}]},{"i":{"x":0.833,"y":0.833},"o":{"x":0.167,"y":0.167},"t":38,"s":[{"i":[[0,0],[0,0]],"o":[[0,0],[0,0]],"v":[[-41.071,0.022],[158.855,0]],"c":false}]},{"i":{"x":0.833,"y":0.833},"o":{"x":0.167,"y":0.167},"t":39,"s":[{"i":[[0,0],[0,0]],"o":[[0,0],[0,0]],"v":[[-71.637,0.018],[158.855,0]],"c":false}]},{"i":{"x":0.833,"y":0.833},"o":{"x":0.167,"y":0.167},"t":41,"s":[{"i":[[0,0],[0,0]],"o":[[0,0],[0,0]],"v":[[-114.604,0.011],[158.855,0]],"c":false}]},{"i":{"x":0.833,"y":0.833},"o":{"x":0.167,"y":0.167},"t":42,"s":[{"i":[[0,0],[0,0]],"o":[[0,0],[0,0]],"v":[[-134.273,0.01],[158.855,0]],"c":false}]},{"i":{"x":0.833,"y":0.833},"o":{"x":0.167,"y":0.167},"t":44,"s":[{"i":[[0,0],[0,0]],"o":[[0,0],[0,0]],"v":[[-158.514,0.006],[158.855,0]],"c":false}]},{"i":{"x":0.833,"y":0.833},"o":{"x":0.167,"y":0.167},"t":48,"s":[{"i":[[0,0],[0,0]],"o":[[0,0],[0,0]],"v":[[-197.307,0.002],[158.855,0]],"c":false}]},{"i":{"x":0.833,"y":0.833},"o":{"x":0.167,"y":0.167},"t":50,"s":[{"i":[[0,0],[0,0]],"o":[[0,0],[0,0]],"v":[[-205.088,0.001],[158.855,0]],"c":false}]},{"i":{"x":0.016,"y":1},"o":{"x":0.167,"y":0.167},"t":52,"s":[{"i":[[0,0],[0,0]],"o":[[0,0],[0,0]],"v":[[-214.331,0],[158.855,0]],"c":false}]},{"t":58,"s":[{"i":[[0,0],[0,0]],"o":[[0,0],[0,0]],"v":[[-212.855,0],[158.855,0]],"c":false}]}],"ix":2},"nm":"Path 1","mn":"ADBE Vector Shape - Group","hd":false},{"ty":"tm","s":{"a":0,"k":3,"ix":1},"e":{"a":0,"k":100,"ix":2},"o":{"a":0,"k":0,"ix":3},"m":1,"ix":2,"nm":"Trim Paths 1","mn":"ADBE Vector Filter - Trim","hd":false},{"ty":"st","c":{"a":0,"k":[0.071,0.075,0.192,1],"ix":3,"x":"var $bm_rt;\n$bm_rt = comp('system-solid-114-edit-pencil-rename').layer('control').effect('primary')('Color');"},"o":{"a":0,"k":100,"ix":4},"w":{"a":0,"k":42,"ix":5},"lc":2,"lj":2,"bm":0,"nm":".primary","mn":"ADBE Vector Graphic - Stroke","hd":false,"cl":"primary"},{"ty":"tr","p":{"a":0,"k":[0,0],"ix":2},"a":{"a":0,"k":[0,0],"ix":1},"s":{"a":0,"k":[100,100],"ix":3},"r":{"a":0,"k":0,"ix":6},"o":{"a":0,"k":100,"ix":7},"sk":{"a":0,"k":0,"ix":4},"sa":{"a":0,"k":0,"ix":5},"nm":"Transform"}],"nm":"Group 1","np":3,"cix":2,"bm":0,"ix":1,"mn":"ADBE Vector Group","hd":false}],"ip":29,"op":59,"st":0,"ct":1,"bm":0},{"ddd":0,"ind":5,"ty":4,"nm":".primary.design","cl":"primary design","sr":1,"ks":{"o":{"a":0,"k":100,"ix":11},"r":{"a":0,"k":0,"ix":10},"p":{"a":0,"k":[277.852,396.045,0],"ix":2,"l":2},"a":{"a":0,"k":[0,0,0],"ix":1,"l":2},"s":{"a":0,"k":[100,100,100],"ix":6,"l":2}},"ao":0,"shapes":[{"ty":"gr","it":[{"ind":0,"ty":"sh","ix":1,"ks":{"a":1,"k":[{"i":{"x":0.1,"y":1},"o":{"x":0.167,"y":0.167},"t":1,"s":[{"i":[[0,0],[0,0]],"o":[[0,0],[0,0]],"v":[[-158.855,0],[158.855,0]],"c":false}]},{"t":20,"s":[{"i":[[0,0],[0,0]],"o":[[0,0],[0,0]],"v":[[-238.855,0],[-238.145,0.045]],"c":false}]}],"ix":2},"nm":"Path 1","mn":"ADBE Vector Shape - Group","hd":false},{"ty":"st","c":{"a":0,"k":[0.071,0.075,0.192,1],"ix":3,"x":"var $bm_rt;\n$bm_rt = comp('system-solid-114-edit-pencil-rename').layer('control').effect('primary')('Color');"},"o":{"a":0,"k":100,"ix":4},"w":{"a":0,"k":42,"ix":5},"lc":2,"lj":2,"bm":0,"nm":".primary","mn":"ADBE Vector Graphic - Stroke","hd":false,"cl":"primary"},{"ty":"tr","p":{"a":0,"k":[0,0],"ix":2},"a":{"a":0,"k":[0,0],"ix":1},"s":{"a":0,"k":[100,100],"ix":3},"r":{"a":0,"k":0,"ix":6},"o":{"a":0,"k":100,"ix":7},"sk":{"a":0,"k":0,"ix":4},"sa":{"a":0,"k":0,"ix":5},"nm":"Transform"}],"nm":"Group 1","np":2,"cix":2,"bm":0,"ix":1,"mn":"ADBE Vector Group","hd":false}],"ip":1,"op":20,"st":0,"ct":1,"bm":0},{"ddd":0,"ind":6,"ty":4,"nm":".primary.design","cl":"primary design","sr":1,"ks":{"o":{"a":0,"k":0,"ix":11},"r":{"a":1,"k":[{"i":{"x":[0.833],"y":[0.833]},"o":{"x":[0.333],"y":[0]},"t":1,"s":[0]},{"i":{"x":[0.833],"y":[0.833]},"o":{"x":[0.167],"y":[0.167]},"t":25,"s":[-90]},{"i":{"x":[0.667],"y":[1]},"o":{"x":[0.167],"y":[0]},"t":29,"s":[-90]},{"i":{"x":[0.1],"y":[1]},"o":{"x":[0.333],"y":[0]},"t":32,"s":[-90]},{"t":59,"s":[0]}],"ix":10},"p":{"a":1,"k":[{"i":{"x":0.833,"y":0.833},"o":{"x":0.333,"y":0},"t":1,"s":[57.288,401.045,0],"to":[106.817,-112.859,0],"ti":[-73.985,-84.131,0]},{"t":25,"s":[443.745,401.045,0],"h":1},{"i":{"x":0.1,"y":1},"o":{"x":0.333,"y":0},"t":29,"s":[443.745,401.045,0],"to":[0,0,0],"ti":[168.447,-0.416,0]},{"t":59,"s":[57.288,401.045,0]}],"ix":2,"l":2},"a":{"a":0,"k":[57.288,401.045,0],"ix":1,"l":2},"s":{"a":0,"k":[100,100,100],"ix":6,"l":2}},"ao":0,"shapes":[{"ty":"gr","it":[{"ind":0,"ty":"sh","ix":1,"ks":{"a":1,"k":[{"i":{"x":0.667,"y":1},"o":{"x":0.333,"y":0},"t":1,"s":[{"i":[[0,0],[0,0]],"o":[[0,0],[0,0]],"v":[[37.419,37.419],[-37.419,-37.419]],"c":false}]},{"i":{"x":0.667,"y":1},"o":{"x":0.333,"y":0},"t":16.158,"s":[{"i":[[0,0],[0,0]],"o":[[0,0],[0,0]],"v":[[-23.536,96.693],[-98.374,21.855]],"c":false}]},{"i":{"x":0.667,"y":1},"o":{"x":0.333,"y":0},"t":25,"s":[{"i":[[0,0],[0,0]],"o":[[0,0],[0,0]],"v":[[37.419,37.419],[-37.419,-37.419]],"c":false}]},{"i":{"x":0.667,"y":1},"o":{"x":0.333,"y":0},"t":32,"s":[{"i":[[0,0],[0,0]],"o":[[0,0],[0,0]],"v":[[37.419,37.419],[-37.419,-37.419]],"c":false}]},{"i":{"x":0.667,"y":1},"o":{"x":0.333,"y":0},"t":40,"s":[{"i":[[0,0],[0,0]],"o":[[0,0],[0,0]],"v":[[27.895,46.681],[-46.943,-28.157]],"c":false}]},{"t":51,"s":[{"i":[[0,0],[0,0]],"o":[[0,0],[0,0]],"v":[[37.419,37.419],[-37.419,-37.419]],"c":false}]}],"ix":2},"nm":"Path 1","mn":"ADBE Vector Shape - Group","hd":false},{"ty":"st","c":{"a":0,"k":[0.071,0.075,0.192,1],"ix":3,"x":"var $bm_rt;\n$bm_rt = comp('system-solid-114-edit-pencil-rename').layer('control').effect('primary')('Color');"},"o":{"a":0,"k":100,"ix":4},"w":{"a":0,"k":31.3,"ix":5},"lc":2,"lj":2,"bm":0,"nm":".primary","mn":"ADBE Vector Graphic - Stroke","hd":false,"cl":"primary"},{"ty":"tr","p":{"a":0,"k":[265.174,193.16],"ix":2},"a":{"a":0,"k":[0,0],"ix":1},"s":{"a":0,"k":[100,100],"ix":3},"r":{"a":0,"k":0,"ix":6},"o":{"a":0,"k":100,"ix":7},"sk":{"a":0,"k":0,"ix":4},"sa":{"a":0,"k":0,"ix":5},"nm":"Transform"}],"nm":"Group 1","np":2,"cix":2,"bm":0,"ix":1,"mn":"ADBE Vector Group","hd":false},{"ty":"gr","it":[{"ind":0,"ty":"sh","ix":1,"ks":{"a":1,"k":[{"i":{"x":0.667,"y":1},"o":{"x":0.333,"y":0},"t":1,"s":[{"i":[[9.185,9.185],[0,0],[9.185,-9.185],[0,0],[0,0],[0,0],[0,0]],"o":[[0,0],[-9.185,-9.185],[0,0],[0,0],[0,0],[0,0],[9.185,-9.186]],"v":[[144.154,-102.577],[102.578,-144.153],[69.316,-144.153],[-151.043,76.205],[-151.043,151.042],[-76.204,151.042],[144.154,-69.315]],"c":true}]},{"i":{"x":0.667,"y":1},"o":{"x":0.333,"y":0},"t":16.158,"s":[{"i":[[9.185,9.185],[0,0],[9.185,-9.185],[0,0],[0,0],[0,0],[0,0]],"o":[[0,0],[-9.185,-9.185],[0,0],[0,0],[0,0],[0,0],[9.185,-9.186]],"v":[[83.199,-43.302],[41.622,-84.879],[8.361,-84.879],[-151.043,76.205],[-151.043,151.042],[-76.204,151.042],[83.199,-10.041]],"c":true}]},{"i":{"x":0.667,"y":1},"o":{"x":0.333,"y":0},"t":25,"s":[{"i":[[9.185,9.185],[0,0],[9.185,-9.185],[0,0],[0,0],[0,0],[0,0]],"o":[[0,0],[-9.185,-9.185],[0,0],[0,0],[0,0],[0,0],[9.185,-9.186]],"v":[[144.154,-102.577],[102.578,-144.153],[69.316,-144.153],[-151.043,76.205],[-151.043,151.042],[-76.204,151.042],[144.154,-69.315]],"c":true}]},{"i":{"x":0.667,"y":1},"o":{"x":0.333,"y":0},"t":32,"s":[{"i":[[9.185,9.185],[0,0],[9.185,-9.185],[0,0],[0,0],[0,0],[0,0]],"o":[[0,0],[-9.185,-9.185],[0,0],[0,0],[0,0],[0,0],[9.185,-9.186]],"v":[[144.154,-102.577],[102.578,-144.153],[69.316,-144.153],[-151.043,76.205],[-151.043,151.042],[-76.204,151.042],[144.154,-69.315]],"c":true}]},{"i":{"x":0.667,"y":1},"o":{"x":0.333,"y":0},"t":40,"s":[{"i":[[9.185,9.185],[0,0],[9.185,-9.185],[0,0],[0,0],[0,0],[0,0]],"o":[[0,0],[-9.185,-9.185],[0,0],[0,0],[0,0],[0,0],[9.185,-9.186]],"v":[[134.63,-93.315],[93.053,-134.892],[59.792,-134.892],[-151.043,76.205],[-151.043,151.042],[-76.204,151.042],[134.63,-60.053]],"c":true}]},{"t":51,"s":[{"i":[[9.185,9.185],[0,0],[9.185,-9.185],[0,0],[0,0],[0,0],[0,0]],"o":[[0,0],[-9.185,-9.185],[0,0],[0,0],[0,0],[0,0],[9.185,-9.186]],"v":[[144.154,-102.577],[102.578,-144.153],[69.316,-144.153],[-151.043,76.205],[-151.043,151.042],[-76.204,151.042],[144.154,-69.315]],"c":true}]}],"ix":2},"nm":"Path 1","mn":"ADBE Vector Shape - Group","hd":false},{"ty":"st","c":{"a":0,"k":[0.071,0.075,0.192,1],"ix":3,"x":"var $bm_rt;\n$bm_rt = comp('system-solid-114-edit-pencil-rename').layer('control').effect('primary')('Color');"},"o":{"a":0,"k":100,"ix":4},"w":{"a":0,"k":31.3,"ix":5},"lc":2,"lj":2,"bm":0,"nm":".primary","mn":"ADBE Vector Graphic - Stroke","hd":false,"cl":"primary"},{"ty":"tr","p":{"a":0,"k":[208.331,250.003],"ix":2},"a":{"a":0,"k":[0,0],"ix":1},"s":{"a":0,"k":[100,100],"ix":3},"r":{"a":0,"k":0,"ix":6},"o":{"a":0,"k":100,"ix":7},"sk":{"a":0,"k":0,"ix":4},"sa":{"a":0,"k":0,"ix":5},"nm":"Transform"}],"nm":"Group 2","np":2,"cix":2,"bm":0,"ix":2,"mn":"ADBE Vector Group","hd":false}],"ip":1,"op":59,"st":0,"ct":1,"bm":0}]}],"layers":[{"ddd":0,"ind":1,"ty":3,"nm":"control","sr":1,"ks":{"o":{"a":0,"k":0,"ix":11},"r":{"a":0,"k":0,"ix":10},"p":{"a":0,"k":[0,0],"ix":2,"l":2},"a":{"a":0,"k":[0,0,0],"ix":1,"l":2},"s":{"a":0,"k":[100,100,100],"ix":6,"l":2}},"ao":0,"ef":[{"ty":5,"nm":"primary","np":3,"mn":"ADBE Color Control","ix":1,"en":1,"ef":[{"ty":2,"nm":"Color","mn":"ADBE Color Control-0001","ix":1,"v":{"a":0,"k":[0.071,0.075,0.192],"ix":1}}]}],"ip":0,"op":131,"st":0,"bm":0},{"ddd":0,"ind":2,"ty":0,"nm":"in-edit","refId":"comp_0","sr":1,"ks":{"o":{"a":0,"k":100,"ix":11},"r":{"a":0,"k":0,"ix":10},"p":{"a":0,"k":[250,250,0],"ix":2,"l":2},"a":{"a":0,"k":[250,250,0],"ix":1,"l":2},"s":{"a":0,"k":[100,100,100],"ix":6,"l":2}},"ao":0,"w":500,"h":500,"ip":0,"op":70,"st":0,"bm":0},{"ddd":0,"ind":3,"ty":0,"nm":"hover-edit","refId":"comp_1","sr":1,"ks":{"o":{"a":0,"k":100,"ix":11},"r":{"a":0,"k":0,"ix":10},"p":{"a":0,"k":[250,250,0],"ix":2,"l":2},"a":{"a":0,"k":[250,250,0],"ix":1,"l":2},"s":{"a":0,"k":[100,100,100],"ix":6,"l":2}},"ao":0,"w":500,"h":500,"ip":70,"op":140,"st":70,"bm":0}],"markers":[{"tm":0,"cm":"in-edit","dr":60},{"tm":70,"cm":"default:hover-edit","dr":60}],"props":{}}