{"v":"5.12.1","fr":60,"ip":70,"op":130,"w":500,"h":500,"nm":"system-solid-140-help-center","ddd":0,"assets":[{"id":"comp_0","nm":"in-help-center","fr":60,"layers":[{"ddd":0,"ind":1,"ty":4,"nm":".primary.design","cl":"primary design","sr":1,"ks":{"o":{"a":0,"k":100,"ix":11},"r":{"a":0,"k":0,"ix":10},"p":{"a":0,"k":[250,250,0],"ix":2,"l":2},"a":{"a":0,"k":[0,0,0],"ix":1,"l":2},"s":{"a":0,"k":[100,100,100],"ix":6,"l":2}},"ao":0,"shapes":[{"ty":"gr","it":[{"ind":0,"ty":"sh","ix":1,"ks":{"a":0,"k":{"i":[[28.125,-17.292],[0,-11.25],[11.458,0],[0,11.458],[-23.75,14.583],[4.583,17.917],[10.833,2.708],[8.333,-6.458],[0,-10.208],[11.667,0],[0,11.458],[-18.333,14.167],[-22.917,-5.833],[-6.667,-25.208]],"o":[[-11.25,6.875],[0,11.458],[-11.458,0],[0,-25.833],[9.375,-5.833],[-2.708,-10.625],[-10.417,-2.708],[-8.125,6.25],[0,11.458],[-11.458,0],[0,-23.333],[18.333,-14.375],[25.417,6.458],[8.333,32.5]],"v":[[38.796,7.5],[20.879,36.458],[0.046,57.292],[-20.787,36.458],[17.129,-28.125],[31.504,-65],[9.004,-87.292],[-19.954,-81.667],[-32.662,-55.833],[-53.496,-35],[-74.329,-55.833],[-45.371,-114.583],[19.421,-127.708],[71.921,-75.417]],"c":true},"ix":2},"nm":"Path 1","mn":"ADBE Vector Shape - Group","hd":false},{"ind":1,"ty":"sh","ix":2,"ks":{"a":0,"k":{"i":[[5,-4.792],[3.125,-1.25],[3.333,0],[4.792,5],[0,7.083],[-5,4.792],[-8.333,-1.667],[-1.667,-0.833],[-1.25,-0.833],[-1.25,-1.25],[0,-6.875]],"o":[[-2.5,2.5],[-3.125,1.458],[-6.875,0],[-5,-4.792],[0,-6.875],[5.833,-6.042],[1.667,0.417],[1.458,0.625],[1.458,1.042],[5,4.792],[0,6.875]],"v":[[18.379,122.5],[10.046,128.125],[0.046,130.208],[-18.287,122.5],[-25.996,104.167],[-18.287,85.833],[5.046,78.542],[10.046,80.208],[14.421,82.5],[18.379,85.833],[26.088,104.167]],"c":true},"ix":2},"nm":"Path 2","mn":"ADBE Vector Shape - Group","hd":false},{"ind":2,"ty":"sh","ix":3,"ks":{"a":0,"k":{"i":[[40.208,38.333],[55.417,-1.25],[38.333,-40.208],[-1.25,-55.625],[-40.208,-38.333],[-53.75,0],[0,0],[-38.333,40.208],[0,53.958],[0,0]],"o":[[-40.417,-38.333],[-55.625,1.458],[-38.333,40.417],[1.458,55.625],[39.167,37.292],[0,0],[55.625,-1.458],[37.292,-39.167],[0,0],[-1.458,-55.625]],"v":[[143.796,-150.833],[-4.954,-208.333],[-150.787,-143.75],[-208.287,5],[-143.704,150.833],[-0.162,208.333],[5.046,208.333],[150.879,143.75],[208.379,-0.208],[208.379,-5]],"c":true},"ix":2},"nm":"Path 3","mn":"ADBE Vector Shape - Group","hd":false},{"ty":"fl","c":{"a":0,"k":[0.071,0.075,0.192,1],"ix":4,"x":"var $bm_rt;\n$bm_rt = comp('system-solid-140-help-center').layer('control').effect('primary')('Color');"},"o":{"a":0,"k":100,"ix":5},"r":1,"bm":0,"nm":".primary","mn":"ADBE Vector Graphic - Fill","hd":false,"cl":"primary"},{"ty":"tr","p":{"a":0,"k":[0,0],"ix":2},"a":{"a":0,"k":[0,0],"ix":1},"s":{"a":0,"k":[100,100],"ix":3},"r":{"a":0,"k":0,"ix":6},"o":{"a":0,"k":100,"ix":7},"sk":{"a":0,"k":0,"ix":4},"sa":{"a":0,"k":0,"ix":5},"nm":"Transform"}],"nm":"Group 1","np":4,"cix":2,"bm":0,"ix":1,"mn":"ADBE Vector Group","hd":false}],"ip":59,"op":300,"st":0,"ct":1,"bm":0},{"ddd":0,"ind":2,"ty":0,"nm":"mask","td":1,"refId":"comp_1","sr":1,"ks":{"o":{"a":0,"k":100,"ix":11},"r":{"a":0,"k":0,"ix":10},"p":{"a":0,"k":[250,250,0],"ix":2,"l":2},"a":{"a":0,"k":[250,250,0],"ix":1,"l":2},"s":{"a":0,"k":[100,100,100],"ix":6,"l":2}},"ao":0,"w":500,"h":500,"ip":6,"op":59,"st":6,"bm":0},{"ddd":0,"ind":3,"ty":4,"nm":".primary.design","cl":"primary design","tt":2,"tp":2,"sr":1,"ks":{"o":{"a":0,"k":100,"ix":11},"r":{"a":1,"k":[{"i":{"x":[0.2],"y":[1]},"o":{"x":[0.167],"y":[0.167]},"t":0,"s":[0]},{"t":40,"s":[-180]}],"ix":10},"p":{"a":0,"k":[250.004,250.003,0],"ix":2,"l":2},"a":{"a":0,"k":[0,0,0],"ix":1,"l":2},"s":{"a":0,"k":[100,100,100],"ix":6,"l":2}},"ao":0,"shapes":[{"ty":"gr","it":[{"ind":0,"ty":"sh","ix":1,"ks":{"a":1,"k":[{"i":{"x":0.2,"y":1},"o":{"x":0.167,"y":0.167},"t":0,"s":[{"i":[[-0.237,-9.809],[9.809,-0.237],[0.237,9.809],[-9.809,0.237]],"o":[[0.237,9.809],[-9.809,0.237],[-0.237,-9.809],[9.809,-0.237]],"v":[[17.524,-176.429],[0.193,-158.24],[-17.996,-175.571],[-0.666,-193.76]],"c":true}]},{"t":40,"s":[{"i":[[-2.572,-106.399],[106.399,-2.572],[2.572,106.399],[-106.399,2.572]],"o":[[2.572,106.399],[-106.399,2.572],[-2.572,-106.399],[106.399,-2.572]],"v":[[192.652,-4.656],[4.656,192.652],[-192.652,4.656],[-4.656,-192.652]],"c":true}]}],"ix":2},"nm":"Path 1","mn":"ADBE Vector Shape - Group","hd":false},{"ty":"st","c":{"a":0,"k":[0.071,0.075,0.192,1],"ix":3,"x":"var $bm_rt;\n$bm_rt = comp('system-solid-140-help-center').layer('control').effect('primary')('Color');"},"o":{"a":0,"k":100,"ix":4},"w":{"a":0,"k":31.3,"ix":5},"lc":2,"lj":2,"bm":0,"nm":".primary","mn":"ADBE Vector Graphic - Stroke","hd":false,"cl":"primary"},{"ty":"tr","p":{"a":0,"k":[0,0],"ix":2},"a":{"a":0,"k":[0,0],"ix":1},"s":{"a":0,"k":[100,100],"ix":3},"r":{"a":0,"k":0,"ix":6},"o":{"a":0,"k":100,"ix":7},"sk":{"a":0,"k":0,"ix":4},"sa":{"a":0,"k":0,"ix":5},"nm":"Transform"}],"nm":"Group 1","np":2,"cix":2,"bm":0,"ix":1,"mn":"ADBE Vector Group","hd":false},{"ty":"fl","c":{"a":0,"k":[0.071,0.075,0.192,1],"ix":4,"x":"var $bm_rt;\n$bm_rt = comp('system-solid-140-help-center').layer('control').effect('primary')('Color');"},"o":{"a":0,"k":100,"ix":5},"r":1,"bm":0,"nm":".primary","mn":"ADBE Vector Graphic - Fill","hd":false,"cl":"primary"}],"ip":1,"op":59,"st":0,"ct":1,"bm":0}]},{"id":"comp_1","nm":"mask","fr":60,"layers":[{"ddd":0,"ind":1,"ty":3,"nm":"NULL ","sr":1,"ks":{"o":{"a":0,"k":0,"ix":11},"r":{"a":0,"k":0,"ix":10},"p":{"a":1,"k":[{"i":{"x":0.439,"y":1},"o":{"x":0.167,"y":0.167},"t":0,"s":[162,302,0],"to":[0,0,0],"ti":[-37.439,48.859,0]},{"t":24,"s":[250,250,0]}],"ix":2,"l":2},"a":{"a":0,"k":[50,50,0],"ix":1,"l":2},"s":{"a":0,"k":[100,100,100],"ix":6,"l":2}},"ao":0,"ip":0,"op":53,"st":-6,"bm":0},{"ddd":0,"ind":2,"ty":4,"nm":".primary.design","cl":"primary design","parent":1,"sr":1,"ks":{"o":{"a":0,"k":100,"ix":11},"r":{"a":0,"k":0,"ix":10},"p":{"a":1,"k":[{"i":{"x":0.667,"y":1},"o":{"x":0.167,"y":0.272},"t":21,"s":[49.998,105.168,0],"to":[0,12.667,0],"ti":[0,-8.167,0]},{"i":{"x":0.667,"y":1},"o":{"x":0.333,"y":0},"t":32,"s":[49.998,181.168,0],"to":[0,8.167,0],"ti":[0,4.5,0]},{"t":53,"s":[49.998,154.168,0]}],"ix":2,"l":2},"a":{"a":0,"k":[0,0,0],"ix":1,"l":2},"s":{"a":0,"k":[100,100,100],"ix":6,"l":2}},"ao":0,"shapes":[{"ty":"gr","it":[{"ind":0,"ty":"sh","ix":1,"ks":{"a":0,"k":{"i":[[0,0],[0,0]],"o":[[0,0],[0,0]],"v":[[0,0],[0,0]],"c":false},"ix":2},"nm":"Path 1","mn":"ADBE Vector Shape - Group","hd":false},{"ty":"st","c":{"a":0,"k":[0.071,0.075,0.192,1],"ix":3,"x":"var $bm_rt;\n$bm_rt = comp('system-solid-140-help-center').layer('control').effect('primary')('Color');"},"o":{"a":0,"k":100,"ix":4},"w":{"a":0,"k":52,"ix":5},"lc":2,"lj":1,"ml":10,"bm":0,"nm":".primary","mn":"ADBE Vector Graphic - Stroke","hd":false,"cl":"primary"},{"ty":"tr","p":{"a":0,"k":[0,0],"ix":2},"a":{"a":0,"k":[0,0],"ix":1},"s":{"a":0,"k":[100,100],"ix":3},"r":{"a":0,"k":0,"ix":6},"o":{"a":0,"k":100,"ix":7},"sk":{"a":0,"k":0,"ix":4},"sa":{"a":0,"k":0,"ix":5},"nm":"Transform"}],"nm":"Group 1","np":2,"cix":2,"bm":0,"ix":1,"mn":"ADBE Vector Group","hd":false}],"ip":21,"op":53,"st":-6,"ct":1,"bm":0},{"ddd":0,"ind":3,"ty":4,"nm":".primary.design","cl":"primary design","parent":1,"sr":1,"ks":{"o":{"a":0,"k":100,"ix":11},"r":{"a":0,"k":0,"ix":10},"p":{"a":0,"k":[49.997,13.545,0],"ix":2,"l":2},"a":{"a":0,"k":[0,0,0],"ix":1,"l":2},"s":{"a":0,"k":[100,100,100],"ix":6,"l":2}},"ao":0,"shapes":[{"ty":"gr","it":[{"ind":0,"ty":"sh","ix":1,"ks":{"a":0,"k":{"i":[[0,0],[0,0],[-16.638,10.184],[6.456,25.006],[18.009,4.654],[0,-34.168]],"o":[[0,0],[0,-19.508],[19.032,-11.65],[-4.65,-18.01],[-35.677,-9.221],[0,0]],"v":[[0,72.917],[0,72.878],[27.878,26.194],[51.635,-33.683],[14.251,-71.075],[-53.473,-19.445]],"c":false},"ix":2},"nm":"Path 1","mn":"ADBE Vector Shape - Group","hd":false},{"ty":"tm","s":{"a":1,"k":[{"i":{"x":[0.322],"y":[1]},"o":{"x":[0.167],"y":[0.167]},"t":17,"s":[100]},{"t":53,"s":[0]}],"ix":1},"e":{"a":0,"k":100,"ix":2},"o":{"a":0,"k":0,"ix":3},"m":1,"ix":2,"nm":"Trim Paths 1","mn":"ADBE Vector Filter - Trim","hd":false},{"ty":"st","c":{"a":0,"k":[0.071,0.075,0.192,1],"ix":3,"x":"var $bm_rt;\n$bm_rt = comp('system-solid-140-help-center').layer('control').effect('primary')('Color');"},"o":{"a":0,"k":100,"ix":4},"w":{"a":0,"k":41,"ix":5},"lc":2,"lj":2,"bm":0,"nm":".primary","mn":"ADBE Vector Graphic - Stroke","hd":false,"cl":"primary"},{"ty":"tr","p":{"a":0,"k":[0,0],"ix":2},"a":{"a":0,"k":[0,0],"ix":1},"s":{"a":0,"k":[100,100],"ix":3},"r":{"a":0,"k":0,"ix":6},"o":{"a":0,"k":100,"ix":7},"sk":{"a":0,"k":0,"ix":4},"sa":{"a":0,"k":0,"ix":5},"nm":"Transform"}],"nm":"Group 1","np":3,"cix":2,"bm":0,"ix":1,"mn":"ADBE Vector Group","hd":false}],"ip":17,"op":53,"st":-6,"ct":1,"bm":0},{"ddd":0,"ind":4,"ty":4,"nm":".primary.design","cl":"primary design","parent":1,"sr":1,"ks":{"o":{"a":0,"k":100,"ix":11},"r":{"a":0,"k":0,"ix":10},"p":{"a":0,"k":[49.997,13.545,0],"ix":2,"l":2},"a":{"a":0,"k":[0,0,0],"ix":1,"l":2},"s":{"a":0,"k":[100,100,100],"ix":6,"l":2}},"ao":0,"shapes":[{"ty":"gr","it":[{"ind":0,"ty":"sh","ix":1,"ks":{"a":0,"k":{"i":[[0,0],[0,0],[-16.638,10.184],[6.456,25.006],[18.009,4.654],[0,-34.168]],"o":[[0,0],[0,-19.508],[19.032,-11.65],[-4.65,-18.01],[-35.677,-9.221],[0,0]],"v":[[0,72.917],[0,72.878],[27.878,26.194],[51.635,-33.683],[14.251,-71.075],[-53.473,-19.445]],"c":false},"ix":2},"nm":"Path 1","mn":"ADBE Vector Shape - Group","hd":false},{"ty":"tm","s":{"a":1,"k":[{"i":{"x":[0],"y":[0.722]},"o":{"x":[0.333],"y":[0]},"t":-2,"s":[100]},{"t":15,"s":[0]}],"ix":1},"e":{"a":1,"k":[{"i":{"x":[0.667],"y":[1]},"o":{"x":[0.333],"y":[0]},"t":5,"s":[100]},{"t":21,"s":[0]}],"ix":2},"o":{"a":0,"k":0,"ix":3},"m":1,"ix":2,"nm":"Trim Paths 1","mn":"ADBE Vector Filter - Trim","hd":false},{"ty":"st","c":{"a":0,"k":[0.071,0.075,0.192,1],"ix":3,"x":"var $bm_rt;\n$bm_rt = comp('system-solid-140-help-center').layer('control').effect('primary')('Color');"},"o":{"a":0,"k":100,"ix":4},"w":{"a":0,"k":41,"ix":5},"lc":2,"lj":2,"bm":0,"nm":".primary","mn":"ADBE Vector Graphic - Stroke","hd":false,"cl":"primary"},{"ty":"tr","p":{"a":0,"k":[0,0],"ix":2},"a":{"a":0,"k":[0,0],"ix":1},"s":{"a":0,"k":[100,100],"ix":3},"r":{"a":0,"k":0,"ix":6},"o":{"a":0,"k":100,"ix":7},"sk":{"a":0,"k":0,"ix":4},"sa":{"a":0,"k":0,"ix":5},"nm":"Transform"}],"nm":"Group 1","np":3,"cix":2,"bm":0,"ix":1,"mn":"ADBE Vector Group","hd":false}],"ip":0,"op":53,"st":-6,"ct":1,"bm":0}]},{"id":"comp_2","nm":"hover-help-center-3","fr":60,"layers":[{"ddd":0,"ind":1,"ty":4,"nm":".primary.design","cl":"primary design","sr":1,"ks":{"o":{"a":0,"k":100,"ix":11},"r":{"a":0,"k":0,"ix":10},"p":{"a":0,"k":[250,250,0],"ix":2,"l":2},"a":{"a":0,"k":[0,0,0],"ix":1,"l":2},"s":{"a":0,"k":[100,100,100],"ix":6,"l":2}},"ao":0,"shapes":[{"ty":"gr","it":[{"ind":0,"ty":"sh","ix":1,"ks":{"a":0,"k":{"i":[[28.125,-17.292],[0,-11.25],[11.458,0],[0,11.458],[-23.75,14.583],[4.583,17.917],[10.833,2.708],[8.333,-6.458],[0,-10.208],[11.667,0],[0,11.458],[-18.333,14.167],[-22.917,-5.833],[-6.667,-25.208]],"o":[[-11.25,6.875],[0,11.458],[-11.458,0],[0,-25.833],[9.375,-5.833],[-2.708,-10.625],[-10.417,-2.708],[-8.125,6.25],[0,11.458],[-11.458,0],[0,-23.333],[18.333,-14.375],[25.417,6.458],[8.333,32.5]],"v":[[38.796,7.5],[20.879,36.458],[0.046,57.292],[-20.787,36.458],[17.129,-28.125],[31.504,-65],[9.004,-87.292],[-19.954,-81.667],[-32.662,-55.833],[-53.496,-35],[-74.329,-55.833],[-45.371,-114.583],[19.421,-127.708],[71.921,-75.417]],"c":true},"ix":2},"nm":"Path 1","mn":"ADBE Vector Shape - Group","hd":false},{"ind":1,"ty":"sh","ix":2,"ks":{"a":0,"k":{"i":[[5,-4.792],[3.125,-1.25],[3.333,0],[4.792,5],[0,7.083],[-5,4.792],[-8.333,-1.667],[-1.667,-0.833],[-1.25,-0.833],[-1.25,-1.25],[0,-6.875]],"o":[[-2.5,2.5],[-3.125,1.458],[-6.875,0],[-5,-4.792],[0,-6.875],[5.833,-6.042],[1.667,0.417],[1.458,0.625],[1.458,1.042],[5,4.792],[0,6.875]],"v":[[18.379,122.5],[10.046,128.125],[0.046,130.208],[-18.287,122.5],[-25.996,104.167],[-18.287,85.833],[5.046,78.542],[10.046,80.208],[14.421,82.5],[18.379,85.833],[26.088,104.167]],"c":true},"ix":2},"nm":"Path 2","mn":"ADBE Vector Shape - Group","hd":false},{"ind":2,"ty":"sh","ix":3,"ks":{"a":0,"k":{"i":[[40.208,38.333],[55.417,-1.25],[38.333,-40.208],[-1.25,-55.625],[-40.208,-38.333],[-53.75,0],[0,0],[-38.333,40.208],[0,53.958],[0,0]],"o":[[-40.417,-38.333],[-55.625,1.458],[-38.333,40.417],[1.458,55.625],[39.167,37.292],[0,0],[55.625,-1.458],[37.292,-39.167],[0,0],[-1.458,-55.625]],"v":[[143.796,-150.833],[-4.954,-208.333],[-150.787,-143.75],[-208.287,5],[-143.704,150.833],[-0.162,208.333],[5.046,208.333],[150.879,143.75],[208.379,-0.208],[208.379,-5]],"c":true},"ix":2},"nm":"Path 3","mn":"ADBE Vector Shape - Group","hd":false},{"ty":"fl","c":{"a":0,"k":[0.071,0.075,0.192,1],"ix":4,"x":"var $bm_rt;\n$bm_rt = comp('system-solid-140-help-center').layer('control').effect('primary')('Color');"},"o":{"a":0,"k":100,"ix":5},"r":1,"bm":0,"nm":".primary","mn":"ADBE Vector Graphic - Fill","hd":false,"cl":"primary"},{"ty":"tr","p":{"a":0,"k":[0,0],"ix":2},"a":{"a":0,"k":[0,0],"ix":1},"s":{"a":0,"k":[100,100],"ix":3},"r":{"a":0,"k":0,"ix":6},"o":{"a":0,"k":100,"ix":7},"sk":{"a":0,"k":0,"ix":4},"sa":{"a":0,"k":0,"ix":5},"nm":"Transform"}],"nm":"Group 1","np":4,"cix":2,"bm":0,"ix":1,"mn":"ADBE Vector Group","hd":false}],"ip":0,"op":1,"st":-59,"ct":1,"bm":0},{"ddd":0,"ind":2,"ty":4,"nm":".primary.design","cl":"primary design","sr":1,"ks":{"o":{"a":0,"k":100,"ix":11},"r":{"a":0,"k":0,"ix":10},"p":{"a":0,"k":[250,250,0],"ix":2,"l":2},"a":{"a":0,"k":[0,0,0],"ix":1,"l":2},"s":{"a":0,"k":[100,100,100],"ix":6,"l":2}},"ao":0,"shapes":[{"ty":"gr","it":[{"ind":0,"ty":"sh","ix":1,"ks":{"a":0,"k":{"i":[[28.125,-17.292],[0,-11.25],[11.458,0],[0,11.458],[-23.75,14.583],[4.583,17.917],[10.833,2.708],[8.333,-6.458],[0,-10.208],[11.667,0],[0,11.458],[-18.333,14.167],[-22.917,-5.833],[-6.667,-25.208]],"o":[[-11.25,6.875],[0,11.458],[-11.458,0],[0,-25.833],[9.375,-5.833],[-2.708,-10.625],[-10.417,-2.708],[-8.125,6.25],[0,11.458],[-11.458,0],[0,-23.333],[18.333,-14.375],[25.417,6.458],[8.333,32.5]],"v":[[38.796,7.5],[20.879,36.458],[0.046,57.292],[-20.787,36.458],[17.129,-28.125],[31.504,-65],[9.004,-87.292],[-19.954,-81.667],[-32.662,-55.833],[-53.496,-35],[-74.329,-55.833],[-45.371,-114.583],[19.421,-127.708],[71.921,-75.417]],"c":true},"ix":2},"nm":"Path 1","mn":"ADBE Vector Shape - Group","hd":false},{"ind":1,"ty":"sh","ix":2,"ks":{"a":0,"k":{"i":[[5,-4.792],[3.125,-1.25],[3.333,0],[4.792,5],[0,7.083],[-5,4.792],[-8.333,-1.667],[-1.667,-0.833],[-1.25,-0.833],[-1.25,-1.25],[0,-6.875]],"o":[[-2.5,2.5],[-3.125,1.458],[-6.875,0],[-5,-4.792],[0,-6.875],[5.833,-6.042],[1.667,0.417],[1.458,0.625],[1.458,1.042],[5,4.792],[0,6.875]],"v":[[18.379,122.5],[10.046,128.125],[0.046,130.208],[-18.287,122.5],[-25.996,104.167],[-18.287,85.833],[5.046,78.542],[10.046,80.208],[14.421,82.5],[18.379,85.833],[26.088,104.167]],"c":true},"ix":2},"nm":"Path 2","mn":"ADBE Vector Shape - Group","hd":false},{"ind":2,"ty":"sh","ix":3,"ks":{"a":0,"k":{"i":[[40.208,38.333],[55.417,-1.25],[38.333,-40.208],[-1.25,-55.625],[-40.208,-38.333],[-53.75,0],[0,0],[-38.333,40.208],[0,53.958],[0,0]],"o":[[-40.417,-38.333],[-55.625,1.458],[-38.333,40.417],[1.458,55.625],[39.167,37.292],[0,0],[55.625,-1.458],[37.292,-39.167],[0,0],[-1.458,-55.625]],"v":[[143.796,-150.833],[-4.954,-208.333],[-150.787,-143.75],[-208.287,5],[-143.704,150.833],[-0.162,208.333],[5.046,208.333],[150.879,143.75],[208.379,-0.208],[208.379,-5]],"c":true},"ix":2},"nm":"Path 3","mn":"ADBE Vector Shape - Group","hd":false},{"ty":"fl","c":{"a":0,"k":[0.071,0.075,0.192,1],"ix":4,"x":"var $bm_rt;\n$bm_rt = comp('system-solid-140-help-center').layer('control').effect('primary')('Color');"},"o":{"a":0,"k":100,"ix":5},"r":1,"bm":0,"nm":".primary","mn":"ADBE Vector Graphic - Fill","hd":false,"cl":"primary"},{"ty":"tr","p":{"a":0,"k":[0,0],"ix":2},"a":{"a":0,"k":[0,0],"ix":1},"s":{"a":0,"k":[100,100],"ix":3},"r":{"a":0,"k":0,"ix":6},"o":{"a":0,"k":100,"ix":7},"sk":{"a":0,"k":0,"ix":4},"sa":{"a":0,"k":0,"ix":5},"nm":"Transform"}],"nm":"Group 1","np":4,"cix":2,"bm":0,"ix":1,"mn":"ADBE Vector Group","hd":false}],"ip":59,"op":300,"st":0,"ct":1,"bm":0},{"ddd":0,"ind":3,"ty":0,"nm":"mask","td":1,"refId":"comp_3","sr":1,"ks":{"o":{"a":0,"k":100,"ix":11},"r":{"a":0,"k":0,"ix":10},"p":{"a":0,"k":[250,250,0],"ix":2,"l":2},"a":{"a":0,"k":[250,250,0],"ix":1,"l":2},"s":{"a":0,"k":[100,100,100],"ix":6,"l":2}},"ao":0,"w":500,"h":500,"ip":1,"op":59,"st":1,"bm":0},{"ddd":0,"ind":4,"ty":4,"nm":".primary.design","cl":"primary design","tt":2,"tp":3,"sr":1,"ks":{"o":{"a":0,"k":100,"ix":11},"r":{"a":0,"k":0,"ix":10},"p":{"a":0,"k":[250.003,250.003,0],"ix":2,"l":2},"a":{"a":0,"k":[250.003,250.003,0],"ix":1,"l":2},"s":{"a":0,"k":[100,100,100],"ix":6,"l":2}},"ao":0,"shapes":[{"ty":"gr","it":[{"ind":0,"ty":"sh","ix":1,"ks":{"a":0,"k":{"i":[[114.89,0],[0,114.89],[-114.89,0],[0,-114.89]],"o":[[-114.89,0],[0,-114.89],[114.89,0],[0,114.89]],"v":[[0.001,208.359],[-208.36,0],[0.001,-208.359],[208.36,0]],"c":true},"ix":2},"nm":"Path 2","mn":"ADBE Vector Shape - Group","hd":false},{"ty":"fl","c":{"a":0,"k":[0.071,0.075,0.192,1],"ix":4,"x":"var $bm_rt;\n$bm_rt = comp('system-solid-140-help-center').layer('control').effect('primary')('Color');"},"o":{"a":0,"k":100,"ix":5},"r":1,"bm":0,"nm":".primary","mn":"ADBE Vector Graphic - Fill","hd":false,"cl":"primary"},{"ty":"tr","p":{"a":0,"k":[250.003,250.003],"ix":2},"a":{"a":0,"k":[0,0],"ix":1},"s":{"a":0,"k":[100,100],"ix":3},"r":{"a":0,"k":0,"ix":6},"o":{"a":0,"k":100,"ix":7},"sk":{"a":0,"k":0,"ix":4},"sa":{"a":0,"k":0,"ix":5},"nm":"Transform"}],"nm":"Group 1","np":2,"cix":2,"bm":0,"ix":1,"mn":"ADBE Vector Group","hd":false}],"ip":1,"op":59,"st":0,"ct":1,"bm":0}]},{"id":"comp_3","nm":"mask","fr":60,"layers":[{"ddd":0,"ind":1,"ty":4,"nm":".primary.design","cl":"primary design","sr":1,"ks":{"o":{"a":0,"k":100,"ix":11},"r":{"a":0,"k":0,"ix":10},"p":{"a":0,"k":[249.997,213.545,0],"ix":2,"l":2},"a":{"a":0,"k":[0,0,0],"ix":1,"l":2},"s":{"a":0,"k":[100,100,100],"ix":6,"l":2}},"ao":0,"shapes":[{"ty":"gr","it":[{"ind":0,"ty":"sh","ix":1,"ks":{"a":0,"k":{"i":[[0,0],[0,0],[-16.638,10.184],[6.456,25.006],[18.009,4.654],[0,-34.168]],"o":[[0,0],[0,-19.508],[19.032,-11.65],[-4.65,-18.01],[-35.677,-9.221],[0,0]],"v":[[0,72.917],[0,72.878],[27.878,26.194],[51.635,-33.683],[14.251,-71.075],[-53.473,-19.445]],"c":false},"ix":2},"nm":"Path 1","mn":"ADBE Vector Shape - Group","hd":false},{"ty":"tm","s":{"a":0,"k":0,"ix":1},"e":{"a":1,"k":[{"i":{"x":[0.667],"y":[1]},"o":{"x":[0.333],"y":[0]},"t":0,"s":[100]},{"t":26,"s":[0]}],"ix":2},"o":{"a":0,"k":0,"ix":3},"m":1,"ix":2,"nm":"Trim Paths 1","mn":"ADBE Vector Filter - Trim","hd":false},{"ty":"st","c":{"a":0,"k":[0.071,0.075,0.192,1],"ix":3,"x":"var $bm_rt;\n$bm_rt = comp('system-solid-140-help-center').layer('control').effect('primary')('Color');"},"o":{"a":0,"k":100,"ix":4},"w":{"a":0,"k":41,"ix":5},"lc":2,"lj":2,"bm":0,"nm":".primary","mn":"ADBE Vector Graphic - Stroke","hd":false,"cl":"primary"},{"ty":"tr","p":{"a":0,"k":[0,0],"ix":2},"a":{"a":0,"k":[0,0],"ix":1},"s":{"a":0,"k":[100,100],"ix":3},"r":{"a":0,"k":0,"ix":6},"o":{"a":0,"k":100,"ix":7},"sk":{"a":0,"k":0,"ix":4},"sa":{"a":0,"k":0,"ix":5},"nm":"Transform"}],"nm":"Group 1","np":3,"cix":2,"bm":0,"ix":1,"mn":"ADBE Vector Group","hd":false}],"ip":0,"op":58,"st":-1,"ct":1,"bm":0},{"ddd":0,"ind":2,"ty":4,"nm":".primary.design","cl":"primary design","sr":1,"ks":{"o":{"a":0,"k":100,"ix":11},"r":{"a":0,"k":0,"ix":10},"p":{"a":0,"k":[249.997,213.545,0],"ix":2,"l":2},"a":{"a":0,"k":[0,0,0],"ix":1,"l":2},"s":{"a":0,"k":[100,100,100],"ix":6,"l":2}},"ao":0,"shapes":[{"ty":"gr","it":[{"ind":0,"ty":"sh","ix":1,"ks":{"a":0,"k":{"i":[[0,0],[0,0],[-16.638,10.184],[6.456,25.006],[18.009,4.654],[0,-34.168]],"o":[[0,0],[0,-19.508],[19.032,-11.65],[-4.65,-18.01],[-35.677,-9.221],[0,0]],"v":[[0,72.917],[0,72.878],[27.878,26.194],[51.635,-33.683],[14.251,-71.075],[-53.473,-19.445]],"c":false},"ix":2},"nm":"Path 1","mn":"ADBE Vector Shape - Group","hd":false},{"ty":"tm","s":{"a":1,"k":[{"i":{"x":[0.29],"y":[1]},"o":{"x":[0.167],"y":[0.167]},"t":16,"s":[100]},{"t":58,"s":[0]}],"ix":1},"e":{"a":0,"k":100,"ix":2},"o":{"a":0,"k":0,"ix":3},"m":1,"ix":2,"nm":"Trim Paths 1","mn":"ADBE Vector Filter - Trim","hd":false},{"ty":"st","c":{"a":0,"k":[0.071,0.075,0.192,1],"ix":3,"x":"var $bm_rt;\n$bm_rt = comp('system-solid-140-help-center').layer('control').effect('primary')('Color');"},"o":{"a":0,"k":100,"ix":4},"w":{"a":0,"k":41,"ix":5},"lc":2,"lj":2,"bm":0,"nm":".primary","mn":"ADBE Vector Graphic - Stroke","hd":false,"cl":"primary"},{"ty":"tr","p":{"a":0,"k":[0,0],"ix":2},"a":{"a":0,"k":[0,0],"ix":1},"s":{"a":0,"k":[100,100],"ix":3},"r":{"a":0,"k":0,"ix":6},"o":{"a":0,"k":100,"ix":7},"sk":{"a":0,"k":0,"ix":4},"sa":{"a":0,"k":0,"ix":5},"nm":"Transform"}],"nm":"Group 1","np":3,"cix":2,"bm":0,"ix":1,"mn":"ADBE Vector Group","hd":false}],"ip":0,"op":58,"st":-1,"ct":1,"bm":0},{"ddd":0,"ind":3,"ty":4,"nm":".primary.design","cl":"primary design","sr":1,"ks":{"o":{"a":0,"k":100,"ix":11},"r":{"a":0,"k":0,"ix":10},"p":{"a":1,"k":[{"i":{"x":0.25,"y":1},"o":{"x":0.333,"y":0},"t":22,"s":[249.998,354.168,0],"to":[0,4.5,0],"ti":[0,0,0]},{"i":{"x":0.149,"y":1},"o":{"x":0.333,"y":0},"t":33.127,"s":[249.998,381.168,0],"to":[0,0,0],"ti":[0,4.5,0]},{"t":58,"s":[249.998,354.168,0]}],"ix":2,"l":2},"a":{"a":0,"k":[0,0,0],"ix":1,"l":2},"s":{"a":0,"k":[100,100,100],"ix":6,"l":2}},"ao":0,"shapes":[{"ty":"gr","it":[{"ind":0,"ty":"sh","ix":1,"ks":{"a":0,"k":{"i":[[0,0],[0,0]],"o":[[0,0],[0,0]],"v":[[0,0],[0,0]],"c":false},"ix":2},"nm":"Path 1","mn":"ADBE Vector Shape - Group","hd":false},{"ty":"st","c":{"a":0,"k":[0.071,0.075,0.192,1],"ix":3,"x":"var $bm_rt;\n$bm_rt = comp('system-solid-140-help-center').layer('control').effect('primary')('Color');"},"o":{"a":0,"k":100,"ix":4},"w":{"a":0,"k":52,"ix":5},"lc":2,"lj":1,"ml":10,"bm":0,"nm":".primary","mn":"ADBE Vector Graphic - Stroke","hd":false,"cl":"primary"},{"ty":"tr","p":{"a":0,"k":[0,0],"ix":2},"a":{"a":0,"k":[0,0],"ix":1},"s":{"a":0,"k":[100,100],"ix":3},"r":{"a":0,"k":0,"ix":6},"o":{"a":0,"k":100,"ix":7},"sk":{"a":0,"k":0,"ix":4},"sa":{"a":0,"k":0,"ix":5},"nm":"Transform"}],"nm":"Group 1","np":2,"cix":2,"bm":0,"ix":1,"mn":"ADBE Vector Group","hd":false}],"ip":0,"op":58,"st":-1,"ct":1,"bm":0}]},{"id":"comp_4","nm":"hover-help-center-4","fr":60,"layers":[{"ddd":0,"ind":1,"ty":4,"nm":".primary.design","cl":"primary design","sr":1,"ks":{"o":{"a":0,"k":100,"ix":11},"r":{"a":0,"k":0,"ix":10},"p":{"a":0,"k":[250,250,0],"ix":2,"l":2},"a":{"a":0,"k":[0,0,0],"ix":1,"l":2},"s":{"a":0,"k":[100,100,100],"ix":6,"l":2}},"ao":0,"shapes":[{"ty":"gr","it":[{"ind":0,"ty":"sh","ix":1,"ks":{"a":1,"k":[{"i":{"x":0.667,"y":1},"o":{"x":0.167,"y":0.167},"t":51,"s":[{"i":[[34.485,-21.202],[2.662,-13.535],[13.785,2.711],[-2.711,13.785],[-23.499,15.509],[5.601,21.973],[13.283,3.321],[10.218,-7.919],[0,-12.517],[14.305,0],[0,14.049],[-22.479,17.37],[-28.101,-7.141],[-8.174,-30.908]],"o":[[-13.794,8.43],[-2.711,13.785],[-13.785,-2.711],[6.112,-31.079],[11.495,-7.152],[-3.321,-13.027],[-12.772,-3.321],[-9.962,7.663],[0,14.049],[-14.049,0],[0,-28.609],[22.479,-17.625],[31.164,7.919],[10.218,39.849]],"v":[[48.565,8.422],[24.775,41.799],[-5.218,61.934],[-25.353,31.941],[21.749,-34.759],[39.624,-80.972],[10.787,-108.304],[-24.72,-101.407],[-40.301,-69.732],[-65.845,-44.188],[-91.39,-69.732],[-55.883,-141.767],[23.559,-157.859],[87.93,-93.744]],"c":true}]},{"t":59,"s":[{"i":[[28.125,-17.292],[0,-11.25],[11.458,0],[0,11.458],[-23.75,14.583],[4.583,17.917],[10.833,2.708],[8.333,-6.458],[0,-10.208],[11.667,0],[0,11.458],[-18.333,14.167],[-22.917,-5.833],[-6.667,-25.208]],"o":[[-11.25,6.875],[0,11.458],[-11.458,0],[0,-25.833],[9.375,-5.833],[-2.708,-10.625],[-10.417,-2.708],[-8.125,6.25],[0,11.458],[-11.458,0],[0,-23.333],[18.333,-14.375],[25.417,6.458],[8.333,32.5]],"v":[[38.796,7.5],[20.879,36.458],[0.046,57.292],[-20.787,36.458],[17.129,-28.125],[31.504,-65],[9.004,-87.292],[-19.954,-81.667],[-32.662,-55.833],[-53.496,-35],[-74.329,-55.833],[-45.371,-114.583],[19.421,-127.708],[71.921,-75.417]],"c":true}]}],"ix":2},"nm":"Path 1","mn":"ADBE Vector Shape - Group","hd":false},{"ind":1,"ty":"sh","ix":2,"ks":{"a":1,"k":[{"i":{"x":0.667,"y":1},"o":{"x":0.167,"y":0.167},"t":51,"s":[{"i":[[5.289,-5.069],[3.306,-1.322],[3.526,0],[5.069,5.289],[0,7.493],[-5.289,5.069],[-8.815,-1.763],[-1.763,-0.882],[-1.322,-0.882],[-1.322,-1.322],[0,-7.272]],"o":[[-2.645,2.645],[-3.306,1.543],[-7.272,0],[-5.289,-5.069],[0,-7.272],[6.171,-6.391],[1.763,0.441],[1.543,0.661],[1.543,1.102],[5.289,5.069],[0,7.272]],"v":[[19.318,148.096],[10.503,154.046],[-0.075,156.25],[-19.468,148.096],[-27.622,128.703],[-19.468,109.31],[5.214,101.596],[10.503,103.359],[15.131,105.784],[19.318,109.31],[27.472,128.703]],"c":true}]},{"t":59,"s":[{"i":[[5,-4.792],[3.125,-1.25],[3.333,0],[4.792,5],[0,7.083],[-5,4.792],[-8.333,-1.667],[-1.667,-0.833],[-1.25,-0.833],[-1.25,-1.25],[0,-6.875]],"o":[[-2.5,2.5],[-3.125,1.458],[-6.875,0],[-5,-4.792],[0,-6.875],[5.833,-6.042],[1.667,0.417],[1.458,0.625],[1.458,1.042],[5,4.792],[0,6.875]],"v":[[18.379,122.5],[10.046,128.125],[0.046,130.208],[-18.287,122.5],[-25.996,104.167],[-18.287,85.833],[5.046,78.542],[10.046,80.208],[14.421,82.5],[18.379,85.833],[26.088,104.167]],"c":true}]}],"ix":2},"nm":"Path 2","mn":"ADBE Vector Shape - Group","hd":false},{"ind":2,"ty":"sh","ix":3,"ks":{"a":0,"k":{"i":[[40.208,38.333],[55.417,-1.25],[38.333,-40.208],[-1.25,-55.625],[-40.208,-38.333],[-53.75,0],[0,0],[-38.333,40.208],[0,53.958],[0,0]],"o":[[-40.417,-38.333],[-55.625,1.458],[-38.333,40.417],[1.458,55.625],[39.167,37.292],[0,0],[55.625,-1.458],[37.292,-39.167],[0,0],[-1.458,-55.625]],"v":[[143.796,-150.833],[-4.954,-208.333],[-150.787,-143.75],[-208.287,5],[-143.704,150.833],[-0.162,208.333],[5.046,208.333],[150.879,143.75],[208.379,-0.208],[208.379,-5]],"c":true},"ix":2},"nm":"Path 3","mn":"ADBE Vector Shape - Group","hd":false},{"ty":"fl","c":{"a":0,"k":[0.071,0.075,0.192,1],"ix":4,"x":"var $bm_rt;\n$bm_rt = comp('system-solid-140-help-center').layer('control').effect('primary')('Color');"},"o":{"a":0,"k":100,"ix":5},"r":1,"bm":0,"nm":".primary","mn":"ADBE Vector Graphic - Fill","hd":false,"cl":"primary"},{"ty":"tr","p":{"a":0,"k":[0,0],"ix":2},"a":{"a":0,"k":[0,0],"ix":1},"s":{"a":0,"k":[100,100],"ix":3},"r":{"a":0,"k":0,"ix":6},"o":{"a":0,"k":100,"ix":7},"sk":{"a":0,"k":0,"ix":4},"sa":{"a":0,"k":0,"ix":5},"nm":"Transform"}],"nm":"Group 1","np":4,"cix":2,"bm":0,"ix":1,"mn":"ADBE Vector Group","hd":false}],"ip":52,"op":300,"st":0,"ct":1,"bm":0},{"ddd":0,"ind":2,"ty":4,"nm":".primary.design","cl":"primary design","sr":1,"ks":{"o":{"a":0,"k":100,"ix":11},"r":{"a":0,"k":0,"ix":10},"p":{"a":0,"k":[250,250,0],"ix":2,"l":2},"a":{"a":0,"k":[0,0,0],"ix":1,"l":2},"s":{"a":0,"k":[100,100,100],"ix":6,"l":2}},"ao":0,"shapes":[{"ty":"gr","it":[{"ind":0,"ty":"sh","ix":1,"ks":{"a":0,"k":{"i":[[28.125,-17.292],[0,-11.25],[11.458,0],[0,11.458],[-23.75,14.583],[4.583,17.917],[10.833,2.708],[8.333,-6.458],[0,-10.208],[11.667,0],[0,11.458],[-18.333,14.167],[-22.917,-5.833],[-6.667,-25.208]],"o":[[-11.25,6.875],[0,11.458],[-11.458,0],[0,-25.833],[9.375,-5.833],[-2.708,-10.625],[-10.417,-2.708],[-8.125,6.25],[0,11.458],[-11.458,0],[0,-23.333],[18.333,-14.375],[25.417,6.458],[8.333,32.5]],"v":[[38.796,7.5],[20.879,36.458],[0.046,57.292],[-20.787,36.458],[17.129,-28.125],[31.504,-65],[9.004,-87.292],[-19.954,-81.667],[-32.662,-55.833],[-53.496,-35],[-74.329,-55.833],[-45.371,-114.583],[19.421,-127.708],[71.921,-75.417]],"c":true},"ix":2},"nm":"Path 1","mn":"ADBE Vector Shape - Group","hd":false},{"ind":1,"ty":"sh","ix":2,"ks":{"a":0,"k":{"i":[[5,-4.792],[3.125,-1.25],[3.333,0],[4.792,5],[0,7.083],[-5,4.792],[-8.333,-1.667],[-1.667,-0.833],[-1.25,-0.833],[-1.25,-1.25],[0,-6.875]],"o":[[-2.5,2.5],[-3.125,1.458],[-6.875,0],[-5,-4.792],[0,-6.875],[5.833,-6.042],[1.667,0.417],[1.458,0.625],[1.458,1.042],[5,4.792],[0,6.875]],"v":[[18.379,122.5],[10.046,128.125],[0.046,130.208],[-18.287,122.5],[-25.996,104.167],[-18.287,85.833],[5.046,78.542],[10.046,80.208],[14.421,82.5],[18.379,85.833],[26.088,104.167]],"c":true},"ix":2},"nm":"Path 2","mn":"ADBE Vector Shape - Group","hd":false},{"ind":2,"ty":"sh","ix":3,"ks":{"a":0,"k":{"i":[[40.208,38.333],[55.417,-1.25],[38.333,-40.208],[-1.25,-55.625],[-40.208,-38.333],[-53.75,0],[0,0],[-38.333,40.208],[0,53.958],[0,0]],"o":[[-40.417,-38.333],[-55.625,1.458],[-38.333,40.417],[1.458,55.625],[39.167,37.292],[0,0],[55.625,-1.458],[37.292,-39.167],[0,0],[-1.458,-55.625]],"v":[[143.796,-150.833],[-4.954,-208.333],[-150.787,-143.75],[-208.287,5],[-143.704,150.833],[-0.162,208.333],[5.046,208.333],[150.879,143.75],[208.379,-0.208],[208.379,-5]],"c":true},"ix":2},"nm":"Path 3","mn":"ADBE Vector Shape - Group","hd":false},{"ty":"fl","c":{"a":0,"k":[0.071,0.075,0.192,1],"ix":4,"x":"var $bm_rt;\n$bm_rt = comp('system-solid-140-help-center').layer('control').effect('primary')('Color');"},"o":{"a":0,"k":100,"ix":5},"r":1,"bm":0,"nm":".primary","mn":"ADBE Vector Graphic - Fill","hd":false,"cl":"primary"},{"ty":"tr","p":{"a":0,"k":[0,0],"ix":2},"a":{"a":0,"k":[0,0],"ix":1},"s":{"a":0,"k":[100,100],"ix":3},"r":{"a":0,"k":0,"ix":6},"o":{"a":0,"k":100,"ix":7},"sk":{"a":0,"k":0,"ix":4},"sa":{"a":0,"k":0,"ix":5},"nm":"Transform"}],"nm":"Group 1","np":4,"cix":2,"bm":0,"ix":1,"mn":"ADBE Vector Group","hd":false}],"ip":0,"op":1,"st":0,"ct":1,"bm":0},{"ddd":0,"ind":3,"ty":3,"nm":"NULL ","sr":1,"ks":{"o":{"a":0,"k":0,"ix":11},"r":{"a":0,"k":0,"ix":10},"p":{"a":0,"k":[250,250,0],"ix":2,"l":2},"a":{"a":0,"k":[50,50,0],"ix":1,"l":2},"s":{"a":1,"k":[{"i":{"x":[0.1,0.1,0.1],"y":[1,1,1]},"o":{"x":[0.333,0.333,0.333],"y":[0,0,0]},"t":1,"s":[100,100,100]},{"i":{"x":[0.667,0.667,0.667],"y":[1,1,1]},"o":{"x":[0.9,0.9,0.9],"y":[0,0,0]},"t":27,"s":[160,160,100]},{"t":59,"s":[100,100,100]}],"ix":6,"l":2}},"ao":0,"ip":1,"op":52,"st":0,"bm":0},{"ddd":0,"ind":4,"ty":4,"nm":".primary.design","cl":"primary design","parent":3,"sr":1,"ks":{"o":{"a":0,"k":100,"ix":11},"r":{"a":0,"k":0,"ix":10},"p":{"a":0,"k":[49.997,13.545,0],"ix":2,"l":2},"a":{"a":0,"k":[0,0,0],"ix":1,"l":2},"s":{"a":0,"k":[100,100,100],"ix":6,"l":2}},"ao":0,"shapes":[{"ty":"gr","it":[{"ind":0,"ty":"sh","ix":1,"ks":{"a":0,"k":{"i":[[0,0],[0,0],[-16.638,10.184],[6.456,25.006],[18.009,4.654],[0,-34.168]],"o":[[0,0],[0,-19.508],[19.032,-11.65],[-4.65,-18.01],[-35.677,-9.221],[0,0]],"v":[[0,72.917],[0,72.878],[27.878,26.194],[51.635,-33.683],[14.251,-71.075],[-53.473,-19.445]],"c":false},"ix":2},"nm":"Path 1","mn":"ADBE Vector Shape - Group","hd":false},{"ty":"tm","s":{"a":0,"k":0,"ix":1},"e":{"a":1,"k":[{"i":{"x":[0.667],"y":[1]},"o":{"x":[0.333],"y":[0]},"t":1,"s":[100]},{"t":27,"s":[0]}],"ix":2},"o":{"a":0,"k":0,"ix":3},"m":1,"ix":2,"nm":"Trim Paths 1","mn":"ADBE Vector Filter - Trim","hd":false},{"ty":"st","c":{"a":0,"k":[0.071,0.075,0.192,1],"ix":3,"x":"var $bm_rt;\n$bm_rt = comp('system-solid-140-help-center').layer('control').effect('primary')('Color');"},"o":{"a":0,"k":100,"ix":4},"w":{"a":0,"k":41,"ix":5},"lc":2,"lj":2,"bm":0,"nm":".primary","mn":"ADBE Vector Graphic - Stroke","hd":false,"cl":"primary"},{"ty":"tr","p":{"a":0,"k":[0,0],"ix":2},"a":{"a":0,"k":[0,0],"ix":1},"s":{"a":0,"k":[100,100],"ix":3},"r":{"a":0,"k":0,"ix":6},"o":{"a":0,"k":100,"ix":7},"sk":{"a":0,"k":0,"ix":4},"sa":{"a":0,"k":0,"ix":5},"nm":"Transform"}],"nm":"Group 1","np":3,"cix":2,"bm":0,"ix":1,"mn":"ADBE Vector Group","hd":false}],"ip":1,"op":52,"st":0,"ct":1,"bm":0},{"ddd":0,"ind":5,"ty":4,"nm":".primary.design","cl":"primary design","parent":3,"sr":1,"ks":{"o":{"a":0,"k":100,"ix":11},"r":{"a":0,"k":0,"ix":10},"p":{"a":0,"k":[49.997,13.545,0],"ix":2,"l":2},"a":{"a":0,"k":[0,0,0],"ix":1,"l":2},"s":{"a":0,"k":[100,100,100],"ix":6,"l":2}},"ao":0,"shapes":[{"ty":"gr","it":[{"ind":0,"ty":"sh","ix":1,"ks":{"a":0,"k":{"i":[[0,0],[0,0],[-16.638,10.184],[6.456,25.006],[18.009,4.654],[0,-34.168]],"o":[[0,0],[0,-19.508],[19.032,-11.65],[-4.65,-18.01],[-35.677,-9.221],[0,0]],"v":[[0,72.917],[0,72.878],[27.878,26.194],[51.635,-33.683],[14.251,-71.075],[-53.473,-19.445]],"c":false},"ix":2},"nm":"Path 1","mn":"ADBE Vector Shape - Group","hd":false},{"ty":"tm","s":{"a":1,"k":[{"i":{"x":[0.29],"y":[1]},"o":{"x":[0.167],"y":[0.167]},"t":17,"s":[100]},{"t":59,"s":[0]}],"ix":1},"e":{"a":0,"k":100,"ix":2},"o":{"a":0,"k":0,"ix":3},"m":1,"ix":2,"nm":"Trim Paths 1","mn":"ADBE Vector Filter - Trim","hd":false},{"ty":"st","c":{"a":0,"k":[0.071,0.075,0.192,1],"ix":3,"x":"var $bm_rt;\n$bm_rt = comp('system-solid-140-help-center').layer('control').effect('primary')('Color');"},"o":{"a":0,"k":100,"ix":4},"w":{"a":0,"k":41,"ix":5},"lc":2,"lj":2,"bm":0,"nm":".primary","mn":"ADBE Vector Graphic - Stroke","hd":false,"cl":"primary"},{"ty":"tr","p":{"a":0,"k":[0,0],"ix":2},"a":{"a":0,"k":[0,0],"ix":1},"s":{"a":0,"k":[100,100],"ix":3},"r":{"a":0,"k":0,"ix":6},"o":{"a":0,"k":100,"ix":7},"sk":{"a":0,"k":0,"ix":4},"sa":{"a":0,"k":0,"ix":5},"nm":"Transform"}],"nm":"Group 1","np":3,"cix":2,"bm":0,"ix":1,"mn":"ADBE Vector Group","hd":false}],"ip":1,"op":52,"st":0,"ct":1,"bm":0},{"ddd":0,"ind":6,"ty":4,"nm":".primary.design","cl":"primary design","parent":3,"sr":1,"ks":{"o":{"a":0,"k":100,"ix":11},"r":{"a":0,"k":0,"ix":10},"p":{"a":0,"k":[49.998,154.168,0],"ix":2,"l":2},"a":{"a":0,"k":[0,0,0],"ix":1,"l":2},"s":{"a":0,"k":[100,100,100],"ix":6,"l":2}},"ao":0,"shapes":[{"ty":"gr","it":[{"ind":0,"ty":"sh","ix":1,"ks":{"a":0,"k":{"i":[[0,0],[0,0]],"o":[[0,0],[0,0]],"v":[[0,0],[0,0]],"c":false},"ix":2},"nm":"Path 1","mn":"ADBE Vector Shape - Group","hd":false},{"ty":"st","c":{"a":0,"k":[0.071,0.075,0.192,1],"ix":3,"x":"var $bm_rt;\n$bm_rt = comp('system-solid-140-help-center').layer('control').effect('primary')('Color');"},"o":{"a":0,"k":100,"ix":4},"w":{"a":0,"k":45,"ix":5},"lc":2,"lj":1,"ml":10,"bm":0,"nm":".primary","mn":"ADBE Vector Graphic - Stroke","hd":false,"cl":"primary"},{"ty":"tr","p":{"a":0,"k":[0,0],"ix":2},"a":{"a":0,"k":[0,0],"ix":1},"s":{"a":0,"k":[100,100],"ix":3},"r":{"a":0,"k":0,"ix":6},"o":{"a":0,"k":100,"ix":7},"sk":{"a":0,"k":0,"ix":4},"sa":{"a":0,"k":0,"ix":5},"nm":"Transform"}],"nm":"Group 1","np":2,"cix":2,"bm":0,"ix":1,"mn":"ADBE Vector Group","hd":false}],"ip":1,"op":52,"st":0,"ct":1,"bm":0},{"ddd":0,"ind":7,"ty":3,"nm":"NULL 2","sr":1,"ks":{"o":{"a":0,"k":0,"ix":11},"r":{"a":0,"k":0,"ix":10},"p":{"a":0,"k":[250,250,0],"ix":2,"l":2},"a":{"a":0,"k":[50,50,0],"ix":1,"l":2},"s":{"a":1,"k":[{"i":{"x":[0.1,0.1,0.1],"y":[1,1,1]},"o":{"x":[0.333,0.333,0.333],"y":[0,0,0]},"t":1,"s":[100,100,100]},{"i":{"x":[0.667,0.667,0.667],"y":[1,1,1]},"o":{"x":[0.9,0.9,0.9],"y":[0,0,0]},"t":27,"s":[180,180,100]},{"t":59,"s":[100,100,100]}],"ix":6,"l":2}},"ao":0,"ip":1,"op":52,"st":0,"bm":0},{"ddd":0,"ind":8,"ty":4,"nm":".primary.design","cl":"primary design","parent":7,"td":1,"sr":1,"ks":{"o":{"a":0,"k":100,"ix":11},"r":{"a":0,"k":0,"ix":10},"p":{"a":0,"k":[49.997,13.545,0],"ix":2,"l":2},"a":{"a":0,"k":[0,0,0],"ix":1,"l":2},"s":{"a":0,"k":[100,100,100],"ix":6,"l":2}},"ao":0,"shapes":[{"ty":"gr","it":[{"ind":0,"ty":"sh","ix":1,"ks":{"a":0,"k":{"i":[[0,-29.574],[0,0],[0,29.574],[-29.574,0]],"o":[[0,29.574],[0,0],[0,-29.574],[29.574,0]],"v":[[53.542,-19.497],[-0.003,142.003],[-53.553,-19.497],[-0.006,-73.045]],"c":true},"ix":2},"nm":"Path 1","mn":"ADBE Vector Shape - Group","hd":false},{"ty":"fl","c":{"a":0,"k":[1,1,1,1],"ix":4},"o":{"a":0,"k":100,"ix":5},"r":1,"bm":0,"nm":"Fill 1","mn":"ADBE Vector Graphic - Fill","hd":false},{"ty":"st","c":{"a":0,"k":[1,1,1,1],"ix":3},"o":{"a":0,"k":100,"ix":4},"w":{"a":1,"k":[{"i":{"x":[0.19],"y":[1]},"o":{"x":[0.167],"y":[0.167]},"t":1,"s":[41]},{"i":{"x":[0.19],"y":[1]},"o":{"x":[0.81],"y":[0]},"t":16,"s":[125]},{"i":{"x":[0.833],"y":[0.833]},"o":{"x":[0.81],"y":[0]},"t":41,"s":[125]},{"t":51,"s":[41]}],"ix":5},"lc":2,"lj":2,"bm":0,"nm":"Stroke 1","mn":"ADBE Vector Graphic - Stroke","hd":false},{"ty":"tr","p":{"a":0,"k":[0,0],"ix":2},"a":{"a":0,"k":[0,0],"ix":1},"s":{"a":0,"k":[100,100],"ix":3},"r":{"a":0,"k":0,"ix":6},"o":{"a":0,"k":100,"ix":7},"sk":{"a":0,"k":0,"ix":4},"sa":{"a":0,"k":0,"ix":5},"nm":"Transform"}],"nm":"Group 1","np":3,"cix":2,"bm":0,"ix":1,"mn":"ADBE Vector Group","hd":false}],"ip":1,"op":52,"st":0,"ct":1,"bm":0},{"ddd":0,"ind":9,"ty":4,"nm":".primary.design","cl":"primary design","tt":2,"tp":8,"sr":1,"ks":{"o":{"a":0,"k":100,"ix":11},"r":{"a":0,"k":0,"ix":10},"p":{"a":0,"k":[250.003,250.003,0],"ix":2,"l":2},"a":{"a":0,"k":[250.003,250.003,0],"ix":1,"l":2},"s":{"a":0,"k":[100,100,100],"ix":6,"l":2}},"ao":0,"shapes":[{"ty":"gr","it":[{"ind":0,"ty":"sh","ix":1,"ks":{"a":0,"k":{"i":[[114.89,0],[0,114.89],[-114.89,0],[0,-114.89]],"o":[[-114.89,0],[0,-114.89],[114.89,0],[0,114.89]],"v":[[0.001,208.359],[-208.36,0],[0.001,-208.359],[208.36,0]],"c":true},"ix":2},"nm":"Path 2","mn":"ADBE Vector Shape - Group","hd":false},{"ty":"fl","c":{"a":0,"k":[0.071,0.075,0.192,1],"ix":4,"x":"var $bm_rt;\n$bm_rt = comp('system-solid-140-help-center').layer('control').effect('primary')('Color');"},"o":{"a":0,"k":100,"ix":5},"r":1,"bm":0,"nm":".primary","mn":"ADBE Vector Graphic - Fill","hd":false,"cl":"primary"},{"ty":"tr","p":{"a":0,"k":[250.003,250.003],"ix":2},"a":{"a":0,"k":[0,0],"ix":1},"s":{"a":0,"k":[100,100],"ix":3},"r":{"a":0,"k":0,"ix":6},"o":{"a":0,"k":100,"ix":7},"sk":{"a":0,"k":0,"ix":4},"sa":{"a":0,"k":0,"ix":5},"nm":"Transform"}],"nm":"Group 1","np":2,"cix":2,"bm":0,"ix":1,"mn":"ADBE Vector Group","hd":false}],"ip":1,"op":52,"st":0,"ct":1,"bm":0}]}],"layers":[{"ddd":0,"ind":1,"ty":3,"nm":"control","sr":1,"ks":{"o":{"a":0,"k":0,"ix":11},"r":{"a":0,"k":0,"ix":10},"p":{"a":0,"k":[0,0],"ix":2,"l":2},"a":{"a":0,"k":[0,0,0],"ix":1,"l":2},"s":{"a":0,"k":[100,100,100],"ix":6,"l":2}},"ao":0,"ef":[{"ty":5,"nm":"primary","np":3,"mn":"ADBE Color Control","ix":1,"en":1,"ef":[{"ty":2,"nm":"Color","mn":"ADBE Color Control-0001","ix":1,"v":{"a":0,"k":[0.071,0.075,0.192],"ix":1}}]}],"ip":0,"op":201,"st":0,"bm":0},{"ddd":0,"ind":2,"ty":0,"nm":"in-help-center","refId":"comp_0","sr":1,"ks":{"o":{"a":0,"k":100,"ix":11},"r":{"a":0,"k":0,"ix":10},"p":{"a":0,"k":[250,250,0],"ix":2,"l":2},"a":{"a":0,"k":[250,250,0],"ix":1,"l":2},"s":{"a":0,"k":[100,100,100],"ix":6,"l":2}},"ao":0,"w":500,"h":500,"ip":0,"op":70,"st":0,"bm":0},{"ddd":0,"ind":3,"ty":0,"nm":"hover-help-center-3","refId":"comp_2","sr":1,"ks":{"o":{"a":0,"k":100,"ix":11},"r":{"a":0,"k":0,"ix":10},"p":{"a":0,"k":[250,250,0],"ix":2,"l":2},"a":{"a":0,"k":[250,250,0],"ix":1,"l":2},"s":{"a":0,"k":[100,100,100],"ix":6,"l":2}},"ao":0,"w":500,"h":500,"ip":70,"op":140,"st":70,"bm":0},{"ddd":0,"ind":4,"ty":0,"nm":"hover-help-center-4","refId":"comp_4","sr":1,"ks":{"o":{"a":0,"k":100,"ix":11},"r":{"a":0,"k":0,"ix":10},"p":{"a":0,"k":[250,250,0],"ix":2,"l":2},"a":{"a":0,"k":[250,250,0],"ix":1,"l":2},"s":{"a":0,"k":[100,100,100],"ix":6,"l":2}},"ao":0,"w":500,"h":500,"ip":140,"op":210,"st":140,"bm":0}],"markers":[{"tm":0,"cm":"in-help-center","dr":60},{"tm":70,"cm":"default:hover-help-center-3","dr":60},{"tm":140,"cm":"hover-help-center-4","dr":60}],"props":{}}