{"v":"5.12.1","fr":60,"ip":70,"op":130,"w":500,"h":500,"nm":"system-solid-200-add-link","ddd":0,"assets":[{"id":"comp_0","nm":"in-add-link","fr":60,"layers":[{"ddd":0,"ind":1,"ty":4,"nm":".primary.design","cl":"primary design","sr":1,"ks":{"o":{"a":0,"k":100,"ix":11},"r":{"a":1,"k":[{"i":{"x":[0.35],"y":[1]},"o":{"x":[0.167],"y":[0.167]},"t":29,"s":[-45]},{"t":60,"s":[90]}],"ix":10},"p":{"a":0,"k":[375.046,364.583,0],"ix":2,"l":2},"a":{"a":0,"k":[375.046,364.583,0],"ix":1,"l":2},"s":{"a":0,"k":[100,100,100],"ix":6,"l":2}},"ao":0,"shapes":[{"ty":"gr","it":[{"ind":0,"ty":"sh","ix":1,"ks":{"a":1,"k":[{"i":{"x":0.833,"y":0.833},"o":{"x":0.167,"y":0.167},"t":29,"s":[{"i":[[5.388,0],[0,0],[0,0],[5.388,0],[0,-5.388],[0,0],[0,0],[0,-5.388],[-5.388,0],[0,0],[0,0],[-5.388,0],[0,5.388],[0,0],[0,0],[0,5.388]],"o":[[0,0],[0,0],[0,-5.388],[-5.388,0],[0,0],[0,0],[-5.388,0],[0,5.388],[0,0],[0,0],[0,5.388],[5.388,0],[0,0],[0,0],[5.388,0],[0,-5.388]],"v":[[10.382,-9.775],[9.985,-9.797],[10.019,-10.028],[0.222,-19.825],[-9.575,-10.028],[-9.61,-9.797],[-9.675,-9.8],[-19.472,-0.002],[-9.675,9.795],[-9.61,9.797],[-9.6,10.028],[0.197,19.825],[9.995,10.028],[9.985,9.797],[10.382,9.82],[20.179,0.023]],"c":true}]},{"i":{"x":0,"y":1},"o":{"x":0.167,"y":0.167},"t":32,"s":[{"i":[[11.458,0],[0,0],[0,0],[11.458,0],[0,-11.458],[0,0],[0,0],[0,-11.458],[-11.458,0],[0,0],[0,0],[-11.458,0],[0,11.458],[0,0],[0,0],[0,11.458]],"o":[[0,0],[0,0],[0,-11.458],[-11.458,0],[0,0],[0,0],[-11.458,0],[0,11.458],[0,0],[0,0],[0,11.458],[11.458,0],[0,0],[0,0],[11.458,0],[0,-11.458]],"v":[[21.678,-20.785],[20.833,-20.833],[20.907,-21.324],[0.074,-42.158],[-20.759,-21.324],[-20.833,-20.833],[-20.971,-20.838],[-41.804,-0.005],[-20.971,20.829],[-20.833,20.833],[-20.812,21.324],[0.021,42.158],[20.855,21.324],[20.833,20.833],[21.678,20.881],[42.511,0.048]],"c":true}]},{"t":60,"s":[{"i":[[11.458,0],[0,0],[0,0],[11.458,0],[0,-11.458],[0,0],[0,0],[0,-11.458],[-11.458,0],[0,0],[0,0],[-11.458,0],[0,11.458],[0,0],[0,0],[0,11.458]],"o":[[0,0],[0,0],[0,-11.458],[-11.458,0],[0,0],[0,0],[-11.458,0],[0,11.458],[0,0],[0,0],[0,11.458],[11.458,0],[0,0],[0,0],[11.458,0],[0,-11.458]],"v":[[52.083,-20.833],[20.833,-20.833],[20.833,-52.083],[0,-72.917],[-20.833,-52.083],[-20.833,-20.833],[-52.083,-20.833],[-72.917,0],[-52.083,20.833],[-20.833,20.833],[-20.833,52.083],[0,72.917],[20.833,52.083],[20.833,20.833],[52.083,20.833],[72.917,0]],"c":true}]}],"ix":2},"nm":"Path 1","mn":"ADBE Vector Shape - Group","hd":false},{"ty":"fl","c":{"a":0,"k":[0.071,0.075,0.192,1],"ix":4,"x":"var $bm_rt;\n$bm_rt = comp('system-solid-200-add-link').layer('control').effect('primary')('Color');"},"o":{"a":0,"k":100,"ix":5},"r":1,"bm":0,"nm":".primary","mn":"ADBE Vector Graphic - Fill","hd":false,"cl":"primary"},{"ty":"tr","p":{"a":0,"k":[375.046,364.583],"ix":2},"a":{"a":0,"k":[0,0],"ix":1},"s":{"a":0,"k":[100,100],"ix":3},"r":{"a":0,"k":0,"ix":6},"o":{"a":0,"k":100,"ix":7},"sk":{"a":0,"k":0,"ix":4},"sa":{"a":0,"k":0,"ix":5},"nm":"Transform"}],"nm":"Group 1","np":2,"cix":2,"bm":0,"ix":1,"mn":"ADBE Vector Group","hd":false}],"ip":29,"op":361,"st":61,"ct":1,"bm":0},{"ddd":0,"ind":2,"ty":4,"nm":".primary.design","cl":"primary design","sr":1,"ks":{"o":{"a":0,"k":100,"ix":11},"r":{"a":0,"k":0,"ix":10},"p":{"a":0,"k":[255.254,249.479,0],"ix":2,"l":2},"a":{"a":0,"k":[255.254,249.479,0],"ix":1,"l":2},"s":{"a":0,"k":[100,100,100],"ix":6,"l":2}},"ao":0,"shapes":[{"ty":"gr","it":[{"ind":0,"ty":"sh","ix":1,"ks":{"a":0,"k":{"i":[[0,0],[33.334,33.334],[22.916,0],[16.251,-16.249],[0,0],[-8.125,-8.125],[-8.125,8.124],[0,0],[-16.666,-16.666],[0,-11.667],[8.334,-8.125],[0,0],[16.666,16.666],[1.25,9.791],[11.251,-1.458],[-1.458,-11.458],[-13.751,-13.749],[-22.916,0],[-16.249,16.042]],"o":[[33.334,-33.541],[-16.249,-16.249],[-22.917,0],[0,0],[-8.125,8.125],[8.124,8.124],[0,0],[16.666,-16.666],[8.334,8.333],[0,11.875],[0,0],[-16.666,16.666],[-6.875,-7.084],[-1.25,-11.459],[-11.458,1.25],[2.293,19.166],[16.249,16.251],[22.916,0],[0,0]],"v":[[95.709,25.416],[95.709,-95.834],[35.085,-121.042],[-25.541,-95.834],[-44.081,-77.292],[-44.081,-47.916],[-14.707,-47.916],[3.835,-66.25],[66.126,-66.25],[79.043,-35.208],[66.126,-4.167],[-4.499,66.458],[-66.79,66.458],[-79.29,40.625],[-102.416,22.5],[-120.541,45.625],[-96.165,95.833],[-35.54,121.042],[25.084,96.041]],"c":true},"ix":2},"nm":"Path 1","mn":"ADBE Vector Shape - Group","hd":false},{"ty":"fl","c":{"a":0,"k":[0.071,0.075,0.192,1],"ix":4,"x":"var $bm_rt;\n$bm_rt = comp('system-solid-200-add-link').layer('control').effect('primary')('Color');"},"o":{"a":0,"k":100,"ix":5},"r":1,"bm":0,"nm":".primary","mn":"ADBE Vector Graphic - Fill","hd":false,"cl":"primary"},{"ty":"tr","p":{"a":0,"k":[316.836,182.5],"ix":2},"a":{"a":0,"k":[0,0],"ix":1},"s":{"a":0,"k":[100,100],"ix":3},"r":{"a":0,"k":0,"ix":6},"o":{"a":0,"k":100,"ix":7},"sk":{"a":0,"k":0,"ix":4},"sa":{"a":0,"k":0,"ix":5},"nm":"Transform"}],"nm":"Group 2","np":2,"cix":2,"bm":0,"ix":1,"mn":"ADBE Vector Group","hd":false},{"ty":"gr","it":[{"ind":0,"ty":"sh","ix":1,"ks":{"a":0,"k":{"i":[[8.125,-8.125],[0,0],[17.083,17.292],[-17.083,17.083],[0,0],[-17.292,-17.083],[-1.25,-9.791],[-11.667,1.25],[1.458,11.458],[13.751,13.749],[33.333,-33.334],[0,0],[-33.334,-33.333],[-21.875,0],[-16.668,16.875],[0,0],[8.125,8.125]],"o":[[0,0],[-17.291,17.083],[-17.083,-17.292],[0,0],[17.083,-17.083],[6.875,7.084],[1.25,11.458],[11.458,-1.25],[-2.293,-19.166],[-33.541,-33.543],[0,0],[-33.334,33.543],[16.666,16.666],[22.083,0],[0,0],[8.125,-8.125],[-8.124,-8.125]],"v":[[14.707,47.851],[-3.835,66.393],[-66.126,66.393],[-66.126,4.102],[4.499,-66.523],[66.79,-66.523],[79.29,-40.69],[102.416,-22.565],[120.541,-45.69],[96.165,-95.898],[-25.084,-95.898],[-95.709,-25.274],[-95.709,95.976],[-35.085,120.977],[25.541,95.768],[44.081,77.227],[44.081,47.851]],"c":true},"ix":2},"nm":"Path 1","mn":"ADBE Vector Shape - Group","hd":false},{"ty":"fl","c":{"a":0,"k":[0.071,0.075,0.192,1],"ix":4,"x":"var $bm_rt;\n$bm_rt = comp('system-solid-200-add-link').layer('control').effect('primary')('Color');"},"o":{"a":0,"k":100,"ix":5},"r":1,"bm":0,"nm":".primary","mn":"ADBE Vector Graphic - Fill","hd":false,"cl":"primary"},{"ty":"tr","p":{"a":0,"k":[183.256,254.023],"ix":2},"a":{"a":0,"k":[0,0],"ix":1},"s":{"a":0,"k":[100,100],"ix":3},"r":{"a":0,"k":0,"ix":6},"o":{"a":0,"k":100,"ix":7},"sk":{"a":0,"k":0,"ix":4},"sa":{"a":0,"k":0,"ix":5},"nm":"Transform"}],"nm":"Group 3","np":2,"cix":2,"bm":0,"ix":2,"mn":"ADBE Vector Group","hd":false}],"ip":60,"op":361,"st":61,"ct":1,"bm":0},{"ddd":0,"ind":3,"ty":4,"nm":".primary.design","cl":"primary design","sr":1,"ks":{"o":{"a":0,"k":100,"ix":11},"r":{"a":0,"k":0,"ix":10},"p":{"a":1,"k":[{"i":{"x":0.157,"y":1},"o":{"x":0.333,"y":0},"t":1,"s":[317.006,182.364,0],"to":[0,0,0],"ti":[0,0,0]},{"i":{"x":0.667,"y":1},"o":{"x":0.333,"y":0},"t":29,"s":[337.006,162.364,0],"to":[0,0,0],"ti":[0,0,0]},{"i":{"x":0.667,"y":1},"o":{"x":0.333,"y":0},"t":40,"s":[307.006,192.364,0],"to":[0,0,0],"ti":[0,0,0]},{"i":{"x":0.667,"y":1},"o":{"x":0.333,"y":0},"t":51,"s":[322.257,177.113,0],"to":[0,0,0],"ti":[0,0,0]},{"t":60,"s":[317.006,182.364,0]}],"ix":2,"l":2},"a":{"a":0,"k":[0,0,0],"ix":1,"l":2},"s":{"a":0,"k":[100,100,100],"ix":6,"l":2}},"ao":0,"shapes":[{"ty":"gr","it":[{"ind":0,"ty":"sh","ix":1,"ks":{"a":1,"k":[{"i":{"x":0.157,"y":1},"o":{"x":0.333,"y":0},"t":1,"s":[{"i":[[0,0],[0,0],[-26.442,-26.442],[0,0],[26.442,-26.442],[0,0],[26.442,26.442],[0,0],[1.77,14.482]],"o":[[0,0],[26.442,-26.442],[0,0],[26.442,26.442],[0,0],[-26.442,26.442],[0,0],[-11.116,-11.116],[0,0]],"v":[[-30.636,-65.37],[-11.301,-84.705],[84.453,-84.705],[84.453,-84.704],[84.453,11.049],[10.798,84.705],[-84.956,84.705],[-84.956,84.704],[-104.285,45.086]],"c":false}]},{"i":{"x":0.667,"y":1},"o":{"x":0.333,"y":0},"t":29,"s":[{"i":[[0,0],[0,0],[-26.442,-26.442],[0,0],[26.442,-26.442],[0,0],[26.442,26.442],[0,0],[1.77,14.482]],"o":[[0,0],[26.442,-26.442],[0,0],[26.442,26.442],[0,0],[-26.442,26.442],[0,0],[-11.116,-11.116],[0,0]],"v":[[-70.636,-25.37],[-11.301,-84.705],[84.453,-84.705],[84.453,-84.704],[84.453,11.049],[10.798,84.705],[-84.956,84.705],[-84.956,84.704],[-104.285,45.086]],"c":false}]},{"i":{"x":0.667,"y":1},"o":{"x":0.333,"y":0},"t":40,"s":[{"i":[[0,0],[0,0],[-26.442,-26.442],[0,0],[26.442,-26.442],[0,0],[26.442,26.442],[0,0],[1.77,14.482]],"o":[[0,0],[26.442,-26.442],[0,0],[26.442,26.442],[0,0],[-26.442,26.442],[0,0],[-11.116,-11.116],[0,0]],"v":[[-15.636,-80.37],[-11.301,-84.705],[84.453,-84.705],[84.453,-84.704],[84.453,11.049],[10.798,84.705],[-84.956,84.705],[-84.956,84.704],[-104.285,45.086]],"c":false}]},{"i":{"x":0.667,"y":1},"o":{"x":0.333,"y":0},"t":51,"s":[{"i":[[0,0],[0,0],[-25.482,-25.482],[0,0],[25.482,-25.482],[0,0],[25.482,25.482],[0,0],[1.705,13.957]],"o":[[0,0],[25.482,-25.482],[0,0],[25.482,25.482],[0,0],[-25.482,25.482],[0,0],[-10.713,-10.713],[0,0]],"v":[[-39.419,-52.983],[-10.771,-81.631],[81.509,-81.631],[81.509,-81.631],[81.509,10.649],[10.526,81.631],[-81.753,81.631],[-81.753,81.631],[-100.381,43.45]],"c":false}]},{"t":60,"s":[{"i":[[0,0],[0,0],[-25.36,-25.36],[0,0],[25.36,-25.36],[0,0],[25.36,25.36],[0,0],[1.697,13.89]],"o":[[0,0],[25.36,-25.36],[0,0],[25.36,25.36],[0,0],[-25.36,25.36],[0,0],[-10.662,-10.662],[0,0]],"v":[[-29.247,-62.696],[-10.703,-81.24],[81.134,-81.24],[81.134,-81.24],[81.134,10.598],[10.492,81.24],[-81.345,81.24],[-81.346,81.24],[-99.884,43.242]],"c":false}]}],"ix":2},"nm":"Path 1","mn":"ADBE Vector Shape - Group","hd":false},{"ty":"tm","s":{"a":0,"k":0,"ix":1},"e":{"a":1,"k":[{"i":{"x":[0.29],"y":[1]},"o":{"x":[0.167],"y":[0.167]},"t":1,"s":[0]},{"t":18,"s":[100]}],"ix":2},"o":{"a":0,"k":0,"ix":3},"m":1,"ix":2,"nm":"Trim Paths 1","mn":"ADBE Vector Filter - Trim","hd":false},{"ty":"st","c":{"a":0,"k":[0.071,0.075,0.192,1],"ix":3,"x":"var $bm_rt;\n$bm_rt = comp('system-solid-200-add-link').layer('control').effect('primary')('Color');"},"o":{"a":0,"k":100,"ix":4},"w":{"a":0,"k":41,"ix":5},"lc":2,"lj":2,"bm":0,"nm":".primary","mn":"ADBE Vector Graphic - Stroke","hd":false,"cl":"primary"},{"ty":"tr","p":{"a":0,"k":[0,0],"ix":2},"a":{"a":0,"k":[0,0],"ix":1},"s":{"a":0,"k":[100,100],"ix":3},"r":{"a":0,"k":0,"ix":6},"o":{"a":0,"k":100,"ix":7},"sk":{"a":0,"k":0,"ix":4},"sa":{"a":0,"k":0,"ix":5},"nm":"Transform"}],"nm":"Group 1","np":3,"cix":2,"bm":0,"ix":1,"mn":"ADBE Vector Group","hd":false}],"ip":1,"op":60,"st":0,"ct":1,"bm":0},{"ddd":0,"ind":4,"ty":4,"nm":".primary.design","cl":"primary design","sr":1,"ks":{"o":{"a":0,"k":100,"ix":11},"r":{"a":0,"k":0,"ix":10},"p":{"a":1,"k":[{"i":{"x":0.157,"y":1},"o":{"x":0.333,"y":0},"t":1,"s":[182.995,256.938,0],"to":[0,0,0],"ti":[0,0,0]},{"i":{"x":0.667,"y":1},"o":{"x":0.333,"y":0},"t":29,"s":[162.995,276.938,0],"to":[0,0,0],"ti":[0,0,0]},{"i":{"x":0.667,"y":1},"o":{"x":0.333,"y":0},"t":40,"s":[192.995,246.938,0],"to":[0,0,0],"ti":[0,0,0]},{"i":{"x":0.667,"y":1},"o":{"x":0.333,"y":0},"t":51,"s":[177.744,262.189,0],"to":[0,0,0],"ti":[0,0,0]},{"t":60,"s":[182.995,256.938,0]}],"ix":2,"l":2},"a":{"a":0,"k":[0,0,0],"ix":1,"l":2},"s":{"a":0,"k":[100,100,100],"ix":6,"l":2}},"ao":0,"shapes":[{"ty":"gr","it":[{"ind":0,"ty":"sh","ix":1,"ks":{"a":1,"k":[{"i":{"x":0.157,"y":1},"o":{"x":0.333,"y":0},"t":1,"s":[{"i":[[0,0],[0,0],[26.442,26.442],[0,0],[-26.442,26.442],[0,0],[-26.442,-26.442],[0,0],[-1.77,-14.482]],"o":[[0,0],[-26.442,26.442],[0,0],[-26.442,-26.442],[0,0],[26.442,-26.442],[0,0],[11.116,11.116],[0,0]],"v":[[30.636,65.37],[11.301,84.705],[-84.453,84.705],[-84.453,84.704],[-84.453,-11.049],[-10.798,-84.705],[84.956,-84.705],[84.956,-84.704],[104.285,-45.086]],"c":false}]},{"i":{"x":0.667,"y":1},"o":{"x":0.333,"y":0},"t":29,"s":[{"i":[[0,0],[0,0],[26.442,26.442],[0,0],[-26.442,26.442],[0,0],[-26.442,-26.442],[0,0],[-1.77,-14.482]],"o":[[0,0],[-26.442,26.442],[0,0],[-26.442,-26.442],[0,0],[26.442,-26.442],[0,0],[11.116,11.116],[0,0]],"v":[[70.636,25.37],[11.301,84.705],[-84.453,84.705],[-84.453,84.704],[-84.453,-11.049],[-10.798,-84.705],[84.956,-84.705],[84.956,-84.704],[104.285,-45.086]],"c":false}]},{"i":{"x":0.667,"y":1},"o":{"x":0.333,"y":0},"t":40,"s":[{"i":[[0,0],[0,0],[26.442,26.442],[0,0],[-26.442,26.442],[0,0],[-26.442,-26.442],[0,0],[-1.77,-14.482]],"o":[[0,0],[-26.442,26.442],[0,0],[-26.442,-26.442],[0,0],[26.442,-26.442],[0,0],[11.116,11.116],[0,0]],"v":[[18.636,77.37],[11.301,84.705],[-84.453,84.705],[-84.453,84.704],[-84.453,-11.049],[-10.798,-84.705],[84.956,-84.705],[84.956,-84.704],[104.285,-45.086]],"c":false}]},{"i":{"x":0.667,"y":1},"o":{"x":0.333,"y":0},"t":51,"s":[{"i":[[0,0],[0,0],[25.381,25.381],[0,0],[-25.381,25.381],[0,0],[-25.381,-25.381],[0,0],[-1.699,-13.902]],"o":[[0,0],[-25.381,25.381],[0,0],[-25.381,-25.381],[0,0],[25.381,-25.381],[0,0],[10.671,10.671],[0,0]],"v":[[39.25,52.773],[10.715,81.308],[-81.199,81.308],[-81.199,81.308],[-81.199,-10.606],[-10.498,-81.308],[81.416,-81.308],[81.416,-81.308],[99.97,-43.278]],"c":false}]},{"t":60,"s":[{"i":[[0,0],[0,0],[24.111,23.796],[0,0],[-25.759,25.759],[0,0],[-25.759,-25.759],[0,0],[-1.724,-14.108]],"o":[[0,0],[-25.759,25.759],[0,0],[-25.759,-25.759],[0,0],[25.759,-25.759],[0,0],[10.829,10.829],[0,0]],"v":[[29.509,59.931],[10.673,78.766],[-80.107,79.266],[-80.107,79.266],[-80.107,-14.014],[-11.105,-83.016],[82.175,-83.016],[82.175,-83.016],[101.005,-44.421]],"c":false}]}],"ix":2},"nm":"Path 1","mn":"ADBE Vector Shape - Group","hd":false},{"ty":"st","c":{"a":0,"k":[0.071,0.075,0.192,1],"ix":3,"x":"var $bm_rt;\n$bm_rt = comp('system-solid-200-add-link').layer('control').effect('primary')('Color');"},"o":{"a":0,"k":100,"ix":4},"w":{"a":0,"k":41,"ix":5},"lc":2,"lj":2,"bm":0,"nm":".primary","mn":"ADBE Vector Graphic - Stroke","hd":false,"cl":"primary"},{"ty":"tm","s":{"a":0,"k":0,"ix":1},"e":{"a":1,"k":[{"i":{"x":[0.29],"y":[1]},"o":{"x":[0.167],"y":[0.167]},"t":1,"s":[0]},{"t":18,"s":[100]}],"ix":2},"o":{"a":0,"k":0,"ix":3},"m":1,"ix":3,"nm":"Trim Paths 1","mn":"ADBE Vector Filter - Trim","hd":false},{"ty":"tr","p":{"a":0,"k":[0,0],"ix":2},"a":{"a":0,"k":[0,0],"ix":1},"s":{"a":0,"k":[100,100],"ix":3},"r":{"a":0,"k":0,"ix":6},"o":{"a":0,"k":100,"ix":7},"sk":{"a":0,"k":0,"ix":4},"sa":{"a":0,"k":0,"ix":5},"nm":"Transform"}],"nm":"Group 1","np":3,"cix":2,"bm":0,"ix":1,"mn":"ADBE Vector Group","hd":false}],"ip":1,"op":60,"st":0,"ct":1,"bm":0}]},{"id":"comp_1","nm":"hover-add-link","fr":60,"layers":[{"ddd":0,"ind":1,"ty":4,"nm":".primary.design","cl":"primary design","sr":1,"ks":{"o":{"a":0,"k":100,"ix":11},"r":{"a":1,"k":[{"i":{"x":[0.206],"y":[1]},"o":{"x":[0.333],"y":[0]},"t":1,"s":[0]},{"i":{"x":[0.349],"y":[1]},"o":{"x":[0.488],"y":[0]},"t":29,"s":[-45]},{"t":60,"s":[90]}],"ix":10},"p":{"a":0,"k":[375.046,364.583,0],"ix":2,"l":2},"a":{"a":0,"k":[375.046,364.583,0],"ix":1,"l":2},"s":{"a":0,"k":[100,100,100],"ix":6,"l":2}},"ao":0,"shapes":[{"ty":"gr","it":[{"ind":0,"ty":"sh","ix":1,"ks":{"a":1,"k":[{"i":{"x":0.667,"y":1},"o":{"x":0.333,"y":0},"t":29,"s":[{"i":[[11.458,0],[0,0],[0,0],[11.458,0],[0,-11.458],[0,0],[0,0],[0,-11.458],[-11.458,0],[0,0],[0,0],[-11.458,0],[0,11.458],[0,0],[0,0],[0,11.458]],"o":[[0,0],[0,0],[0,-11.458],[-11.458,0],[0,0],[0,0],[-11.458,0],[0,11.458],[0,0],[0,0],[0,11.458],[11.458,0],[0,0],[0,0],[11.458,0],[0,-11.458]],"v":[[52.083,-20.833],[20.833,-20.833],[20.833,-52.083],[0,-72.917],[-20.833,-52.083],[-20.833,-20.833],[-52.083,-20.833],[-72.917,0],[-52.083,20.833],[-20.833,20.833],[-20.833,52.083],[0,72.917],[20.833,52.083],[20.833,20.833],[52.083,20.833],[72.917,0]],"c":true}]},{"i":{"x":0.667,"y":1},"o":{"x":0.333,"y":0},"t":40,"s":[{"i":[[11.458,0],[0,0],[0,0],[11.458,0],[0,-11.458],[0,0],[0,0],[0,-11.458],[-11.458,0],[0,0],[0,0],[-11.458,0],[0,11.458],[0,0],[0,0],[0,11.458]],"o":[[0,0],[0,0],[0,-11.458],[-11.458,0],[0,0],[0,0],[-11.458,0],[0,11.458],[0,0],[0,0],[0,11.458],[11.458,0],[0,0],[0,0],[11.458,0],[0,-11.458]],"v":[[21.518,-20.738],[20.833,-20.833],[22.394,-20.925],[1.561,-41.759],[-19.272,-20.925],[-20.833,-20.833],[-20.52,-20.866],[-41.353,-0.033],[-20.52,20.801],[-20.833,20.833],[-20.897,21.019],[-0.064,41.852],[20.769,21.019],[20.833,20.833],[21.518,20.928],[42.351,0.095]],"c":true}]},{"t":60,"s":[{"i":[[11.458,0],[0,0],[0,0],[11.458,0],[0,-11.458],[0,0],[0,0],[0,-11.458],[-11.458,0],[0,0],[0,0],[-11.458,0],[0,11.458],[0,0],[0,0],[0,11.458]],"o":[[0,0],[0,0],[0,-11.458],[-11.458,0],[0,0],[0,0],[-11.458,0],[0,11.458],[0,0],[0,0],[0,11.458],[11.458,0],[0,0],[0,0],[11.458,0],[0,-11.458]],"v":[[52.083,-20.833],[20.833,-20.833],[20.833,-52.083],[0,-72.917],[-20.833,-52.083],[-20.833,-20.833],[-52.083,-20.833],[-72.917,0],[-52.083,20.833],[-20.833,20.833],[-20.833,52.083],[0,72.917],[20.833,52.083],[20.833,20.833],[52.083,20.833],[72.917,0]],"c":true}]}],"ix":2},"nm":"Path 1","mn":"ADBE Vector Shape - Group","hd":false},{"ty":"fl","c":{"a":0,"k":[0.071,0.075,0.192,1],"ix":4,"x":"var $bm_rt;\n$bm_rt = comp('system-solid-200-add-link').layer('control').effect('primary')('Color');"},"o":{"a":0,"k":100,"ix":5},"r":1,"bm":0,"nm":".primary","mn":"ADBE Vector Graphic - Fill","hd":false,"cl":"primary"},{"ty":"tr","p":{"a":0,"k":[375.046,364.583],"ix":2},"a":{"a":0,"k":[0,0],"ix":1},"s":{"a":0,"k":[100,100],"ix":3},"r":{"a":0,"k":0,"ix":6},"o":{"a":0,"k":100,"ix":7},"sk":{"a":0,"k":0,"ix":4},"sa":{"a":0,"k":0,"ix":5},"nm":"Transform"}],"nm":"Group 1","np":2,"cix":2,"bm":0,"ix":1,"mn":"ADBE Vector Group","hd":false}],"ip":-1,"op":300,"st":0,"ct":1,"bm":0},{"ddd":0,"ind":2,"ty":4,"nm":".primary.design","cl":"primary design","sr":1,"ks":{"o":{"a":0,"k":100,"ix":11},"r":{"a":0,"k":0,"ix":10},"p":{"a":0,"k":[255.254,249.479,0],"ix":2,"l":2},"a":{"a":0,"k":[255.254,249.479,0],"ix":1,"l":2},"s":{"a":0,"k":[100,100,100],"ix":6,"l":2}},"ao":0,"shapes":[{"ty":"gr","it":[{"ind":0,"ty":"sh","ix":1,"ks":{"a":1,"k":[{"i":{"x":0.146,"y":1},"o":{"x":0.333,"y":0},"t":1,"s":[{"i":[[0,0],[33.334,33.334],[22.916,0],[16.251,-16.249],[0,0],[-8.125,-8.125],[-8.125,8.124],[0,0],[-16.666,-16.666],[0,-11.667],[8.334,-8.125],[0,0],[16.666,16.666],[1.25,9.791],[11.251,-1.458],[-1.458,-11.458],[-13.751,-13.749],[-22.916,0],[-16.249,16.042]],"o":[[33.334,-33.541],[-16.249,-16.249],[-22.917,0],[0,0],[-8.125,8.125],[8.124,8.124],[0,0],[16.666,-16.666],[8.334,8.333],[0,11.875],[0,0],[-16.666,16.666],[-6.875,-7.084],[-1.25,-11.459],[-11.458,1.25],[2.293,19.166],[16.249,16.251],[22.916,0],[0,0]],"v":[[95.709,25.416],[95.709,-95.834],[35.085,-121.042],[-25.541,-95.834],[-44.081,-77.292],[-44.081,-47.916],[-14.707,-47.916],[3.835,-66.25],[66.126,-66.25],[79.043,-35.208],[66.126,-4.167],[-4.499,66.458],[-66.79,66.458],[-79.29,40.625],[-102.416,22.5],[-120.541,45.625],[-96.165,95.833],[-35.54,121.042],[25.084,96.041]],"c":true}]},{"i":{"x":0.667,"y":1},"o":{"x":0.333,"y":0},"t":29,"s":[{"i":[[0,0],[33.334,33.334],[22.916,0],[16.251,-16.249],[0,0],[-8.125,-8.125],[-8.125,8.124],[0,0],[-16.666,-16.666],[0,-11.667],[8.334,-8.125],[0,0],[16.666,16.666],[1.25,9.791],[11.251,-1.458],[-1.458,-11.458],[-13.751,-13.749],[-22.916,0],[-16.249,16.042]],"o":[[33.334,-33.541],[-16.249,-16.249],[-22.917,0],[0,0],[-8.125,8.125],[8.124,8.124],[0,0],[16.666,-16.666],[8.334,8.333],[0,11.875],[0,0],[-16.666,16.666],[-6.875,-7.084],[-1.25,-11.459],[-11.458,1.25],[2.293,19.166],[16.249,16.251],[22.916,0],[0,0]],"v":[[115.709,5.416],[115.709,-115.834],[55.085,-141.042],[-5.541,-115.834],[-54.081,-67.292],[-54.081,-37.916],[-24.707,-37.916],[23.835,-86.25],[86.126,-86.25],[99.043,-55.208],[86.126,-24.167],[15.501,46.458],[-46.79,46.458],[-59.29,20.625],[-82.416,2.5],[-100.541,25.625],[-76.165,75.833],[-15.54,101.042],[45.084,76.041]],"c":true}]},{"i":{"x":0.667,"y":1},"o":{"x":0.333,"y":0},"t":40,"s":[{"i":[[0,0],[33.334,33.334],[22.916,0],[16.251,-16.249],[0,0],[-8.125,-8.125],[-8.125,8.124],[0,0],[-16.666,-16.666],[0,-11.667],[8.334,-8.125],[0,0],[16.666,16.666],[1.25,9.791],[11.251,-1.458],[-1.458,-11.458],[-13.751,-13.749],[-22.916,0],[-16.249,16.042]],"o":[[33.334,-33.541],[-16.249,-16.249],[-22.917,0],[0,0],[-8.125,8.125],[8.124,8.124],[0,0],[16.666,-16.666],[8.334,8.333],[0,11.875],[0,0],[-16.666,16.666],[-6.875,-7.084],[-1.25,-11.459],[-11.458,1.25],[2.293,19.166],[16.249,16.251],[22.916,0],[0,0]],"v":[[85.709,35.416],[85.709,-85.834],[25.085,-111.042],[-35.541,-85.834],[-34.081,-87.292],[-34.081,-57.916],[-4.707,-57.916],[-6.165,-56.25],[56.126,-56.25],[69.043,-25.208],[56.126,5.833],[-14.499,76.458],[-76.79,76.458],[-89.29,50.625],[-112.416,32.5],[-130.541,55.625],[-106.165,105.833],[-45.54,131.042],[15.084,106.041]],"c":true}]},{"i":{"x":0.667,"y":1},"o":{"x":0.333,"y":0},"t":51,"s":[{"i":[[0,0],[33.334,33.334],[22.916,0],[16.251,-16.249],[0,0],[-8.125,-8.125],[-8.125,8.124],[0,0],[-16.666,-16.666],[0,-11.667],[8.334,-8.125],[0,0],[16.666,16.666],[1.25,9.791],[11.251,-1.458],[-1.458,-11.458],[-13.751,-13.749],[-22.916,0],[-16.249,16.042]],"o":[[33.334,-33.541],[-16.249,-16.249],[-22.917,0],[0,0],[-8.125,8.125],[8.124,8.124],[0,0],[16.666,-16.666],[8.334,8.333],[0,11.875],[0,0],[-16.666,16.666],[-6.875,-7.084],[-1.25,-11.459],[-11.458,1.25],[2.293,19.166],[16.249,16.251],[22.916,0],[0,0]],"v":[[105.709,15.416],[105.709,-105.834],[45.085,-131.042],[-15.541,-105.834],[-44.081,-77.292],[-44.081,-47.916],[-14.707,-47.916],[13.835,-76.25],[76.126,-76.25],[89.043,-45.208],[76.126,-14.167],[5.501,56.458],[-56.79,56.458],[-69.29,30.625],[-92.416,12.5],[-110.541,35.625],[-86.165,85.833],[-25.54,111.042],[35.084,86.041]],"c":true}]},{"t":60,"s":[{"i":[[0,0],[33.334,33.334],[22.916,0],[16.251,-16.249],[0,0],[-8.125,-8.125],[-8.125,8.124],[0,0],[-16.666,-16.666],[0,-11.667],[8.334,-8.125],[0,0],[16.666,16.666],[1.25,9.791],[11.251,-1.458],[-1.458,-11.458],[-13.751,-13.749],[-22.916,0],[-16.249,16.042]],"o":[[33.334,-33.541],[-16.249,-16.249],[-22.917,0],[0,0],[-8.125,8.125],[8.124,8.124],[0,0],[16.666,-16.666],[8.334,8.333],[0,11.875],[0,0],[-16.666,16.666],[-6.875,-7.084],[-1.25,-11.459],[-11.458,1.25],[2.293,19.166],[16.249,16.251],[22.916,0],[0,0]],"v":[[95.709,25.416],[95.709,-95.834],[35.085,-121.042],[-25.541,-95.834],[-44.081,-77.292],[-44.081,-47.916],[-14.707,-47.916],[3.835,-66.25],[66.126,-66.25],[79.043,-35.208],[66.126,-4.167],[-4.499,66.458],[-66.79,66.458],[-79.29,40.625],[-102.416,22.5],[-120.541,45.625],[-96.165,95.833],[-35.54,121.042],[25.084,96.041]],"c":true}]}],"ix":2},"nm":"Path 1","mn":"ADBE Vector Shape - Group","hd":false},{"ty":"fl","c":{"a":0,"k":[0.071,0.075,0.192,1],"ix":4,"x":"var $bm_rt;\n$bm_rt = comp('system-solid-200-add-link').layer('control').effect('primary')('Color');"},"o":{"a":0,"k":100,"ix":5},"r":1,"bm":0,"nm":".primary","mn":"ADBE Vector Graphic - Fill","hd":false,"cl":"primary"},{"ty":"tr","p":{"a":0,"k":[316.836,182.5],"ix":2},"a":{"a":0,"k":[0,0],"ix":1},"s":{"a":0,"k":[100,100],"ix":3},"r":{"a":0,"k":0,"ix":6},"o":{"a":0,"k":100,"ix":7},"sk":{"a":0,"k":0,"ix":4},"sa":{"a":0,"k":0,"ix":5},"nm":"Transform"}],"nm":"Group 2","np":2,"cix":2,"bm":0,"ix":1,"mn":"ADBE Vector Group","hd":false},{"ty":"gr","it":[{"ind":0,"ty":"sh","ix":1,"ks":{"a":1,"k":[{"i":{"x":0.146,"y":1},"o":{"x":0.333,"y":0},"t":1,"s":[{"i":[[8.125,-8.125],[0,0],[17.083,17.292],[-17.083,17.083],[0,0],[-17.292,-17.083],[-1.25,-9.791],[-11.667,1.25],[1.458,11.458],[13.751,13.749],[33.333,-33.334],[0,0],[-33.334,-33.333],[-21.875,0],[-16.668,16.875],[0,0],[8.125,8.125]],"o":[[0,0],[-17.291,17.083],[-17.083,-17.292],[0,0],[17.083,-17.083],[6.875,7.084],[1.25,11.458],[11.458,-1.25],[-2.293,-19.166],[-33.541,-33.543],[0,0],[-33.334,33.543],[16.666,16.666],[22.083,0],[0,0],[8.125,-8.125],[-8.124,-8.125]],"v":[[14.707,47.851],[-3.835,66.393],[-66.126,66.393],[-66.126,4.102],[4.499,-66.523],[66.79,-66.523],[79.29,-40.69],[102.416,-22.565],[120.541,-45.69],[96.165,-95.898],[-25.084,-95.898],[-95.709,-25.274],[-95.709,95.976],[-35.085,120.977],[25.541,95.768],[44.081,77.227],[44.081,47.851]],"c":true}]},{"i":{"x":0.667,"y":1},"o":{"x":0.333,"y":0},"t":29,"s":[{"i":[[8.125,-8.125],[0,0],[17.083,17.292],[-17.083,17.083],[0,0],[-17.292,-17.083],[-1.25,-9.791],[-11.667,1.25],[1.458,11.458],[13.751,13.749],[33.333,-33.334],[0,0],[-33.334,-33.333],[-21.875,0],[-16.668,16.875],[0,0],[8.125,8.125]],"o":[[0,0],[-17.291,17.083],[-17.083,-17.292],[0,0],[17.083,-17.083],[6.875,7.084],[1.25,11.458],[11.458,-1.25],[-2.293,-19.166],[-33.541,-33.543],[0,0],[-33.334,33.543],[16.666,16.666],[22.083,0],[0,0],[8.125,-8.125],[-8.124,-8.125]],"v":[[24.707,37.851],[-23.835,86.393],[-86.126,86.393],[-86.126,24.102],[-15.501,-46.523],[46.79,-46.523],[59.29,-20.69],[82.416,-2.565],[100.541,-25.69],[76.165,-75.898],[-45.084,-75.898],[-115.709,-5.274],[-115.709,115.976],[-55.085,140.977],[5.541,115.768],[54.081,67.227],[54.081,37.851]],"c":true}]},{"i":{"x":0.667,"y":1},"o":{"x":0.333,"y":0},"t":40,"s":[{"i":[[8.125,-8.125],[0,0],[17.083,17.292],[-17.083,17.083],[0,0],[-17.292,-17.083],[-1.25,-9.791],[-11.667,1.25],[1.458,11.458],[13.751,13.749],[33.333,-33.334],[0,0],[-33.334,-33.333],[-21.875,0],[-16.668,16.875],[0,0],[8.125,8.125]],"o":[[0,0],[-17.291,17.083],[-17.083,-17.292],[0,0],[17.083,-17.083],[6.875,7.084],[1.25,11.458],[11.458,-1.25],[-2.293,-19.166],[-33.541,-33.543],[0,0],[-33.334,33.543],[16.666,16.666],[22.083,0],[0,0],[8.125,-8.125],[-8.124,-8.125]],"v":[[4.707,57.851],[6.165,56.393],[-56.126,56.393],[-56.126,-5.898],[14.499,-76.523],[76.79,-76.523],[89.29,-50.69],[112.416,-32.565],[130.541,-55.69],[106.165,-105.898],[-15.084,-105.898],[-85.709,-35.274],[-85.709,85.976],[-25.085,110.977],[35.541,85.768],[34.081,87.227],[34.081,57.851]],"c":true}]},{"i":{"x":0.667,"y":1},"o":{"x":0.333,"y":0},"t":51,"s":[{"i":[[8.125,-8.125],[0,0],[17.083,17.292],[-17.083,17.083],[0,0],[-17.292,-17.083],[-1.25,-9.791],[-11.667,1.25],[1.458,11.458],[13.751,13.749],[33.333,-33.334],[0,0],[-33.334,-33.333],[-21.875,0],[-16.668,16.875],[0,0],[8.125,8.125]],"o":[[0,0],[-17.291,17.083],[-17.083,-17.292],[0,0],[17.083,-17.083],[6.875,7.084],[1.25,11.458],[11.458,-1.25],[-2.293,-19.166],[-33.541,-33.543],[0,0],[-33.334,33.543],[16.666,16.666],[22.083,0],[0,0],[8.125,-8.125],[-8.124,-8.125]],"v":[[14.707,47.851],[-13.835,76.393],[-76.126,76.393],[-76.126,14.102],[-5.501,-56.523],[56.79,-56.523],[69.29,-30.69],[92.416,-12.565],[110.541,-35.69],[86.165,-85.898],[-35.084,-85.898],[-105.709,-15.274],[-105.709,105.976],[-45.085,130.977],[15.541,105.768],[44.081,77.227],[44.081,47.851]],"c":true}]},{"t":60,"s":[{"i":[[8.125,-8.125],[0,0],[17.083,17.292],[-17.083,17.083],[0,0],[-17.292,-17.083],[-1.25,-9.791],[-11.667,1.25],[1.458,11.458],[13.751,13.749],[33.333,-33.334],[0,0],[-33.334,-33.333],[-21.875,0],[-16.668,16.875],[0,0],[8.125,8.125]],"o":[[0,0],[-17.291,17.083],[-17.083,-17.292],[0,0],[17.083,-17.083],[6.875,7.084],[1.25,11.458],[11.458,-1.25],[-2.293,-19.166],[-33.541,-33.543],[0,0],[-33.334,33.543],[16.666,16.666],[22.083,0],[0,0],[8.125,-8.125],[-8.124,-8.125]],"v":[[14.707,47.851],[-3.835,66.393],[-66.126,66.393],[-66.126,4.102],[4.499,-66.523],[66.79,-66.523],[79.29,-40.69],[102.416,-22.565],[120.541,-45.69],[96.165,-95.898],[-25.084,-95.898],[-95.709,-25.274],[-95.709,95.976],[-35.085,120.977],[25.541,95.768],[44.081,77.227],[44.081,47.851]],"c":true}]}],"ix":2},"nm":"Path 1","mn":"ADBE Vector Shape - Group","hd":false},{"ty":"fl","c":{"a":0,"k":[0.071,0.075,0.192,1],"ix":4,"x":"var $bm_rt;\n$bm_rt = comp('system-solid-200-add-link').layer('control').effect('primary')('Color');"},"o":{"a":0,"k":100,"ix":5},"r":1,"bm":0,"nm":".primary","mn":"ADBE Vector Graphic - Fill","hd":false,"cl":"primary"},{"ty":"tr","p":{"a":0,"k":[183.256,254.023],"ix":2},"a":{"a":0,"k":[0,0],"ix":1},"s":{"a":0,"k":[100,100],"ix":3},"r":{"a":0,"k":0,"ix":6},"o":{"a":0,"k":100,"ix":7},"sk":{"a":0,"k":0,"ix":4},"sa":{"a":0,"k":0,"ix":5},"nm":"Transform"}],"nm":"Group 3","np":2,"cix":2,"bm":0,"ix":2,"mn":"ADBE Vector Group","hd":false}],"ip":-1,"op":300,"st":0,"ct":1,"bm":0}]}],"layers":[{"ddd":0,"ind":1,"ty":3,"nm":"control","sr":1,"ks":{"o":{"a":0,"k":0,"ix":11},"r":{"a":0,"k":0,"ix":10},"p":{"a":0,"k":[0,0],"ix":2,"l":2},"a":{"a":0,"k":[0,0,0],"ix":1,"l":2},"s":{"a":0,"k":[100,100,100],"ix":6,"l":2}},"ao":0,"ef":[{"ty":5,"nm":"primary","np":3,"mn":"ADBE Color Control","ix":1,"en":1,"ef":[{"ty":2,"nm":"Color","mn":"ADBE Color Control-0001","ix":1,"v":{"a":0,"k":[0.071,0.075,0.192],"ix":1}}]}],"ip":0,"op":131,"st":0,"bm":0},{"ddd":0,"ind":2,"ty":0,"nm":"in-add-link","refId":"comp_0","sr":1,"ks":{"o":{"a":0,"k":100,"ix":11},"r":{"a":0,"k":0,"ix":10},"p":{"a":0,"k":[250,250,0],"ix":2,"l":2},"a":{"a":0,"k":[250,250,0],"ix":1,"l":2},"s":{"a":0,"k":[100,100,100],"ix":6,"l":2}},"ao":0,"w":500,"h":500,"ip":0,"op":70,"st":0,"bm":0},{"ddd":0,"ind":3,"ty":0,"nm":"hover-add-link","refId":"comp_1","sr":1,"ks":{"o":{"a":0,"k":100,"ix":11},"r":{"a":0,"k":0,"ix":10},"p":{"a":0,"k":[250,250,0],"ix":2,"l":2},"a":{"a":0,"k":[250,250,0],"ix":1,"l":2},"s":{"a":0,"k":[100,100,100],"ix":6,"l":2}},"ao":0,"w":500,"h":500,"ip":70,"op":140,"st":70,"bm":0}],"markers":[{"tm":0,"cm":"in-add-link","dr":60},{"tm":70,"cm":"default:hover-add-link","dr":60}],"props":{}}