{"v":"5.12.1","fr":60,"ip":130,"op":250,"w":500,"h":500,"nm":"system-solid-166-science","ddd":0,"assets":[{"id":"comp_0","nm":"in-science","fr":60,"layers":[{"ddd":0,"ind":1,"ty":4,"nm":".primary.design","cl":"primary design","sr":1,"ks":{"o":{"a":0,"k":100,"ix":11},"r":{"a":0,"k":0,"ix":10},"p":{"a":0,"k":[250,250,0],"ix":2,"l":2},"a":{"a":0,"k":[0,0,0],"ix":1,"l":2},"s":{"a":0,"k":[100,100,100],"ix":6,"l":2}},"ao":0,"shapes":[{"ty":"gr","it":[{"ind":0,"ty":"sh","ix":1,"ks":{"a":0,"k":{"i":[[0,0],[0,0],[-1.876,-3.541],[0,0],[0,0],[0,0],[0,4.167],[0,0]],"o":[[0,0],[0,4.167],[0,0],[0,0],[0,0],[2.291,-3.541],[0,0],[0,0]],"v":[[41.713,-146.333],[41.713,-42.167],[44.838,-30.5],[64.91,-0.5],[-65.19,-0.5],[-45.162,-30.5],[-41.621,-42.167],[-41.621,-146.333]],"c":true},"ix":2},"nm":"Path 1","mn":"ADBE Vector Shape - Group","hd":false},{"ind":1,"ty":"sh","ix":2,"ks":{"a":0,"k":{"i":[[8.577,13.691],[0.207,0.209],[0,0],[0.053,0.078],[0,0],[0,0],[0,0],[0,11.458],[11.458,0],[0,0],[0,0],[0,0],[0,-11.458],[-11.458,0],[0,0],[0,0],[0,0],[0.271,-10.657],[-5.427,-9.811],[-22.917,0],[0,0],[-11.042,19.792],[-1.233,5.873]],"o":[[-0.209,-0.209],[0,0],[-0.052,-0.078],[0,0],[0,0],[0,0],[11.458,0],[0,-11.458],[0,0],[0,0],[0,0],[-11.458,0],[0,11.458],[0,0],[0,0],[0,0],[-5.955,9.507],[-0.298,10.644],[10.834,19.792],[0,0],[22.709,0],[3.029,-5.474],[3.237,-15.213]],"v":[[178.171,93.459],[177.755,92.833],[121.505,8.667],[121.323,8.456],[83.379,-48.416],[83.379,-146.333],[104.213,-146.333],[125.046,-167.167],[104.213,-188],[62.546,-188],[-62.454,-188],[-104.121,-188],[-124.954,-167.167],[-104.121,-146.333],[-83.287,-146.333],[-83.287,-48.416],[-178.079,93.459],[-187.418,124.177],[-179.746,155.333],[-125.787,187],[125.879,187],[179.838,155.333],[186.007,138.213]],"c":true},"ix":2},"nm":"Path 2","mn":"ADBE Vector Shape - Group","hd":false},{"ty":"fl","c":{"a":0,"k":[0.071,0.075,0.192,1],"ix":4,"x":"var $bm_rt;\n$bm_rt = comp('system-solid-166-science').layer('control').effect('primary')('Color');"},"o":{"a":0,"k":100,"ix":5},"r":1,"bm":0,"nm":".primary","mn":"ADBE Vector Graphic - Fill","hd":false,"cl":"primary"},{"ty":"tr","p":{"a":0,"k":[0,0],"ix":2},"a":{"a":0,"k":[0,0],"ix":1},"s":{"a":0,"k":[100,100],"ix":3},"r":{"a":0,"k":0,"ix":6},"o":{"a":0,"k":100,"ix":7},"sk":{"a":0,"k":0,"ix":4},"sa":{"a":0,"k":0,"ix":5},"nm":"Transform"}],"nm":"Group 1","np":3,"cix":2,"bm":0,"ix":1,"mn":"ADBE Vector Group","hd":false}],"ip":119,"op":300,"st":0,"ct":1,"bm":0},{"ddd":0,"ind":2,"ty":4,"nm":".primary.design","cl":"primary design","sr":1,"ks":{"o":{"a":0,"k":100,"ix":11},"r":{"a":1,"k":[{"i":{"x":[0.41],"y":[1]},"o":{"x":[0.167],"y":[0.167]},"t":41,"s":[0]},{"i":{"x":[0.833],"y":[0.833]},"o":{"x":[0.59],"y":[0]},"t":59,"s":[23]},{"t":81,"s":[0]}],"ix":10},"p":{"a":1,"k":[{"i":{"x":0.016,"y":1},"o":{"x":0.167,"y":0.167},"t":5,"s":[379.504,422.003,0],"to":[0,-8.333,0],"ti":[0,0,0]},{"i":{"x":0.833,"y":0.833},"o":{"x":0.333,"y":0},"t":25,"s":[379.504,372.003,0],"to":[0,0,0],"ti":[1,-7.833,0]},{"i":{"x":0.41,"y":1},"o":{"x":0.167,"y":0.167},"t":41,"s":[379.504,422.003,0],"to":[-1,7.833,0],"ti":[0,0,0]},{"i":{"x":0.833,"y":0.833},"o":{"x":0.59,"y":0},"t":59,"s":[373.504,419.003,0],"to":[0,0,0],"ti":[-1,-0.5,0]},{"t":81,"s":[379.504,422.003,0]}],"ix":2,"l":2},"a":{"a":0,"k":[379.504,422.003,0],"ix":1,"l":2},"s":{"a":0,"k":[100,100,100],"ix":6,"l":2}},"ao":0,"shapes":[{"ty":"gr","it":[{"ty":"gr","it":[{"ind":0,"ty":"sh","ix":1,"ks":{"a":1,"k":[{"i":{"x":0.833,"y":0.833},"o":{"x":0.167,"y":0.167},"t":1,"s":[{"i":[[0,0],[0,0],[0,0],[0,0],[0,0],[0,0],[0,0]],"o":[[0,0],[0,0],[0,0],[0,0],[0,0],[0,0],[0,0]],"v":[[302.8,456.119],[191.483,456.316],[184.999,459.665],[192.194,468.512],[229.3,472.981],[295.759,470.819],[318.564,461.627]],"c":true}]},{"i":{"x":0,"y":1},"o":{"x":0.167,"y":0.167},"t":5,"s":[{"i":[[0,0],[0,0],[0,0],[0,0],[0,0],[0,0],[0,0]],"o":[[0,0],[0,0],[0,0],[0,0],[0,0],[0,0],[0,0]],"v":[[297.954,383.272],[186.659,376.078],[180.104,386.409],[187.104,415.409],[224.104,432.409],[290.594,430.116],[313.594,402.116]],"c":true}]},{"i":{"x":0.833,"y":0.833},"o":{"x":0.333,"y":0},"t":25,"s":[{"i":[[0,0],[0,0],[0,0],[0,0],[0,0],[0,0],[0,0]],"o":[[0,0],[0,0],[0,0],[0,0],[0,0],[0,0],[0,0]],"v":[[307.954,174.772],[196.659,167.578],[180.104,386.409],[187.104,415.409],[224.104,432.409],[290.594,430.116],[313.594,402.116]],"c":true}]},{"i":{"x":0.667,"y":1},"o":{"x":0.167,"y":0.167},"t":36,"s":[{"i":[[0,0],[0,0],[0,0],[0,0],[0,0],[0,0],[0,0]],"o":[[0,0],[0,0],[0,0],[0,0],[0,0],[0,0],[0,0]],"v":[[333.172,247.727],[181.149,216.334],[116.275,368.429],[123.275,397.429],[160.275,414.429],[365.408,410.057],[388.408,382.057]],"c":true}]},{"i":{"x":0.667,"y":1},"o":{"x":0.333,"y":0},"t":41,"s":[{"i":[[0,0],[0,0],[0,0],[0,0],[0,0],[0,0],[0,0]],"o":[[0,0],[0,0],[0,0],[0,0],[0,0],[0,0],[0,0]],"v":[[326,236],[137.5,286],[97,363],[104,392],[141,409],[388,404],[411,376]],"c":true}]},{"i":{"x":0.667,"y":1},"o":{"x":0.333,"y":0},"t":69,"s":[{"i":[[0,0],[0,0],[0,0],[0,0],[0,0],[0,0],[0,0]],"o":[[0,0],[0,0],[0,0],[0,0],[0,0],[0,0],[0,0]],"v":[[362.784,282.417],[182.688,220.208],[97,363],[104,392],[141,409],[388,404],[411,376]],"c":true}]},{"i":{"x":0.667,"y":1},"o":{"x":0.333,"y":0},"t":91,"s":[{"i":[[0,0],[0,0],[0,0],[0,0],[0,0],[0,0],[0,0]],"o":[[0,0],[0,0],[0,0],[0,0],[0,0],[0,0],[0,0]],"v":[[332.197,230.781],[139.256,288.502],[97,363],[104,392],[141,409],[388,404],[411,376]],"c":true}]},{"i":{"x":0.667,"y":1},"o":{"x":0.333,"y":0},"t":109,"s":[{"i":[[0,0],[0,0],[0,0],[0,0],[0,0],[0,0],[0,0]],"o":[[0,0],[0,0],[0,0],[0,0],[0,0],[0,0],[0,0]],"v":[[357.066,276.26],[155.752,261.501],[97,363],[104,392],[141,409],[388,404],[411,376]],"c":true}]},{"t":118,"s":[{"i":[[0,0],[0,0],[0,0],[0,0],[0,0],[0,0],[0,0]],"o":[[0,0],[0,0],[0,0],[0,0],[0,0],[0,0],[0,0]],"v":[[347,281],[155,281],[97,363],[104,392],[141,409],[388,404],[411,376]],"c":true}]}],"ix":2},"nm":"Path 1","mn":"ADBE Vector Shape - Group","hd":false},{"ty":"st","c":{"a":0,"k":[0.071,0.075,0.192,1],"ix":3,"x":"var $bm_rt;\n$bm_rt = comp('system-solid-166-science').layer('control').effect('primary')('Color');"},"o":{"a":0,"k":100,"ix":4},"w":{"a":0,"k":0,"ix":5},"lc":1,"lj":1,"ml":4,"bm":0,"nm":".primary","mn":"ADBE Vector Graphic - Stroke","hd":false,"cl":"primary"},{"ty":"fl","c":{"a":0,"k":[0.071,0.075,0.192,1],"ix":4,"x":"var $bm_rt;\n$bm_rt = comp('system-solid-166-science').layer('control').effect('primary')('Color');"},"o":{"a":0,"k":100,"ix":5},"r":1,"bm":0,"nm":".primary","mn":"ADBE Vector Graphic - Fill","hd":false,"cl":"primary"},{"ty":"tr","p":{"a":0,"k":[0,0],"ix":2},"a":{"a":0,"k":[0,0],"ix":1},"s":{"a":0,"k":[100,100],"ix":3},"r":{"a":0,"k":0,"ix":6},"o":{"a":0,"k":100,"ix":7},"sk":{"a":0,"k":0,"ix":4},"sa":{"a":0,"k":0,"ix":5},"nm":"Transform"}],"nm":"Shape 1","np":3,"cix":2,"bm":0,"ix":1,"mn":"ADBE Vector Group","hd":false},{"ty":"gr","it":[{"ind":0,"ty":"sh","ix":1,"ks":{"a":1,"k":[{"i":{"x":0.833,"y":0.833},"o":{"x":0.167,"y":0.167},"t":1,"s":[{"i":[[0,0],[0,0]],"o":[[0,0],[0,0]],"v":[[-88.339,384.873],[88.746,384.873]],"c":false}]},{"i":{"x":0,"y":1},"o":{"x":0.167,"y":0.167},"t":5,"s":[{"i":[[0,0],[0,0]],"o":[[0,0],[0,0]],"v":[[-88.169,293],[88.915,293]],"c":false}]},{"i":{"x":0.833,"y":0.833},"o":{"x":0.333,"y":0},"t":25,"s":[{"i":[[0,0],[0,0]],"o":[[0,0],[0,0]],"v":[[-103.542,5],[103.542,5]],"c":false}]},{"i":{"x":0.833,"y":0.833},"o":{"x":0.167,"y":0.167},"t":41,"s":[{"i":[[0,0],[0,0]],"o":[[0,0],[0,0]],"v":[[-103.542,5],[103.542,5]],"c":false}]},{"i":{"x":0.833,"y":0.833},"o":{"x":0.167,"y":0.167},"t":59,"s":[{"i":[[0,0],[0,0]],"o":[[0,0],[0,0]],"v":[[-103.542,5],[103.542,5]],"c":false}]},{"t":81,"s":[{"i":[[0,0],[0,0]],"o":[[0,0],[0,0]],"v":[[-103.542,5],[103.542,5]],"c":false}]}],"ix":2},"nm":"Path 1","mn":"ADBE Vector Shape - Group","hd":false},{"ty":"st","c":{"a":0,"k":[0.071,0.075,0.192,1],"ix":3,"x":"var $bm_rt;\n$bm_rt = comp('system-solid-166-science').layer('control').effect('primary')('Color');"},"o":{"a":0,"k":100,"ix":4},"w":{"a":0,"k":41,"ix":5},"lc":2,"lj":2,"bm":0,"nm":".primary","mn":"ADBE Vector Graphic - Stroke","hd":false,"cl":"primary"},{"ty":"tr","p":{"a":0,"k":[250.004,78.127],"ix":2},"a":{"a":0,"k":[0,0],"ix":1},"s":{"a":0,"k":[100,100],"ix":3},"r":{"a":0,"k":0,"ix":6},"o":{"a":0,"k":100,"ix":7},"sk":{"a":0,"k":0,"ix":4},"sa":{"a":0,"k":0,"ix":5},"nm":"Transform"}],"nm":"Group 1","np":2,"cix":2,"bm":0,"ix":2,"mn":"ADBE Vector Group","hd":false},{"ty":"gr","it":[{"ind":0,"ty":"sh","ix":1,"ks":{"a":1,"k":[{"i":{"x":0.833,"y":0.833},"o":{"x":0.167,"y":0.167},"t":1,"s":[{"i":[[0,0],[29.131,0]],"o":[[-33.839,-0.001],[0,0]],"v":[[64.832,197.368],[-66.258,197.368]],"c":false}]},{"i":{"x":0.016,"y":1},"o":{"x":0.167,"y":0.167},"t":5,"s":[{"i":[[0,0],[29.131,0]],"o":[[-33.839,0.229],[0,0]],"v":[[65.001,107.072],[-66.088,107.072]],"c":false}]},{"i":{"x":0.833,"y":0.833},"o":{"x":0.333,"y":0},"t":25,"s":[{"i":[[0,0],[29.125,0.577]],"o":[[-33.837,-0.441],[0,0]],"v":[[65.073,-98.63],[-65.991,-101.227]],"c":false}]},{"i":{"x":0.833,"y":0.833},"o":{"x":0.167,"y":0.167},"t":30,"s":[{"i":[[0,0],[33.139,3.862]],"o":[[-38.525,-4.226],[0,0]],"v":[[65.397,-68.18],[-66.781,-84.142]],"c":false}]},{"i":{"x":0.833,"y":0.833},"o":{"x":0.167,"y":0.167},"t":33,"s":[{"i":[[0,0],[37.716,13.829]],"o":[[-44.239,-2.628],[0,0]],"v":[[71.159,-43.534],[-65.282,-78.681]],"c":false}]},{"i":{"x":0.667,"y":1},"o":{"x":0.167,"y":0.167},"t":36,"s":[{"i":[[0,0],[36.39,15.94]],"o":[[-49.952,-1.029],[0,0]],"v":[[79.066,-19.661],[-62.698,-51.794]],"c":false}]},{"i":{"x":0.667,"y":1},"o":{"x":0.167,"y":0},"t":41,"s":[{"i":[[0,0],[46.742,-7.344]],"o":[[-30.143,25.894],[0,0]],"v":[[73.64,-34.522],[-114.197,19.526]],"c":false}]},{"i":{"x":0.667,"y":1},"o":{"x":0.333,"y":0},"t":69,"s":[{"i":[[0,0],[29.391,29.029]],"o":[[-54.962,0.372],[0,0]],"v":[[111.77,10.431],[-60.307,-57.547]],"c":false}]},{"i":{"x":0.667,"y":1},"o":{"x":0.167,"y":0},"t":91,"s":[{"i":[[0,0],[46.742,-7.344]],"o":[[-30.143,25.894],[0,0]],"v":[[79.14,-39.522],[-114.197,19.526]],"c":false}]},{"i":{"x":0.667,"y":1},"o":{"x":0.333,"y":0},"t":109,"s":[{"i":[[0,0],[45.695,5.092]],"o":[[-54.883,-1.903],[0,0]],"v":[[109.534,7.406],[-100.018,-9.156]],"c":false}]},{"t":118,"s":[{"i":[[0,0],[47.315,0]],"o":[[-54.962,0.372],[0,0]],"v":[[106.459,0],[-106.459,0]],"c":false}]}],"ix":2},"nm":"Path 1","mn":"ADBE Vector Shape - Group","hd":false},{"ty":"st","c":{"a":0,"k":[0.071,0.075,0.192,1],"ix":3,"x":"var $bm_rt;\n$bm_rt = comp('system-solid-166-science').layer('control').effect('primary')('Color');"},"o":{"a":0,"k":100,"ix":4},"w":{"a":0,"k":31.3,"ix":5},"lc":2,"lj":2,"bm":0,"nm":".primary","mn":"ADBE Vector Graphic - Stroke","hd":false,"cl":"primary"},{"ty":"tr","p":{"a":0,"k":[250.004,265.628],"ix":2},"a":{"a":0,"k":[0,0],"ix":1},"s":{"a":0,"k":[100,100],"ix":3},"r":{"a":0,"k":0,"ix":6},"o":{"a":0,"k":100,"ix":7},"sk":{"a":0,"k":0,"ix":4},"sa":{"a":0,"k":0,"ix":5},"nm":"Transform"}],"nm":"Group 2","np":2,"cix":2,"bm":0,"ix":3,"mn":"ADBE Vector Group","hd":false},{"ty":"gr","it":[{"ind":0,"ty":"sh","ix":1,"ks":{"a":1,"k":[{"i":{"x":0.833,"y":0.833},"o":{"x":0.167,"y":0.167},"t":1,"s":[{"i":[[0,0],[0,0],[0,0],[21.416,0],[0,0],[0.502,0.03],[0,0],[0,0]],"o":[[0,0],[0,0],[0.03,0.024],[0,0],[-20.29,-0.001],[0,0],[0,0],[0,0]],"v":[[62.443,212.998],[62.262,212.997],[62.547,213.008],[29.66,213.063],[-29.634,213.063],[-63.926,213.007],[-62.851,212.997],[-62.67,212.999]],"c":false}]},{"i":{"x":0.059,"y":1},"o":{"x":0.167,"y":0.167},"t":5,"s":[{"i":[[0,0],[0,0],[0,0],[21.416,0.192],[0,0],[0.502,21.644],[0,0],[0,0]],"o":[[0,0],[0,0],[0.03,17.179],[0,0],[-20.29,-0.566],[0,0],[0,0],[0,0]],"v":[[62.363,124.219],[62.182,123.259],[62.466,130.818],[29.58,170.805],[-29.714,171.063],[-64.006,130.353],[-62.931,123.247],[-62.75,124.247]],"c":false}]},{"i":{"x":0.667,"y":1},"o":{"x":0.333,"y":0},"t":25,"s":[{"i":[[0,0],[0,0],[0,0],[21.416,0.192],[0,0],[0.502,21.644],[0,0],[0,0]],"o":[[0,0],[0,0],[0.03,17.179],[0,0],[-20.29,-0.566],[0,0],[0,0],[0,0]],"v":[[62.431,-161.876],[62.25,-42.875],[62.467,130.818],[29.58,170.805],[-29.714,171.063],[-64.006,130.353],[-62.863,-41.375],[-62.681,-165.376]],"c":false}]},{"i":{"x":0.667,"y":1},"o":{"x":0.333,"y":0},"t":41,"s":[{"i":[[0,0],[0,0],[0,0],[32.995,0],[0,0],[-17.367,27.758],[0,0],[0,0]],"o":[[0,0],[0,0],[17.367,27.758],[0,0],[-32.995,0],[0,0],[0,0],[0,0]],"v":[[62.431,-161.876],[62.25,-42.875],[160.003,103.277],[124.197,166.876],[-124.447,166.376],[-160.253,103.277],[-62.863,-41.375],[-62.681,-165.376]],"c":false}]},{"i":{"x":0.667,"y":1},"o":{"x":0.333,"y":0},"t":59,"s":[{"i":[[0,0],[0,0],[0,0],[32.995,0],[0,0],[-17.367,27.758],[0,0],[0,0]],"o":[[0,0],[0,0],[17.367,27.758],[0,0],[-32.995,0],[0,0],[0,0],[0,0]],"v":[[62.431,-161.876],[62.25,-42.875],[160.003,103.277],[124.197,166.876],[-124.447,166.376],[-160.253,103.277],[-62.863,-41.375],[-62.681,-165.376]],"c":false}]},{"t":81,"s":[{"i":[[0,0],[0,0],[0,0],[32.995,0],[0,0],[-17.367,27.758],[0,0],[0,0]],"o":[[0,0],[0,0],[17.367,27.758],[0,0],[-32.995,0],[0,0],[0,0],[0,0]],"v":[[62.431,-161.876],[62.25,-42.875],[160.003,103.277],[124.197,166.876],[-124.447,166.376],[-160.253,103.277],[-62.863,-41.375],[-62.681,-165.376]],"c":false}]}],"ix":2},"nm":"Path 1","mn":"ADBE Vector Shape - Group","hd":false},{"ty":"st","c":{"a":0,"k":[0.071,0.075,0.192,1],"ix":3,"x":"var $bm_rt;\n$bm_rt = comp('system-solid-166-science').layer('control').effect('primary')('Color');"},"o":{"a":0,"k":100,"ix":4},"w":{"a":0,"k":41,"ix":5},"lc":2,"lj":2,"bm":0,"nm":".primary","mn":"ADBE Vector Graphic - Stroke","hd":false,"cl":"primary"},{"ty":"tr","p":{"a":0,"k":[250.004,250.003],"ix":2},"a":{"a":0,"k":[0,0],"ix":1},"s":{"a":0,"k":[100,100],"ix":3},"r":{"a":0,"k":0,"ix":6},"o":{"a":0,"k":100,"ix":7},"sk":{"a":0,"k":0,"ix":4},"sa":{"a":0,"k":0,"ix":5},"nm":"Transform"}],"nm":"Group 3","np":2,"cix":2,"bm":0,"ix":4,"mn":"ADBE Vector Group","hd":false},{"ty":"tr","p":{"a":1,"k":[{"i":{"x":0.833,"y":0.833},"o":{"x":0.167,"y":0.167},"t":5,"s":[250.004,250.003],"to":[0,0],"ti":[0,0]},{"i":{"x":0.833,"y":0.833},"o":{"x":0.167,"y":0.167},"t":36,"s":[250.004,250.003],"to":[0,0],"ti":[0,0]},{"t":41,"s":[250.004,250.003]}],"ix":2},"a":{"a":0,"k":[250.004,250.003],"ix":1},"s":{"a":0,"k":[100,100],"ix":3},"r":{"a":1,"k":[{"i":{"x":[0.833],"y":[0.833]},"o":{"x":[0.167],"y":[0.167]},"t":5,"s":[0]},{"i":{"x":[0.833],"y":[0.833]},"o":{"x":[0.167],"y":[0.167]},"t":36,"s":[-12]},{"t":41,"s":[0]}],"ix":6},"o":{"a":0,"k":100,"ix":7},"sk":{"a":0,"k":0,"ix":4},"sa":{"a":0,"k":0,"ix":5},"nm":"Transform"}],"nm":"Group 1","np":4,"cix":2,"bm":0,"ix":1,"mn":"ADBE Vector Group","hd":false}],"ip":1,"op":119,"st":0,"ct":1,"bm":0}]},{"id":"comp_1","nm":"hover-science","fr":60,"layers":[{"ddd":0,"ind":1,"ty":4,"nm":".primary.design","cl":"primary design","sr":1,"ks":{"o":{"a":0,"k":100,"ix":11},"r":{"a":0,"k":0,"ix":10},"p":{"a":0,"k":[250,250,0],"ix":2,"l":2},"a":{"a":0,"k":[0,0,0],"ix":1,"l":2},"s":{"a":0,"k":[100,100,100],"ix":6,"l":2}},"ao":0,"shapes":[{"ty":"gr","it":[{"ind":0,"ty":"sh","ix":1,"ks":{"a":0,"k":{"i":[[0,0],[0,0],[-1.876,-3.541],[0,0],[0,0],[0,0],[0,4.167],[0,0]],"o":[[0,0],[0,4.167],[0,0],[0,0],[0,0],[2.291,-3.541],[0,0],[0,0]],"v":[[41.713,-146.333],[41.713,-42.167],[44.838,-30.5],[64.91,-0.5],[-65.19,-0.5],[-45.162,-30.5],[-41.621,-42.167],[-41.621,-146.333]],"c":true},"ix":2},"nm":"Path 1","mn":"ADBE Vector Shape - Group","hd":false},{"ind":1,"ty":"sh","ix":2,"ks":{"a":0,"k":{"i":[[8.577,13.691],[0.207,0.209],[0,0],[0.053,0.078],[0,0],[0,0],[0,0],[0,11.458],[11.458,0],[0,0],[0,0],[0,0],[0,-11.458],[-11.458,0],[0,0],[0,0],[0,0],[0.271,-10.657],[-5.427,-9.811],[-22.917,0],[0,0],[-11.042,19.792],[-1.233,5.873]],"o":[[-0.209,-0.209],[0,0],[-0.052,-0.078],[0,0],[0,0],[0,0],[11.458,0],[0,-11.458],[0,0],[0,0],[0,0],[-11.458,0],[0,11.458],[0,0],[0,0],[0,0],[-5.955,9.507],[-0.298,10.644],[10.834,19.792],[0,0],[22.709,0],[3.029,-5.474],[3.237,-15.213]],"v":[[178.171,93.459],[177.755,92.833],[121.505,8.667],[121.323,8.456],[83.379,-48.416],[83.379,-146.333],[104.213,-146.333],[125.046,-167.167],[104.213,-188],[62.546,-188],[-62.454,-188],[-104.121,-188],[-124.954,-167.167],[-104.121,-146.333],[-83.287,-146.333],[-83.287,-48.416],[-178.079,93.459],[-187.418,124.177],[-179.746,155.333],[-125.787,187],[125.879,187],[179.838,155.333],[186.007,138.213]],"c":true},"ix":2},"nm":"Path 2","mn":"ADBE Vector Shape - Group","hd":false},{"ty":"fl","c":{"a":0,"k":[0.071,0.075,0.192,1],"ix":4,"x":"var $bm_rt;\n$bm_rt = comp('system-solid-166-science').layer('control').effect('primary')('Color');"},"o":{"a":0,"k":100,"ix":5},"r":1,"bm":0,"nm":".primary","mn":"ADBE Vector Graphic - Fill","hd":false,"cl":"primary"},{"ty":"tr","p":{"a":0,"k":[0,0],"ix":2},"a":{"a":0,"k":[0,0],"ix":1},"s":{"a":0,"k":[100,100],"ix":3},"r":{"a":0,"k":0,"ix":6},"o":{"a":0,"k":100,"ix":7},"sk":{"a":0,"k":0,"ix":4},"sa":{"a":0,"k":0,"ix":5},"nm":"Transform"}],"nm":"Group 1","np":3,"cix":2,"bm":0,"ix":1,"mn":"ADBE Vector Group","hd":false}],"ip":119,"op":300,"st":0,"ct":1,"bm":0},{"ddd":0,"ind":2,"ty":4,"nm":".primary.design","cl":"primary design","sr":1,"ks":{"o":{"a":0,"k":100,"ix":11},"r":{"a":0,"k":0,"ix":10},"p":{"a":0,"k":[250,250,0],"ix":2,"l":2},"a":{"a":0,"k":[0,0,0],"ix":1,"l":2},"s":{"a":0,"k":[100,100,100],"ix":6,"l":2}},"ao":0,"shapes":[{"ty":"gr","it":[{"ind":0,"ty":"sh","ix":1,"ks":{"a":0,"k":{"i":[[0,0],[0,0],[-1.876,-3.541],[0,0],[0,0],[0,0],[0,4.167],[0,0]],"o":[[0,0],[0,4.167],[0,0],[0,0],[0,0],[2.291,-3.541],[0,0],[0,0]],"v":[[41.713,-146.333],[41.713,-42.167],[44.838,-30.5],[64.91,-0.5],[-65.19,-0.5],[-45.162,-30.5],[-41.621,-42.167],[-41.621,-146.333]],"c":true},"ix":2},"nm":"Path 1","mn":"ADBE Vector Shape - Group","hd":false},{"ind":1,"ty":"sh","ix":2,"ks":{"a":0,"k":{"i":[[8.577,13.691],[0.207,0.209],[0,0],[0.053,0.078],[0,0],[0,0],[0,0],[0,11.458],[11.458,0],[0,0],[0,0],[0,0],[0,-11.458],[-11.458,0],[0,0],[0,0],[0,0],[0.271,-10.657],[-5.427,-9.811],[-22.917,0],[0,0],[-11.042,19.792],[-1.233,5.873]],"o":[[-0.209,-0.209],[0,0],[-0.052,-0.078],[0,0],[0,0],[0,0],[11.458,0],[0,-11.458],[0,0],[0,0],[0,0],[-11.458,0],[0,11.458],[0,0],[0,0],[0,0],[-5.955,9.507],[-0.298,10.644],[10.834,19.792],[0,0],[22.709,0],[3.029,-5.474],[3.237,-15.213]],"v":[[178.171,93.459],[177.755,92.833],[121.505,8.667],[121.323,8.456],[83.379,-48.416],[83.379,-146.333],[104.213,-146.333],[125.046,-167.167],[104.213,-188],[62.546,-188],[-62.454,-188],[-104.121,-188],[-124.954,-167.167],[-104.121,-146.333],[-83.287,-146.333],[-83.287,-48.416],[-178.079,93.459],[-187.418,124.177],[-179.746,155.333],[-125.787,187],[125.879,187],[179.838,155.333],[186.007,138.213]],"c":true},"ix":2},"nm":"Path 2","mn":"ADBE Vector Shape - Group","hd":false},{"ty":"fl","c":{"a":0,"k":[0.071,0.075,0.192,1],"ix":4,"x":"var $bm_rt;\n$bm_rt = comp('system-solid-166-science').layer('control').effect('primary')('Color');"},"o":{"a":0,"k":100,"ix":5},"r":1,"bm":0,"nm":".primary","mn":"ADBE Vector Graphic - Fill","hd":false,"cl":"primary"},{"ty":"tr","p":{"a":0,"k":[0,0],"ix":2},"a":{"a":0,"k":[0,0],"ix":1},"s":{"a":0,"k":[100,100],"ix":3},"r":{"a":0,"k":0,"ix":6},"o":{"a":0,"k":100,"ix":7},"sk":{"a":0,"k":0,"ix":4},"sa":{"a":0,"k":0,"ix":5},"nm":"Transform"}],"nm":"Group 1","np":3,"cix":2,"bm":0,"ix":1,"mn":"ADBE Vector Group","hd":false}],"ip":0,"op":1,"st":0,"ct":1,"bm":0},{"ddd":0,"ind":3,"ty":4,"nm":".primary.design","cl":"primary design","sr":1,"ks":{"o":{"a":0,"k":100,"ix":11},"r":{"a":1,"k":[{"i":{"x":[0],"y":[1]},"o":{"x":[0.333],"y":[0]},"t":1,"s":[0]},{"i":{"x":[0.667],"y":[0.745]},"o":{"x":[0.333],"y":[0]},"t":19,"s":[22]},{"i":{"x":[0.667],"y":[1]},"o":{"x":[0.333],"y":[-0.25]},"t":35,"s":[-21.54]},{"i":{"x":[0.667],"y":[0.902]},"o":{"x":[0.333],"y":[0]},"t":50,"s":[20]},{"i":{"x":[0.667],"y":[1]},"o":{"x":[0.333],"y":[-0.162]},"t":62,"s":[-13]},{"i":{"x":[0.667],"y":[1]},"o":{"x":[0.333],"y":[0]},"t":74,"s":[7]},{"t":89,"s":[0]}],"ix":10},"p":{"a":1,"k":[{"i":{"x":0,"y":1},"o":{"x":0.333,"y":0},"t":1,"s":[250.004,192.003,0],"to":[0,0,0],"ti":[0,0,0]},{"i":{"x":0.667,"y":1},"o":{"x":0.333,"y":0},"t":19,"s":[250.004,155.003,0],"to":[0,0,0],"ti":[0,0,0]},{"i":{"x":0.667,"y":1},"o":{"x":0.333,"y":0},"t":50,"s":[250.004,215.003,0],"to":[0,0,0],"ti":[0,0,0]},{"i":{"x":0.667,"y":1},"o":{"x":0.333,"y":0},"t":74,"s":[250.004,183.003,0],"to":[0,0,0],"ti":[0,0,0]},{"t":89,"s":[250.004,192.003,0]}],"ix":2,"l":2},"a":{"a":0,"k":[250.004,192.003,0],"ix":1,"l":2},"s":{"a":0,"k":[100,100,100],"ix":6,"l":2}},"ao":0,"shapes":[{"ty":"gr","it":[{"ind":0,"ty":"sh","ix":1,"ks":{"a":1,"k":[{"i":{"x":0.833,"y":1},"o":{"x":0.333,"y":0},"t":1,"s":[{"i":[[0,0],[0,0],[-55,2],[0,0],[35,45],[0,0],[0,0]],"o":[[0,0],[0,0],[72.959,-2.653],[0,0],[-35,-45],[0,0],[0,0]],"v":[[149,272],[89,355],[127,418],[372,417],[408,352],[348.5,272],[251.652,272]],"c":true}]},{"i":{"x":0.833,"y":1},"o":{"x":0.167,"y":0},"t":11,"s":[{"i":[[0,0],[0,0],[-55,2],[0,0],[35,45],[0,0],[36.245,-11.561]],"o":[[0,0],[0,0],[72.959,-2.653],[0,0],[-35,-45],[0,0],[-52.409,16.717]],"v":[[137.988,287.141],[89,355],[127,418],[372,417],[408,352],[322.372,226.149],[238.314,264.241]],"c":true}]},{"i":{"x":0.833,"y":1},"o":{"x":0.167,"y":0},"t":21,"s":[{"i":[[0,0],[0,0],[-55,2],[0,0],[35,45],[0,0],[37.469,6.589]],"o":[[0,0],[0,0],[72.959,-2.653],[0,0],[-35,-45],[0,0],[-43.076,-7.575]],"v":[[170.792,233.696],[89,355],[127,418],[372,417],[408,352],[341.637,250.426],[242.815,253.471]],"c":true}]},{"i":{"x":0.833,"y":1},"o":{"x":0.167,"y":0},"t":25,"s":[{"i":[[0,0],[0,0],[-55,2],[0,0],[35,45],[0,0],[35.012,14.885]],"o":[[0,0],[0,0],[72.959,-2.653],[0,0],[-35,-45],[0,0],[-37.341,-15.875]],"v":[[183.999,210.199],[89,355],[127,418],[372,417],[408,352],[352.289,263.105],[249.013,246.134]],"c":true}]},{"i":{"x":0.833,"y":1},"o":{"x":0.167,"y":0},"t":31,"s":[{"i":[[0,0],[0,0],[-55,2],[0,0],[35,45],[0,0],[33.504,18.024]],"o":[[0,0],[0,0],[72.959,-2.653],[0,0],[-35,-45],[0,0],[-37.998,-20.442]],"v":[[189.407,188.307],[89,355],[127,418],[372,417],[408,352],[360.039,276.668],[254.175,239.941]],"c":true}]},{"i":{"x":0.833,"y":1},"o":{"x":0.167,"y":0},"t":34,"s":[{"i":[[0,0],[0,0],[-55,2],[0,0],[35,45],[0,0],[33.504,18.024]],"o":[[0,0],[0,0],[72.959,-2.653],[0,0],[-35,-45],[0,0],[-37.998,-20.442]],"v":[[182.02,207.972],[89,355],[127,418],[372,417],[408,352],[348.904,258.488],[254.175,239.941]],"c":true}]},{"i":{"x":0.833,"y":1},"o":{"x":0.167,"y":0},"t":37,"s":[{"i":[[0,0],[0,0],[-55,2],[0,0],[35,45],[0,0],[36.736,-9.893]],"o":[[0,0],[0,0],[72.959,-2.653],[0,0],[-35,-45],[0,0],[-35.776,9.634]],"v":[[157.119,246.884],[89,355],[127,418],[372,417],[408,352],[324.764,226.747],[255.398,257.787]],"c":true}]},{"i":{"x":0.833,"y":1},"o":{"x":0.167,"y":0},"t":39,"s":[{"i":[[0,0],[0,0],[-55,2],[0,0],[35,45],[0,0],[36.736,-9.893]],"o":[[0,0],[0,0],[72.959,-2.653],[0,0],[-35,-45],[0,0],[-35.776,9.634]],"v":[[147.055,267.23],[89,355],[127,418],[372,417],[408,352],[315.502,213.577],[254.483,251.142]],"c":true}]},{"i":{"x":0.833,"y":1},"o":{"x":0.167,"y":0},"t":42,"s":[{"i":[[0,0],[0,0],[-55,2],[0,0],[35,45],[0,0],[28.47,-25.235]],"o":[[0,0],[0,0],[72.959,-2.653],[0,0],[-35,-45],[0,0],[-39.712,35.2]],"v":[[130.808,292.946],[89,355],[127,418],[372,417],[408,352],[317.113,188.083],[228.098,265.037]],"c":true}]},{"i":{"x":0.833,"y":1},"o":{"x":0.167,"y":0},"t":49,"s":[{"i":[[0,0],[0,0],[-55,2],[0,0],[35,45],[0,0],[40.859,2.11]],"o":[[0,0],[0,0],[72.959,-2.653],[0,0],[-35,-45],[0,0],[-52.997,-2.736]],"v":[[167.172,242.559],[89,355],[127,418],[372,417],[408,352],[332.042,232.125],[248.284,251.593]],"c":true}]},{"i":{"x":0.833,"y":1},"o":{"x":0.167,"y":0},"t":52,"s":[{"i":[[0,0],[0,0],[-55,2],[0,0],[35,45],[0,0],[39.385,11.077]],"o":[[0,0],[0,0],[72.959,-2.653],[0,0],[-35,-45],[0,0],[-44.635,-12.554]],"v":[[182.697,212.376],[89,355],[127,418],[372,417],[408,352],[344.895,255.832],[248.284,251.593]],"c":true}]},{"i":{"x":0.833,"y":1},"o":{"x":0.167,"y":0},"t":57,"s":[{"i":[[0,0],[0,0],[-55,2],[0,0],[35,45],[0,0],[34.09,22.623]],"o":[[0,0],[0,0],[72.959,-2.653],[0,0],[-35,-45],[0,0],[-30.239,-20.067]],"v":[[190.939,193.76],[89,355],[127,418],[372,417],[408,352],[358.234,280.149],[253.194,245.024]],"c":true}]},{"i":{"x":0.833,"y":1},"o":{"x":0.167,"y":0},"t":62,"s":[{"i":[[0,0],[0,0],[-55,2],[0,0],[35,45],[0,0],[40.882,1.612]],"o":[[0,0],[0,0],[72.959,-2.653],[0,0],[-35,-45],[0,0],[-35.128,-1.385]],"v":[[174.334,227.899],[89,355],[127,418],[372,417],[408,352],[328.707,236.898],[253.194,245.024]],"c":true}]},{"i":{"x":0.833,"y":1},"o":{"x":0.167,"y":0},"t":65,"s":[{"i":[[0,0],[0,0],[-55,2],[0,0],[35,45],[0,0],[35.963,-19.508]],"o":[[0,0],[0,0],[72.959,-2.653],[0,0],[-35,-45],[0,0],[-33.683,18.271]],"v":[[145.256,269.018],[89,355],[127,418],[372,417],[408,352],[311.907,208.578],[247.515,253.071]],"c":true}]},{"i":{"x":0.833,"y":0.833},"o":{"x":0.167,"y":0},"t":69,"s":[{"i":[[0,0],[0,0],[-55,2],[0,0],[35,45],[0,0],[32.051,-25.43]],"o":[[0,0],[0,0],[72.959,-2.653],[0,0],[-35,-45],[0,0],[-49.172,39.014]],"v":[[126.419,300.532],[89,355],[127,418],[372,417],[408,352],[308.989,186.493],[247.515,253.071]],"c":true}]},{"i":{"x":0.833,"y":1},"o":{"x":0.167,"y":0.167},"t":72,"s":[{"i":[[0,0],[0,0],[-55,2],[0,0],[36.753,47.391],[-10.892,-14.851],[36.676,-16.241]],"o":[[0,0],[0,0],[72.959,-2.653],[0,0],[-36.753,-47.391],[0,0],[-51.697,23.691]],"v":[[135.006,279.257],[89,355],[127,418],[372,417],[408,352],[317.49,199.807],[247.515,253.071]],"c":true}]},{"i":{"x":0.833,"y":1},"o":{"x":0.167,"y":0},"t":74,"s":[{"i":[[0,0],[0,0],[-55,2],[0,0],[35,45],[0,0],[39.517,-10.6]],"o":[[0,0],[0,0],[72.959,-2.653],[0,0],[-35,-45],[0,0],[-53.248,14.283]],"v":[[150.502,262.816],[89,355],[127,418],[372,417],[408,352],[322.71,207.981],[247.515,253.071]],"c":true}]},{"i":{"x":0.833,"y":1},"o":{"x":0.167,"y":0},"t":81,"s":[{"i":[[0,0],[0,0],[-55,2],[0,0],[35,45],[0,0],[38.674,13.351]],"o":[[0,0],[0,0],[72.959,-2.653],[0,0],[-35,-45],[0,0],[-34.806,-12.016]],"v":[[188.182,204.655],[89,355],[127,418],[372,417],[408,352],[362.431,276.97],[252.135,247.248]],"c":true}]},{"i":{"x":0.833,"y":1},"o":{"x":0.167,"y":0},"t":96,"s":[{"i":[[0,0],[0,0],[-55,2],[0,0],[35,45],[0,0],[39.578,-10.368]],"o":[[0,0],[0,0],[72.959,-2.653],[0,0],[-35,-45],[0,0],[-39.135,10.252]],"v":[[136.682,281.155],[89,355],[127,418],[372,417],[408,352],[323.431,219.97],[242.635,262.248]],"c":true}]},{"i":{"x":0.667,"y":1},"o":{"x":0.167,"y":0},"t":109,"s":[{"i":[[0,0],[0,0],[-55,2],[0,0],[35,45],[0,0],[52.365,1.752]],"o":[[0,0],[0,0],[72.959,-2.653],[0,0],[-35,-45],[0,0],[-40.433,-1.353]],"v":[[152.682,256.655],[89,355],[127,418],[372,417],[408,352],[360.931,274.47],[242.635,262.248]],"c":true}]},{"t":119,"s":[{"i":[[0,0],[0,0],[-55,2],[0,0],[35,45],[0,0],[0,0]],"o":[[0,0],[0,0],[72.959,-2.653],[0,0],[-35,-45],[0,0],[0,0]],"v":[[149,272],[89,355],[127,418],[372,417],[408,352],[348.5,272],[251.652,272]],"c":true}]}],"ix":2},"nm":"Path 1","mn":"ADBE Vector Shape - Group","hd":false},{"ty":"fl","c":{"a":0,"k":[0.071,0.075,0.192,1],"ix":4,"x":"var $bm_rt;\n$bm_rt = comp('system-solid-166-science').layer('control').effect('primary')('Color');"},"o":{"a":0,"k":100,"ix":5},"r":1,"bm":0,"nm":".primary","mn":"ADBE Vector Graphic - Fill","hd":false,"cl":"primary"},{"ty":"tr","p":{"a":0,"k":[0,0],"ix":2},"a":{"a":0,"k":[0,0],"ix":1},"s":{"a":0,"k":[100,100],"ix":3},"r":{"a":0,"k":0,"ix":6},"o":{"a":0,"k":100,"ix":7},"sk":{"a":0,"k":0,"ix":4},"sa":{"a":0,"k":0,"ix":5},"nm":"Transform"}],"nm":"Shape 1","np":2,"cix":2,"bm":0,"ix":1,"mn":"ADBE Vector Group","hd":false},{"ty":"gr","it":[{"ind":0,"ty":"sh","ix":1,"ks":{"a":0,"k":{"i":[[0,0],[0,0]],"o":[[0,0],[0,0]],"v":[[-103.542,5],[103.542,5]],"c":false},"ix":2},"nm":"Path 1","mn":"ADBE Vector Shape - Group","hd":false},{"ty":"st","c":{"a":0,"k":[0.071,0.075,0.192,1],"ix":3,"x":"var $bm_rt;\n$bm_rt = comp('system-solid-166-science').layer('control').effect('primary')('Color');"},"o":{"a":0,"k":100,"ix":4},"w":{"a":0,"k":41,"ix":5},"lc":2,"lj":2,"bm":0,"nm":".primary","mn":"ADBE Vector Graphic - Stroke","hd":false,"cl":"primary"},{"ty":"tr","p":{"a":0,"k":[250.004,78.127],"ix":2},"a":{"a":0,"k":[0,0],"ix":1},"s":{"a":0,"k":[100,100],"ix":3},"r":{"a":0,"k":0,"ix":6},"o":{"a":0,"k":100,"ix":7},"sk":{"a":0,"k":0,"ix":4},"sa":{"a":0,"k":0,"ix":5},"nm":"Transform"}],"nm":"Group 1","np":2,"cix":2,"bm":0,"ix":2,"mn":"ADBE Vector Group","hd":false},{"ty":"gr","it":[{"ind":0,"ty":"sh","ix":1,"ks":{"a":1,"k":[{"i":{"x":0.667,"y":1},"o":{"x":0.333,"y":0},"t":1,"s":[{"i":[[0,0],[47.315,0]],"o":[[-54.962,0.372],[0,0]],"v":[[106.459,0],[-106.459,0]],"c":false}]},{"i":{"x":0.833,"y":0.833},"o":{"x":0.333,"y":0},"t":11,"s":[{"i":[[0,0],[47.315,0]],"o":[[-34.462,28.372],[0,0]],"v":[[76.459,-46],[-115.459,18.5]],"c":false}]},{"i":{"x":0.833,"y":0.833},"o":{"x":0.167,"y":0.167},"t":21,"s":[{"i":[[0,0],[41.925,13.218]],"o":[[-49.267,16.714],[0,0]],"v":[[93.999,-18.274],[-80.662,-33.541]],"c":false}]},{"i":{"x":0.667,"y":1},"o":{"x":0.167,"y":0.167},"t":25,"s":[{"i":[[0,0],[30.513,27.136]],"o":[[-56.906,10.698],[0,0]],"v":[[103.051,-3.966],[-66.767,-60.763]],"c":false}]},{"i":{"x":0.833,"y":0.833},"o":{"x":0.333,"y":0},"t":31,"s":[{"i":[[0,0],[24.637,32.627]],"o":[[-64.071,5.056],[0,0]],"v":[[111.539,9.451],[-65.753,-89.19]],"c":false}]},{"i":{"x":0.833,"y":0.833},"o":{"x":0.167,"y":0.167},"t":34,"s":[{"i":[[0,0],[32.366,27.762]],"o":[[-56.442,12.174],[0,0]],"v":[[96.031,-8.283],[-64.195,-58.835]],"c":false}]},{"i":{"x":0.833,"y":0.833},"o":{"x":0.167,"y":0.167},"t":37,"s":[{"i":[[0,0],[49.131,17.21]],"o":[[-39.893,27.615],[0,0]],"v":[[75.163,-41.515],[-89.837,-18.564]],"c":false}]},{"i":{"x":0.667,"y":1},"o":{"x":0.167,"y":0.167},"t":39,"s":[{"i":[[0,0],[58.337,11.416]],"o":[[-30.807,36.093],[0,0]],"v":[[65.099,-58.746],[-103.916,3.548]],"c":false}]},{"i":{"x":0.833,"y":0.833},"o":{"x":0.333,"y":0},"t":42,"s":[{"i":[[0,0],[66.969,5.983]],"o":[[-22.286,44.044],[0,0]],"v":[[65.506,-82.82],[-117.118,24.282]],"c":false}]},{"i":{"x":0.833,"y":0.833},"o":{"x":0.167,"y":0.167},"t":49,"s":[{"i":[[0,0],[46.246,12.39]],"o":[[-40.057,23.72],[0,0]],"v":[[78.676,-38.641],[-87.312,-26.367]],"c":false}]},{"i":{"x":0.667,"y":1},"o":{"x":0.167,"y":0.167},"t":52,"s":[{"i":[[0,0],[37.146,23.726]],"o":[[-51.692,14.677],[0,0]],"v":[[94.598,-15.34],[-70.968,-53.809]],"c":false}]},{"i":{"x":0.833,"y":0.833},"o":{"x":0.333,"y":0},"t":57,"s":[{"i":[[0,0],[19.811,40.187]],"o":[[-64.071,5.056],[0,0]],"v":[[111.539,9.451],[-64.944,-88.031]],"c":false}]},{"i":{"x":0.833,"y":0.833},"o":{"x":0.167,"y":0.167},"t":62,"s":[{"i":[[0,0],[43.372,18.37]],"o":[[-46.95,24.587],[0,0]],"v":[[83.128,-33.624],[-80.519,-40.022]],"c":false}]},{"i":{"x":0.667,"y":1},"o":{"x":0.167,"y":0.167},"t":65,"s":[{"i":[[0,0],[56.387,11.538]],"o":[[-27.513,30.752],[0,0]],"v":[[64.059,-62.577],[-105.481,1.418]],"c":false}]},{"i":{"x":0.833,"y":0.833},"o":{"x":0.333,"y":0},"t":69,"s":[{"i":[[0,0],[66.969,5.983]],"o":[[-18.555,56.978],[0,0]],"v":[[67.195,-110.14],[-125.777,35.112]],"c":false}]},{"i":{"x":0.833,"y":0.833},"o":{"x":0.167,"y":0.167},"t":72,"s":[{"i":[[0,0],[60.129,10.178]],"o":[[-27.043,38.279],[0,0]],"v":[[63.438,-76.744],[-115.099,16.837]],"c":false}]},{"i":{"x":0.667,"y":1},"o":{"x":0.167,"y":0.167},"t":74,"s":[{"i":[[0,0],[52.834,14.652]],"o":[[-32.207,31.149],[0,0]],"v":[[70.728,-53.59],[-103.713,-2.651]],"c":false}]},{"i":{"x":0.667,"y":1},"o":{"x":0.333,"y":0},"t":81,"s":[{"i":[[0,0],[29.391,29.029]],"o":[[-54.962,0.372],[0,0]],"v":[[111.77,10.431],[-67.121,-65.281]],"c":false}]},{"i":{"x":0.667,"y":1},"o":{"x":0.333,"y":0},"t":96,"s":[{"i":[[0,0],[47.315,0]],"o":[[-34.462,28.372],[0,0]],"v":[[76.459,-46],[-115.459,18.5]],"c":false}]},{"i":{"x":0.667,"y":1},"o":{"x":0.333,"y":0},"t":109,"s":[{"i":[[0,0],[45.695,5.092]],"o":[[-54.883,-1.903],[0,0]],"v":[[109.534,7.406],[-100.019,-9.156]],"c":false}]},{"t":119,"s":[{"i":[[0,0],[47.315,0]],"o":[[-54.962,0.372],[0,0]],"v":[[106.459,0],[-106.459,0]],"c":false}]}],"ix":2},"nm":"Path 1","mn":"ADBE Vector Shape - Group","hd":false},{"ty":"st","c":{"a":0,"k":[0.071,0.075,0.192,1],"ix":3,"x":"var $bm_rt;\n$bm_rt = comp('system-solid-166-science').layer('control').effect('primary')('Color');"},"o":{"a":0,"k":100,"ix":4},"w":{"a":0,"k":31.3,"ix":5},"lc":2,"lj":2,"bm":0,"nm":".primary","mn":"ADBE Vector Graphic - Stroke","hd":false,"cl":"primary"},{"ty":"tr","p":{"a":0,"k":[250.004,265.628],"ix":2},"a":{"a":0,"k":[0,0],"ix":1},"s":{"a":0,"k":[100,100],"ix":3},"r":{"a":0,"k":0,"ix":6},"o":{"a":0,"k":100,"ix":7},"sk":{"a":0,"k":0,"ix":4},"sa":{"a":0,"k":0,"ix":5},"nm":"Transform"}],"nm":"Group 2","np":2,"cix":2,"bm":0,"ix":3,"mn":"ADBE Vector Group","hd":false},{"ty":"gr","it":[{"ind":0,"ty":"sh","ix":1,"ks":{"a":0,"k":{"i":[[0,0],[0,0],[0,0],[32.995,0],[0,0],[-17.367,27.758],[0,0],[0,0]],"o":[[0,0],[0,0],[17.367,27.758],[0,0],[-32.995,0],[0,0],[0,0],[0,0]],"v":[[62.431,-161.876],[62.25,-42.875],[160.003,103.277],[124.197,166.876],[-124.447,166.376],[-160.253,103.277],[-62.863,-41.375],[-62.681,-165.376]],"c":false},"ix":2},"nm":"Path 1","mn":"ADBE Vector Shape - Group","hd":false},{"ty":"st","c":{"a":0,"k":[0.071,0.075,0.192,1],"ix":3,"x":"var $bm_rt;\n$bm_rt = comp('system-solid-166-science').layer('control').effect('primary')('Color');"},"o":{"a":0,"k":100,"ix":4},"w":{"a":0,"k":41,"ix":5},"lc":2,"lj":2,"bm":0,"nm":".primary","mn":"ADBE Vector Graphic - Stroke","hd":false,"cl":"primary"},{"ty":"tr","p":{"a":0,"k":[250.004,250.003],"ix":2},"a":{"a":0,"k":[0,0],"ix":1},"s":{"a":0,"k":[100,100],"ix":3},"r":{"a":0,"k":0,"ix":6},"o":{"a":0,"k":100,"ix":7},"sk":{"a":0,"k":0,"ix":4},"sa":{"a":0,"k":0,"ix":5},"nm":"Transform"}],"nm":"Group 3","np":2,"cix":2,"bm":0,"ix":4,"mn":"ADBE Vector Group","hd":false}],"ip":1,"op":119,"st":0,"ct":1,"bm":0}]}],"layers":[{"ddd":0,"ind":1,"ty":3,"nm":"control","sr":1,"ks":{"o":{"a":0,"k":0,"ix":11},"r":{"a":0,"k":0,"ix":10},"p":{"a":0,"k":[0,0],"ix":2,"l":2},"a":{"a":0,"k":[0,0,0],"ix":1,"l":2},"s":{"a":0,"k":[100,100,100],"ix":6,"l":2}},"ao":0,"ef":[{"ty":5,"nm":"primary","np":3,"mn":"ADBE Color Control","ix":1,"en":1,"ef":[{"ty":2,"nm":"Color","mn":"ADBE Color Control-0001","ix":1,"v":{"a":0,"k":[0.071,0.075,0.192],"ix":1}}]}],"ip":0,"op":251,"st":0,"bm":0},{"ddd":0,"ind":2,"ty":0,"nm":"in-science","refId":"comp_0","sr":1,"ks":{"o":{"a":0,"k":100,"ix":11},"r":{"a":0,"k":0,"ix":10},"p":{"a":0,"k":[250,250,0],"ix":2,"l":2},"a":{"a":0,"k":[250,250,0],"ix":1,"l":2},"s":{"a":0,"k":[100,100,100],"ix":6,"l":2}},"ao":0,"w":500,"h":500,"ip":0,"op":130,"st":0,"bm":0},{"ddd":0,"ind":3,"ty":0,"nm":"hover-science","refId":"comp_1","sr":1,"ks":{"o":{"a":0,"k":100,"ix":11},"r":{"a":0,"k":0,"ix":10},"p":{"a":0,"k":[250,250,0],"ix":2,"l":2},"a":{"a":0,"k":[250,250,0],"ix":1,"l":2},"s":{"a":0,"k":[100,100,100],"ix":6,"l":2}},"ao":0,"w":500,"h":500,"ip":130,"op":260,"st":130,"bm":0}],"markers":[{"tm":0,"cm":"in-science","dr":120},{"tm":130,"cm":"default:hover-science","dr":120}],"props":{}}