{"v":"5.12.1","fr":60,"ip":70,"op":130,"w":500,"h":500,"nm":"system-regular-17-assignment","ddd":0,"assets":[{"id":"comp_0","nm":"in-assignment","fr":60,"layers":[{"ddd":0,"ind":1,"ty":4,"nm":".primary.design","cl":"primary design","sr":1,"ks":{"o":{"a":0,"k":100,"ix":11},"r":{"a":0,"k":0,"ix":10},"p":{"a":0,"k":[250.005,302.086,0],"ix":2,"l":2},"a":{"a":0,"k":[250.005,302.086,0],"ix":1,"l":2},"s":{"a":0,"k":[100,100,100],"ix":6,"l":2}},"ao":0,"shapes":[{"ty":"gr","it":[{"ind":0,"ty":"sh","ix":1,"ks":{"a":1,"k":[{"i":{"x":0,"y":1},"o":{"x":0.167,"y":0.167},"t":26,"s":[{"i":[[0,0],[0,0]],"o":[[0,0],[0,0]],"v":[[-99.459,0],[-99.443,0]],"c":false}]},{"t":53,"s":[{"i":[[0,0],[0,0]],"o":[[0,0],[0,0]],"v":[[-36.459,0],[36.459,0]],"c":false}]}],"ix":2},"nm":"Path 1","mn":"ADBE Vector Shape - Group","hd":false},{"ty":"st","c":{"a":0,"k":[0.071,0.075,0.192,1],"ix":3,"x":"var $bm_rt;\n$bm_rt = comp('system-regular-17-assignment').layer('control').effect('primary')('Color');"},"o":{"a":0,"k":100,"ix":4},"w":{"a":0,"k":31.3,"ix":5},"lc":2,"lj":2,"bm":0,"nm":".primary","mn":"ADBE Vector Graphic - Stroke","hd":false,"cl":"primary"},{"ty":"tr","p":{"a":0,"k":[197.921,359.378],"ix":2},"a":{"a":0,"k":[0,0],"ix":1},"s":{"a":0,"k":[100,100],"ix":3},"r":{"a":0,"k":0,"ix":6},"o":{"a":0,"k":100,"ix":7},"sk":{"a":0,"k":0,"ix":4},"sa":{"a":0,"k":0,"ix":5},"nm":"Transform"}],"nm":"Group 1","np":2,"cix":2,"bm":0,"ix":1,"mn":"ADBE Vector Group","hd":false},{"ty":"gr","it":[{"ind":0,"ty":"sh","ix":1,"ks":{"a":1,"k":[{"i":{"x":0,"y":1},"o":{"x":0.167,"y":0.167},"t":30,"s":[{"i":[[0,0],[0,0]],"o":[[0,0],[0,0]],"v":[[-151.542,0],[-151.505,0]],"c":false}]},{"t":57,"s":[{"i":[[0,0],[0,0]],"o":[[0,0],[0,0]],"v":[[-88.542,0],[88.542,0]],"c":false}]}],"ix":2},"nm":"Path 1","mn":"ADBE Vector Shape - Group","hd":false},{"ty":"st","c":{"a":0,"k":[0.071,0.075,0.192,1],"ix":3,"x":"var $bm_rt;\n$bm_rt = comp('system-regular-17-assignment').layer('control').effect('primary')('Color');"},"o":{"a":0,"k":100,"ix":4},"w":{"a":0,"k":31.3,"ix":5},"lc":2,"lj":2,"bm":0,"nm":".primary","mn":"ADBE Vector Graphic - Stroke","hd":false,"cl":"primary"},{"ty":"tr","p":{"a":0,"k":[250.005,302.306],"ix":2},"a":{"a":0,"k":[0,0],"ix":1},"s":{"a":0,"k":[100,100],"ix":3},"r":{"a":0,"k":0,"ix":6},"o":{"a":0,"k":100,"ix":7},"sk":{"a":0,"k":0,"ix":4},"sa":{"a":0,"k":0,"ix":5},"nm":"Transform"}],"nm":"Group 2","np":2,"cix":2,"bm":0,"ix":2,"mn":"ADBE Vector Group","hd":false},{"ty":"gr","it":[{"ind":0,"ty":"sh","ix":1,"ks":{"a":1,"k":[{"i":{"x":0,"y":1},"o":{"x":0.167,"y":0.167},"t":33,"s":[{"i":[[0,0],[0,0]],"o":[[0,0],[0,0]],"v":[[-151.542,0],[-151.505,0]],"c":false}]},{"t":60,"s":[{"i":[[0,0],[0,0]],"o":[[0,0],[0,0]],"v":[[-88.542,0],[88.542,0]],"c":false}]}],"ix":2},"nm":"Path 1","mn":"ADBE Vector Shape - Group","hd":false},{"ty":"st","c":{"a":0,"k":[0.071,0.075,0.192,1],"ix":3,"x":"var $bm_rt;\n$bm_rt = comp('system-regular-17-assignment').layer('control').effect('primary')('Color');"},"o":{"a":0,"k":100,"ix":4},"w":{"a":0,"k":31.3,"ix":5},"lc":2,"lj":2,"bm":0,"nm":".primary","mn":"ADBE Vector Graphic - Stroke","hd":false,"cl":"primary"},{"ty":"tr","p":{"a":0,"k":[250.005,244.795],"ix":2},"a":{"a":0,"k":[0,0],"ix":1},"s":{"a":0,"k":[100,100],"ix":3},"r":{"a":0,"k":0,"ix":6},"o":{"a":0,"k":100,"ix":7},"sk":{"a":0,"k":0,"ix":4},"sa":{"a":0,"k":0,"ix":5},"nm":"Transform"}],"nm":"Group 3","np":2,"cix":2,"bm":0,"ix":3,"mn":"ADBE Vector Group","hd":false}],"ip":26,"op":300,"st":0,"ct":1,"bm":0},{"ddd":0,"ind":2,"ty":4,"nm":".primary.design","cl":"primary design","sr":1,"ks":{"o":{"a":0,"k":100,"ix":11},"r":{"a":0,"k":0,"ix":10},"p":{"a":0,"k":[250.002,250.002,0],"ix":2,"l":2},"a":{"a":0,"k":[250,250,0],"ix":1,"l":2},"s":{"a":0,"k":[2083,2083,100],"ix":6,"l":2}},"ao":0,"shapes":[{"ty":"gr","it":[{"ty":"gr","it":[{"ind":0,"ty":"sh","ix":1,"ks":{"a":0,"k":{"i":[[0.41,0],[0,0],[0,-0.42],[-0.41,0],[0,0],[0,0.41]],"o":[[0,0],[-0.41,0],[0,0.42],[0,0],[0.41,0],[0,-0.41]],"v":[[1.75,-0.75],[-1.75,-0.75],[-2.5,0],[-1.75,0.75],[1.75,0.75],[2.5,0]],"c":true},"ix":2},"nm":"Path 1","mn":"ADBE Vector Shape - Group","hd":false},{"ty":"fl","c":{"a":0,"k":[0.071,0.075,0.192,1],"ix":4,"x":"var $bm_rt;\n$bm_rt = comp('system-regular-17-assignment').layer('control').effect('primary')('Color');"},"o":{"a":0,"k":100,"ix":5},"r":1,"bm":0,"nm":".primary","mn":"ADBE Vector Graphic - Fill","hd":false,"cl":"primary"},{"ty":"tr","p":{"a":0,"k":[247.5,255.25],"ix":2},"a":{"a":0,"k":[0,0],"ix":1},"s":{"a":0,"k":[100,100],"ix":3},"r":{"a":0,"k":0,"ix":6},"o":{"a":0,"k":100,"ix":7},"sk":{"a":0,"k":0,"ix":4},"sa":{"a":0,"k":0,"ix":5},"nm":"Transform"}],"nm":"Group 1","np":2,"cix":2,"bm":0,"ix":1,"mn":"ADBE Vector Group","hd":false},{"ty":"gr","it":[{"ind":0,"ty":"sh","ix":1,"ks":{"a":0,"k":{"i":[[0.41,0],[0,0],[0,-0.42],[-0.41,0],[0,0],[0,0.41]],"o":[[0,0],[-0.41,0],[0,0.41],[0,0],[0.41,0],[0,-0.42]],"v":[[4.25,-0.75],[-4.25,-0.75],[-5,0],[-4.25,0.75],[4.25,0.75],[5,0]],"c":true},"ix":2},"nm":"Path 1","mn":"ADBE Vector Shape - Group","hd":false},{"ty":"fl","c":{"a":0,"k":[0.071,0.075,0.192,1],"ix":4,"x":"var $bm_rt;\n$bm_rt = comp('system-regular-17-assignment').layer('control').effect('primary')('Color');"},"o":{"a":0,"k":100,"ix":5},"r":1,"bm":0,"nm":".primary","mn":"ADBE Vector Graphic - Fill","hd":false,"cl":"primary"},{"ty":"tr","p":{"a":0,"k":[250,252.51],"ix":2},"a":{"a":0,"k":[0,0],"ix":1},"s":{"a":0,"k":[100,100],"ix":3},"r":{"a":0,"k":0,"ix":6},"o":{"a":0,"k":100,"ix":7},"sk":{"a":0,"k":0,"ix":4},"sa":{"a":0,"k":0,"ix":5},"nm":"Transform"}],"nm":"Group 2","np":2,"cix":2,"bm":0,"ix":2,"mn":"ADBE Vector Group","hd":false},{"ty":"gr","it":[{"ind":0,"ty":"sh","ix":1,"ks":{"a":0,"k":{"i":[[0.41,0],[0,0],[0,-0.41],[-0.41,0],[0,0],[0,0.41]],"o":[[0,0],[-0.41,0],[0,0.41],[0,0],[0.41,0],[0,-0.41]],"v":[[4.25,-0.75],[-4.25,-0.75],[-5,0],[-4.25,0.75],[4.25,0.75],[5,0]],"c":true},"ix":2},"nm":"Path 1","mn":"ADBE Vector Shape - Group","hd":false},{"ty":"fl","c":{"a":0,"k":[0.071,0.075,0.192,1],"ix":4,"x":"var $bm_rt;\n$bm_rt = comp('system-regular-17-assignment').layer('control').effect('primary')('Color');"},"o":{"a":0,"k":100,"ix":5},"r":1,"bm":0,"nm":".primary","mn":"ADBE Vector Graphic - Fill","hd":false,"cl":"primary"},{"ty":"tr","p":{"a":0,"k":[250,249.74],"ix":2},"a":{"a":0,"k":[0,0],"ix":1},"s":{"a":0,"k":[100,100],"ix":3},"r":{"a":0,"k":0,"ix":6},"o":{"a":0,"k":100,"ix":7},"sk":{"a":0,"k":0,"ix":4},"sa":{"a":0,"k":0,"ix":5},"nm":"Transform"}],"nm":"Group 3","np":2,"cix":2,"bm":0,"ix":3,"mn":"ADBE Vector Group","hd":false},{"ty":"gr","it":[{"ind":0,"ty":"sh","ix":1,"ks":{"a":0,"k":{"i":[[0,0],[0.14,0],[0,0],[0,0.14],[0,0],[-0.14,0],[0,0],[0,0],[-0.41,0],[0,0],[0,0.42],[0,0],[0,0],[0,-0.14]],"o":[[0,0.14],[0,0],[-0.14,0],[0,0],[0,-0.14],[0,0],[0,0],[0,0.42],[0,0],[0.41,0],[0,0],[0,0],[0.14,0],[0,0]],"v":[[6.5,8.25],[6.25,8.5],[-6.25,8.5],[-6.5,8.25],[-6.5,-7.26],[-6.25,-7.51],[-4,-7.51],[-4,-5.75],[-3.25,-5],[3.25,-5],[4,-5.75],[4,-7.51],[6.25,-7.51],[6.5,-7.26]],"c":true},"ix":2},"nm":"Path 1","mn":"ADBE Vector Shape - Group","hd":false},{"ind":1,"ty":"sh","ix":2,"ks":{"a":0,"k":{"i":[[0,0],[0,0],[0,0],[0,0],[0,0],[0,0]],"o":[[0,0],[0,0],[0,0],[0,0],[0,0],[0,0]],"v":[[-2.5,-8.5],[2.5,-8.5],[2.5,-7.51],[2.5,-6.5],[-2.5,-6.5],[-2.5,-7.51]],"c":true},"ix":2},"nm":"Path 2","mn":"ADBE Vector Shape - Group","hd":false},{"ind":2,"ty":"sh","ix":3,"ks":{"a":0,"k":{"i":[[0.96,0],[0,0],[0,0],[0.41,0],[0,0],[0,-0.41],[0,0],[0,0],[0,-0.97],[0,0],[-0.96,0],[0,0],[0,0.96],[0,0]],"o":[[0,0],[0,0],[0,-0.41],[0,0],[-0.41,0],[0,0],[0,0],[-0.96,0],[0,0],[0,0.96],[0,0],[0.96,0],[0,0],[0,-0.97]],"v":[[6.25,-9.01],[4,-9.01],[4,-9.25],[3.25,-10],[-3.25,-10],[-4,-9.25],[-4,-9.01],[-6.25,-9.01],[-8,-7.26],[-8,8.25],[-6.25,10],[6.25,10],[8,8.25],[8,-7.26]],"c":true},"ix":2},"nm":"Path 3","mn":"ADBE Vector Shape - Group","hd":false},{"ty":"fl","c":{"a":0,"k":[0.071,0.075,0.192,1],"ix":4,"x":"var $bm_rt;\n$bm_rt = comp('system-regular-17-assignment').layer('control').effect('primary')('Color');"},"o":{"a":0,"k":100,"ix":5},"r":1,"bm":0,"nm":".primary","mn":"ADBE Vector Graphic - Fill","hd":false,"cl":"primary"},{"ty":"tr","p":{"a":0,"k":[250,250],"ix":2},"a":{"a":0,"k":[0,0],"ix":1},"s":{"a":0,"k":[100,100],"ix":3},"r":{"a":0,"k":0,"ix":6},"o":{"a":0,"k":100,"ix":7},"sk":{"a":0,"k":0,"ix":4},"sa":{"a":0,"k":0,"ix":5},"nm":"Transform"}],"nm":"Group 4","np":4,"cix":2,"bm":0,"ix":4,"mn":"ADBE Vector Group","hd":false},{"ty":"tr","p":{"a":0,"k":[250,250],"ix":2},"a":{"a":0,"k":[250,250],"ix":1},"s":{"a":0,"k":[100,100],"ix":3},"r":{"a":0,"k":0,"ix":6},"o":{"a":0,"k":100,"ix":7},"sk":{"a":0,"k":0,"ix":4},"sa":{"a":0,"k":0,"ix":5},"nm":"Transform"}],"nm":"Group 1","np":4,"cix":2,"bm":0,"ix":1,"mn":"ADBE Vector Group","hd":false}],"ip":60,"op":300,"st":0,"ct":1,"bm":0},{"ddd":0,"ind":3,"ty":4,"nm":".primary.design","cl":"primary design","sr":1,"ks":{"o":{"a":0,"k":100,"ix":11},"r":{"a":0,"k":0,"ix":10},"p":{"a":0,"k":[250.005,250.135,0],"ix":2,"l":2},"a":{"a":0,"k":[250.005,250.135,0],"ix":1,"l":2},"s":{"a":0,"k":[100,100,100],"ix":6,"l":2}},"ao":0,"shapes":[{"ty":"gr","it":[{"ind":0,"ty":"sh","ix":1,"ks":{"a":1,"k":[{"i":{"x":0.4,"y":1},"o":{"x":0.167,"y":0.167},"t":1,"s":[{"i":[[0,0],[0,0],[0,0],[0,0]],"o":[[0,0],[0,0],[0,0],[0,0]],"v":[[0.718,228.102],[0.3,228.185],[0.101,74.268],[0.518,74.185]],"c":true}]},{"i":{"x":0.833,"y":0.833},"o":{"x":0.6,"y":0},"t":16,"s":[{"i":[[0,0],[0,0],[0,0],[0,0]],"o":[[0,0],[0,0],[0,0],[0,0]],"v":[[67.583,360.458],[-67.835,360.458],[-67.835,287.541],[67.583,287.541]],"c":true}]},{"i":{"x":0.833,"y":0.833},"o":{"x":0.167,"y":0.167},"t":20,"s":[{"i":[[0,0],[0,0],[0,0],[0,0]],"o":[[0,0],[0,0],[0,0],[0,0]],"v":[[67.587,349.547],[-67.831,349.547],[-67.831,276.63],[67.587,276.63]],"c":true}]},{"i":{"x":0.4,"y":1},"o":{"x":0.167,"y":0.167},"t":21,"s":[{"i":[[0,0],[0,0],[0,0],[0,0]],"o":[[0,0],[0,0],[0,0],[0,0]],"v":[[67.595,327.917],[-67.823,327.917],[-67.823,255],[67.595,255]],"c":true}]},{"i":{"x":0.4,"y":1},"o":{"x":0.167,"y":0},"t":40,"s":[{"i":[[0,0],[0,0],[0,0],[0,0]],"o":[[0,0],[0,0],[0,0],[0,0]],"v":[[67.709,16.459],[-67.709,16.459],[-67.709,-56.459],[67.709,-56.459]],"c":true}]},{"t":59,"s":[{"i":[[0,0],[0,0],[0,0],[0,0]],"o":[[0,0],[0,0],[0,0],[0,0]],"v":[[67.709,36.459],[-67.709,36.459],[-67.709,-36.459],[67.709,-36.459]],"c":true}]}],"ix":2},"nm":"Path 1","mn":"ADBE Vector Shape - Group","hd":false},{"ind":1,"ty":"sh","ix":2,"ks":{"a":1,"k":[{"i":{"x":0.4,"y":1},"o":{"x":0.167,"y":0.167},"t":1,"s":[{"i":[[0,0],[0,0],[0,11.5],[0,0],[-11.5,0],[0,0]],"o":[[0,0],[-11.5,0],[0,0],[0,-11.51],[0,0],[0,0]],"v":[[-0.258,227.614],[-0.688,227.573],[-21.518,206.743],[-21.688,204.813],[-0.858,183.983],[0.642,183.81]],"c":false}]},{"i":{"x":0.833,"y":0.833},"o":{"x":0.6,"y":0},"t":16,"s":[{"i":[[0,0],[0,0],[0,11.5],[0,0],[-11.5,0],[0,0]],"o":[[0,0],[-11.5,0],[0,0],[0,-11.51],[0,0],[0,0]],"v":[[-68.985,346.887],[-130.414,346.673],[-151.244,325.843],[-151.414,323.913],[-130.584,303.083],[-68.084,303.083]],"c":false}]},{"i":{"x":0.833,"y":0.833},"o":{"x":0.167,"y":0.167},"t":20,"s":[{"i":[[0,0],[0,0],[0,11.5],[0,0],[-11.5,0],[0,0]],"o":[[0,0],[-11.5,0],[0,0],[0,-11.51],[0,0],[0,0]],"v":[[-68.008,346.889],[-130.408,346.737],[-151.238,325.907],[-151.403,313.161],[-130.573,292.331],[-68.073,292.331]],"c":false}]},{"i":{"x":0.4,"y":1},"o":{"x":0.167,"y":0.167},"t":21,"s":[{"i":[[0,0],[0,0],[0,11.5],[0,0],[-11.5,0],[0,0]],"o":[[0,0],[-11.5,0],[0,0],[0,-11.51],[0,0],[0,0]],"v":[[-0.504,347.039],[-130.395,346.863],[-151.225,326.033],[-151.379,291.845],[-130.549,271.015],[-68.049,271.015]],"c":false}]},{"i":{"x":0.4,"y":1},"o":{"x":0.167,"y":0},"t":40,"s":[{"i":[[0,0],[0,0],[0,11.5],[0,0],[-11.5,0],[0,0]],"o":[[0,0],[-11.5,0],[0,0],[0,-11.51],[0,0],[0,0]],"v":[[1.216,348.694],[-130.214,348.673],[-151.044,327.843],[-151.044,-15.087],[-130.214,-35.917],[-67.714,-35.917]],"c":false}]},{"t":59,"s":[{"i":[[0,0],[0,0],[0,11.5],[0,0],[-11.5,0],[0,0]],"o":[[0,0],[-11.5,0],[0,0],[0,-11.51],[0,0],[0,0]],"v":[[1.216,348.694],[-130.214,348.673],[-151.044,327.843],[-151.044,4.913],[-130.214,-15.917],[-67.714,-15.917]],"c":false}]}],"ix":2},"nm":"Path 2","mn":"ADBE Vector Shape - Group","hd":false},{"ind":2,"ty":"sh","ix":3,"ks":{"a":1,"k":[{"i":{"x":0.4,"y":1},"o":{"x":0.167,"y":0.167},"t":1,"s":[{"i":[[0,0],[0,0],[0,-11.51],[0,0],[11.5,0],[0,0]],"o":[[0,0],[11.5,0],[0,0],[0,11.5],[0,0],[0,0]],"v":[[1.062,183.727],[1.072,183.9],[21.902,204.73],[22.072,206.66],[1.242,227.49],[2.522,227.49]],"c":false}]},{"i":{"x":0.833,"y":0.833},"o":{"x":0.6,"y":0},"t":16,"s":[{"i":[[0,0],[0,0],[0,-11.51],[0,0],[11.5,0],[0,0]],"o":[[0,0],[11.5,0],[0,0],[0,11.5],[0,0],[0,0]],"v":[[67.336,303.083],[129.846,303.083],[150.675,323.913],[150.845,325.843],[130.016,346.673],[68.796,346.847]],"c":false}]},{"i":{"x":0.833,"y":0.833},"o":{"x":0.167,"y":0.167},"t":20,"s":[{"i":[[0,0],[0,0],[0,-11.51],[0,0],[11.5,0],[0,0]],"o":[[0,0],[11.5,0],[0,0],[0,11.5],[0,0],[0,0]],"v":[[67.347,292.331],[129.857,292.331],[150.687,313.161],[150.852,325.907],[130.022,346.737],[67.395,346.81]],"c":false}]},{"i":{"x":0.4,"y":1},"o":{"x":0.167,"y":0.167},"t":21,"s":[{"i":[[0,0],[0,0],[0,-11.51],[0,0],[11.5,0],[0,0]],"o":[[0,0],[11.5,0],[0,0],[0,11.5],[0,0],[0,0]],"v":[[67.371,271.015],[129.881,271.015],[150.711,291.845],[150.864,326.033],[130.035,346.863],[0.542,347.039]],"c":false}]},{"i":{"x":0.4,"y":1},"o":{"x":0.167,"y":0},"t":40,"s":[{"i":[[0,0],[0,0],[0,-11.51],[0,0],[11.5,0],[0,0]],"o":[[0,0],[11.5,0],[0,0],[0,11.5],[0,0],[0,0]],"v":[[67.706,-35.917],[130.216,-35.917],[151.046,-15.087],[151.046,327.843],[130.216,348.673],[0.996,348.673]],"c":false}]},{"t":59,"s":[{"i":[[0,0],[0,0],[0,-11.51],[0,0],[11.5,0],[0,0]],"o":[[0,0],[11.5,0],[0,0],[0,11.5],[0,0],[0,0]],"v":[[67.706,-15.917],[130.216,-15.917],[151.046,4.913],[151.046,327.843],[130.216,348.673],[0.996,348.673]],"c":false}]}],"ix":2},"nm":"Path 3","mn":"ADBE Vector Shape - Group","hd":false},{"ty":"st","c":{"a":0,"k":[0.071,0.075,0.192,1],"ix":3,"x":"var $bm_rt;\n$bm_rt = comp('system-regular-17-assignment').layer('control').effect('primary')('Color');"},"o":{"a":0,"k":100,"ix":4},"w":{"a":0,"k":31.3,"ix":5},"lc":2,"lj":2,"bm":0,"nm":".primary","mn":"ADBE Vector Graphic - Stroke","hd":false,"cl":"primary"},{"ty":"tr","p":{"a":0,"k":[250.004,94.028],"ix":2},"a":{"a":0,"k":[0,0],"ix":1},"s":{"a":0,"k":[100,100],"ix":3},"r":{"a":0,"k":0,"ix":6},"o":{"a":0,"k":100,"ix":7},"sk":{"a":0,"k":0,"ix":4},"sa":{"a":0,"k":0,"ix":5},"nm":"Transform"}],"nm":"Group 4","np":4,"cix":2,"bm":0,"ix":1,"mn":"ADBE Vector Group","hd":false}],"ip":1,"op":60,"st":0,"ct":1,"bm":0}]},{"id":"comp_1","nm":"hover-assignment","fr":60,"layers":[{"ddd":0,"ind":1,"ty":4,"nm":".primary.design","cl":"primary design","sr":1,"ks":{"o":{"a":0,"k":100,"ix":11},"r":{"a":0,"k":0,"ix":10},"p":{"a":0,"k":[250.002,250.002,0],"ix":2,"l":2},"a":{"a":0,"k":[250,250,0],"ix":1,"l":2},"s":{"a":0,"k":[2083,2083,100],"ix":6,"l":2}},"ao":0,"shapes":[{"ty":"gr","it":[{"ty":"gr","it":[{"ind":0,"ty":"sh","ix":1,"ks":{"a":0,"k":{"i":[[0.41,0],[0,0],[0,-0.42],[-0.41,0],[0,0],[0,0.41]],"o":[[0,0],[-0.41,0],[0,0.42],[0,0],[0.41,0],[0,-0.41]],"v":[[1.75,-0.75],[-1.75,-0.75],[-2.5,0],[-1.75,0.75],[1.75,0.75],[2.5,0]],"c":true},"ix":2},"nm":"Path 1","mn":"ADBE Vector Shape - Group","hd":false},{"ty":"fl","c":{"a":0,"k":[0.071,0.075,0.192,1],"ix":4,"x":"var $bm_rt;\n$bm_rt = comp('system-regular-17-assignment').layer('control').effect('primary')('Color');"},"o":{"a":0,"k":100,"ix":5},"r":1,"bm":0,"nm":".primary","mn":"ADBE Vector Graphic - Fill","hd":false,"cl":"primary"},{"ty":"tr","p":{"a":0,"k":[247.5,255.25],"ix":2},"a":{"a":0,"k":[0,0],"ix":1},"s":{"a":0,"k":[100,100],"ix":3},"r":{"a":0,"k":0,"ix":6},"o":{"a":0,"k":100,"ix":7},"sk":{"a":0,"k":0,"ix":4},"sa":{"a":0,"k":0,"ix":5},"nm":"Transform"}],"nm":"Group 1","np":2,"cix":2,"bm":0,"ix":1,"mn":"ADBE Vector Group","hd":false},{"ty":"gr","it":[{"ind":0,"ty":"sh","ix":1,"ks":{"a":0,"k":{"i":[[0.41,0],[0,0],[0,-0.42],[-0.41,0],[0,0],[0,0.41]],"o":[[0,0],[-0.41,0],[0,0.41],[0,0],[0.41,0],[0,-0.42]],"v":[[4.25,-0.75],[-4.25,-0.75],[-5,0],[-4.25,0.75],[4.25,0.75],[5,0]],"c":true},"ix":2},"nm":"Path 1","mn":"ADBE Vector Shape - Group","hd":false},{"ty":"fl","c":{"a":0,"k":[0.071,0.075,0.192,1],"ix":4,"x":"var $bm_rt;\n$bm_rt = comp('system-regular-17-assignment').layer('control').effect('primary')('Color');"},"o":{"a":0,"k":100,"ix":5},"r":1,"bm":0,"nm":".primary","mn":"ADBE Vector Graphic - Fill","hd":false,"cl":"primary"},{"ty":"tr","p":{"a":0,"k":[250,252.51],"ix":2},"a":{"a":0,"k":[0,0],"ix":1},"s":{"a":0,"k":[100,100],"ix":3},"r":{"a":0,"k":0,"ix":6},"o":{"a":0,"k":100,"ix":7},"sk":{"a":0,"k":0,"ix":4},"sa":{"a":0,"k":0,"ix":5},"nm":"Transform"}],"nm":"Group 2","np":2,"cix":2,"bm":0,"ix":2,"mn":"ADBE Vector Group","hd":false},{"ty":"gr","it":[{"ind":0,"ty":"sh","ix":1,"ks":{"a":0,"k":{"i":[[0.41,0],[0,0],[0,-0.41],[-0.41,0],[0,0],[0,0.41]],"o":[[0,0],[-0.41,0],[0,0.41],[0,0],[0.41,0],[0,-0.41]],"v":[[4.25,-0.75],[-4.25,-0.75],[-5,0],[-4.25,0.75],[4.25,0.75],[5,0]],"c":true},"ix":2},"nm":"Path 1","mn":"ADBE Vector Shape - Group","hd":false},{"ty":"fl","c":{"a":0,"k":[0.071,0.075,0.192,1],"ix":4,"x":"var $bm_rt;\n$bm_rt = comp('system-regular-17-assignment').layer('control').effect('primary')('Color');"},"o":{"a":0,"k":100,"ix":5},"r":1,"bm":0,"nm":".primary","mn":"ADBE Vector Graphic - Fill","hd":false,"cl":"primary"},{"ty":"tr","p":{"a":0,"k":[250,249.74],"ix":2},"a":{"a":0,"k":[0,0],"ix":1},"s":{"a":0,"k":[100,100],"ix":3},"r":{"a":0,"k":0,"ix":6},"o":{"a":0,"k":100,"ix":7},"sk":{"a":0,"k":0,"ix":4},"sa":{"a":0,"k":0,"ix":5},"nm":"Transform"}],"nm":"Group 3","np":2,"cix":2,"bm":0,"ix":3,"mn":"ADBE Vector Group","hd":false},{"ty":"gr","it":[{"ind":0,"ty":"sh","ix":1,"ks":{"a":0,"k":{"i":[[0,0],[0.14,0],[0,0],[0,0.14],[0,0],[-0.14,0],[0,0],[0,0],[-0.41,0],[0,0],[0,0.42],[0,0],[0,0],[0,-0.14]],"o":[[0,0.14],[0,0],[-0.14,0],[0,0],[0,-0.14],[0,0],[0,0],[0,0.42],[0,0],[0.41,0],[0,0],[0,0],[0.14,0],[0,0]],"v":[[6.5,8.25],[6.25,8.5],[-6.25,8.5],[-6.5,8.25],[-6.5,-7.26],[-6.25,-7.51],[-4,-7.51],[-4,-5.75],[-3.25,-5],[3.25,-5],[4,-5.75],[4,-7.51],[6.25,-7.51],[6.5,-7.26]],"c":true},"ix":2},"nm":"Path 1","mn":"ADBE Vector Shape - Group","hd":false},{"ind":1,"ty":"sh","ix":2,"ks":{"a":0,"k":{"i":[[0,0],[0,0],[0,0],[0,0],[0,0],[0,0]],"o":[[0,0],[0,0],[0,0],[0,0],[0,0],[0,0]],"v":[[-2.5,-8.5],[2.5,-8.5],[2.5,-7.51],[2.5,-6.5],[-2.5,-6.5],[-2.5,-7.51]],"c":true},"ix":2},"nm":"Path 2","mn":"ADBE Vector Shape - Group","hd":false},{"ind":2,"ty":"sh","ix":3,"ks":{"a":0,"k":{"i":[[0.96,0],[0,0],[0,0],[0.41,0],[0,0],[0,-0.41],[0,0],[0,0],[0,-0.97],[0,0],[-0.96,0],[0,0],[0,0.96],[0,0]],"o":[[0,0],[0,0],[0,-0.41],[0,0],[-0.41,0],[0,0],[0,0],[-0.96,0],[0,0],[0,0.96],[0,0],[0.96,0],[0,0],[0,-0.97]],"v":[[6.25,-9.01],[4,-9.01],[4,-9.25],[3.25,-10],[-3.25,-10],[-4,-9.25],[-4,-9.01],[-6.25,-9.01],[-8,-7.26],[-8,8.25],[-6.25,10],[6.25,10],[8,8.25],[8,-7.26]],"c":true},"ix":2},"nm":"Path 3","mn":"ADBE Vector Shape - Group","hd":false},{"ty":"fl","c":{"a":0,"k":[0.071,0.075,0.192,1],"ix":4,"x":"var $bm_rt;\n$bm_rt = comp('system-regular-17-assignment').layer('control').effect('primary')('Color');"},"o":{"a":0,"k":100,"ix":5},"r":1,"bm":0,"nm":".primary","mn":"ADBE Vector Graphic - Fill","hd":false,"cl":"primary"},{"ty":"tr","p":{"a":0,"k":[250,250],"ix":2},"a":{"a":0,"k":[0,0],"ix":1},"s":{"a":0,"k":[100,100],"ix":3},"r":{"a":0,"k":0,"ix":6},"o":{"a":0,"k":100,"ix":7},"sk":{"a":0,"k":0,"ix":4},"sa":{"a":0,"k":0,"ix":5},"nm":"Transform"}],"nm":"Group 4","np":4,"cix":2,"bm":0,"ix":4,"mn":"ADBE Vector Group","hd":false},{"ty":"tr","p":{"a":0,"k":[250,250],"ix":2},"a":{"a":0,"k":[250,250],"ix":1},"s":{"a":0,"k":[100,100],"ix":3},"r":{"a":0,"k":0,"ix":6},"o":{"a":0,"k":100,"ix":7},"sk":{"a":0,"k":0,"ix":4},"sa":{"a":0,"k":0,"ix":5},"nm":"Transform"}],"nm":"Group 1","np":4,"cix":2,"bm":0,"ix":1,"mn":"ADBE Vector Group","hd":false}],"ip":0,"op":1,"st":-60,"ct":1,"bm":0},{"ddd":0,"ind":2,"ty":4,"nm":".primary.design","cl":"primary design","sr":1,"ks":{"o":{"a":0,"k":100,"ix":11},"r":{"a":0,"k":0,"ix":10},"p":{"a":0,"k":[250.002,250.002,0],"ix":2,"l":2},"a":{"a":0,"k":[250,250,0],"ix":1,"l":2},"s":{"a":0,"k":[2083,2083,100],"ix":6,"l":2}},"ao":0,"shapes":[{"ty":"gr","it":[{"ty":"gr","it":[{"ind":0,"ty":"sh","ix":1,"ks":{"a":0,"k":{"i":[[0.41,0],[0,0],[0,-0.42],[-0.41,0],[0,0],[0,0.41]],"o":[[0,0],[-0.41,0],[0,0.42],[0,0],[0.41,0],[0,-0.41]],"v":[[1.75,-0.75],[-1.75,-0.75],[-2.5,0],[-1.75,0.75],[1.75,0.75],[2.5,0]],"c":true},"ix":2},"nm":"Path 1","mn":"ADBE Vector Shape - Group","hd":false},{"ty":"fl","c":{"a":0,"k":[0.071,0.075,0.192,1],"ix":4,"x":"var $bm_rt;\n$bm_rt = comp('system-regular-17-assignment').layer('control').effect('primary')('Color');"},"o":{"a":0,"k":100,"ix":5},"r":1,"bm":0,"nm":".primary","mn":"ADBE Vector Graphic - Fill","hd":false,"cl":"primary"},{"ty":"tr","p":{"a":0,"k":[247.5,255.25],"ix":2},"a":{"a":0,"k":[0,0],"ix":1},"s":{"a":0,"k":[100,100],"ix":3},"r":{"a":0,"k":0,"ix":6},"o":{"a":0,"k":100,"ix":7},"sk":{"a":0,"k":0,"ix":4},"sa":{"a":0,"k":0,"ix":5},"nm":"Transform"}],"nm":"Group 1","np":2,"cix":2,"bm":0,"ix":1,"mn":"ADBE Vector Group","hd":false},{"ty":"gr","it":[{"ind":0,"ty":"sh","ix":1,"ks":{"a":0,"k":{"i":[[0.41,0],[0,0],[0,-0.42],[-0.41,0],[0,0],[0,0.41]],"o":[[0,0],[-0.41,0],[0,0.41],[0,0],[0.41,0],[0,-0.42]],"v":[[4.25,-0.75],[-4.25,-0.75],[-5,0],[-4.25,0.75],[4.25,0.75],[5,0]],"c":true},"ix":2},"nm":"Path 1","mn":"ADBE Vector Shape - Group","hd":false},{"ty":"fl","c":{"a":0,"k":[0.071,0.075,0.192,1],"ix":4,"x":"var $bm_rt;\n$bm_rt = comp('system-regular-17-assignment').layer('control').effect('primary')('Color');"},"o":{"a":0,"k":100,"ix":5},"r":1,"bm":0,"nm":".primary","mn":"ADBE Vector Graphic - Fill","hd":false,"cl":"primary"},{"ty":"tr","p":{"a":0,"k":[250,252.51],"ix":2},"a":{"a":0,"k":[0,0],"ix":1},"s":{"a":0,"k":[100,100],"ix":3},"r":{"a":0,"k":0,"ix":6},"o":{"a":0,"k":100,"ix":7},"sk":{"a":0,"k":0,"ix":4},"sa":{"a":0,"k":0,"ix":5},"nm":"Transform"}],"nm":"Group 2","np":2,"cix":2,"bm":0,"ix":2,"mn":"ADBE Vector Group","hd":false},{"ty":"gr","it":[{"ind":0,"ty":"sh","ix":1,"ks":{"a":0,"k":{"i":[[0.41,0],[0,0],[0,-0.41],[-0.41,0],[0,0],[0,0.41]],"o":[[0,0],[-0.41,0],[0,0.41],[0,0],[0.41,0],[0,-0.41]],"v":[[4.25,-0.75],[-4.25,-0.75],[-5,0],[-4.25,0.75],[4.25,0.75],[5,0]],"c":true},"ix":2},"nm":"Path 1","mn":"ADBE Vector Shape - Group","hd":false},{"ty":"fl","c":{"a":0,"k":[0.071,0.075,0.192,1],"ix":4,"x":"var $bm_rt;\n$bm_rt = comp('system-regular-17-assignment').layer('control').effect('primary')('Color');"},"o":{"a":0,"k":100,"ix":5},"r":1,"bm":0,"nm":".primary","mn":"ADBE Vector Graphic - Fill","hd":false,"cl":"primary"},{"ty":"tr","p":{"a":0,"k":[250,249.74],"ix":2},"a":{"a":0,"k":[0,0],"ix":1},"s":{"a":0,"k":[100,100],"ix":3},"r":{"a":0,"k":0,"ix":6},"o":{"a":0,"k":100,"ix":7},"sk":{"a":0,"k":0,"ix":4},"sa":{"a":0,"k":0,"ix":5},"nm":"Transform"}],"nm":"Group 3","np":2,"cix":2,"bm":0,"ix":3,"mn":"ADBE Vector Group","hd":false},{"ty":"gr","it":[{"ind":0,"ty":"sh","ix":1,"ks":{"a":0,"k":{"i":[[0,0],[0.14,0],[0,0],[0,0.14],[0,0],[-0.14,0],[0,0],[0,0],[-0.41,0],[0,0],[0,0.42],[0,0],[0,0],[0,-0.14]],"o":[[0,0.14],[0,0],[-0.14,0],[0,0],[0,-0.14],[0,0],[0,0],[0,0.42],[0,0],[0.41,0],[0,0],[0,0],[0.14,0],[0,0]],"v":[[6.5,8.25],[6.25,8.5],[-6.25,8.5],[-6.5,8.25],[-6.5,-7.26],[-6.25,-7.51],[-4,-7.51],[-4,-5.75],[-3.25,-5],[3.25,-5],[4,-5.75],[4,-7.51],[6.25,-7.51],[6.5,-7.26]],"c":true},"ix":2},"nm":"Path 1","mn":"ADBE Vector Shape - Group","hd":false},{"ind":1,"ty":"sh","ix":2,"ks":{"a":0,"k":{"i":[[0,0],[0,0],[0,0],[0,0],[0,0],[0,0]],"o":[[0,0],[0,0],[0,0],[0,0],[0,0],[0,0]],"v":[[-2.5,-8.5],[2.5,-8.5],[2.5,-7.51],[2.5,-6.5],[-2.5,-6.5],[-2.5,-7.51]],"c":true},"ix":2},"nm":"Path 2","mn":"ADBE Vector Shape - Group","hd":false},{"ind":2,"ty":"sh","ix":3,"ks":{"a":0,"k":{"i":[[0.96,0],[0,0],[0,0],[0.41,0],[0,0],[0,-0.41],[0,0],[0,0],[0,-0.97],[0,0],[-0.96,0],[0,0],[0,0.96],[0,0]],"o":[[0,0],[0,0],[0,-0.41],[0,0],[-0.41,0],[0,0],[0,0],[-0.96,0],[0,0],[0,0.96],[0,0],[0.96,0],[0,0],[0,-0.97]],"v":[[6.25,-9.01],[4,-9.01],[4,-9.25],[3.25,-10],[-3.25,-10],[-4,-9.25],[-4,-9.01],[-6.25,-9.01],[-8,-7.26],[-8,8.25],[-6.25,10],[6.25,10],[8,8.25],[8,-7.26]],"c":true},"ix":2},"nm":"Path 3","mn":"ADBE Vector Shape - Group","hd":false},{"ty":"fl","c":{"a":0,"k":[0.071,0.075,0.192,1],"ix":4,"x":"var $bm_rt;\n$bm_rt = comp('system-regular-17-assignment').layer('control').effect('primary')('Color');"},"o":{"a":0,"k":100,"ix":5},"r":1,"bm":0,"nm":".primary","mn":"ADBE Vector Graphic - Fill","hd":false,"cl":"primary"},{"ty":"tr","p":{"a":0,"k":[250,250],"ix":2},"a":{"a":0,"k":[0,0],"ix":1},"s":{"a":0,"k":[100,100],"ix":3},"r":{"a":0,"k":0,"ix":6},"o":{"a":0,"k":100,"ix":7},"sk":{"a":0,"k":0,"ix":4},"sa":{"a":0,"k":0,"ix":5},"nm":"Transform"}],"nm":"Group 4","np":4,"cix":2,"bm":0,"ix":4,"mn":"ADBE Vector Group","hd":false},{"ty":"tr","p":{"a":0,"k":[250,250],"ix":2},"a":{"a":0,"k":[250,250],"ix":1},"s":{"a":0,"k":[100,100],"ix":3},"r":{"a":0,"k":0,"ix":6},"o":{"a":0,"k":100,"ix":7},"sk":{"a":0,"k":0,"ix":4},"sa":{"a":0,"k":0,"ix":5},"nm":"Transform"}],"nm":"Group 1","np":4,"cix":2,"bm":0,"ix":1,"mn":"ADBE Vector Group","hd":false}],"ip":60,"op":300,"st":0,"ct":1,"bm":0},{"ddd":0,"ind":3,"ty":4,"nm":".primary.design","cl":"primary design","parent":5,"sr":1,"ks":{"o":{"a":0,"k":100,"ix":11},"r":{"a":0,"k":0,"ix":10},"p":{"a":0,"k":[250.005,302.086,0],"ix":2,"l":2},"a":{"a":0,"k":[250.005,302.086,0],"ix":1,"l":2},"s":{"a":0,"k":[100,100,100],"ix":6,"l":2}},"ao":0,"shapes":[{"ty":"gr","it":[{"ind":0,"ty":"sh","ix":1,"ks":{"a":1,"k":[{"i":{"x":0.15,"y":1},"o":{"x":0.333,"y":0},"t":12,"s":[{"i":[[0,0],[0,0]],"o":[[0,0],[0,0]],"v":[[-36.459,0],[36.459,0]],"c":false}]},{"t":28,"s":[{"i":[[0,0],[0,0]],"o":[[0,0],[0,0]],"v":[[-36.459,0],[202.856,-0.188]],"c":false}]}],"ix":2},"nm":"Path 1","mn":"ADBE Vector Shape - Group","hd":false},{"ty":"tm","s":{"a":1,"k":[{"i":{"x":[0.833],"y":[0.833]},"o":{"x":[0.85],"y":[0]},"t":22,"s":[0]},{"t":32,"s":[100]}],"ix":1},"e":{"a":0,"k":100,"ix":2},"o":{"a":0,"k":0,"ix":3},"m":1,"ix":2,"nm":"Trim Paths 1","mn":"ADBE Vector Filter - Trim","hd":false},{"ty":"st","c":{"a":0,"k":[0.071,0.075,0.192,1],"ix":3,"x":"var $bm_rt;\n$bm_rt = comp('system-regular-17-assignment').layer('control').effect('primary')('Color');"},"o":{"a":0,"k":100,"ix":4},"w":{"a":0,"k":31.3,"ix":5},"lc":2,"lj":2,"bm":0,"nm":".primary","mn":"ADBE Vector Graphic - Stroke","hd":false,"cl":"primary"},{"ty":"tr","p":{"a":0,"k":[197.921,359.378],"ix":2},"a":{"a":0,"k":[0,0],"ix":1},"s":{"a":0,"k":[100,100],"ix":3},"r":{"a":0,"k":0,"ix":6},"o":{"a":0,"k":100,"ix":7},"sk":{"a":0,"k":0,"ix":4},"sa":{"a":0,"k":0,"ix":5},"nm":"Transform"}],"nm":"Group 1","np":3,"cix":2,"bm":0,"ix":1,"mn":"ADBE Vector Group","hd":false},{"ty":"gr","it":[{"ind":0,"ty":"sh","ix":1,"ks":{"a":1,"k":[{"i":{"x":0.15,"y":1},"o":{"x":0.333,"y":0},"t":6,"s":[{"i":[[0,0],[0,0]],"o":[[0,0],[0,0]],"v":[[-88.542,0],[88.542,0]],"c":false}]},{"t":22,"s":[{"i":[[0,0],[0,0]],"o":[[0,0],[0,0]],"v":[[-88.542,0],[150.739,-0.188]],"c":false}]}],"ix":2},"nm":"Path 1","mn":"ADBE Vector Shape - Group","hd":false},{"ty":"tm","s":{"a":1,"k":[{"i":{"x":[0.833],"y":[0.833]},"o":{"x":[0.85],"y":[0]},"t":16,"s":[0]},{"t":26,"s":[100]}],"ix":1},"e":{"a":0,"k":100,"ix":2},"o":{"a":0,"k":0,"ix":3},"m":1,"ix":2,"nm":"Trim Paths 1","mn":"ADBE Vector Filter - Trim","hd":false},{"ty":"st","c":{"a":0,"k":[0.071,0.075,0.192,1],"ix":3,"x":"var $bm_rt;\n$bm_rt = comp('system-regular-17-assignment').layer('control').effect('primary')('Color');"},"o":{"a":0,"k":100,"ix":4},"w":{"a":0,"k":31.3,"ix":5},"lc":2,"lj":2,"bm":0,"nm":".primary","mn":"ADBE Vector Graphic - Stroke","hd":false,"cl":"primary"},{"ty":"tr","p":{"a":0,"k":[250.005,302.306],"ix":2},"a":{"a":0,"k":[0,0],"ix":1},"s":{"a":0,"k":[100,100],"ix":3},"r":{"a":0,"k":0,"ix":6},"o":{"a":0,"k":100,"ix":7},"sk":{"a":0,"k":0,"ix":4},"sa":{"a":0,"k":0,"ix":5},"nm":"Transform"}],"nm":"Group 2","np":3,"cix":2,"bm":0,"ix":2,"mn":"ADBE Vector Group","hd":false},{"ty":"gr","it":[{"ind":0,"ty":"sh","ix":1,"ks":{"a":1,"k":[{"i":{"x":0.15,"y":1},"o":{"x":0.333,"y":0},"t":1,"s":[{"i":[[0,0],[0,0]],"o":[[0,0],[0,0]],"v":[[-88.542,0],[88.542,0]],"c":false}]},{"t":17,"s":[{"i":[[0,0],[0,0]],"o":[[0,0],[0,0]],"v":[[-88.542,0],[150.739,-0.188]],"c":false}]}],"ix":2},"nm":"Path 1","mn":"ADBE Vector Shape - Group","hd":false},{"ty":"tm","s":{"a":1,"k":[{"i":{"x":[0.833],"y":[0.833]},"o":{"x":[0.85],"y":[0]},"t":11,"s":[0]},{"t":21,"s":[100]}],"ix":1},"e":{"a":0,"k":100,"ix":2},"o":{"a":0,"k":0,"ix":3},"m":1,"ix":2,"nm":"Trim Paths 1","mn":"ADBE Vector Filter - Trim","hd":false},{"ty":"st","c":{"a":0,"k":[0.071,0.075,0.192,1],"ix":3,"x":"var $bm_rt;\n$bm_rt = comp('system-regular-17-assignment').layer('control').effect('primary')('Color');"},"o":{"a":0,"k":100,"ix":4},"w":{"a":0,"k":31.3,"ix":5},"lc":2,"lj":2,"bm":0,"nm":".primary","mn":"ADBE Vector Graphic - Stroke","hd":false,"cl":"primary"},{"ty":"tr","p":{"a":0,"k":[250.005,244.795],"ix":2},"a":{"a":0,"k":[0,0],"ix":1},"s":{"a":0,"k":[100,100],"ix":3},"r":{"a":0,"k":0,"ix":6},"o":{"a":0,"k":100,"ix":7},"sk":{"a":0,"k":0,"ix":4},"sa":{"a":0,"k":0,"ix":5},"nm":"Transform"}],"nm":"Group 3","np":3,"cix":2,"bm":0,"ix":3,"mn":"ADBE Vector Group","hd":false}],"ip":1,"op":39,"st":0,"ct":1,"bm":0},{"ddd":0,"ind":4,"ty":4,"nm":".primary.design","cl":"primary design","parent":5,"sr":1,"ks":{"o":{"a":0,"k":100,"ix":11},"r":{"a":0,"k":0,"ix":10},"p":{"a":0,"k":[250.005,302.086,0],"ix":2,"l":2},"a":{"a":0,"k":[250.005,302.086,0],"ix":1,"l":2},"s":{"a":0,"k":[100,100,100],"ix":6,"l":2}},"ao":0,"shapes":[{"ty":"gr","it":[{"ind":0,"ty":"sh","ix":1,"ks":{"a":1,"k":[{"i":{"x":0,"y":1},"o":{"x":0.167,"y":0.167},"t":25,"s":[{"i":[[0,0],[0,0]],"o":[[0,0],[0,0]],"v":[[-99.459,0],[-99.443,0]],"c":false}]},{"t":52,"s":[{"i":[[0,0],[0,0]],"o":[[0,0],[0,0]],"v":[[-36.459,0],[36.459,0]],"c":false}]}],"ix":2},"nm":"Path 1","mn":"ADBE Vector Shape - Group","hd":false},{"ty":"st","c":{"a":0,"k":[0.071,0.075,0.192,1],"ix":3,"x":"var $bm_rt;\n$bm_rt = comp('system-regular-17-assignment').layer('control').effect('primary')('Color');"},"o":{"a":0,"k":100,"ix":4},"w":{"a":0,"k":31.3,"ix":5},"lc":2,"lj":2,"bm":0,"nm":".primary","mn":"ADBE Vector Graphic - Stroke","hd":false,"cl":"primary"},{"ty":"tr","p":{"a":0,"k":[197.921,359.378],"ix":2},"a":{"a":0,"k":[0,0],"ix":1},"s":{"a":0,"k":[100,100],"ix":3},"r":{"a":0,"k":0,"ix":6},"o":{"a":0,"k":100,"ix":7},"sk":{"a":0,"k":0,"ix":4},"sa":{"a":0,"k":0,"ix":5},"nm":"Transform"}],"nm":"Group 1","np":2,"cix":2,"bm":0,"ix":1,"mn":"ADBE Vector Group","hd":false},{"ty":"gr","it":[{"ind":0,"ty":"sh","ix":1,"ks":{"a":1,"k":[{"i":{"x":0,"y":1},"o":{"x":0.167,"y":0.167},"t":21,"s":[{"i":[[0,0],[0,0]],"o":[[0,0],[0,0]],"v":[[-151.542,0],[-151.505,0]],"c":false}]},{"t":48,"s":[{"i":[[0,0],[0,0]],"o":[[0,0],[0,0]],"v":[[-88.542,0],[88.542,0]],"c":false}]}],"ix":2},"nm":"Path 1","mn":"ADBE Vector Shape - Group","hd":false},{"ty":"st","c":{"a":0,"k":[0.071,0.075,0.192,1],"ix":3,"x":"var $bm_rt;\n$bm_rt = comp('system-regular-17-assignment').layer('control').effect('primary')('Color');"},"o":{"a":0,"k":100,"ix":4},"w":{"a":0,"k":31.3,"ix":5},"lc":2,"lj":2,"bm":0,"nm":".primary","mn":"ADBE Vector Graphic - Stroke","hd":false,"cl":"primary"},{"ty":"tr","p":{"a":0,"k":[250.005,302.306],"ix":2},"a":{"a":0,"k":[0,0],"ix":1},"s":{"a":0,"k":[100,100],"ix":3},"r":{"a":0,"k":0,"ix":6},"o":{"a":0,"k":100,"ix":7},"sk":{"a":0,"k":0,"ix":4},"sa":{"a":0,"k":0,"ix":5},"nm":"Transform"}],"nm":"Group 2","np":2,"cix":2,"bm":0,"ix":2,"mn":"ADBE Vector Group","hd":false},{"ty":"gr","it":[{"ind":0,"ty":"sh","ix":1,"ks":{"a":1,"k":[{"i":{"x":0,"y":1},"o":{"x":0.167,"y":0.167},"t":17,"s":[{"i":[[0,0],[0,0]],"o":[[0,0],[0,0]],"v":[[-151.542,0],[-151.505,0]],"c":false}]},{"t":44,"s":[{"i":[[0,0],[0,0]],"o":[[0,0],[0,0]],"v":[[-88.542,0],[88.542,0]],"c":false}]}],"ix":2},"nm":"Path 1","mn":"ADBE Vector Shape - Group","hd":false},{"ty":"st","c":{"a":0,"k":[0.071,0.075,0.192,1],"ix":3,"x":"var $bm_rt;\n$bm_rt = comp('system-regular-17-assignment').layer('control').effect('primary')('Color');"},"o":{"a":0,"k":100,"ix":4},"w":{"a":0,"k":31.3,"ix":5},"lc":2,"lj":2,"bm":0,"nm":".primary","mn":"ADBE Vector Graphic - Stroke","hd":false,"cl":"primary"},{"ty":"tr","p":{"a":0,"k":[250.005,244.795],"ix":2},"a":{"a":0,"k":[0,0],"ix":1},"s":{"a":0,"k":[100,100],"ix":3},"r":{"a":0,"k":0,"ix":6},"o":{"a":0,"k":100,"ix":7},"sk":{"a":0,"k":0,"ix":4},"sa":{"a":0,"k":0,"ix":5},"nm":"Transform"}],"nm":"Group 3","np":2,"cix":2,"bm":0,"ix":3,"mn":"ADBE Vector Group","hd":false}],"ip":17,"op":60,"st":-9,"ct":1,"bm":0},{"ddd":0,"ind":5,"ty":4,"nm":".primary.design","cl":"primary design","sr":1,"ks":{"o":{"a":0,"k":100,"ix":11},"r":{"a":0,"k":0,"ix":10},"p":{"a":1,"k":[{"i":{"x":0.215,"y":1},"o":{"x":0.333,"y":0},"t":1,"s":[250.005,250.135,0],"to":[0,6.667,0],"ti":[0,0,0]},{"i":{"x":0.192,"y":1},"o":{"x":0.401,"y":0},"t":20,"s":[250.005,290.135,0],"to":[0,0,0],"ti":[0,6.667,0]},{"t":59,"s":[250.005,250.135,0]}],"ix":2,"l":2},"a":{"a":0,"k":[250.005,250.135,0],"ix":1,"l":2},"s":{"a":0,"k":[100,100,100],"ix":6,"l":2}},"ao":0,"shapes":[{"ty":"gr","it":[{"ind":0,"ty":"sh","ix":1,"ks":{"a":0,"k":{"i":[[0,0],[0,0],[0,0],[0,0]],"o":[[0,0],[0,0],[0,0],[0,0]],"v":[[67.709,36.459],[-67.709,36.459],[-67.709,-36.459],[67.709,-36.459]],"c":true},"ix":2},"nm":"Path 1","mn":"ADBE Vector Shape - Group","hd":false},{"ind":1,"ty":"sh","ix":2,"ks":{"a":0,"k":{"i":[[0,0],[0,0],[0,11.5],[0,0],[-11.5,0],[0,0]],"o":[[0,0],[-11.5,0],[0,0],[0,-11.51],[0,0],[0,0]],"v":[[1.216,348.694],[-130.214,348.673],[-151.044,327.843],[-151.044,4.913],[-130.214,-15.917],[-67.714,-15.917]],"c":false},"ix":2},"nm":"Path 2","mn":"ADBE Vector Shape - Group","hd":false},{"ind":2,"ty":"sh","ix":3,"ks":{"a":0,"k":{"i":[[0,0],[0,0],[0,-11.51],[0,0],[11.5,0],[0,0]],"o":[[0,0],[11.5,0],[0,0],[0,11.5],[0,0],[0,0]],"v":[[67.706,-15.917],[130.216,-15.917],[151.046,4.913],[151.046,327.843],[130.216,348.673],[0.996,348.673]],"c":false},"ix":2},"nm":"Path 3","mn":"ADBE Vector Shape - Group","hd":false},{"ty":"st","c":{"a":0,"k":[0.071,0.075,0.192,1],"ix":3,"x":"var $bm_rt;\n$bm_rt = comp('system-regular-17-assignment').layer('control').effect('primary')('Color');"},"o":{"a":0,"k":100,"ix":4},"w":{"a":0,"k":31.3,"ix":5},"lc":2,"lj":2,"bm":0,"nm":".primary","mn":"ADBE Vector Graphic - Stroke","hd":false,"cl":"primary"},{"ty":"tr","p":{"a":0,"k":[250.004,94.028],"ix":2},"a":{"a":0,"k":[0,0],"ix":1},"s":{"a":0,"k":[100,100],"ix":3},"r":{"a":0,"k":0,"ix":6},"o":{"a":0,"k":100,"ix":7},"sk":{"a":0,"k":0,"ix":4},"sa":{"a":0,"k":0,"ix":5},"nm":"Transform"}],"nm":"Group 4","np":4,"cix":2,"bm":0,"ix":1,"mn":"ADBE Vector Group","hd":false}],"ip":1,"op":60,"st":0,"ct":1,"bm":0}]}],"layers":[{"ddd":0,"ind":1,"ty":3,"nm":"control","sr":1,"ks":{"o":{"a":0,"k":0,"ix":11},"r":{"a":0,"k":0,"ix":10},"p":{"a":0,"k":[0,0],"ix":2,"l":2},"a":{"a":0,"k":[0,0,0],"ix":1,"l":2},"s":{"a":0,"k":[100,100,100],"ix":6,"l":2}},"ao":0,"ef":[{"ty":5,"nm":"primary","np":3,"mn":"ADBE Color Control","ix":1,"en":1,"ef":[{"ty":2,"nm":"Color","mn":"ADBE Color Control-0001","ix":1,"v":{"a":0,"k":[0.071,0.075,0.192],"ix":1}}]}],"ip":0,"op":131,"st":0,"bm":0},{"ddd":0,"ind":2,"ty":0,"nm":"in-assignment","refId":"comp_0","sr":1,"ks":{"o":{"a":0,"k":100,"ix":11},"r":{"a":0,"k":0,"ix":10},"p":{"a":0,"k":[250,250,0],"ix":2,"l":2},"a":{"a":0,"k":[250,250,0],"ix":1,"l":2},"s":{"a":0,"k":[100,100,100],"ix":6,"l":2}},"ao":0,"w":500,"h":500,"ip":0,"op":70,"st":0,"bm":0},{"ddd":0,"ind":3,"ty":0,"nm":"hover-assignment","refId":"comp_1","sr":1,"ks":{"o":{"a":0,"k":100,"ix":11},"r":{"a":0,"k":0,"ix":10},"p":{"a":0,"k":[250,250,0],"ix":2,"l":2},"a":{"a":0,"k":[250,250,0],"ix":1,"l":2},"s":{"a":0,"k":[100,100,100],"ix":6,"l":2}},"ao":0,"w":500,"h":500,"ip":70,"op":140,"st":70,"bm":0}],"markers":[{"tm":0,"cm":"in-assignment","dr":60},{"tm":70,"cm":"default:hover-assignment","dr":60}],"props":{}}