{"v":"5.8.1","fr":60,"ip":130,"op":250,"w":430,"h":430,"nm":"wired-outline-2620-bookmark-alt","ddd":0,"assets":[{"id":"comp_0","nm":"in-reveal","fr":60,"layers":[{"ddd":0,"ind":1,"ty":4,"nm":"Shape Layer 1","sr":1,"ks":{"o":{"a":0,"k":100,"ix":11},"r":{"a":0,"k":0,"ix":10},"p":{"a":1,"k":[{"i":{"x":0.833,"y":0.837},"o":{"x":0.541,"y":0},"t":0,"s":[289,255,0],"to":[0,0,0],"ti":[-0.315,48.851,0]},{"i":{"x":0.468,"y":0.772},"o":{"x":0.167,"y":0.173},"t":20.361,"s":[289,93,0],"to":[0.178,-27.656,0],"ti":[43.148,-0.873,0]},{"i":{"x":0.833,"y":0.743},"o":{"x":0.428,"y":0.146},"t":33,"s":[225,38,0],"to":[-35.517,0.718,0],"ti":[0.68,-28.586,0]},{"i":{"x":0.697,"y":0.745},"o":{"x":0.167,"y":0.132},"t":42.875,"s":[162,95,0],"to":[-4.244,178.518,0],"ti":[0,0,0]},{"t":56,"s":[155,337,0]}],"ix":2,"l":2},"a":{"a":0,"k":[3,-160,0],"ix":1,"l":2},"s":{"a":0,"k":[100,100,100],"ix":6,"l":2}},"ao":0,"shapes":[{"ty":"gr","it":[{"ind":0,"ty":"sh","ix":1,"ks":{"a":1,"k":[{"i":{"x":0.37,"y":1},"o":{"x":0.167,"y":0.167},"t":0,"s":[{"i":[[0,-0.414],[0.414,0],[0,0],[0,0.552],[-0.552,0],[0,0]],"o":[[0,0.414],[0,0],[-0.552,0],[0,-0.552],[0,0],[0.414,0]],"v":[[109.125,0],[108.375,0.75],[-108,1],[-109,0],[-108,-1],[108.375,-0.75]],"c":true}]},{"i":{"x":0.667,"y":1},"o":{"x":0.63,"y":0},"t":12,"s":[{"i":[[0,-13.807],[13.807,0],[0,0],[0,13.807],[-13.807,0],[0,0]],"o":[[0,13.807],[0,0],[-13.807,0],[0,-13.807],[0,0],[13.807,0]],"v":[[125,0],[100,25],[-100,25],[-125,0],[-100,-25],[100,-25]],"c":true}]},{"i":{"x":0.667,"y":1},"o":{"x":0.333,"y":0},"t":33,"s":[{"i":[[0,-13.807],[13.807,0],[0,0],[0,13.807],[-13.807,0],[0,0]],"o":[[0,13.807],[0,0],[-13.807,0],[0,-13.807],[0,0],[13.807,0]],"v":[[125,0],[100,25],[-100,25],[-125,0],[-100,-25],[100,-25]],"c":true}]},{"i":{"x":0.833,"y":0.833},"o":{"x":0.333,"y":0},"t":44,"s":[{"i":[[0,-13.807],[13.807,0],[0,0],[0,13.807],[-13.807,0],[0,0]],"o":[[0,13.807],[0,0],[-13.807,0],[0,-13.807],[0,0],[13.807,0]],"v":[[125,0],[100,25],[-100,25],[-125,0],[-100,-25],[100,-25]],"c":true}]},{"t":56,"s":[{"i":[[0,-5.498],[5.498,0],[0,0],[0,5.521],[-5.521,0],[0,0]],"o":[[0,5.498],[0,0],[-5.521,0],[0,-5.521],[0,0],[5.498,0]],"v":[[107.5,-5.167],[97.545,4.788],[-101.377,5],[-111.375,-4.997],[-101.377,-14.995],[97.545,-15.122]],"c":true}]}],"ix":2},"nm":"Path 1","mn":"ADBE Vector Shape - Group","hd":false},{"ind":1,"ty":"sh","ix":2,"ks":{"a":1,"k":[{"i":{"x":0.37,"y":1},"o":{"x":0.167,"y":0.167},"t":0,"s":[{"i":[[0,-0.414],[0.414,0],[0,0.414],[-0.414,0]],"o":[[0,0.414],[-0.414,0],[0,-0.414],[0.414,0]],"v":[[109.125,0],[108.375,0.75],[107.625,0],[108.375,-0.75]],"c":true}]},{"i":{"x":0.667,"y":1},"o":{"x":0.63,"y":0},"t":12,"s":[{"i":[[0,-13.807],[13.807,0],[0,13.807],[-13.807,0]],"o":[[0,13.807],[-13.807,0],[0,-13.807],[13.807,0]],"v":[[125,0],[100,25],[75,0],[100,-25]],"c":true}]},{"i":{"x":0.667,"y":1},"o":{"x":0.333,"y":0},"t":33,"s":[{"i":[[0,-13.807],[13.807,0],[0,13.807],[-13.807,0]],"o":[[0,13.807],[-13.807,0],[0,-13.807],[13.807,0]],"v":[[125,0],[100,25],[75,0],[100,-25]],"c":true}]},{"i":{"x":0.833,"y":0.833},"o":{"x":0.333,"y":0},"t":44,"s":[{"i":[[0,-13.807],[13.807,0],[0,13.807],[-13.807,0]],"o":[[0,13.807],[-13.807,0],[0,-13.807],[13.807,0]],"v":[[125,0],[100,25],[75,0],[100,-25]],"c":true}]},{"t":56,"s":[{"i":[[0,-5.498],[5.498,0],[0,5.498],[-5.498,0]],"o":[[0,5.498],[-5.498,0],[0,-5.498],[5.498,0]],"v":[[107.5,-5.167],[97.545,4.788],[87.59,-5.167],[97.545,-15.122]],"c":true}]}],"ix":2},"nm":"Path 2","mn":"ADBE Vector Shape - Group","hd":false},{"ty":"st","c":{"a":0,"k":[0.071,0.075,0.192,1],"ix":3,"x":"var $bm_rt;\n$bm_rt = comp('wired-outline-2620-bookmark-alt').layer('control').effect('primary')('Color');"},"o":{"a":0,"k":100,"ix":4},"w":{"a":0,"k":14,"ix":5,"x":"var $bm_rt;\n$bm_rt = $bm_mul($bm_div(value, 2), comp('wired-outline-2620-bookmark-alt').layer('control').effect('stroke')('Menu'));"},"lc":1,"lj":1,"ml":4,"bm":0,"nm":".primary","mn":"ADBE Vector Graphic - Stroke","hd":false,"cl":"primary"},{"ty":"tr","p":{"a":0,"k":[3,-160],"ix":2},"a":{"a":0,"k":[0,0],"ix":1},"s":{"a":0,"k":[100,100],"ix":3},"r":{"a":0,"k":0,"ix":6},"o":{"a":0,"k":100,"ix":7},"sk":{"a":0,"k":0,"ix":4},"sa":{"a":0,"k":0,"ix":5},"nm":"Transform"}],"nm":"Rectangle 2","np":3,"cix":2,"bm":0,"ix":1,"mn":"ADBE Vector Group","hd":false}],"ip":1,"op":57,"st":0,"bm":0},{"ddd":0,"ind":2,"ty":4,"nm":"top","sr":1,"ks":{"o":{"a":0,"k":100,"ix":11},"r":{"a":0,"k":0,"ix":10},"p":{"a":0,"k":[209.5,216.5,0],"ix":2,"l":2},"a":{"a":0,"k":[0,0,0],"ix":1,"l":2},"s":{"a":0,"k":[100,100,100],"ix":6,"l":2}},"ao":0,"hasMask":true,"masksProperties":[{"inv":false,"mode":"a","pt":{"a":1,"k":[{"i":{"x":0.833,"y":0.833},"o":{"x":0.167,"y":0.167},"t":33,"s":[{"i":[[0,0],[0,0],[0,0],[0,0],[0,0]],"o":[[0,0],[0,0],[0,0],[0,0],[0,0]],"v":[[310.316,-308.027],[-175.5,-308.027],[-175.5,-206.5],[202.708,-206.5],[310.316,-206.5]],"c":true}]},{"i":{"x":0.833,"y":0.833},"o":{"x":0.167,"y":0.167},"t":34,"s":[{"i":[[0,0],[0,0],[0,0],[0,0],[0,0]],"o":[[0,0],[0,0],[0,0],[0,0],[0,0]],"v":[[310.316,-307.027],[-175.5,-307.027],[-82.5,-231],[223.02,-253.872],[310.255,-157.167]],"c":true}]},{"i":{"x":0.833,"y":0.833},"o":{"x":0.167,"y":0.167},"t":36,"s":[{"i":[[0,0],[0,0],[0,0],[0,0],[0,0]],"o":[[0,0],[0,0],[0,0],[0,0],[0,0]],"v":[[310.316,-305.027],[-175.5,-305.027],[103.5,-203.5],[264.364,-90.618],[310.133,-58.5]],"c":true}]},{"i":{"x":0.833,"y":0.833},"o":{"x":0.167,"y":0.167},"t":38,"s":[{"i":[[0,0],[0,0],[0,0],[0,0],[0,0]],"o":[[0,0],[0,0],[0,0],[0,0],[0,0]],"v":[[310.316,-303.027],[-175.5,-303.027],[85,-248.5],[112.422,-160.14],[120.225,-135]],"c":true}]},{"i":{"x":0.833,"y":0.833},"o":{"x":0.167,"y":0.167},"t":40,"s":[{"i":[[0,0],[0,0],[0,0],[0,0],[0,0]],"o":[[0,0],[0,0],[0,0],[0,0],[0,0]],"v":[[310.316,-303.027],[-175.5,-303.027],[35,-233.5],[101.347,-156.818],[120.225,-135]],"c":true}]},{"i":{"x":0.833,"y":0.833},"o":{"x":0.167,"y":0.167},"t":41,"s":[{"i":[[0,0],[0,0],[0,0],[0,0],[0,0]],"o":[[0,0],[0,0],[0,0],[0,0],[0,0]],"v":[[310.316,-303.027],[-175.5,-303.027],[-157,-180.5],[67.504,-179.804],[121.225,-102]],"c":true}]},{"i":{"x":0.833,"y":0.833},"o":{"x":0.167,"y":0.167},"t":44,"s":[{"i":[[0,0],[0,0],[0,0],[0,0],[0,0]],"o":[[0,0],[0,0],[0,0],[0,0],[0,0]],"v":[[310.316,-303.027],[-175.5,-303.027],[-157.051,-130],[67.453,-129.304],[120.949,-58]],"c":true}]},{"i":{"x":0.833,"y":0.833},"o":{"x":0.167,"y":0.167},"t":45,"s":[{"i":[[0,0],[0,0],[0,0],[0,0],[0,0]],"o":[[0,0],[0,0],[0,0],[0,0],[0,0]],"v":[[310.316,-303.027],[-175.5,-303.027],[-157.097,-111],[67.407,-110.304],[121.174,-43]],"c":true}]},{"t":50,"s":[{"i":[[0,0],[0,0],[0,0],[0,0],[0,0]],"o":[[0,0],[0,0],[0,0],[0,0],[0,0]],"v":[[310.316,-303.027],[-175.5,-303.027],[-247.097,93.5],[67.407,94.696],[121.127,172.5]],"c":true}]}],"ix":1},"o":{"a":0,"k":100,"ix":3},"x":{"a":0,"k":0,"ix":4},"nm":"Mask 1"}],"shapes":[{"ty":"gr","it":[{"ind":0,"ty":"sh","ix":1,"ks":{"a":1,"k":[{"i":{"x":0.833,"y":0.833},"o":{"x":0.333,"y":0},"t":12,"s":[{"i":[[0,0],[0,29.5],[-17,0],[0,0],[0,-19.33],[0,0]],"o":[[0,0],[0,-18.5],[-25.5,0],[-19.33,0],[0,0],[0,0]],"v":[[82.5,-120.5],[82.5,-154],[117.5,-186.5],[-82.5,-186.5],[-117.5,-151.5],[-117.5,-120.5]],"c":false}]},{"i":{"x":0.833,"y":0.833},"o":{"x":0.167,"y":0.167},"t":33,"s":[{"i":[[0,0],[0,29.5],[-17,0],[0,0],[0,-19.33],[0,0]],"o":[[0,0],[0,-18.5],[-25.5,0],[-19.33,0],[0,0],[0,0]],"v":[[82.5,-120.5],[82.5,-154],[117.5,-186.5],[-82.5,-186.5],[-117.5,-151.5],[-117.5,-120.5]],"c":false}]},{"i":{"x":0.833,"y":0.833},"o":{"x":0.167,"y":0.167},"t":42,"s":[{"i":[[0,0],[-2,16.5],[-17,0],[0,0],[2,-20],[0,0]],"o":[[0,0],[2.226,-18.366],[-25.5,0],[-19.33,0],[0,0],[0,0]],"v":[[78,-120.5],[82.5,-154],[117.5,-186.5],[-82.5,-186.5],[-117.5,-151.5],[-122,-120.5]],"c":false}]},{"i":{"x":0.833,"y":0.833},"o":{"x":0.167,"y":0.167},"t":46,"s":[{"i":[[0,0],[-1.008,22.945],[-17,0],[0,0],[1.008,-19.668],[0,0]],"o":[[0,0],[1.122,-18.432],[-25.5,0],[-19.33,0],[0,0],[0,0]],"v":[[80.731,-120.5],[82.5,-154],[117.5,-186.5],[-82.5,-186.5],[-117.5,-151.5],[-119.019,-123]],"c":false}]},{"i":{"x":0.667,"y":1},"o":{"x":0.167,"y":0.167},"t":50.068,"s":[{"i":[[0,0],[0,29.5],[-17,0],[0,0],[0,-19.33],[0,0]],"o":[[0,0],[0,-18.5],[-25.5,0],[-19.33,0],[0,0],[0,0]],"v":[[82.5,-120.5],[82.5,-154],[117.5,-186.5],[-82.5,-186.5],[-117.5,-151.5],[-117.5,-120.5]],"c":false}]},{"i":{"x":0.667,"y":1},"o":{"x":0.333,"y":0},"t":56.896,"s":[{"i":[[0,0],[0,29.5],[-17,0],[0,0],[0,-19.33],[0,0]],"o":[[0,0],[0,-18.5],[-25.5,0],[-19.33,0],[0,0],[0,0]],"v":[[82.5,-109],[82.5,-154],[117.5,-186.5],[-82.5,-186.5],[-117.5,-151.5],[-116.75,-107]],"c":false}]},{"i":{"x":0.667,"y":1},"o":{"x":0.333,"y":0},"t":69.414,"s":[{"i":[[0,0],[-1,10],[-17,0],[0,0],[0,-19.33],[0,0]],"o":[[0,0],[1.841,-18.408],[-25.5,0],[-19.33,0],[0,0],[0,0]],"v":[[82.5,-134.5],[82.5,-154],[117.5,-186.5],[-82.5,-186.5],[-117.5,-151.5],[-117,-119.5]],"c":false}]},{"i":{"x":0.667,"y":1},"o":{"x":0.333,"y":0},"t":86.611,"s":[{"i":[[0,0],[0,29.5],[-17,0],[0,0],[0,-19.33],[0,0]],"o":[[0,0],[0,-18.5],[-25.5,0],[-19.33,0],[0,0],[0,0]],"v":[[82,-124],[82.5,-154],[117.5,-186.5],[-82.5,-186.5],[-117.5,-151.5],[-117.5,-129]],"c":false}]},{"i":{"x":0.667,"y":1},"o":{"x":0.333,"y":0},"t":107.369,"s":[{"i":[[0,0],[0,29.5],[-17,0],[0,0],[0,-19.33],[0,0]],"o":[[0,0],[0,-18.5],[-25.5,0],[-19.33,0],[0,0],[0,0]],"v":[[82.5,-120.5],[82.5,-154],[117.5,-186.5],[-82.5,-186.5],[-117.5,-151.5],[-117.5,-120.5]],"c":false}]},{"t":120,"s":[{"i":[[0,0],[0,29.5],[-17,0],[0,0],[0,-19.33],[0,0]],"o":[[0,0],[0,-18.5],[-25.5,0],[-19.33,0],[0,0],[0,0]],"v":[[82.5,-120.5],[82.5,-154],[117.5,-186.5],[-82.5,-186.5],[-117.5,-151.5],[-117.5,-120.5]],"c":false}]}],"ix":2},"nm":"Path 1","mn":"ADBE Vector Shape - Group","hd":false},{"ty":"st","c":{"a":0,"k":[0.071,0.075,0.192,1],"ix":3,"x":"var $bm_rt;\n$bm_rt = comp('wired-outline-2620-bookmark-alt').layer('control').effect('primary')('Color');"},"o":{"a":0,"k":100,"ix":4},"w":{"a":0,"k":12,"ix":5,"x":"var $bm_rt;\n$bm_rt = $bm_mul($bm_div(value, 2), comp('wired-outline-2620-bookmark-alt').layer('control').effect('stroke')('Menu'));"},"lc":2,"lj":2,"bm":0,"nm":".primary","mn":"ADBE Vector Graphic - Stroke","hd":false,"cl":"primary"},{"ty":"tr","p":{"a":0,"k":[0,0],"ix":2},"a":{"a":0,"k":[0,0],"ix":1},"s":{"a":0,"k":[100,100],"ix":3},"r":{"a":0,"k":0,"ix":6},"o":{"a":0,"k":100,"ix":7},"sk":{"a":0,"k":0,"ix":4},"sa":{"a":0,"k":0,"ix":5},"nm":"Transform"}],"nm":"Rectangle 125","np":2,"cix":2,"bm":0,"ix":1,"mn":"ADBE Vector Group","hd":false}],"ip":12,"op":1812,"st":12,"bm":0},{"ddd":0,"ind":3,"ty":4,"nm":"Rectangle 125","sr":1,"ks":{"o":{"a":0,"k":100,"ix":11},"r":{"a":1,"k":[{"i":{"x":[0.667],"y":[1]},"o":{"x":[0.333],"y":[0]},"t":33,"s":[0]},{"i":{"x":[0.667],"y":[1]},"o":{"x":[0.333],"y":[0]},"t":49.703,"s":[10]},{"i":{"x":[0.667],"y":[1]},"o":{"x":[0.333],"y":[0]},"t":69.193,"s":[-10]},{"i":{"x":[0.667],"y":[1]},"o":{"x":[0.333],"y":[0]},"t":86.752,"s":[5]},{"t":107.369140625,"s":[0]}],"ix":10},"p":{"a":1,"k":[{"i":{"x":0.23,"y":1},"o":{"x":0.333,"y":0},"t":12,"s":[192,92.5,0],"to":[0,0,0],"ti":[0,0,0]},{"i":{"x":0.667,"y":1},"o":{"x":0.333,"y":0},"t":33,"s":[192,22.5,0],"to":[0,0,0],"ti":[0,0,0]},{"i":{"x":0.667,"y":1},"o":{"x":0.333,"y":0},"t":57.268,"s":[192,112.5,0],"to":[0,0,0],"ti":[0,0,0]},{"i":{"x":0.667,"y":1},"o":{"x":0.333,"y":0},"t":76,"s":[192,82.5,0],"to":[0,0,0],"ti":[0,0,0]},{"t":96.537109375,"s":[192,92.5,0]}],"ix":2,"l":2},"a":{"a":0,"k":[-17.5,-124,0],"ix":1,"l":2},"s":{"a":0,"k":[100,100,100],"ix":6,"l":2}},"ao":0,"hasMask":true,"masksProperties":[{"inv":false,"mode":"a","pt":{"a":1,"k":[{"i":{"x":0.833,"y":0.833},"o":{"x":0.167,"y":0.167},"t":38,"s":[{"i":[[0,0],[0,0],[0,0],[-26,0],[0,-32.432],[0,0]],"o":[[0,0],[0,0],[0,0],[7.848,0],[0,23.915],[0,0]],"v":[[218.041,-254.428],[-258.567,-254.428],[-258.566,-131.912],[70.822,-142.585],[108.479,-113.805],[218.041,-139.918]],"c":true}]},{"i":{"x":0.833,"y":0.833},"o":{"x":0.167,"y":0.167},"t":42,"s":[{"i":[[0,0],[0,0],[0,0],[-26,0],[0,-32.432],[0,0]],"o":[[0,0],[0,0],[0,0],[7.848,0],[0,23.915],[0,0]],"v":[[219.369,-243.003],[-257.239,-243.003],[-282.419,-95.42],[40.983,-121.081],[83.631,-98.817],[219.369,-128.493]],"c":true}]},{"i":{"x":0.833,"y":0.833},"o":{"x":0.167,"y":0.167},"t":47,"s":[{"i":[[0,0],[0,0],[0,0],[-26,0],[0,-32.432],[0,0]],"o":[[0,0],[0,0],[0,0],[7.848,0],[0,23.915],[0,0]],"v":[[218.041,-254.428],[-258.567,-254.428],[-274.277,-16.69],[46.243,-69.239],[88.608,-45.437],[218.041,-139.918]],"c":true}]},{"i":{"x":0.833,"y":0.833},"o":{"x":0.167,"y":0.167},"t":52,"s":[{"i":[[0,0],[0,0],[0,0],[-32.068,4.304],[0,-32.432],[0,0]],"o":[[0,0],[0,0],[0,0],[7.779,-1.044],[0,23.915],[0,0]],"v":[[218.041,-254.428],[-258.567,-254.428],[-270.55,60.208],[51.77,9.392],[92.526,33.963],[218.041,-139.918]],"c":true}]},{"i":{"x":0.833,"y":0.833},"o":{"x":0.167,"y":0.167},"t":56,"s":[{"i":[[0,0],[0,0],[0,0],[-21.845,2.932],[0,-22.093],[0,0]],"o":[[0,0],[0,0],[0,0],[5.299,-0.711],[0,16.291],[0,0]],"v":[[218.041,-254.428],[-258.567,-254.428],[-274.538,116.807],[49.64,80.43],[77.404,97.168],[218.041,-139.918]],"c":true}]},{"t":57,"s":[{"i":[[0,0],[0,0],[0,0],[-21.845,2.932],[0,-22.093],[0,0]],"o":[[0,0],[0,0],[0,0],[5.299,-0.711],[0,16.292],[0,0]],"v":[[218.041,-254.428],[-258.567,-254.428],[-349.324,246.888],[95.731,266.851],[401.375,117.365],[218.041,-139.918]],"c":true}]}],"ix":1},"o":{"a":0,"k":100,"ix":3},"x":{"a":0,"k":0,"ix":4},"nm":"Mask 1"}],"shapes":[{"ty":"gr","it":[{"ind":0,"ty":"sh","ix":1,"ks":{"a":1,"k":[{"i":{"x":0.09,"y":1},"o":{"x":0.333,"y":0},"t":12,"s":[{"i":[[0,70],[0,0]],"o":[[0,-70],[0,0]],"v":[[82.5,15.5],[82.5,-124]],"c":false}]},{"i":{"x":0.833,"y":0.854},"o":{"x":0.333,"y":0},"t":33,"s":[{"i":[[0,70],[0,0]],"o":[[0,-70],[0,0]],"v":[[82.5,15.5],[82.5,-124]],"c":false}]},{"i":{"x":0.667,"y":1},"o":{"x":0.167,"y":0.146},"t":42.104,"s":[{"i":[[-4.472,75.855],[0,0]],"o":[[-1.587,-69.382],[0,0]],"v":[[82.5,15.5],[83.73,-133.277]],"c":false}]},{"i":{"x":0.833,"y":0.833},"o":{"x":0.333,"y":0},"t":50.068,"s":[{"i":[[-8.132,80.646],[0,0]],"o":[[9.502,-94.23],[0,0]],"v":[[82.5,15.5],[81.118,-140.51]],"c":false}]},{"i":{"x":0.667,"y":1},"o":{"x":0.167,"y":0.167},"t":56,"s":[{"i":[[-4.776,78.183],[0,0]],"o":[[5.839,-88.719],[0,0]],"v":[[82.5,15.5],[81.63,-136.656]],"c":false}]},{"i":{"x":0.667,"y":1},"o":{"x":0.333,"y":0},"t":69.414,"s":[{"i":[[6.823,69.667],[0,0]],"o":[[-6.823,-69.667],[0,0]],"v":[[82.5,15.5],[83.398,-123.334]],"c":false}]},{"i":{"x":0.667,"y":1},"o":{"x":0.333,"y":0},"t":86.611,"s":[{"i":[[-3.485,74.563],[0,0]],"o":[[4.072,-80.384],[0,0]],"v":[[82.5,15.5],[81.908,-131.076]],"c":false}]},{"i":{"x":0.667,"y":1},"o":{"x":0.333,"y":0},"t":107.369,"s":[{"i":[[1.412,69.931],[0,0]],"o":[[-1.412,-69.931],[0,0]],"v":[[82.5,15.5],[82.686,-123.862]],"c":false}]},{"t":120,"s":[{"i":[[0,70],[0,0]],"o":[[0,-70],[0,0]],"v":[[82.5,15.5],[82.5,-124]],"c":false}]}],"ix":2},"nm":"Path 2","mn":"ADBE Vector Shape - Group","hd":false},{"ind":1,"ty":"sh","ix":2,"ks":{"a":1,"k":[{"i":{"x":0.09,"y":1},"o":{"x":0.333,"y":0},"t":12,"s":[{"i":[[0,80],[0,0]],"o":[[0,-80],[0,0]],"v":[[-117.5,15.5],[-117.5,-121.5]],"c":false}]},{"i":{"x":0.833,"y":0.854},"o":{"x":0.333,"y":0},"t":33,"s":[{"i":[[0,80],[0,0]],"o":[[0,-80],[0,0]],"v":[[-117.5,15.5],[-117.5,-121.5]],"c":false}]},{"i":{"x":0.667,"y":1},"o":{"x":0.167,"y":0.146},"t":42.104,"s":[{"i":[[2.094,78.779],[0,0]],"o":[[-2.13,-80.112],[0,0]],"v":[[-117.5,15.5],[-115.433,-112.835]],"c":false}]},{"i":{"x":0.833,"y":0.833},"o":{"x":0.333,"y":0},"t":50.068,"s":[{"i":[[-14.188,77.126],[0,0]],"o":[[14.089,-76.585],[0,0]],"v":[[-117.5,15.5],[-116,-110.087]],"c":false}]},{"i":{"x":0.667,"y":1},"o":{"x":0.167,"y":0.167},"t":56,"s":[{"i":[[-9.065,77.666],[0,0]],"o":[[8.988,-77.246],[0,0]],"v":[[-117.5,15.5],[-116.058,-116.814]],"c":false}]},{"i":{"x":0.667,"y":1},"o":{"x":0.333,"y":0},"t":69.414,"s":[{"i":[[8.642,79.532],[0,0]],"o":[[-8.642,-79.532],[0,0]],"v":[[-117.5,15.5],[-116.259,-140.066]],"c":false}]},{"i":{"x":0.667,"y":1},"o":{"x":0.333,"y":0},"t":86.611,"s":[{"i":[[-6.081,78.768],[0,0]],"o":[[6.038,-78.536],[0,0]],"v":[[-117.5,15.5],[-116.857,-116.609]],"c":false}]},{"i":{"x":0.667,"y":1},"o":{"x":0.333,"y":0},"t":107.369,"s":[{"i":[[1.788,79.903],[0,0]],"o":[[-1.788,-79.903],[0,0]],"v":[[-117.5,15.5],[-117.243,-125.341]],"c":false}]},{"t":120,"s":[{"i":[[0,80],[0,0]],"o":[[0,-80],[0,0]],"v":[[-117.5,15.5],[-117.5,-121.5]],"c":false}]}],"ix":2},"nm":"Path 3","mn":"ADBE Vector Shape - Group","hd":false},{"ty":"tm","s":{"a":0,"k":0,"ix":1},"e":{"a":1,"k":[{"i":{"x":[0.198],"y":[1]},"o":{"x":[0.333],"y":[0]},"t":12,"s":[100]},{"i":{"x":[0.833],"y":[0.833]},"o":{"x":[0.333],"y":[0]},"t":33,"s":[46]},{"i":{"x":[0.833],"y":[0.833]},"o":{"x":[0.167],"y":[0.167]},"t":50,"s":[100]},{"t":56,"s":[100]}],"ix":2},"o":{"a":0,"k":0,"ix":3},"m":1,"ix":3,"nm":"Trim Paths 1","mn":"ADBE Vector Filter - Trim","hd":false},{"ty":"st","c":{"a":0,"k":[0.071,0.075,0.192,1],"ix":3,"x":"var $bm_rt;\n$bm_rt = comp('wired-outline-2620-bookmark-alt').layer('control').effect('primary')('Color');"},"o":{"a":0,"k":100,"ix":4},"w":{"a":0,"k":12,"ix":5,"x":"var $bm_rt;\n$bm_rt = $bm_mul($bm_div(value, 2), comp('wired-outline-2620-bookmark-alt').layer('control').effect('stroke')('Menu'));"},"lc":2,"lj":2,"bm":0,"nm":".primary","mn":"ADBE Vector Graphic - Stroke","hd":false,"cl":"primary"},{"ty":"tr","p":{"a":0,"k":[0,0],"ix":2},"a":{"a":0,"k":[0,0],"ix":1},"s":{"a":0,"k":[100,100],"ix":3},"r":{"a":0,"k":0,"ix":6},"o":{"a":0,"k":100,"ix":7},"sk":{"a":0,"k":0,"ix":4},"sa":{"a":0,"k":0,"ix":5},"nm":"Transform"}],"nm":"Rectangle 126","np":4,"cix":2,"bm":0,"ix":1,"mn":"ADBE Vector Group","hd":false},{"ty":"gr","it":[{"ind":0,"ty":"sh","ix":1,"ks":{"a":1,"k":[{"i":{"x":0.833,"y":1},"o":{"x":0.167,"y":0},"t":12,"s":[{"i":[[0,-80],[0,0],[0,0],[0,0],[0,70]],"o":[[0,80],[0,0],[0,0],[0,0],[0,-70]],"v":[[-117.5,15.5],[-117.5,186.5],[-17.5,96.5],[82.5,186.5],[82.5,15.5]],"c":false}]},{"i":{"x":0.667,"y":1},"o":{"x":0.333,"y":0},"t":33,"s":[{"i":[[0,-80],[0,0],[0,0],[0,0],[0,70]],"o":[[0,80],[0,0],[0,0],[0,0],[0,-70]],"v":[[-117.5,15.5],[-117.5,186.5],[-17.5,96.5],[82.5,186.5],[82.5,15.5]],"c":false}]},{"i":{"x":0.667,"y":1},"o":{"x":0.333,"y":0},"t":42.104,"s":[{"i":[[-1.788,-79.903],[0,0],[0,0],[0,0],[1.412,69.931]],"o":[[1.788,79.903],[0,0],[0,0],[0,0],[-1.412,-69.931]],"v":[[-117.5,15.5],[-106.203,191.364],[-13.239,95.728],[91.627,178.14],[82.5,15.5]],"c":false}]},{"i":{"x":0.833,"y":0.854},"o":{"x":0.333,"y":0},"t":50.068,"s":[{"i":[[13.192,-78.905],[0,0],[0,0],[0,0],[-5.212,78.939]],"o":[[-13.03,77.937],[0,0],[0,0],[0,0],[4.612,-69.848]],"v":[[-117.5,15.5],[-160.076,136.883],[-40.124,89.933],[25.398,201.872],[82.5,15.5]],"c":false}]},{"i":{"x":0.667,"y":1},"o":{"x":0.167,"y":0.146},"t":56,"s":[{"i":[[10.134,-78.993],[0,0],[0,0],[0,0],[-3.527,77.641]],"o":[[-9.995,78.16],[0,0],[0,0],[0,0],[3.011,-69.823]],"v":[[-117.5,15.5],[-137.51,105.047],[-34.071,90.33],[70.415,93.18],[82.5,15.5]],"c":false}]},{"i":{"x":0.667,"y":1},"o":{"x":0.333,"y":0},"t":69.414,"s":[{"i":[[-8.642,-79.532],[0,0],[0,0],[0,0],[6.823,69.667]],"o":[[8.642,79.532],[0,0],[0,0],[0,0],[-6.823,-69.667]],"v":[[-117.5,15.5],[-67.089,195.925],[3.095,92.769],[126.613,146.092],[82.5,15.5]],"c":false}]},{"i":{"x":0.667,"y":1},"o":{"x":0.333,"y":0},"t":86.611,"s":[{"i":[[5.654,-79.531],[0,0],[0,0],[0,0],[-2.234,73.831]],"o":[[-5.584,79.116],[0,0],[0,0],[0,0],[1.977,-69.935]],"v":[[-117.5,15.5],[-139.139,171.233],[-27.196,93.686],[58.028,193.088],[82.5,15.5]],"c":false}]},{"i":{"x":0.667,"y":1},"o":{"x":0.333,"y":0},"t":107.369,"s":[{"i":[[-1.788,-79.903],[0,0],[0,0],[0,0],[1.412,69.931]],"o":[[1.788,79.903],[0,0],[0,0],[0,0],[-1.412,-69.931]],"v":[[-117.5,15.5],[-106.203,191.364],[-13.239,95.728],[91.627,178.14],[82.5,15.5]],"c":false}]},{"t":120,"s":[{"i":[[0,-80],[0,0],[0,0],[0,0],[0,70]],"o":[[0,80],[0,0],[0,0],[0,0],[0,-70]],"v":[[-117.5,15.5],[-117.5,186.5],[-17.5,96.5],[82.5,186.5],[82.5,15.5]],"c":false}]}],"ix":2},"nm":"Path 1","mn":"ADBE Vector Shape - Group","hd":false},{"ty":"st","c":{"a":0,"k":[0.071,0.075,0.192,1],"ix":3,"x":"var $bm_rt;\n$bm_rt = comp('wired-outline-2620-bookmark-alt').layer('control').effect('primary')('Color');"},"o":{"a":0,"k":100,"ix":4},"w":{"a":0,"k":12,"ix":5,"x":"var $bm_rt;\n$bm_rt = $bm_mul($bm_div(value, 2), comp('wired-outline-2620-bookmark-alt').layer('control').effect('stroke')('Menu'));"},"lc":2,"lj":2,"bm":0,"nm":".primary","mn":"ADBE Vector Graphic - Stroke","hd":false,"cl":"primary"},{"ty":"tr","p":{"a":0,"k":[0,0],"ix":2},"a":{"a":0,"k":[0,0],"ix":1},"s":{"a":0,"k":[100,100],"ix":3},"r":{"a":0,"k":0,"ix":6},"o":{"a":0,"k":100,"ix":7},"sk":{"a":0,"k":0,"ix":4},"sa":{"a":0,"k":0,"ix":5},"nm":"Transform"}],"nm":"Rectangle 125","np":2,"cix":2,"bm":0,"ix":2,"mn":"ADBE Vector Group","hd":false},{"ty":"gr","it":[{"ind":0,"ty":"sh","ix":1,"ks":{"a":1,"k":[{"i":{"x":0.833,"y":0.833},"o":{"x":0.167,"y":0},"t":12,"s":[{"i":[[0,0],[0,0]],"o":[[0,0],[0,0]],"v":[[100,-23],[-100,-23]],"c":false}]},{"i":{"x":0.198,"y":1},"o":{"x":0.167,"y":0.167},"t":22,"s":[{"i":[[0,0],[0,0]],"o":[[0,0],[0,0]],"v":[[98.293,-7.27],[-96.918,-7.27]],"c":false}]},{"i":{"x":0.833,"y":0.854},"o":{"x":0.333,"y":0},"t":33,"s":[{"i":[[0,0],[0,0]],"o":[[0,0],[0,0]],"v":[[103.5,-3],[-90.5,-3]],"c":false}]},{"i":{"x":0.667,"y":1},"o":{"x":0.167,"y":0.146},"t":42.104,"s":[{"i":[[0,0],[0,0]],"o":[[0,0],[0,0]],"v":[[100,-23],[-97.085,-17.183]],"c":false}]},{"i":{"x":0.833,"y":0.833},"o":{"x":0.333,"y":0},"t":50.068,"s":[{"i":[[0,0],[0,0]],"o":[[0,0],[0,0]],"v":[[100,-23],[-98.5,-11.587]],"c":false}]},{"i":{"x":0.667,"y":1},"o":{"x":0.167,"y":0.167},"t":56,"s":[{"i":[[0,0],[0,0]],"o":[[0,0],[0,0]],"v":[[100,-23],[-98.558,-18.314]],"c":false}]},{"i":{"x":0.667,"y":1},"o":{"x":0.333,"y":0},"t":69.414,"s":[{"i":[[0,0],[0,0]],"o":[[0,0],[0,0]],"v":[[100,-23],[-98.759,-41.566]],"c":false}]},{"i":{"x":0.667,"y":1},"o":{"x":0.333,"y":0},"t":86.611,"s":[{"i":[[0,0],[0,0]],"o":[[0,0],[0,0]],"v":[[100,-23],[-99.357,-18.109]],"c":false}]},{"i":{"x":0.667,"y":1},"o":{"x":0.333,"y":0},"t":107.369,"s":[{"i":[[0,0],[0,0]],"o":[[0,0],[0,0]],"v":[[100,-23],[-99.736,-24.591]],"c":false}]},{"t":120,"s":[{"i":[[0,0],[0,0]],"o":[[0,0],[0,0]],"v":[[100,-23],[-100,-23]],"c":false}]}],"ix":2},"nm":"Path 1","mn":"ADBE Vector Shape - Group","hd":false},{"ind":1,"ty":"sh","ix":2,"ks":{"a":1,"k":[{"i":{"x":0.833,"y":1},"o":{"x":0.167,"y":0},"t":12,"s":[{"i":[[0,0],[0,0]],"o":[[0,0],[0,0]],"v":[[100,23],[-100,23]],"c":false}]},{"i":{"x":0.833,"y":0.854},"o":{"x":0.333,"y":0},"t":33,"s":[{"i":[[0,0],[0,0]],"o":[[0,0],[0,0]],"v":[[100,23],[-100,23]],"c":false}]},{"i":{"x":0.667,"y":1},"o":{"x":0.167,"y":0.146},"t":42.104,"s":[{"i":[[0,0],[0,0]],"o":[[0,0],[0,0]],"v":[[98.848,23.348],[-97.355,25.959]],"c":false}]},{"i":{"x":0.833,"y":0.833},"o":{"x":0.333,"y":0},"t":50.068,"s":[{"i":[[0,0],[0,0]],"o":[[0,0],[0,0]],"v":[[101.072,23.319],[-91.66,27.117]],"c":false}]},{"i":{"x":0.667,"y":1},"o":{"x":0.167,"y":0.167},"t":56,"s":[{"i":[[0,0],[0,0]],"o":[[0,0],[0,0]],"v":[[99.798,23.293],[-93.532,26.193]],"c":false}]},{"i":{"x":0.667,"y":1},"o":{"x":0.333,"y":0},"t":69.414,"s":[{"i":[[0,0],[0,0]],"o":[[0,0],[0,0]],"v":[[95.395,23.204],[-100,23]],"c":false}]},{"i":{"x":0.667,"y":1},"o":{"x":0.333,"y":0},"t":86.611,"s":[{"i":[[0,0],[0,0]],"o":[[0,0],[0,0]],"v":[[100.459,23.137],[-96.426,24.764]],"c":false}]},{"i":{"x":0.667,"y":1},"o":{"x":0.333,"y":0},"t":107.369,"s":[{"i":[[0,0],[0,0]],"o":[[0,0],[0,0]],"v":[[99.047,23.042],[-100,23]],"c":false}]},{"t":120,"s":[{"i":[[0,0],[0,0]],"o":[[0,0],[0,0]],"v":[[100,23],[-100,23]],"c":false}]}],"ix":2},"nm":"Path 2","mn":"ADBE Vector Shape - Group","hd":false},{"ty":"mm","mm":1,"nm":"Merge Paths 1","mn":"ADBE Vector Filter - Merge","hd":false},{"ty":"st","c":{"a":0,"k":[0.031,0.659,0.541,1],"ix":3,"x":"var $bm_rt;\n$bm_rt = comp('wired-outline-2620-bookmark-alt').layer('control').effect('secondary')('Color');"},"o":{"a":0,"k":100,"ix":4},"w":{"a":0,"k":12,"ix":5,"x":"var $bm_rt;\n$bm_rt = $bm_mul($bm_div(value, 2), comp('wired-outline-2620-bookmark-alt').layer('control').effect('stroke')('Menu'));"},"lc":2,"lj":2,"bm":0,"nm":".secondary","mn":"ADBE Vector Graphic - Stroke","hd":false,"cl":"secondary"},{"ty":"tr","p":{"a":0,"k":[-17.5,-95.5],"ix":2},"a":{"a":0,"k":[0,0],"ix":1},"s":{"a":0,"k":[100,100],"ix":3},"r":{"a":0,"k":0,"ix":6},"o":{"a":0,"k":100,"ix":7},"sk":{"a":0,"k":0,"ix":4},"sa":{"a":0,"k":0,"ix":5},"nm":"Transform"}],"nm":"Vector","np":4,"cix":2,"bm":0,"ix":3,"mn":"ADBE Vector Group","hd":false}],"ip":38,"op":1812,"st":12,"bm":0},{"ddd":0,"ind":4,"ty":4,"nm":"Rectangle 128","sr":1,"ks":{"o":{"a":0,"k":100,"ix":11},"r":{"a":0,"k":0,"ix":10},"p":{"a":0,"k":[120,100,0],"ix":2,"l":2},"a":{"a":0,"k":[0,0,0],"ix":1,"l":2},"s":{"a":0,"k":[100,100,100],"ix":6,"l":2}},"ao":0,"shapes":[{"ty":"gr","it":[{"ind":0,"ty":"sh","ix":1,"ks":{"a":1,"k":[{"i":{"x":0.833,"y":0.833},"o":{"x":0.167,"y":0.167},"t":12,"s":[{"i":[[0,0],[0,0],[0,0]],"o":[[0,0],[0,0],[0,-19.33]],"v":[[170,83],[56.5,83],[56.5,82.5]],"c":false}]},{"i":{"x":0.833,"y":0.833},"o":{"x":0.167,"y":0.167},"t":18,"s":[{"i":[[0,0],[0,0],[0,0]],"o":[[0,0],[0,0],[0,-19.33]],"v":[[170,57.154],[72.535,57.307],[72.57,55.713]],"c":false}]},{"i":{"x":0.833,"y":0.833},"o":{"x":0.167,"y":0.167},"t":21,"s":[{"i":[[0,0],[0,0],[0,0]],"o":[[0,0],[0,0],[0,-19.33]],"v":[[170,50.038],[72.676,50.145],[72.7,9.586]],"c":false}]},{"i":{"x":0.833,"y":0.833},"o":{"x":0.167,"y":0.167},"t":24,"s":[{"i":[[0,0],[0,0],[0,0]],"o":[[0,0],[0,0],[0,-19.33]],"v":[[170,45.372],[72.816,45.432],[72.83,-20.041]],"c":false}]},{"i":{"x":0.833,"y":0.833},"o":{"x":0.167,"y":0.167},"t":26,"s":[{"i":[[0,0],[0,0],[0,0]],"o":[[0,0],[0,0],[0,-19.33]],"v":[[170,43.511],[72.91,43.541],[72.917,-27.293]],"c":false}]},{"i":{"x":0.833,"y":0.833},"o":{"x":0.167,"y":0.167},"t":29,"s":[{"i":[[0,0],[0,0],[0,0]],"o":[[0,0],[0,0],[0,-19.33]],"v":[[170,41.226],[72.946,41.244],[72.95,-30.869]],"c":false}]},{"i":{"x":0.081,"y":1},"o":{"x":0.167,"y":0.167},"t":33,"s":[{"i":[[0,0],[0,0],[0,0]],"o":[[0,0],[0,0],[0,-19.33]],"v":[[170,39.347],[72.993,39.349],[72.994,-35.638]],"c":false}]},{"i":{"x":0.833,"y":0.833},"o":{"x":0.754,"y":0},"t":38,"s":[{"i":[[0,0],[0,0],[0,0]],"o":[[0,0],[0,0],[0,-19.33]],"v":[[170,39],[73,39],[73,-25.5]],"c":false}]},{"i":{"x":0.833,"y":0.833},"o":{"x":0.167,"y":0.167},"t":39,"s":[{"i":[[0,0],[0,0],[0,0]],"o":[[0,0],[0,0],[0,-19.33]],"v":[[170.006,39.012],[72.983,39.012],[72.965,-16.071]],"c":false}]},{"i":{"x":0.833,"y":0.833},"o":{"x":0.167,"y":0.167},"t":40,"s":[{"i":[[0,0],[0,0],[0,0]],"o":[[0,0],[0,0],[0,-19.33]],"v":[[170.033,39.072],[72.898,39.072],[72.896,-8.29]],"c":false}]},{"i":{"x":0.833,"y":0.833},"o":{"x":0.167,"y":0.167},"t":42,"s":[{"i":[[0,0],[0,0],[0,0]],"o":[[0,0],[0,0],[0,-19.33]],"v":[[170.193,39.423],[72.399,39.423],[72.389,16.857]],"c":false}]},{"i":{"x":0.833,"y":0.833},"o":{"x":0.167,"y":0.167},"t":43,"s":[{"i":[[0,0],[0,0],[0,0]],"o":[[0,0],[0,0],[0,-19.33]],"v":[[170.327,39.903],[71.983,39.903],[71.966,33.688]],"c":false}]},{"i":{"x":0.667,"y":1},"o":{"x":0.167,"y":0.167},"t":44,"s":[{"i":[[0,0],[0,0],[0,0]],"o":[[0,0],[0,0],[0,-19.33]],"v":[[171.126,40.21],[157.003,40.186],[156.974,40.203]],"c":false}]},{"t":69,"s":[{"i":[[0,0],[0,0],[0,0]],"o":[[0,0],[0,0],[0,-19.33]],"v":[[189,80.5],[14,80.5],[14,-25.5]],"c":false}]}],"ix":2},"nm":"Path 1","mn":"ADBE Vector Shape - Group","hd":false},{"ty":"st","c":{"a":0,"k":[0.071,0.075,0.192,1],"ix":3,"x":"var $bm_rt;\n$bm_rt = comp('wired-outline-2620-bookmark-alt').layer('control').effect('primary')('Color');"},"o":{"a":0,"k":100,"ix":4},"w":{"a":0,"k":12,"ix":5,"x":"var $bm_rt;\n$bm_rt = $bm_mul($bm_div(value, 2), comp('wired-outline-2620-bookmark-alt').layer('control').effect('stroke')('Menu'));"},"lc":2,"lj":2,"bm":0,"nm":".primary","mn":"ADBE Vector Graphic - Stroke","hd":false,"cl":"primary"},{"ty":"tr","p":{"a":0,"k":[0,0],"ix":2},"a":{"a":0,"k":[0,0],"ix":1},"s":{"a":0,"k":[100,100],"ix":3},"r":{"a":0,"k":0,"ix":6},"o":{"a":0,"k":100,"ix":7},"sk":{"a":0,"k":0,"ix":4},"sa":{"a":0,"k":0,"ix":5},"nm":"Transform"}],"nm":"Rectangle 127","np":2,"cix":2,"bm":0,"ix":1,"mn":"ADBE Vector Group","hd":false}],"ip":18,"op":45,"st":12,"bm":0},{"ddd":0,"ind":5,"ty":4,"nm":"Rectangle 127","sr":1,"ks":{"o":{"a":0,"k":100,"ix":11},"r":{"a":0,"k":0,"ix":10},"p":{"a":0,"k":[327,100,0],"ix":2,"l":2},"a":{"a":0,"k":[0,0,0],"ix":1,"l":2},"s":{"a":0,"k":[100,100,100],"ix":6,"l":2}},"ao":0,"hasMask":true,"masksProperties":[{"inv":false,"mode":"a","pt":{"a":1,"k":[{"i":{"x":0.833,"y":0.833},"o":{"x":0.167,"y":0.167},"t":12,"s":[{"i":[[0,0],[0,0],[0,0],[0,0]],"o":[[0,0],[0,0],[0,0],[0,0]],"v":[[69,80],[-152.57,80],[-152.57,135.43],[69,135.43]],"c":true}]},{"i":{"x":0.833,"y":0.833},"o":{"x":0.167,"y":0.167},"t":15,"s":[{"i":[[0,0],[0,0],[0,0],[0,0]],"o":[[0,0],[0,0],[0,0],[0,0]],"v":[[69,96],[-296.57,96],[-296.57,144.18],[69,144.18]],"c":true}]},{"i":{"x":0.833,"y":0.833},"o":{"x":0.167,"y":0.167},"t":21,"s":[{"i":[[0,0],[0,0],[0,0],[0,0]],"o":[[0,0],[0,0],[0,0],[0,0]],"v":[[69,11],[-331.57,10.68],[-331.57,161.359],[69,161.68]],"c":true}]},{"i":{"x":0.833,"y":0.833},"o":{"x":0.167,"y":0.167},"t":24,"s":[{"i":[[0,0],[0,0],[0,0],[0,0]],"o":[[0,0],[0,0],[0,0],[0,0]],"v":[[69,-24],[-152.57,-24],[-152.57,170.43],[69,170.43]],"c":true}]},{"i":{"x":0.833,"y":0.833},"o":{"x":0.167,"y":0.167},"t":28,"s":[{"i":[[0,0],[0,0],[0,0],[0,0]],"o":[[0,0],[0,0],[0,0],[0,0]],"v":[[80,-55.692],[-107.57,18.5],[-152.57,170.43],[69,170.43]],"c":true}]},{"i":{"x":0.833,"y":0.833},"o":{"x":0.167,"y":0.167},"t":32,"s":[{"i":[[0,0],[0,0],[0,0],[0,0]],"o":[[0,0],[0,0],[0,0],[0,0]],"v":[[69,-111.385],[-62.57,61],[-152.57,170.43],[69,170.43]],"c":true}]},{"i":{"x":0.833,"y":0.833},"o":{"x":0.167,"y":0.167},"t":33,"s":[{"i":[[0,0],[0,0],[0,0],[0,0]],"o":[[0,0],[0,0],[0,0],[0,0]],"v":[[70.8,-118.908],[-59.67,48.2],[-188.37,170.516],[69,170.43]],"c":true}]},{"i":{"x":0.833,"y":0.833},"o":{"x":0.167,"y":0.167},"t":35,"s":[{"i":[[0,0],[0,0],[0,0],[0,0]],"o":[[0,0],[0,0],[0,0],[0,0]],"v":[[53.4,-139.454],[-64.12,83.1],[-259.97,170.688],[69,170.43]],"c":true}]},{"i":{"x":0.833,"y":0.833},"o":{"x":0.167,"y":0.167},"t":36,"s":[{"i":[[0,0],[0,0],[0,0],[0,0]],"o":[[0,0],[0,0],[0,0],[0,0]],"v":[[62.163,-148.19],[-95.845,74.55],[-295.77,170.773],[69,170.43]],"c":true}]},{"i":{"x":0.833,"y":0.833},"o":{"x":0.167,"y":0.167},"t":37,"s":[{"i":[[0,0],[0,0],[0,0],[0,0]],"o":[[0,0],[0,0],[0,0],[0,0]],"v":[[78,-149],[-360.57,-128],[-331.57,170.859],[69,170.43]],"c":true}]},{"t":51,"s":[{"i":[[0,0],[0,0],[0,0],[0,0]],"o":[[0,0],[0,0],[0,0],[0,0]],"v":[[69,-166],[-152.57,-24],[-152.57,170.43],[69,170.43]],"c":true}]}],"ix":1},"o":{"a":0,"k":100,"ix":3},"x":{"a":0,"k":0,"ix":4},"nm":"Mask 1"}],"shapes":[{"ty":"gr","it":[{"ind":0,"ty":"sh","ix":1,"ks":{"a":1,"k":[{"i":{"x":0.115,"y":1},"o":{"x":0.167,"y":0.167},"t":12,"s":[{"i":[[0,0],[0,0],[0,0],[19.33,0]],"o":[[0,0],[0,0],[0,-19.33],[-19.33,0]],"v":[[-35,80],[35,80],[35,-35],[0,-70]],"c":false}]},{"i":{"x":0.667,"y":1},"o":{"x":0.697,"y":0},"t":38,"s":[{"i":[[0,0],[0,0],[0,0],[19.33,0]],"o":[[0,0],[0,0],[0,-19.33],[-19.33,0]],"v":[[-35,39],[35,39],[35,-35],[0,-70]],"c":false}]},{"i":{"x":0.667,"y":1},"o":{"x":0.333,"y":0},"t":69,"s":[{"i":[[0,0],[0,0],[0,0],[19.33,0]],"o":[[0,0],[0,0],[0,-19.33],[-19.33,0]],"v":[[-35,80],[35,80],[35,-35],[0,-70]],"c":false}]},{"i":{"x":0.667,"y":1},"o":{"x":0.333,"y":0},"t":90,"s":[{"i":[[0,0],[0,0],[0,0],[19.33,0]],"o":[[0,0],[0,0],[0,-19.33],[-19.33,0]],"v":[[-35,62],[35,62],[35,-35],[0,-70]],"c":false}]},{"t":116,"s":[{"i":[[0,0],[0,0],[0,0],[19.33,0]],"o":[[0,0],[0,0],[0,-19.33],[-19.33,0]],"v":[[-35,70],[35,70],[35,-35],[0,-70]],"c":false}]}],"ix":2},"nm":"Path 1","mn":"ADBE Vector Shape - Group","hd":false},{"ty":"tm","s":{"a":1,"k":[{"i":{"x":[0.667],"y":[1]},"o":{"x":[0.333],"y":[0]},"t":59,"s":[0]},{"i":{"x":[0.664],"y":[0.101]},"o":{"x":[0.296],"y":[0]},"t":69,"s":[6]},{"i":{"x":[0.812],"y":[0.885]},"o":{"x":[0.427],"y":[0.312]},"t":76,"s":[4.55]},{"t":82,"s":[0]}],"ix":1},"e":{"a":1,"k":[{"i":{"x":[0.667],"y":[1]},"o":{"x":[0.333],"y":[0]},"t":59,"s":[100]},{"i":{"x":[0.833],"y":[1]},"o":{"x":[0.333],"y":[0]},"t":69,"s":[100]},{"t":82,"s":[100]}],"ix":2},"o":{"a":0,"k":0,"ix":3},"m":1,"ix":2,"nm":"Trim Paths 1","mn":"ADBE Vector Filter - Trim","hd":false},{"ty":"st","c":{"a":0,"k":[0.071,0.075,0.192,1],"ix":3,"x":"var $bm_rt;\n$bm_rt = comp('wired-outline-2620-bookmark-alt').layer('control').effect('primary')('Color');"},"o":{"a":0,"k":100,"ix":4},"w":{"a":0,"k":12,"ix":5,"x":"var $bm_rt;\n$bm_rt = $bm_mul($bm_div(value, 2), comp('wired-outline-2620-bookmark-alt').layer('control').effect('stroke')('Menu'));"},"lc":2,"lj":2,"bm":0,"nm":".primary","mn":"ADBE Vector Graphic - Stroke","hd":false,"cl":"primary"},{"ty":"tr","p":{"a":0,"k":[0,0],"ix":2},"a":{"a":0,"k":[0,0],"ix":1},"s":{"a":0,"k":[100,100],"ix":3},"r":{"a":0,"k":0,"ix":6},"o":{"a":0,"k":100,"ix":7},"sk":{"a":0,"k":0,"ix":4},"sa":{"a":0,"k":0,"ix":5},"nm":"Transform"}],"nm":"Rectangle 127","np":3,"cix":2,"bm":0,"ix":1,"mn":"ADBE Vector Group","hd":false}],"ip":12,"op":1812,"st":12,"bm":0}]},{"id":"comp_1","nm":"hover-flutter","fr":60,"layers":[{"ddd":0,"ind":1,"ty":4,"nm":"top","sr":1,"ks":{"o":{"a":0,"k":100,"ix":11},"r":{"a":0,"k":0,"ix":10},"p":{"a":0,"k":[209.5,216.5,0],"ix":2,"l":2},"a":{"a":0,"k":[0,0,0],"ix":1,"l":2},"s":{"a":0,"k":[100,100,100],"ix":6,"l":2}},"ao":0,"shapes":[{"ty":"gr","it":[{"ind":0,"ty":"sh","ix":1,"ks":{"a":1,"k":[{"i":{"x":0.833,"y":0.833},"o":{"x":0.333,"y":0},"t":0,"s":[{"i":[[0,0],[0,29.5],[-17,0],[0,0],[0,-19.33],[0,0]],"o":[[0,0],[0,-18.5],[-25.5,0],[-19.33,0],[0,0],[0,0]],"v":[[82.5,-120.5],[82.5,-154],[117.5,-186.5],[-82.5,-186.5],[-117.5,-151.5],[-117.5,-120.5]],"c":false}]},{"i":{"x":0.833,"y":0.833},"o":{"x":0.167,"y":0.167},"t":21,"s":[{"i":[[0,0],[0,29.5],[-17,0],[0,0],[0,-19.33],[0,0]],"o":[[0,0],[0,-18.5],[-25.5,0],[-19.33,0],[0,0],[0,0]],"v":[[82.5,-120.5],[82.5,-154],[117.5,-186.5],[-82.5,-186.5],[-117.5,-151.5],[-117.5,-120.5]],"c":false}]},{"i":{"x":0.833,"y":0.833},"o":{"x":0.167,"y":0.167},"t":30,"s":[{"i":[[0,0],[-2,16.5],[-17,0],[0,0],[2,-20],[0,0]],"o":[[0,0],[2.226,-18.366],[-25.5,0],[-19.33,0],[0,0],[0,0]],"v":[[78,-120.5],[82.5,-154],[117.5,-186.5],[-82.5,-186.5],[-117.5,-151.5],[-122,-120.5]],"c":false}]},{"i":{"x":0.833,"y":0.833},"o":{"x":0.167,"y":0.167},"t":34,"s":[{"i":[[0,0],[-1.008,22.945],[-17,0],[0,0],[1.008,-19.668],[0,0]],"o":[[0,0],[1.122,-18.432],[-25.5,0],[-19.33,0],[0,0],[0,0]],"v":[[80.731,-120.5],[82.5,-154],[117.5,-186.5],[-82.5,-186.5],[-117.5,-151.5],[-119.019,-123]],"c":false}]},{"i":{"x":0.667,"y":1},"o":{"x":0.167,"y":0.167},"t":38.068,"s":[{"i":[[0,0],[0,29.5],[-17,0],[0,0],[0,-19.33],[0,0]],"o":[[0,0],[0,-18.5],[-25.5,0],[-19.33,0],[0,0],[0,0]],"v":[[82.5,-120.5],[82.5,-154],[117.5,-186.5],[-82.5,-186.5],[-117.5,-151.5],[-117.5,-120.5]],"c":false}]},{"i":{"x":0.667,"y":1},"o":{"x":0.333,"y":0},"t":44.896,"s":[{"i":[[0,0],[0,29.5],[-17,0],[0,0],[0,-19.33],[0,0]],"o":[[0,0],[0,-18.5],[-25.5,0],[-19.33,0],[0,0],[0,0]],"v":[[82.5,-109],[82.5,-154],[117.5,-186.5],[-82.5,-186.5],[-117.5,-151.5],[-116.75,-107]],"c":false}]},{"i":{"x":0.667,"y":1},"o":{"x":0.333,"y":0},"t":57.414,"s":[{"i":[[0,0],[-1,10],[-17,0],[0,0],[0,-19.33],[0,0]],"o":[[0,0],[1.841,-18.408],[-25.5,0],[-19.33,0],[0,0],[0,0]],"v":[[82.5,-134.5],[82.5,-154],[117.5,-186.5],[-82.5,-186.5],[-117.5,-151.5],[-117,-119.5]],"c":false}]},{"i":{"x":0.667,"y":1},"o":{"x":0.333,"y":0},"t":77.896,"s":[{"i":[[0,0],[0,29.5],[-17,0],[0,0],[0,-19.33],[0,0]],"o":[[0,0],[0,-18.5],[-25.5,0],[-19.33,0],[0,0],[0,0]],"v":[[82,-124],[82.5,-154],[117.5,-186.5],[-82.5,-186.5],[-117.5,-151.5],[-117.5,-129]],"c":false}]},{"i":{"x":0.667,"y":1},"o":{"x":0.333,"y":0},"t":104.07,"s":[{"i":[[0,0],[0,29.5],[-17,0],[0,0],[0,-19.33],[0,0]],"o":[[0,0],[0,-18.5],[-25.5,0],[-19.33,0],[0,0],[0,0]],"v":[[82.5,-120.5],[82.5,-154],[117.5,-186.5],[-82.5,-186.5],[-117.5,-151.5],[-117.5,-120.5]],"c":false}]},{"t":120,"s":[{"i":[[0,0],[0,29.5],[-17,0],[0,0],[0,-19.33],[0,0]],"o":[[0,0],[0,-18.5],[-25.5,0],[-19.33,0],[0,0],[0,0]],"v":[[82.5,-120.5],[82.5,-154],[117.5,-186.5],[-82.5,-186.5],[-117.5,-151.5],[-117.5,-120.5]],"c":false}]}],"ix":2},"nm":"Path 1","mn":"ADBE Vector Shape - Group","hd":false},{"ty":"st","c":{"a":0,"k":[0.071,0.075,0.192,1],"ix":3,"x":"var $bm_rt;\n$bm_rt = comp('wired-outline-2620-bookmark-alt').layer('control').effect('primary')('Color');"},"o":{"a":0,"k":100,"ix":4},"w":{"a":0,"k":12,"ix":5,"x":"var $bm_rt;\n$bm_rt = $bm_mul($bm_div(value, 2), comp('wired-outline-2620-bookmark-alt').layer('control').effect('stroke')('Menu'));"},"lc":2,"lj":2,"bm":0,"nm":".primary","mn":"ADBE Vector Graphic - Stroke","hd":false,"cl":"primary"},{"ty":"tr","p":{"a":0,"k":[0,0],"ix":2},"a":{"a":0,"k":[0,0],"ix":1},"s":{"a":0,"k":[100,100],"ix":3},"r":{"a":0,"k":0,"ix":6},"o":{"a":0,"k":100,"ix":7},"sk":{"a":0,"k":0,"ix":4},"sa":{"a":0,"k":0,"ix":5},"nm":"Transform"}],"nm":"Rectangle 125","np":2,"cix":2,"bm":0,"ix":1,"mn":"ADBE Vector Group","hd":false}],"ip":0,"op":1800,"st":0,"bm":0},{"ddd":0,"ind":2,"ty":4,"nm":"Rectangle 125","sr":1,"ks":{"o":{"a":0,"k":100,"ix":11},"r":{"a":1,"k":[{"i":{"x":[0.667],"y":[1]},"o":{"x":[0.333],"y":[0]},"t":21,"s":[0]},{"i":{"x":[0.667],"y":[1]},"o":{"x":[0.333],"y":[0]},"t":37.703,"s":[10]},{"i":{"x":[0.667],"y":[1]},"o":{"x":[0.333],"y":[0]},"t":57.193,"s":[-10]},{"i":{"x":[0.667],"y":[1]},"o":{"x":[0.333],"y":[0]},"t":78.074,"s":[5]},{"t":104.0703125,"s":[0]}],"ix":10},"p":{"a":1,"k":[{"i":{"x":0.23,"y":1},"o":{"x":0.333,"y":0},"t":0,"s":[192,92.5,0],"to":[0,0,0],"ti":[0,0,0]},{"i":{"x":0.667,"y":1},"o":{"x":0.333,"y":0},"t":21,"s":[192,22.5,0],"to":[0,0,0],"ti":[0,0,0]},{"i":{"x":0.667,"y":1},"o":{"x":0.333,"y":0},"t":45.268,"s":[192,112.5,0],"to":[0,0,0],"ti":[0,0,0]},{"i":{"x":0.667,"y":1},"o":{"x":0.333,"y":0},"t":68.33,"s":[192,82.5,0],"to":[0,0,0],"ti":[0,0,0]},{"t":90.4140625,"s":[192,92.5,0]}],"ix":2,"l":2},"a":{"a":0,"k":[-17.5,-124,0],"ix":1,"l":2},"s":{"a":0,"k":[100,100,100],"ix":6,"l":2}},"ao":0,"shapes":[{"ty":"gr","it":[{"ind":0,"ty":"sh","ix":1,"ks":{"a":1,"k":[{"i":{"x":0.09,"y":1},"o":{"x":0.333,"y":0},"t":0,"s":[{"i":[[0,70],[0,0]],"o":[[0,-70],[0,0]],"v":[[82.5,15.5],[82.5,-124]],"c":false}]},{"i":{"x":0.833,"y":0.854},"o":{"x":0.333,"y":0},"t":21,"s":[{"i":[[0,70],[0,0]],"o":[[0,-70],[0,0]],"v":[[82.5,15.5],[82.5,-124]],"c":false}]},{"i":{"x":0.667,"y":1},"o":{"x":0.167,"y":0.146},"t":30.104,"s":[{"i":[[-4.472,75.855],[0,0]],"o":[[-1.587,-69.382],[0,0]],"v":[[82.5,15.5],[83.73,-133.277]],"c":false}]},{"i":{"x":0.667,"y":1},"o":{"x":0.333,"y":0},"t":38.068,"s":[{"i":[[-8.132,80.646],[0,0]],"o":[[9.502,-94.23],[0,0]],"v":[[82.5,15.5],[81.118,-140.51]],"c":false}]},{"i":{"x":0.667,"y":1},"o":{"x":0.333,"y":0},"t":57.414,"s":[{"i":[[6.823,69.667],[0,0]],"o":[[-6.823,-69.667],[0,0]],"v":[[82.5,15.5],[83.398,-123.334]],"c":false}]},{"i":{"x":0.667,"y":1},"o":{"x":0.333,"y":0},"t":77.896,"s":[{"i":[[-3.485,74.563],[0,0]],"o":[[4.072,-80.384],[0,0]],"v":[[82.5,15.5],[81.908,-131.076]],"c":false}]},{"i":{"x":0.667,"y":1},"o":{"x":0.333,"y":0},"t":104.07,"s":[{"i":[[1.412,69.931],[0,0]],"o":[[-1.412,-69.931],[0,0]],"v":[[82.5,15.5],[82.686,-123.862]],"c":false}]},{"t":120,"s":[{"i":[[0,70],[0,0]],"o":[[0,-70],[0,0]],"v":[[82.5,15.5],[82.5,-124]],"c":false}]}],"ix":2},"nm":"Path 2","mn":"ADBE Vector Shape - Group","hd":false},{"ind":1,"ty":"sh","ix":2,"ks":{"a":1,"k":[{"i":{"x":0.09,"y":1},"o":{"x":0.333,"y":0},"t":0,"s":[{"i":[[0,80],[0,0]],"o":[[0,-80],[0,0]],"v":[[-117.5,15.5],[-117.5,-121.5]],"c":false}]},{"i":{"x":0.833,"y":0.854},"o":{"x":0.333,"y":0},"t":21,"s":[{"i":[[0,80],[0,0]],"o":[[0,-80],[0,0]],"v":[[-117.5,15.5],[-117.5,-121.5]],"c":false}]},{"i":{"x":0.667,"y":1},"o":{"x":0.167,"y":0.146},"t":30.104,"s":[{"i":[[2.094,78.779],[0,0]],"o":[[-2.13,-80.112],[0,0]],"v":[[-117.5,15.5],[-115.433,-112.835]],"c":false}]},{"i":{"x":0.667,"y":1},"o":{"x":0.333,"y":0},"t":38.068,"s":[{"i":[[-14.188,77.126],[0,0]],"o":[[14.089,-76.585],[0,0]],"v":[[-117.5,15.5],[-116,-110.087]],"c":false}]},{"i":{"x":0.667,"y":1},"o":{"x":0.333,"y":0},"t":57.414,"s":[{"i":[[8.642,79.532],[0,0]],"o":[[-8.642,-79.532],[0,0]],"v":[[-117.5,15.5],[-116.259,-140.066]],"c":false}]},{"i":{"x":0.667,"y":1},"o":{"x":0.333,"y":0},"t":77.896,"s":[{"i":[[-6.081,78.768],[0,0]],"o":[[6.038,-78.536],[0,0]],"v":[[-117.5,15.5],[-116.857,-116.609]],"c":false}]},{"i":{"x":0.667,"y":1},"o":{"x":0.333,"y":0},"t":104.07,"s":[{"i":[[1.788,79.903],[0,0]],"o":[[-1.788,-79.903],[0,0]],"v":[[-117.5,15.5],[-117.243,-125.341]],"c":false}]},{"t":120,"s":[{"i":[[0,80],[0,0]],"o":[[0,-80],[0,0]],"v":[[-117.5,15.5],[-117.5,-121.5]],"c":false}]}],"ix":2},"nm":"Path 3","mn":"ADBE Vector Shape - Group","hd":false},{"ty":"tm","s":{"a":0,"k":0,"ix":1},"e":{"a":1,"k":[{"i":{"x":[0.198],"y":[1]},"o":{"x":[0.333],"y":[0]},"t":0,"s":[100]},{"i":{"x":[0.833],"y":[0.833]},"o":{"x":[0.333],"y":[0]},"t":21,"s":[46]},{"t":38,"s":[100]}],"ix":2},"o":{"a":0,"k":0,"ix":3},"m":1,"ix":3,"nm":"Trim Paths 1","mn":"ADBE Vector Filter - Trim","hd":false},{"ty":"st","c":{"a":0,"k":[0.071,0.075,0.192,1],"ix":3,"x":"var $bm_rt;\n$bm_rt = comp('wired-outline-2620-bookmark-alt').layer('control').effect('primary')('Color');"},"o":{"a":0,"k":100,"ix":4},"w":{"a":0,"k":12,"ix":5,"x":"var $bm_rt;\n$bm_rt = $bm_mul($bm_div(value, 2), comp('wired-outline-2620-bookmark-alt').layer('control').effect('stroke')('Menu'));"},"lc":2,"lj":2,"bm":0,"nm":".primary","mn":"ADBE Vector Graphic - Stroke","hd":false,"cl":"primary"},{"ty":"tr","p":{"a":0,"k":[0,0],"ix":2},"a":{"a":0,"k":[0,0],"ix":1},"s":{"a":0,"k":[100,100],"ix":3},"r":{"a":0,"k":0,"ix":6},"o":{"a":0,"k":100,"ix":7},"sk":{"a":0,"k":0,"ix":4},"sa":{"a":0,"k":0,"ix":5},"nm":"Transform"}],"nm":"Rectangle 126","np":4,"cix":2,"bm":0,"ix":1,"mn":"ADBE Vector Group","hd":false},{"ty":"gr","it":[{"ind":0,"ty":"sh","ix":1,"ks":{"a":1,"k":[{"i":{"x":0.833,"y":1},"o":{"x":0.167,"y":0},"t":0,"s":[{"i":[[0,-80],[0,0],[0,0],[0,0],[0,70]],"o":[[0,80],[0,0],[0,0],[0,0],[0,-70]],"v":[[-117.5,15.5],[-117.5,186.5],[-17.5,96.5],[82.5,186.5],[82.5,15.5]],"c":false}]},{"i":{"x":0.667,"y":1},"o":{"x":0.333,"y":0},"t":21,"s":[{"i":[[0,-80],[0,0],[0,0],[0,0],[0,70]],"o":[[0,80],[0,0],[0,0],[0,0],[0,-70]],"v":[[-117.5,15.5],[-117.5,186.5],[-17.5,96.5],[82.5,186.5],[82.5,15.5]],"c":false}]},{"i":{"x":0.667,"y":1},"o":{"x":0.333,"y":0},"t":30.104,"s":[{"i":[[-1.788,-79.903],[0,0],[0,0],[0,0],[1.412,69.931]],"o":[[1.788,79.903],[0,0],[0,0],[0,0],[-1.412,-69.931]],"v":[[-117.5,15.5],[-106.203,191.364],[-13.239,95.728],[91.627,178.14],[82.5,15.5]],"c":false}]},{"i":{"x":0.833,"y":0.854},"o":{"x":0.333,"y":0},"t":38.068,"s":[{"i":[[13.192,-78.905],[0,0],[0,0],[0,0],[-5.212,78.939]],"o":[[-13.03,77.937],[0,0],[0,0],[0,0],[4.612,-69.848]],"v":[[-117.5,15.5],[-160.076,136.883],[-40.124,89.933],[25.398,201.872],[82.5,15.5]],"c":false}]},{"i":{"x":0.667,"y":1},"o":{"x":0.167,"y":0.146},"t":42.621,"s":[{"i":[[10.134,-78.993],[0,0],[0,0],[0,0],[-3.527,77.641]],"o":[[-9.995,78.16],[0,0],[0,0],[0,0],[3.011,-69.823]],"v":[[-117.5,15.5],[-153.275,159.158],[-34.071,90.33],[42.911,178.956],[82.5,15.5]],"c":false}]},{"i":{"x":0.667,"y":1},"o":{"x":0.333,"y":0},"t":57.414,"s":[{"i":[[-8.642,-79.532],[0,0],[0,0],[0,0],[6.823,69.667]],"o":[[8.642,79.532],[0,0],[0,0],[0,0],[-6.823,-69.667]],"v":[[-117.5,15.5],[-67.089,195.925],[3.095,92.769],[126.613,146.092],[82.5,15.5]],"c":false}]},{"i":{"x":0.667,"y":1},"o":{"x":0.333,"y":0},"t":77.896,"s":[{"i":[[5.654,-79.531],[0,0],[0,0],[0,0],[-2.234,73.831]],"o":[[-5.584,79.116],[0,0],[0,0],[0,0],[1.977,-69.935]],"v":[[-117.5,15.5],[-139.139,171.233],[-27.196,93.686],[58.028,193.088],[82.5,15.5]],"c":false}]},{"i":{"x":0.667,"y":1},"o":{"x":0.333,"y":0},"t":104.07,"s":[{"i":[[-1.788,-79.903],[0,0],[0,0],[0,0],[1.412,69.931]],"o":[[1.788,79.903],[0,0],[0,0],[0,0],[-1.412,-69.931]],"v":[[-117.5,15.5],[-106.203,191.364],[-13.239,95.728],[91.627,178.14],[82.5,15.5]],"c":false}]},{"t":120,"s":[{"i":[[0,-80],[0,0],[0,0],[0,0],[0,70]],"o":[[0,80],[0,0],[0,0],[0,0],[0,-70]],"v":[[-117.5,15.5],[-117.5,186.5],[-17.5,96.5],[82.5,186.5],[82.5,15.5]],"c":false}]}],"ix":2},"nm":"Path 1","mn":"ADBE Vector Shape - Group","hd":false},{"ty":"st","c":{"a":0,"k":[0.071,0.075,0.192,1],"ix":3,"x":"var $bm_rt;\n$bm_rt = comp('wired-outline-2620-bookmark-alt').layer('control').effect('primary')('Color');"},"o":{"a":0,"k":100,"ix":4},"w":{"a":0,"k":12,"ix":5,"x":"var $bm_rt;\n$bm_rt = $bm_mul($bm_div(value, 2), comp('wired-outline-2620-bookmark-alt').layer('control').effect('stroke')('Menu'));"},"lc":2,"lj":2,"bm":0,"nm":".primary","mn":"ADBE Vector Graphic - Stroke","hd":false,"cl":"primary"},{"ty":"tr","p":{"a":0,"k":[0,0],"ix":2},"a":{"a":0,"k":[0,0],"ix":1},"s":{"a":0,"k":[100,100],"ix":3},"r":{"a":0,"k":0,"ix":6},"o":{"a":0,"k":100,"ix":7},"sk":{"a":0,"k":0,"ix":4},"sa":{"a":0,"k":0,"ix":5},"nm":"Transform"}],"nm":"Rectangle 125","np":2,"cix":2,"bm":0,"ix":2,"mn":"ADBE Vector Group","hd":false},{"ty":"gr","it":[{"ind":0,"ty":"sh","ix":1,"ks":{"a":1,"k":[{"i":{"x":0.833,"y":0.833},"o":{"x":0.167,"y":0},"t":0,"s":[{"i":[[0,0],[0,0]],"o":[[0,0],[0,0]],"v":[[100,-23],[-100,-23]],"c":false}]},{"i":{"x":0.198,"y":1},"o":{"x":0.167,"y":0.167},"t":10,"s":[{"i":[[0,0],[0,0]],"o":[[0,0],[0,0]],"v":[[98.293,-7.27],[-96.918,-7.27]],"c":false}]},{"i":{"x":0.833,"y":0.854},"o":{"x":0.333,"y":0},"t":21,"s":[{"i":[[0,0],[0,0]],"o":[[0,0],[0,0]],"v":[[103.5,-3],[-90.5,-3]],"c":false}]},{"i":{"x":0.667,"y":1},"o":{"x":0.167,"y":0.146},"t":30.104,"s":[{"i":[[0,0],[0,0]],"o":[[0,0],[0,0]],"v":[[100,-23],[-97.085,-17.183]],"c":false}]},{"i":{"x":0.667,"y":1},"o":{"x":0.333,"y":0},"t":38.068,"s":[{"i":[[0,0],[0,0]],"o":[[0,0],[0,0]],"v":[[100,-23],[-98.5,-11.587]],"c":false}]},{"i":{"x":0.667,"y":1},"o":{"x":0.333,"y":0},"t":57.414,"s":[{"i":[[0,0],[0,0]],"o":[[0,0],[0,0]],"v":[[100,-23],[-98.759,-41.566]],"c":false}]},{"i":{"x":0.667,"y":1},"o":{"x":0.333,"y":0},"t":77.896,"s":[{"i":[[0,0],[0,0]],"o":[[0,0],[0,0]],"v":[[100,-23],[-99.357,-18.109]],"c":false}]},{"i":{"x":0.667,"y":1},"o":{"x":0.333,"y":0},"t":104.07,"s":[{"i":[[0,0],[0,0]],"o":[[0,0],[0,0]],"v":[[100,-23],[-99.736,-24.591]],"c":false}]},{"t":120,"s":[{"i":[[0,0],[0,0]],"o":[[0,0],[0,0]],"v":[[100,-23],[-100,-23]],"c":false}]}],"ix":2},"nm":"Path 1","mn":"ADBE Vector Shape - Group","hd":false},{"ind":1,"ty":"sh","ix":2,"ks":{"a":1,"k":[{"i":{"x":0.833,"y":1},"o":{"x":0.167,"y":0},"t":0,"s":[{"i":[[0,0],[0,0]],"o":[[0,0],[0,0]],"v":[[100,23],[-100,23]],"c":false}]},{"i":{"x":0.833,"y":0.854},"o":{"x":0.333,"y":0},"t":21,"s":[{"i":[[0,0],[0,0]],"o":[[0,0],[0,0]],"v":[[100,23],[-100,23]],"c":false}]},{"i":{"x":0.667,"y":1},"o":{"x":0.167,"y":0.146},"t":30.104,"s":[{"i":[[0,0],[0,0]],"o":[[0,0],[0,0]],"v":[[98.848,23.348],[-97.355,25.959]],"c":false}]},{"i":{"x":0.667,"y":1},"o":{"x":0.333,"y":0},"t":38.068,"s":[{"i":[[0,0],[0,0]],"o":[[0,0],[0,0]],"v":[[101.072,23.319],[-91.66,27.117]],"c":false}]},{"i":{"x":0.667,"y":1},"o":{"x":0.333,"y":0},"t":57.414,"s":[{"i":[[0,0],[0,0]],"o":[[0,0],[0,0]],"v":[[95.395,23.204],[-100,23]],"c":false}]},{"i":{"x":0.667,"y":1},"o":{"x":0.333,"y":0},"t":77.896,"s":[{"i":[[0,0],[0,0]],"o":[[0,0],[0,0]],"v":[[100.459,23.137],[-96.426,24.764]],"c":false}]},{"i":{"x":0.667,"y":1},"o":{"x":0.333,"y":0},"t":104.07,"s":[{"i":[[0,0],[0,0]],"o":[[0,0],[0,0]],"v":[[99.047,23.042],[-100,23]],"c":false}]},{"t":120,"s":[{"i":[[0,0],[0,0]],"o":[[0,0],[0,0]],"v":[[100,23],[-100,23]],"c":false}]}],"ix":2},"nm":"Path 2","mn":"ADBE Vector Shape - Group","hd":false},{"ty":"mm","mm":1,"nm":"Merge Paths 1","mn":"ADBE Vector Filter - Merge","hd":false},{"ty":"st","c":{"a":0,"k":[0.031,0.659,0.541,1],"ix":3,"x":"var $bm_rt;\n$bm_rt = comp('wired-outline-2620-bookmark-alt').layer('control').effect('secondary')('Color');"},"o":{"a":0,"k":100,"ix":4},"w":{"a":0,"k":12,"ix":5,"x":"var $bm_rt;\n$bm_rt = $bm_mul($bm_div(value, 2), comp('wired-outline-2620-bookmark-alt').layer('control').effect('stroke')('Menu'));"},"lc":2,"lj":2,"bm":0,"nm":".secondary","mn":"ADBE Vector Graphic - Stroke","hd":false,"cl":"secondary"},{"ty":"tr","p":{"a":0,"k":[-17.5,-95.5],"ix":2},"a":{"a":0,"k":[0,0],"ix":1},"s":{"a":0,"k":[100,100],"ix":3},"r":{"a":0,"k":0,"ix":6},"o":{"a":0,"k":100,"ix":7},"sk":{"a":0,"k":0,"ix":4},"sa":{"a":0,"k":0,"ix":5},"nm":"Transform"}],"nm":"Vector","np":4,"cix":2,"bm":0,"ix":3,"mn":"ADBE Vector Group","hd":false}],"ip":0,"op":1800,"st":0,"bm":0},{"ddd":0,"ind":3,"ty":4,"nm":"Rectangle 127","sr":1,"ks":{"o":{"a":0,"k":100,"ix":11},"r":{"a":0,"k":0,"ix":10},"p":{"a":0,"k":[327,100,0],"ix":2,"l":2},"a":{"a":0,"k":[0,0,0],"ix":1,"l":2},"s":{"a":0,"k":[100,100,100],"ix":6,"l":2}},"ao":0,"shapes":[{"ty":"gr","it":[{"ind":0,"ty":"sh","ix":1,"ks":{"a":1,"k":[{"i":{"x":0.078,"y":1},"o":{"x":0.333,"y":0},"t":0,"s":[{"i":[[0,0],[0,0],[0,0],[19.33,0]],"o":[[0,0],[0,0],[0,-19.33],[-19.33,0]],"v":[[-35,70],[35,70],[35,-35],[0,-70]],"c":false}]},{"i":{"x":0.833,"y":0.833},"o":{"x":0.333,"y":0},"t":21,"s":[{"i":[[0,0],[0,0],[0,0],[19.33,0]],"o":[[0,0],[0,0],[0,-19.33],[-19.33,0]],"v":[[-35,117.5],[35,117.5],[35,-35],[0,-70]],"c":false}]},{"i":{"x":0.667,"y":1},"o":{"x":0.167,"y":0.167},"t":31,"s":[{"i":[[0,0],[0,0],[0,0],[19.33,0]],"o":[[0,0],[0,0],[0,-19.33],[-19.33,0]],"v":[[-46,67.936],[35,67.968],[35,-35],[0,-70]],"c":false}]},{"i":{"x":0.667,"y":1},"o":{"x":0.333,"y":0},"t":38,"s":[{"i":[[0,0],[0,0],[0,0],[19.33,0]],"o":[[0,0],[0,0],[0,-19.33],[-19.33,0]],"v":[[-35,39],[35,39],[35,-35],[0,-70]],"c":false}]},{"i":{"x":0.667,"y":1},"o":{"x":0.333,"y":0},"t":57,"s":[{"i":[[0,0],[0,0],[0,0],[19.33,0]],"o":[[0,0],[0,0],[0,-19.33],[-19.33,0]],"v":[[-35,80],[35,80],[35,-35],[0,-70]],"c":false}]},{"i":{"x":0.667,"y":1},"o":{"x":0.333,"y":0},"t":78,"s":[{"i":[[0,0],[0,0],[0,0],[19.33,0]],"o":[[0,0],[0,0],[0,-19.33],[-19.33,0]],"v":[[-35,62],[35,62],[35,-35],[0,-70]],"c":false}]},{"t":104,"s":[{"i":[[0,0],[0,0],[0,0],[19.33,0]],"o":[[0,0],[0,0],[0,-19.33],[-19.33,0]],"v":[[-35,70],[35,70],[35,-35],[0,-70]],"c":false}]}],"ix":2},"nm":"Path 1","mn":"ADBE Vector Shape - Group","hd":false},{"ty":"tm","s":{"a":1,"k":[{"i":{"x":[0.667],"y":[1]},"o":{"x":[0.333],"y":[0]},"t":47,"s":[0]},{"i":{"x":[0.664],"y":[0.101]},"o":{"x":[0.296],"y":[0]},"t":57,"s":[6]},{"i":{"x":[0.812],"y":[0.885]},"o":{"x":[0.427],"y":[0.312]},"t":64,"s":[4.55]},{"t":70,"s":[0]}],"ix":1},"e":{"a":1,"k":[{"i":{"x":[0.667],"y":[1]},"o":{"x":[0.333],"y":[0]},"t":47,"s":[100]},{"i":{"x":[0.833],"y":[1]},"o":{"x":[0.333],"y":[0]},"t":57,"s":[100]},{"t":70,"s":[100]}],"ix":2},"o":{"a":0,"k":0,"ix":3},"m":1,"ix":2,"nm":"Trim Paths 1","mn":"ADBE Vector Filter - Trim","hd":false},{"ty":"st","c":{"a":0,"k":[0.071,0.075,0.192,1],"ix":3,"x":"var $bm_rt;\n$bm_rt = comp('wired-outline-2620-bookmark-alt').layer('control').effect('primary')('Color');"},"o":{"a":0,"k":100,"ix":4},"w":{"a":0,"k":12,"ix":5,"x":"var $bm_rt;\n$bm_rt = $bm_mul($bm_div(value, 2), comp('wired-outline-2620-bookmark-alt').layer('control').effect('stroke')('Menu'));"},"lc":2,"lj":2,"bm":0,"nm":".primary","mn":"ADBE Vector Graphic - Stroke","hd":false,"cl":"primary"},{"ty":"tr","p":{"a":0,"k":[0,0],"ix":2},"a":{"a":0,"k":[0,0],"ix":1},"s":{"a":0,"k":[100,100],"ix":3},"r":{"a":0,"k":0,"ix":6},"o":{"a":0,"k":100,"ix":7},"sk":{"a":0,"k":0,"ix":4},"sa":{"a":0,"k":0,"ix":5},"nm":"Transform"}],"nm":"Rectangle 127","np":3,"cix":2,"bm":0,"ix":1,"mn":"ADBE Vector Group","hd":false}],"ip":0,"op":1800,"st":0,"bm":0}]}],"layers":[{"ddd":0,"ind":1,"ty":3,"nm":"control","sr":1,"ks":{"o":{"a":0,"k":0,"ix":11},"r":{"a":0,"k":0,"ix":10},"p":{"a":0,"k":[0,0],"ix":2,"l":2},"a":{"a":0,"k":[0,0,0],"ix":1,"l":2},"s":{"a":0,"k":[100,100,100],"ix":6,"l":2}},"ao":0,"ef":[{"ty":5,"nm":"stroke","np":3,"mn":"Pseudo/@@LkMah3ZNQnajE/RkYw/TNw","ix":1,"en":1,"ef":[{"ty":7,"nm":"Menu","mn":"Pseudo/@@LkMah3ZNQnajE/RkYw/TNw-0001","ix":1,"v":{"a":0,"k":2,"ix":1}}]},{"ty":5,"nm":"primary","np":3,"mn":"ADBE Color Control","ix":2,"en":1,"ef":[{"ty":2,"nm":"Color","mn":"ADBE Color Control-0001","ix":1,"v":{"a":0,"k":[0.071,0.075,0.192],"ix":1}}]},{"ty":5,"nm":"secondary","np":3,"mn":"ADBE Color Control","ix":3,"en":1,"ef":[{"ty":2,"nm":"Color","mn":"ADBE Color Control-0001","ix":1,"v":{"a":0,"k":[0.031,0.659,0.541],"ix":1}}]}],"ip":0,"op":251,"st":0,"bm":0},{"ddd":0,"ind":2,"ty":0,"nm":"in-reveal","refId":"comp_0","sr":1,"ks":{"o":{"a":0,"k":100,"ix":11},"r":{"a":0,"k":0,"ix":10},"p":{"a":0,"k":[215,215,0],"ix":2,"l":2},"a":{"a":0,"k":[215,215,0],"ix":1,"l":2},"s":{"a":0,"k":[100,100,100],"ix":6,"l":2}},"ao":0,"w":430,"h":430,"ip":0,"op":130,"st":0,"bm":0},{"ddd":0,"ind":3,"ty":0,"nm":"hover-flutter","refId":"comp_1","sr":1,"ks":{"o":{"a":0,"k":100,"ix":11},"r":{"a":0,"k":0,"ix":10},"p":{"a":0,"k":[215,215,0],"ix":2,"l":2},"a":{"a":0,"k":[215,215,0],"ix":1,"l":2},"s":{"a":0,"k":[100,100,100],"ix":6,"l":2}},"ao":0,"w":430,"h":430,"ip":130,"op":260,"st":130,"bm":0}],"markers":[{"tm":0,"cm":"in-reveal","dr":120},{"tm":130,"cm":"default:hover-flutter","dr":120}]}