{"v":"5.8.1","fr":60,"ip":100,"op":250,"w":430,"h":430,"nm":"wired-outline-1672-pinecone-italian-hand","ddd":0,"assets":[{"id":"comp_0","nm":"in-reveal","fr":60,"layers":[{"ddd":0,"ind":1,"ty":0,"nm":"hand","refId":"comp_1","sr":1,"ks":{"o":{"a":0,"k":100,"ix":11},"r":{"a":1,"k":[{"i":{"x":[0.22],"y":[1]},"o":{"x":[0.167],"y":[0.167]},"t":1,"s":[17]},{"t":77,"s":[0]}],"ix":10},"p":{"a":1,"k":[{"i":{"x":0.22,"y":1},"o":{"x":0.167,"y":0.167},"t":1,"s":[66,267,0],"to":[0,0,0],"ti":[0,0,0]},{"t":90,"s":[66,297,0]}],"ix":2,"l":2},"a":{"a":0,"k":[66,297,0],"ix":1,"l":2},"s":{"a":0,"k":[100,100,100],"ix":6,"l":2}},"ao":0,"tm":{"a":1,"k":[{"i":{"x":[0.2],"y":[1]},"o":{"x":[0.167],"y":[0.167]},"t":1,"s":[0]},{"i":{"x":[0.833],"y":[0.833]},"o":{"x":[0.167],"y":[0.167]},"t":90,"s":[1.483]},{"t":844,"s":[14.05]}],"ix":2},"w":430,"h":430,"ip":1,"op":845,"st":1,"bm":0}]},{"id":"comp_1","nm":"hand","fr":60,"layers":[{"ddd":0,"ind":1,"ty":4,"nm":"outline 2","sr":1,"ks":{"o":{"a":0,"k":100,"ix":11},"r":{"a":0,"k":0,"ix":10},"p":{"a":0,"k":[94.911,287.642,0],"ix":2,"l":2},"a":{"a":0,"k":[0,0,0],"ix":1,"l":2},"s":{"a":0,"k":[100,100,100],"ix":6,"l":2}},"ao":0,"shapes":[{"ty":"gr","it":[{"ind":0,"ty":"sh","ix":1,"ks":{"a":1,"k":[{"i":{"x":0.833,"y":0.833},"o":{"x":0.167,"y":0.167},"t":0,"s":[{"i":[[0,0],[0,0],[0,0],[0,0]],"o":[[0,0],[0,0],[0,0],[0,0]],"v":[[-26.687,-50.408],[-26.687,72.477],[-26.313,72.835],[-26.813,-50.358]],"c":true}]},{"i":{"x":0.833,"y":0.833},"o":{"x":0.167,"y":0.167},"t":7,"s":[{"i":[[0,0],[0,0],[0,0],[0,0]],"o":[[0,0],[0,0],[0,0],[0,0]],"v":[[-26.687,-50.408],[-26.687,72.477],[0.187,72.597],[0.187,-72.358]],"c":true}]},{"i":{"x":0.833,"y":0.833},"o":{"x":0.167,"y":0.167},"t":14,"s":[{"i":[[0,0],[0,0],[0,0],[0,0]],"o":[[0,0],[0,0],[0,0],[0,0]],"v":[[-26.687,-50.408],[-26.687,72.477],[26.687,72.477],[26.687,-72.477]],"c":true}]},{"t":89,"s":[{"i":[[0,0],[0,0],[0,0],[0,0]],"o":[[0,0],[0,0],[0,0],[0,0]],"v":[[-26.687,-50.408],[-26.687,72.477],[26.687,72.477],[26.687,-72.477]],"c":true}]}],"ix":2},"nm":"Path 1","mn":"ADBE Vector Shape - Group","hd":false},{"ty":"st","c":{"a":0,"k":[0.031,0.659,0.541,1],"ix":3,"x":"var $bm_rt;\n$bm_rt = comp('wired-outline-1672-pinecone-italian-hand').layer('control').effect('secondary')('Color');"},"o":{"a":0,"k":100,"ix":4},"w":{"a":0,"k":12.04,"ix":5,"x":"var $bm_rt;\n$bm_rt = $bm_mul($bm_div(value, 2), comp('wired-outline-1672-pinecone-italian-hand').layer('control').effect('stroke')('Menu'));"},"lc":2,"lj":2,"bm":0,"nm":".secondary","mn":"ADBE Vector Graphic - Stroke","hd":false,"cl":"secondary"},{"ty":"tr","p":{"a":0,"k":[0,0],"ix":2},"a":{"a":0,"k":[0,0],"ix":1},"s":{"a":0,"k":[100,100],"ix":3},"r":{"a":0,"k":0,"ix":6},"o":{"a":0,"k":100,"ix":7},"sk":{"a":0,"k":0,"ix":4},"sa":{"a":0,"k":0,"ix":5},"nm":"Transform"}],"nm":"Group 1","np":2,"cix":2,"bm":0,"ix":1,"mn":"ADBE Vector Group","hd":false}],"ip":0,"op":843,"st":-1,"bm":0},{"ddd":0,"ind":2,"ty":4,"nm":"outline","parent":1,"sr":1,"ks":{"o":{"a":0,"k":100,"ix":11},"r":{"a":0,"k":0,"ix":10},"p":{"a":0,"k":[145.503,-92.562,0],"ix":2,"l":2},"a":{"a":0,"k":[275.414,230.08,0],"ix":1,"l":2},"s":{"a":0,"k":[100,100,100],"ix":6,"l":2}},"ao":0,"shapes":[{"ty":"gr","it":[{"ind":0,"ty":"sh","ix":1,"ks":{"a":1,"k":[{"i":{"x":0.833,"y":0.833},"o":{"x":0.167,"y":0.167},"t":0,"s":[{"i":[[0,0],[0,0],[-0.18,0.302],[0,0],[-0.368,15.465],[0,0],[5.794,0.436],[0,0],[0,0],[0.268,-0.033],[0,0]],"o":[[0,0],[-0.106,0.331],[0,0],[16.884,-2.945],[0,0],[0.138,-5.809],[0,0],[0,0],[-0.268,0.032],[-0.982,0.122],[0,0]],"v":[[-154.075,123.532],[-153.412,123.566],[-153.338,123.219],[-154.473,123.48],[-127.097,95.034],[-127.141,94.062],[-137.602,81.029],[-138.071,81.22],[-138.063,81.018],[-138.036,81.041],[-151.46,81.13]],"c":false}]},{"i":{"x":0.833,"y":0.833},"o":{"x":0.167,"y":0.167},"t":6,"s":[{"i":[[0,0],[0,0],[-0.18,0.302],[0,0],[-0.368,15.465],[0,0],[5.794,0.436],[0,0],[0,0],[0.268,-0.033],[0,0]],"o":[[0,0],[-0.106,0.331],[0,0],[16.884,-2.945],[0,0],[0.138,-5.809],[0,0],[0,0],[-0.268,0.032],[-0.982,0.122],[0,0]],"v":[[-109.825,123.032],[-109.162,123.066],[-109.088,122.719],[-110.223,122.98],[-78.597,89.034],[-78.641,88.062],[-89.102,75.029],[-89.571,75.22],[-89.563,75.018],[-89.536,75.041],[-127.71,76.26]],"c":false}]},{"i":{"x":0.833,"y":0.833},"o":{"x":0.167,"y":0.167},"t":13,"s":[{"i":[[0,0],[0,0],[-0.18,0.302],[0,0],[-0.368,15.465],[0,0],[5.794,0.436],[0,0],[0,0],[0.268,-0.033],[0,0]],"o":[[0,0],[-0.106,0.331],[0,0],[16.884,-2.945],[0,0],[0.138,-5.809],[0,0],[0,0],[-0.268,0.032],[-0.982,0.122],[0,0]],"v":[[-47.364,117.916],[-46.701,117.95],[-46.627,117.604],[-47.761,117.865],[-19.905,89.034],[-19.949,88.062],[-30.41,75.029],[-30.879,75.22],[-30.871,75.018],[-30.844,75.041],[-74.018,76.38]],"c":false}]},{"i":{"x":0.833,"y":0.833},"o":{"x":0.167,"y":0.167},"t":19,"s":[{"i":[[0,0],[0,0],[-0.18,0.302],[0,0],[-0.368,15.465],[0,0],[5.794,0.436],[0,0],[0,0],[0.268,-0.033],[0,0]],"o":[[0,0],[-0.106,0.331],[0,0],[16.884,-2.945],[0,0],[0.138,-5.809],[0,0],[0,0],[-0.268,0.032],[-0.982,0.122],[0,0]],"v":[[-20.825,113.532],[-20.162,113.566],[-20.088,113.219],[-21.223,113.48],[3.403,89.034],[3.359,88.062],[-7.102,75.029],[-7.571,75.22],[-7.563,75.018],[-7.536,75.041],[-50.71,76.38]],"c":false}]},{"i":{"x":0.833,"y":0.833},"o":{"x":0.167,"y":0.167},"t":35,"s":[{"i":[[0,0],[0.006,-0.022],[-0.008,0.006],[0,0],[9.166,10.281],[0,0],[4.412,-3.76],[0,0],[0,0],[1.149,-0.729],[0,0]],"o":[[-0.002,0.023],[-0.003,0.01],[26.445,-22.092],[10.15,-13.811],[0,0],[-3.443,-3.861],[0,0],[0,0],[0.523,-0.865],[-30.94,19.628],[0,0]],"v":[[14.821,109.703],[14.814,109.771],[14.811,109.741],[39.02,86.724],[41.006,47.424],[40.382,46.825],[24.949,45.675],[13.066,53.268],[0.752,61.121],[1.047,60.269],[-50.6,75.629]],"c":false}]},{"i":{"x":0.833,"y":0.833},"o":{"x":0.167,"y":0.167},"t":40,"s":[{"i":[[0,0],[0.005,-0.022],[-0.007,0.007],[0,0],[10.422,7.853],[0,0],[3.402,-4.311],[0,0],[0,0],[1.151,-0.726],[0,0]],"o":[[-0.001,0.023],[-0.002,0.01],[22.099,-23.097],[6.871,-14.713],[0,0],[-3.915,-2.949],[0,0],[0,0],[0.325,-0.901],[-29.322,18.519],[0,0]],"v":[[21.344,110.92],[21.341,110.989],[21.336,110.959],[43.839,73.432],[38.399,36.551],[37.708,36.109],[23.157,37.902],[13.524,47.16],[3.538,56.738],[3.655,55.892],[-50.6,75.629]],"c":false}]},{"i":{"x":0.833,"y":0.833},"o":{"x":0.167,"y":0.167},"t":42,"s":[{"i":[[0,0],[0.004,-0.022],[-0.007,0.008],[0,0],[10.925,6.881],[0,0],[2.998,-4.531],[0,0],[0,0],[1.152,-0.725],[0,0]],"o":[[0,0.023],[-0.002,0.01],[20.36,-23.499],[5.559,-15.074],[0,0],[-4.103,-2.585],[0,0],[0,0],[0.246,-0.915],[-28.675,18.076],[0,0]],"v":[[28.503,103.357],[28.502,103.426],[28.496,103.396],[45.767,68.115],[37.357,32.201],[36.639,31.823],[22.44,34.793],[13.707,44.716],[4.653,54.985],[4.698,54.141],[-50.6,75.629]],"c":false}]},{"i":{"x":0.833,"y":0.833},"o":{"x":0.167,"y":0.167},"t":53,"s":[{"i":[[0,0],[0.002,-0.023],[-0.007,0.008],[0,0],[13.543,2.51],[0,0],[1.184,-5.674],[0,0],[0,0],[1.204,-0.635],[0,0]],"o":[[0.001,0.023],[-0.001,0.01],[22.317,-26.256],[-0.438,-17.134],[0,0],[-5.087,-0.943],[0,0],[0,0],[-0.117,-1.004],[-26.164,13.81],[0,0]],"v":[[32.182,91.014],[32.187,91.082],[32.178,91.053],[51.55,50.564],[29.044,18.286],[28.184,18.194],[15.281,26.739],[10.541,40.02],[5.619,53.771],[5.33,52.917],[-50.6,75.629]],"c":false}]},{"t":89,"s":[{"i":[[0,0],[0,0],[-1.945,17.091],[0,0],[15.11,3.317],[0,0],[1.535,-5.604],[0,0],[0,0],[6.78,-6.979],[0,0]],"o":[[0,0],[-2.344,-17.041],[0,0],[0.336,-17.136],[0,0],[-5.675,-1.246],[0,0],[0,0],[-1.089,9.669],[-22.496,23.156],[0,0]],"v":[[47.085,51.484],[46.725,48.864],[46.124,-2.537],[50.59,-41.772],[27.87,-75.231],[26.907,-75.374],[12.115,-67.596],[-1.01,-16.188],[-2.631,-1.79],[-14.667,23.963],[-50.6,75.629]],"c":false}]}],"ix":2},"nm":"Path 1","mn":"ADBE Vector Shape - Group","hd":false},{"ind":1,"ty":"sh","ix":2,"ks":{"a":1,"k":[{"i":{"x":0.833,"y":0.833},"o":{"x":0.167,"y":0.167},"t":0,"s":[{"i":[[0,0],[0,0]],"o":[[0,0],[0,0]],"v":[[-151.46,81.13],[-152.047,80.379]],"c":false}]},{"i":{"x":0.833,"y":0.833},"o":{"x":0.167,"y":0.167},"t":6,"s":[{"i":[[0,0],[0,0]],"o":[[0,0],[0,0]],"v":[[-127.71,76.26],[-128.297,75.509]],"c":false}]},{"i":{"x":0.833,"y":0.833},"o":{"x":0.167,"y":0.167},"t":13,"s":[{"i":[[0,0],[0,0]],"o":[[0,0],[0,0]],"v":[[-74.018,76.38],[-101.796,75.629]],"c":false}]},{"i":{"x":0.833,"y":0.833},"o":{"x":0.167,"y":0.167},"t":19,"s":[{"i":[[0,0],[0,0]],"o":[[0,0],[0,0]],"v":[[-50.71,76.38],[-101.796,75.629]],"c":false}]},{"t":89,"s":[{"i":[[0,0],[0,0]],"o":[[0,0],[0,0]],"v":[[-50.6,75.629],[-101.796,75.629]],"c":false}]}],"ix":2},"nm":"Path 2","mn":"ADBE Vector Shape - Group","hd":false},{"ind":2,"ty":"sh","ix":3,"ks":{"a":1,"k":[{"i":{"x":0.833,"y":0.833},"o":{"x":0.167,"y":0.167},"t":0,"s":[{"i":[[0,0],[0,0],[0.163,0.188],[0,0],[0.159,0.129],[-1.339,0.11],[0,0],[0,0],[2.807,5.545],[0,0],[14.425,-1.44],[0,0],[0,0],[0,0],[0,0]],"o":[[0,0],[-0.149,-0.014],[0,0],[-0.027,-0.099],[0,0],[0.915,-0.075],[0,0],[6.184,-0.618],[0,0],[-1.44,-14.425],[0,0],[0,0],[0,0],[20.862,-0.526],[0,0]],"v":[[-150.796,167.986],[-151.245,167.395],[-151.306,167.271],[-151.166,167.401],[-151.303,167.33],[-150.558,168.222],[-150.516,168.211],[-105.645,162.722],[-98.631,149.924],[-98.631,149.924],[-127.358,126.413],[-146.194,126.532],[-154.541,126.482],[-154.506,126.422],[-154.048,126.447]],"c":false}]},{"i":{"x":0.833,"y":0.833},"o":{"x":0.167,"y":0.167},"t":6,"s":[{"i":[[0,0],[0,0],[-0.239,0.182],[-0.55,0.036],[-1.324,0.55],[-1.196,0.098],[0,0],[0,0],[2.656,5.331],[0,0],[13.49,-2.376],[0,0],[0,0],[0,0],[0,0]],"o":[[0,0],[0.147,-0.022],[0,0],[1.42,-0.094],[1.605,-0.825],[0.817,-0.067],[0,0],[5.783,-1.019],[0,0],[-1.331,-13.859],[0,0],[0,0],[0,0],[14.246,-0.445],[0,0]],"v":[[-129.796,167.972],[-119.41,167.582],[-118.095,167.489],[-117.39,167.548],[-113.281,166.952],[-108.008,165.909],[-104.856,164.717],[-63.456,154.506],[-57.516,142.327],[-57.516,142.327],[-87.18,121.543],[-104.636,122.451],[-113.332,123.647],[-125.495,124.64],[-125.229,124.676]],"c":false}]},{"i":{"x":0.833,"y":0.833},"o":{"x":0.167,"y":0.167},"t":13,"s":[{"i":[[0,0],[0,0],[-0.708,0.176],[-1.191,0.087],[-3.055,1.041],[-1.03,0.085],[0,0],[0,0],[2.479,5.081],[0,0],[12.398,-3.468],[0,0],[0,0],[0,0],[0,0]],"o":[[0,0],[0.491,-0.03],[0,0],[3.108,-0.088],[3.478,-1.788],[0.704,-0.058],[0,0],[5.316,-1.487],[0,0],[-1.203,-13.198],[0,0],[0,0],[0,0],[6.527,-0.352],[0,0]],"v":[[-101.796,167.986],[-71.186,167.8],[-68.265,167.742],[-66.901,167.718],[-57.839,166.512],[-47.282,163.211],[-40.504,160.641],[-3.153,144.922],[1.535,133.464],[1.535,133.464],[-29.223,115.861],[-45.069,117.691],[-54.172,120.341],[-70.815,122.912],[-70.774,122.962]],"c":false}]},{"i":{"x":0.833,"y":0.833},"o":{"x":0.167,"y":0.167},"t":19,"s":[{"i":[[0,0],[0,0],[-1.11,0.171],[-1.741,0.127],[-4.538,1.462],[-0.887,0.073],[0,0],[0,0],[2.328,4.866],[0,0],[11.463,-4.403],[0,0],[0,0],[0,0],[0,0]],"o":[[0,0],[0.786,-0.038],[0,0],[4.555,-0.083],[5.083,-2.614],[0.606,-0.05],[0,0],[4.914,-1.888],[0,0],[-1.094,-12.632],[0,0],[0,0],[0,0],[-0.09,-0.271],[0,0]],"v":[[-101.796,167.986],[-56.851,167.988],[-52.553,167.96],[-50.625,167.865],[-37.317,166.134],[-22.231,160.899],[-12.345,157.147],[21.536,136.706],[25.15,125.867],[25.15,125.867],[-6.545,110.99],[-21.011,113.611],[-30.463,117.506],[-54.804,121.293],[-54.955,121.353]],"c":false}]},{"i":{"x":0.833,"y":0.833},"o":{"x":0.167,"y":0.167},"t":26,"s":[{"i":[[0,0],[0,0],[-1.579,0.165],[-2.382,0.173],[-6.269,1.953],[-0.721,0.059],[0,0],[0,0],[3.809,3.528],[0,0],[10.371,-5.495],[0,0],[0,0],[0,0],[0,0]],"o":[[0,0],[1.131,-0.047],[0,0],[6.243,-0.077],[6.955,-3.577],[0.492,-0.04],[0,0],[4.447,-2.356],[0,0],[-5.514,-10.949],[0,0],[0,0],[0,0],[0.48,0.494],[0,0]],"v":[[-101.796,167.986],[-40.127,168.206],[-34.223,168.213],[-31.636,168.035],[-13.375,165.694],[6.994,158.201],[20.508,153.07],[50.339,127.122],[51.663,114.903],[51.663,114.903],[19.912,105.308],[7.057,108.85],[-2.802,114.2],[-36.124,119.403],[-35.553,119.542]],"c":false}]},{"i":{"x":0.833,"y":0.833},"o":{"x":0.167,"y":0.167},"t":35,"s":[{"i":[[0,0],[0,0],[-2.885,0.147],[-4.078,0.583],[-10.044,4.712],[-0.257,0.021],[0,0],[0,0],[4.56,2.015],[0,0],[7.331,-8.536],[0,0],[0,0],[0,0],[0,0]],"o":[[0,0],[2.091,-0.071],[0,0],[10.961,-1.438],[12.172,-6.26],[0.176,-0.014],[0,0],[3.143,-3.66],[0,0],[-8.569,-8.342],[0,0],[0,0],[0,0],[3.822,0.568],[0,0]],"v":[[-101.796,167.986],[-39.663,168.065],[-29.199,167.647],[-25.125,167.065],[5.803,158.842],[42.284,140.882],[62.418,125.643],[84.451,99.672],[81.508,87.888],[81.508,87.888],[47.49,88.73],[39.12,94.839],[28.127,104.238],[-1.9,116.764],[-1.744,117.238]],"c":false}]},{"i":{"x":0.833,"y":0.833},"o":{"x":0.167,"y":0.167},"t":40,"s":[{"i":[[0,0],[0,0],[-3.611,0.138],[-5.019,0.811],[-12.142,6.244],[0,0],[0,0],[0,0],[4.978,1.175],[0,0],[5.642,-10.225],[0,0],[0,0],[0,0],[0,0]],"o":[[0,0],[2.624,-0.085],[0,0],[13.582,-2.194],[15.07,-7.75],[0,0],[0,0],[2.419,-4.384],[0,0],[-10.267,-6.893],[0,0],[0,0],[0,0],[-0.295,0.084],[0,0]],"v":[[-101.796,167.986],[-39.406,167.986],[-26.408,167.332],[-21.508,166.526],[16.457,155.035],[61.889,131.26],[85.702,110.406],[103.403,84.422],[98.089,72.879],[98.089,72.879],[62.81,79.52],[56.933,87.055],[45.309,98.704],[17.113,115.297],[16.566,115.736]],"c":false}]},{"i":{"x":0.833,"y":0.833},"o":{"x":0.167,"y":0.167},"t":53,"s":[{"i":[[0,0],[0,0],[-15.287,2.643],[-12.92,9.796],[-9.035,8.215],[0,0],[0,0],[0,0],[3.094,0.196],[0,0],[3.03,-6.567],[0,0],[0,0],[0,0],[0,0]],"o":[[0,0],[10.025,-0.054],[0,0],[12.529,-9.5],[0,0],[0,0],[0,0],[1.299,-2.815],[0,0],[-6.567,-3.03],[0,0],[0,0],[0,0],[-9.887,7.695],[0,0]],"v":[[-101.796,167.986],[-39.406,167.986],[-9.607,165.503],[27.776,147.85],[64.866,117.261],[95.273,90.403],[107.406,65.752],[115.928,47.281],[104.698,33.959],[104.698,33.959],[82.871,42.158],[76.977,49.931],[64.68,68.7],[47.975,78.936],[35.317,91.618]],"c":false}]},{"i":{"x":0.833,"y":0.833},"o":{"x":0.167,"y":0.167},"t":58,"s":[{"i":[[0,0],[0,0],[-16.726,3.985],[-23.249,20.53],[-9.976,9.627],[0,0],[0,0],[0,0],[2.833,-0.636],[0,0],[1.001,-6.697],[0,0],[0,0],[0,0],[0,0]],"o":[[0,0],[13.314,-0.043],[0,0],[12.155,-10.733],[0,0],[0,0],[0,0],[0.429,-2.871],[0,0],[-6.697,-1.001],[0,0],[0,0],[0,0],[-12.405,9.94],[0,0]],"v":[[-101.796,167.986],[-39.406,167.986],[0.083,161.865],[51.452,128.38],[85.582,100.769],[104.251,69.269],[113.545,42.324],[116.361,23.486],[98.37,12.343],[98.37,12.343],[81.631,25.715],[77.652,31.751],[68.906,51.61],[53.831,67.663],[37.559,83.974]],"c":false}]},{"t":89,"s":[{"i":[[0,0],[0,0],[-21.175,17.222],[0,0],[6.789,18.424],[0,0],[0,0],[0,0],[1.947,-5.902],[0,0],[-11.201,-9.203],[0,0],[0,0],[0,0],[0,0]],"o":[[0,0],[27.295,0],[0,0],[15.233,-12.389],[0,0],[0,0],[0,0],[-4.802,-3.946],[0,0],[-9.203,11.201],[0,0],[0,0],[0,0],[-23.105,19.478],[0,0]],"v":[[-101.796,167.986],[-39.406,167.986],[35.526,141.362],[118.885,73.567],[133.002,22.053],[111.952,-35.072],[86.202,-78.451],[54.694,-104.338],[40.678,-100.275],[40.678,-100.275],[44.296,-63.331],[57.674,-50.07],[74.117,-17.955],[78.722,19.754],[47.085,51.484]],"c":false}]}],"ix":2},"nm":"Path 3","mn":"ADBE Vector Shape - Group","hd":false},{"ind":3,"ty":"sh","ix":4,"ks":{"a":1,"k":[{"i":{"x":0.833,"y":0.833},"o":{"x":0.167,"y":0.167},"t":0,"s":[{"i":[[0,0],[0,0],[-0.169,0.08],[0.036,0.11],[9.379,2.065],[2.76,0.243],[4.861,0.717]],"o":[[0,0],[0.266,-0.036],[0.205,-0.097],[-0.069,-0.212],[-2.329,-0.513],[-3.54,-0.311],[0,0]],"v":[[-109.162,131.241],[-109.159,131.218],[-109.27,131.194],[-109.219,131.171],[-118.71,116.269],[-126.551,117.288],[-136.004,116.179]],"c":false}]},{"i":{"x":0.833,"y":0.833},"o":{"x":0.167,"y":0.167},"t":6,"s":[{"i":[[0,0],[0,0],[-0.699,0.577],[0.148,0.793],[7.943,1.995],[2.626,0.243],[4.282,0.113]],"o":[[0,0],[1.098,-0.257],[0.847,-0.699],[-0.286,-1.525],[-2.2,-0.582],[-3.368,-0.311],[0,0]],"v":[[-64.436,128.377],[-64.426,128.21],[-64.199,128.102],[-63.196,125.97],[-72.511,112.776],[-79.867,112.641],[-89.687,112.224]],"c":false}]},{"i":{"x":0.833,"y":0.833},"o":{"x":0.167,"y":0.167},"t":13,"s":[{"i":[[0,0],[0,0],[-1.318,1.157],[0.28,1.588],[6.267,1.913],[2.47,0.243],[3.606,-0.592]],"o":[[0,0],[2.069,-0.514],[1.596,-1.402],[-0.538,-3.056],[-2.049,-0.663],[-3.167,-0.311],[0,0]],"v":[[-1.173,125.036],[-1.154,124.7],[-0.532,124.495],[1.581,119.901],[-7.529,108.7],[-14.32,107.219],[-24.567,107.61]],"c":false}]},{"i":{"x":0.833,"y":0.833},"o":{"x":0.167,"y":0.167},"t":19,"s":[{"i":[[0,0],[0,0],[-1.848,1.654],[0.392,2.271],[4.83,1.843],[2.335,0.243],[3.41,-0.592]],"o":[[0,0],[2.901,-0.735],[2.238,-2.004],[-0.755,-4.369],[-1.92,-0.732],[-2.995,-0.311],[0,0]],"v":[[24.226,123.634],[24.252,123.154],[27.039,121.404],[30.104,114.699],[21.17,105.207],[14.748,103.726],[5.058,104.117]],"c":false}]},{"i":{"x":0.833,"y":0.833},"o":{"x":0.167,"y":0.167},"t":35,"s":[{"i":[[0,0],[0,0],[-0.463,1.927],[1.687,1.589],[4.945,-0.336],[2,-0.658],[2.345,-1.681]],"o":[[0,0],[0.833,-3.212],[0.561,-2.334],[-3.246,-3.058],[-1.966,0.134],[-2.564,0.843],[0,0]],"v":[[77.324,76.634],[78.523,71.859],[79.647,66.057],[78.014,59.842],[65.178,55.829],[59.188,57.015],[54.726,62.219]],"c":false}]},{"i":{"x":0.833,"y":0.833},"o":{"x":0.167,"y":0.167},"t":40,"s":[{"i":[[0,0],[0,0],[-0.03,2.012],[2.092,1.376],[4.981,-1.017],[1.895,-0.94],[2.012,-2.021]],"o":[[0,0],[0.79,-3.039],[0.036,-2.437],[-4.025,-2.648],[-1.981,0.405],[-2.429,1.203],[0,0]],"v":[[86.834,65.857],[88.4,59.74],[89.004,53.483],[85.903,47.421],[71.846,45.12],[65.992,47.141],[47.707,87.451]],"c":false}]},{"i":{"x":0.833,"y":0.833},"o":{"x":0.167,"y":0.167},"t":42,"s":[{"i":[[0,0],[0,0],[0.143,2.046],[2.253,1.291],[4.995,-1.29],[1.853,-1.052],[1.879,-2.157]],"o":[[0,0],[0.773,-2.969],[-0.173,-2.479],[-4.336,-2.484],[-1.986,0.513],[-2.375,1.348],[0,0]],"v":[[90.638,61.546],[92.35,54.892],[92.747,48.454],[89.058,42.453],[74.514,40.837],[68.714,43.191],[50.85,79.694]],"c":false}]},{"i":{"x":0.833,"y":0.833},"o":{"x":0.167,"y":0.167},"t":44,"s":[{"i":[[0,0],[0,0],[0.316,2.08],[2.415,1.206],[5.01,-1.562],[1.811,-1.165],[1.746,-2.294]],"o":[[0,0],[0.756,-2.9],[-0.383,-2.52],[-4.647,-2.32],[-1.992,0.621],[-2.321,1.492],[0,0]],"v":[[94.442,57.235],[96.301,50.044],[96.489,43.424],[92.214,37.484],[77.182,36.553],[71.435,39.241],[51.992,74.401]],"c":false}]},{"i":{"x":0.833,"y":0.833},"o":{"x":0.167,"y":0.167},"t":53,"s":[{"i":[[0,0],[0,0],[1.095,2.234],[3.144,0.822],[5.074,-2.788],[1.622,-1.671],[1.147,-2.906]],"o":[[0,0],[0.678,-2.587],[-1.327,-2.706],[-6.049,-1.582],[-2.018,1.109],[-2.078,2.141],[0,0]],"v":[[111.56,37.836],[114.079,28.23],[113.331,20.791],[106.413,15.127],[89.186,17.278],[83.682,21.466],[62.258,66.084]],"c":false}]},{"i":{"x":0.833,"y":0.833},"o":{"x":0.167,"y":0.167},"t":57,"s":[{"i":[[0,0],[0,0],[1.283,1.985],[3.059,0.424],[4.475,-3.199],[1.345,-1.759],[1.132,-3.182]],"o":[[0,0],[0.351,-2.517],[-1.555,-2.405],[-5.886,-0.816],[-1.781,1.272],[-1.722,2.253],[0,0]],"v":[[104.166,17.978],[105.063,12.97],[103.525,6.033],[96.362,1.461],[80.345,5.419],[75.62,9.987],[55.303,57.695]],"c":false}]},{"i":{"x":0.833,"y":0.833},"o":{"x":0.167,"y":0.167},"t":58,"s":[{"i":[[0,0],[0,0],[1.331,1.923],[3.038,0.325],[4.325,-3.302],[1.276,-1.781],[1.128,-3.251]],"o":[[0,0],[0.269,-2.5],[-1.612,-2.33],[-5.845,-0.625],[-1.721,1.313],[-1.633,2.281],[0,0]],"v":[[102.318,13.013],[102.809,9.154],[101.074,2.343],[93.85,-1.955],[78.135,2.454],[73.604,7.117],[53.251,41.973]],"c":false}]},{"i":{"x":0.833,"y":0.833},"o":{"x":0.167,"y":0.167},"t":61,"s":[{"i":[[0,0],[0,0],[1.472,1.737],[2.974,0.026],[3.876,-3.61],[1.068,-1.847],[1.116,-3.458]],"o":[[0,0],[0.023,-2.447],[-1.783,-2.105],[-5.722,-0.051],[-1.543,1.436],[-1.365,2.365],[0,0]],"v":[[95.573,1.72],[96.047,-2.291],[93.719,-8.725],[86.311,-12.204],[71.504,-6.44],[67.557,-1.492],[53.847,28.307]],"c":false}]},{"i":{"x":0.833,"y":0.833},"o":{"x":0.167,"y":0.167},"t":72,"s":[{"i":[[0,0],[0,0],[1.99,1.055],[2.741,-1.068],[2.227,-4.742],[0.307,-2.088],[1.074,-4.217]],"o":[[0,0],[-0.878,-2.256],[-2.41,-1.278],[-5.274,2.055],[-0.89,1.885],[-0.385,2.674],[0,0]],"v":[[73.888,-39.628],[71.254,-44.257],[66.752,-49.311],[58.672,-49.785],[47.191,-39.053],[45.384,-33.058],[42.282,-23.637]],"c":false}]},{"i":{"x":0.833,"y":0.833},"o":{"x":0.167,"y":0.167},"t":80,"s":[{"i":[[0,0],[0,0],[2.366,0.558],[2.571,-1.864],[1.029,-5.564],[-0.247,-2.263],[-0.542,-3.451]],"o":[[0,0],[-1.533,-2.117],[-2.867,-0.676],[-4.947,3.587],[-0.415,2.212],[0.328,2.898],[0,0]],"v":[[58.584,-68.901],[53.222,-74.778],[47.14,-78.827],[38.571,-77.116],[29.509,-62.771],[29.258,-56.016],[29.832,-51.425]],"c":false}]},{"i":{"x":0.833,"y":0.833},"o":{"x":0.167,"y":0.167},"t":84,"s":[{"i":[[0,0],[0,0],[2.555,0.31],[2.486,-2.262],[0.429,-5.976],[-0.524,-2.35],[-1.35,-3.068]],"o":[[0,0],[-1.861,-2.047],[-3.095,-0.376],[-4.784,4.353],[-0.177,2.376],[0.684,3.01],[0,0]],"v":[[50.932,-83.538],[44.206,-90.038],[37.334,-93.586],[28.52,-90.782],[20.668,-74.63],[21.195,-67.495],[22.406,-62.569]],"c":false}]},{"t":89,"s":[{"i":[[0,0],[0,0],[2.79,0],[2.38,-2.76],[-0.32,-6.49],[-0.87,-2.46],[-2.36,-2.59]],"o":[[0,0],[-2.27,-1.96],[-3.38,0],[-4.58,5.31],[0.12,2.58],[1.13,3.15],[0,0]],"v":[[41.367,-101.834],[32.937,-109.114],[25.077,-112.034],[15.957,-107.864],[9.617,-89.454],[11.117,-81.844],[16.357,-73.124]],"c":false}]}],"ix":2},"nm":"Path 4","mn":"ADBE Vector Shape - Group","hd":false},{"ind":4,"ty":"sh","ix":5,"ks":{"a":1,"k":[{"i":{"x":0.833,"y":0.833},"o":{"x":0.167,"y":0.167},"t":0,"s":[{"i":[[0,0],[0,0],[0,0],[4.295,-15.3],[0,0],[0.647,-0.661]],"o":[[0,0],[0,0],[4.328,2.224],[0,0],[-0.329,0.734],[0,0]],"v":[[-125.283,95.551],[-125.287,95.584],[-125.346,95.798],[-115.564,110.447],[-117.231,114.17],[-118.71,116.269]],"c":false}]},{"i":{"x":0.833,"y":0.833},"o":{"x":0.167,"y":0.167},"t":6,"s":[{"i":[[0,0],[0,0],[0,0],[3.549,-8.297],[0,0],[0.615,-0.661]],"o":[[0,0],[0,0],[4.818,2.077],[0,0],[-0.313,0.734],[0,0]],"v":[[-78.183,91.045],[-78.186,91.077],[-76.707,91.416],[-69.517,106.953],[-71.104,110.677],[-72.511,112.776]],"c":false}]},{"i":{"x":0.833,"y":0.833},"o":{"x":0.167,"y":0.167},"t":13,"s":[{"i":[[0,0],[0,0],[0,0],[3.337,-8.297],[0,0],[0.578,-0.661]],"o":[[0,0],[0,0],[8.498,0.958],[0,0],[-0.295,0.734],[0,0]],"v":[[-19.462,88.495],[-19.465,88.528],[-16.315,87.617],[-4.714,102.878],[-6.205,106.601],[-7.529,108.7]],"c":false}]},{"i":{"x":0.833,"y":0.833},"o":{"x":0.167,"y":0.167},"t":19,"s":[{"i":[[0,0],[0,0],[0,0],[3.156,-8.297],[0,0],[0.547,-0.661]],"o":[[0,0],[0,0],[11.653,-0.001],[0,0],[-0.279,0.734],[0,0]],"v":[[3.109,85.239],[3.106,85.271],[8.449,84.36],[23.833,99.384],[22.422,103.108],[21.17,105.207]],"c":false}]},{"i":{"x":0.833,"y":0.833},"o":{"x":0.167,"y":0.167},"t":35,"s":[{"i":[[0,0],[0,0],[0,0],[-2.526,-7.461],[0,0],[0.033,-0.701]],"o":[[0,0],[0,0],[9.24,-4.202],[0,0],[0.224,0.66],[0,0]],"v":[[46.511,44.544],[46.204,44.506],[49.163,42.527],[67.878,47.843],[69.016,51.189],[69.295,53.24]],"c":false}]},{"i":{"x":0.833,"y":0.833},"o":{"x":0.167,"y":0.167},"t":40,"s":[{"i":[[0,0],[0,0],[0,0],[-4.301,-7.2],[0,0],[-0.127,-0.713]],"o":[[0,0],[0,0],[8.486,-5.515],[0,0],[0.381,0.637],[0,0]],"v":[[46.269,44.801],[50.375,39.441],[54.803,34.176],[74.559,36.458],[76.493,39.687],[77.251,41.723]],"c":false}]},{"i":{"x":0.833,"y":0.833},"o":{"x":0.167,"y":0.167},"t":44,"s":[{"i":[[0,0],[0,0],[0,0],[-5.722,-6.991],[0,0],[-0.256,-0.723]],"o":[[0,0],[0,0],[7.883,-6.566],[0,0],[0.506,0.618],[0,0]],"v":[[49.675,46.356],[53.711,35.389],[59.315,27.496],[79.903,27.351],[82.475,30.485],[83.616,32.509]],"c":false}]},{"i":{"x":0.833,"y":0.833},"o":{"x":0.167,"y":0.167},"t":53,"s":[{"i":[[0,0],[0,0],[0,0],[-8.917,-6.521],[0,0],[-0.544,-0.746]],"o":[[0,0],[0,0],[6.525,-8.929],[0,0],[0.789,0.576],[0,0]],"v":[[52.839,48.169],[61.219,26.271],[69.466,12.465],[91.929,6.858],[95.934,9.781],[97.936,11.778]],"c":false}]},{"i":{"x":0.833,"y":0.833},"o":{"x":0.167,"y":0.167},"t":58,"s":[{"i":[[0,0],[0,0],[0,0],[-9.202,-4.815],[0,0],[-0.611,-0.617]],"o":[[0,0],[0,0],[4.818,-9.214],[0,0],[0.565,0.361],[0,0]],"v":[[49.007,20.231],[53.378,11.523],[59.535,1.377],[79.397,-6.015],[83.529,-3.859],[84.946,-2.381]],"c":false}]},{"i":{"x":0.833,"y":0.833},"o":{"x":0.167,"y":0.167},"t":61,"s":[{"i":[[0,0],[0,0],[0,0],[-9.373,-3.792],[0,0],[-0.65,-0.54]],"o":[[0,0],[0,0],[3.793,-9.385],[0,0],[0.43,0.232],[0,0]],"v":[[44.907,9.869],[48.672,2.675],[53.576,-5.275],[71.877,-13.74],[76.085,-12.043],[77.151,-10.876]],"c":false}]},{"i":{"x":0.833,"y":0.833},"o":{"x":0.167,"y":0.167},"t":63,"s":[{"i":[[0,0],[0,0],[0,0],[-9.487,-3.11],[0,0],[-0.677,-0.489]],"o":[[0,0],[0,0],[3.11,-9.499],[0,0],[0.341,0.146],[0,0]],"v":[[43.295,-0.867],[45.536,-3.224],[49.604,-9.71],[66.864,-18.889],[71.123,-17.498],[71.955,-16.539]],"c":false}]},{"i":{"x":0.833,"y":0.833},"o":{"x":0.167,"y":0.167},"t":68,"s":[{"i":[[0,0],[0,0],[0,0],[-9.773,-1.404],[0,0],[-0.743,-0.36]],"o":[[0,0],[0,0],[1.402,-9.784],[0,0],[0.117,-0.069],[0,0]],"v":[[37.516,-18.082],[37.694,-17.971],[39.672,-20.798],[54.332,-31.763],[58.718,-31.138],[58.965,-30.698]],"c":false}]},{"i":{"x":0.833,"y":0.833},"o":{"x":0.167,"y":0.167},"t":72,"s":[{"i":[[0,0],[0,0],[0,0],[-10.001,-0.039],[0,0],[-0.795,-0.257]],"o":[[0,0],[0,0],[0.036,-10.012],[0,0],[-0.063,-0.242],[0,0]],"v":[[31.329,-29.732],[31.42,-29.769],[31.727,-29.668],[44.306,-42.062],[48.794,-42.049],[48.573,-42.025]],"c":false}]},{"i":{"x":0.833,"y":0.833},"o":{"x":0.167,"y":0.167},"t":75,"s":[{"i":[[0,0],[0,0],[0,0],[-10.306,-2.442],[0,0],[-0.835,-0.18]],"o":[[0,0],[0,0],[-0.988,-10.182],[0,0],[0.119,-0.289],[0,0]],"v":[[23.756,-38.809],[23.764,-38.692],[24.016,-38.887],[35.912,-51.537],[41.351,-50.233],[41.698,-50.395]],"c":false}]},{"i":{"x":0.833,"y":0.833},"o":{"x":0.167,"y":0.167},"t":76,"s":[{"i":[[0,0],[0,0],[0,0],[-10.336,-1.416],[0,0],[-0.848,-0.154]],"o":[[0,0],[0,0],[-1.33,-10.239],[0,0],[0.18,-0.305],[0,0]],"v":[[20.932,-41.201],[20.912,-41.033],[21.145,-41.327],[33.581,-53.761],[38.87,-52.961],[39.407,-53.184]],"c":false}]},{"i":{"x":0.833,"y":0.833},"o":{"x":0.167,"y":0.167},"t":80,"s":[{"i":[[0,0],[0,0],[0,0],[-10.457,2.69],[0,0],[-0.901,-0.051]],"o":[[0,0],[0,0],[-2.696,-10.467],[0,0],[0.423,-0.368],[0,0]],"v":[[12.135,-43.27],[12.003,-42.896],[12.162,-43.585],[24.255,-62.661],[28.946,-63.872],[30.241,-64.344]],"c":false}]},{"t":89,"s":[{"i":[[0,0],[0,0],[0,0],[-10.97,5.76],[0,0],[-1.02,0.18]],"o":[[0,0],[0,0],[-5.77,-10.98],[0,0],[0.97,-0.51],[0,0]],"v":[[3.557,-34.064],[-1.873,-44.384],[-7.723,-55.524],[1.697,-85.834],[6.617,-88.424],[9.617,-89.454]],"c":false}]}],"ix":2},"nm":"Path 5","mn":"ADBE Vector Shape - Group","hd":false},{"ty":"st","c":{"a":0,"k":[0.071,0.075,0.192,1],"ix":3,"x":"var $bm_rt;\n$bm_rt = comp('wired-outline-1672-pinecone-italian-hand').layer('control').effect('primary')('Color');"},"o":{"a":0,"k":100,"ix":4},"w":{"a":0,"k":12.04,"ix":5,"x":"var $bm_rt;\n$bm_rt = $bm_mul($bm_div(value, 2), comp('wired-outline-1672-pinecone-italian-hand').layer('control').effect('stroke')('Menu'));"},"lc":2,"lj":2,"bm":0,"nm":".primary","mn":"ADBE Vector Graphic - Stroke","hd":false,"cl":"primary"},{"ty":"tr","p":{"a":0,"k":[258.394,202.104],"ix":2},"a":{"a":0,"k":[0,0],"ix":1},"s":{"a":0,"k":[100,100],"ix":3},"r":{"a":0,"k":0,"ix":6},"o":{"a":0,"k":100,"ix":7},"sk":{"a":0,"k":0,"ix":4},"sa":{"a":0,"k":0,"ix":5},"nm":"Transform"}],"nm":"Group 1","np":6,"cix":2,"bm":0,"ix":1,"mn":"ADBE Vector Group","hd":false}],"ip":0,"op":843,"st":-1,"bm":0}]},{"id":"comp_2","nm":"hover-pinch","fr":60,"layers":[{"ddd":0,"ind":1,"ty":4,"nm":"outline 2","sr":1,"ks":{"o":{"a":0,"k":100,"ix":11},"r":{"a":1,"k":[{"i":{"x":[0.667],"y":[1]},"o":{"x":[0.333],"y":[0]},"t":0,"s":[0]},{"i":{"x":[0.667],"y":[1]},"o":{"x":[0.333],"y":[0]},"t":19,"s":[13]},{"i":{"x":[0.667],"y":[1]},"o":{"x":[0.333],"y":[0]},"t":32.1,"s":[0]},{"i":{"x":[0.667],"y":[1]},"o":{"x":[0.333],"y":[0]},"t":44.699,"s":[13]},{"i":{"x":[0.667],"y":[1]},"o":{"x":[0.333],"y":[0]},"t":57.301,"s":[0]},{"i":{"x":[0.667],"y":[1]},"o":{"x":[0.333],"y":[0]},"t":70.801,"s":[13]},{"i":{"x":[0.667],"y":[1]},"o":{"x":[0.333],"y":[0]},"t":83.4,"s":[0]},{"i":{"x":[0.667],"y":[1]},"o":{"x":[0.333],"y":[0]},"t":96,"s":[13]},{"i":{"x":[0.667],"y":[1]},"o":{"x":[0.333],"y":[0]},"t":109.5,"s":[0]},{"i":{"x":[0.28],"y":[1]},"o":{"x":[0.333],"y":[0]},"t":129,"s":[13]},{"t":150,"s":[0]}],"ix":10},"p":{"a":1,"k":[{"i":{"x":0.667,"y":1},"o":{"x":0.333,"y":0},"t":0,"s":[94.911,287.642,0],"to":[0,3.5,0],"ti":[0,0,0]},{"i":{"x":0.667,"y":1},"o":{"x":0.333,"y":0},"t":12.6,"s":[94.911,308.642,0],"to":[0,0,0],"ti":[0,0,0]},{"i":{"x":0.667,"y":1},"o":{"x":0.333,"y":0},"t":26.1,"s":[94.911,287.642,0],"to":[0,0,0],"ti":[0,0,0]},{"i":{"x":0.667,"y":1},"o":{"x":0.333,"y":0},"t":38.699,"s":[94.911,308.642,0],"to":[0,0,0],"ti":[0,0,0]},{"i":{"x":0.667,"y":1},"o":{"x":0.333,"y":0},"t":51.301,"s":[94.911,287.642,0],"to":[0,0,0],"ti":[0,0,0]},{"i":{"x":0.667,"y":1},"o":{"x":0.333,"y":0},"t":64.801,"s":[94.911,308.642,0],"to":[0,0,0],"ti":[0,0,0]},{"i":{"x":0.667,"y":1},"o":{"x":0.333,"y":0},"t":77.4,"s":[94.911,287.642,0],"to":[0,0,0],"ti":[0,0,0]},{"i":{"x":0.667,"y":1},"o":{"x":0.333,"y":0},"t":90,"s":[94.911,308.642,0],"to":[0,0,0],"ti":[0,0,0]},{"i":{"x":0.667,"y":1},"o":{"x":0.333,"y":0},"t":103.5,"s":[94.911,287.642,0],"to":[0,0,0],"ti":[0,0,0]},{"i":{"x":0.28,"y":1},"o":{"x":0.333,"y":0},"t":123,"s":[94.911,308.642,0],"to":[0,0,0],"ti":[0,3.5,0]},{"t":150,"s":[94.911,287.642,0]}],"ix":2,"l":2},"a":{"a":0,"k":[0,0,0],"ix":1,"l":2},"s":{"a":0,"k":[100,100,100],"ix":6,"l":2}},"ao":0,"shapes":[{"ty":"gr","it":[{"ind":0,"ty":"sh","ix":1,"ks":{"a":0,"k":{"i":[[0,0],[0,0],[0,0],[0,0]],"o":[[0,0],[0,0],[0,0],[0,0]],"v":[[-26.687,-50.408],[-26.687,72.477],[26.687,72.477],[26.687,-72.477]],"c":true},"ix":2},"nm":"Path 1","mn":"ADBE Vector Shape - Group","hd":false},{"ty":"st","c":{"a":0,"k":[0.031,0.659,0.541,1],"ix":3,"x":"var $bm_rt;\n$bm_rt = comp('wired-outline-1672-pinecone-italian-hand').layer('control').effect('secondary')('Color');"},"o":{"a":0,"k":100,"ix":4},"w":{"a":0,"k":12.04,"ix":5,"x":"var $bm_rt;\n$bm_rt = $bm_mul($bm_div(value, 2), comp('wired-outline-1672-pinecone-italian-hand').layer('control').effect('stroke')('Menu'));"},"lc":2,"lj":2,"bm":0,"nm":".secondary","mn":"ADBE Vector Graphic - Stroke","hd":false,"cl":"secondary"},{"ty":"tr","p":{"a":0,"k":[0,0],"ix":2},"a":{"a":0,"k":[0,0],"ix":1},"s":{"a":0,"k":[100,100],"ix":3},"r":{"a":0,"k":0,"ix":6},"o":{"a":0,"k":100,"ix":7},"sk":{"a":0,"k":0,"ix":4},"sa":{"a":0,"k":0,"ix":5},"nm":"Transform"}],"nm":"Group 1","np":2,"cix":2,"bm":0,"ix":1,"mn":"ADBE Vector Group","hd":false}],"ip":0,"op":844,"st":0,"bm":0},{"ddd":0,"ind":2,"ty":4,"nm":"outline","parent":1,"sr":1,"ks":{"o":{"a":0,"k":100,"ix":11},"r":{"a":0,"k":0,"ix":10},"p":{"a":0,"k":[145.503,-92.562,0],"ix":2,"l":2},"a":{"a":0,"k":[275.414,230.08,0],"ix":1,"l":2},"s":{"a":0,"k":[100,100,100],"ix":6,"l":2}},"ao":0,"shapes":[{"ty":"gr","it":[{"ind":0,"ty":"sh","ix":1,"ks":{"a":1,"k":[{"i":{"x":0.667,"y":1},"o":{"x":0.333,"y":0},"t":0,"s":[{"i":[[0,0],[0,0],[-1.945,17.091],[0,0],[15.11,3.317],[0,0],[1.535,-5.604],[0,0],[0,0],[6.78,-6.979],[0,0]],"o":[[0,0],[-2.344,-17.041],[0,0],[0.336,-17.136],[0,0],[-5.675,-1.246],[0,0],[0,0],[-1.089,9.669],[-22.496,23.156],[0,0]],"v":[[47.085,51.484],[46.725,48.864],[46.124,-2.537],[50.59,-41.772],[27.87,-75.231],[26.907,-75.374],[12.115,-67.596],[-1.01,-16.188],[-2.631,-1.79],[-14.667,23.963],[-50.6,75.629]],"c":false}]},{"i":{"x":0.667,"y":1},"o":{"x":0.333,"y":0},"t":23,"s":[{"i":[[0,0],[0,0],[-6.497,15.927],[0,0],[13.649,7.282],[0,0],[2.994,-4.98],[0,0],[0,0],[19.111,-9.472],[0,0]],"o":[[0,0],[2.354,-17.04],[0,0],[4.96,-16.406],[0,0],[-5.126,-2.735],[0,0],[0,0],[-3.664,9.014],[-40.617,20.132],[0,0]],"v":[[60.707,78.37],[61.069,75.75],[74.398,26.104],[89.314,-10.459],[76.495,-48.818],[75.607,-49.215],[59.262,-45.731],[32.717,0.208],[27.26,13.631],[-3.049,28.626],[-50.6,75.629]],"c":false}]},{"i":{"x":0.667,"y":1},"o":{"x":0.333,"y":0},"t":36,"s":[{"i":[[0,0],[0,0],[-1.945,17.091],[0,0],[15.11,3.317],[0,0],[1.535,-5.604],[0,0],[0,0],[6.78,-6.979],[0,0]],"o":[[0,0],[-2.344,-17.041],[0,0],[0.336,-17.136],[0,0],[-5.675,-1.246],[0,0],[0,0],[-1.089,9.669],[-22.496,23.156],[0,0]],"v":[[47.085,51.484],[46.725,48.864],[46.124,-2.537],[50.59,-41.772],[27.87,-75.231],[26.907,-75.374],[12.115,-67.596],[-1.01,-16.188],[-2.631,-1.79],[-14.667,23.963],[-50.6,75.629]],"c":false}]},{"i":{"x":0.667,"y":1},"o":{"x":0.333,"y":0},"t":49,"s":[{"i":[[0,0],[0,0],[-6.497,15.927],[0,0],[13.649,7.282],[0,0],[2.994,-4.98],[0,0],[0,0],[19.111,-9.472],[0,0]],"o":[[0,0],[2.354,-17.04],[0,0],[4.96,-16.406],[0,0],[-5.126,-2.735],[0,0],[0,0],[-3.664,9.014],[-40.617,20.132],[0,0]],"v":[[60.707,78.37],[61.069,75.75],[74.398,26.104],[89.314,-10.459],[76.495,-48.818],[75.607,-49.215],[59.262,-45.731],[32.717,0.208],[27.26,13.631],[-3.049,28.626],[-50.6,75.629]],"c":false}]},{"i":{"x":0.667,"y":1},"o":{"x":0.333,"y":0},"t":61,"s":[{"i":[[0,0],[0,0],[-1.945,17.091],[0,0],[15.11,3.317],[0,0],[1.535,-5.604],[0,0],[0,0],[6.78,-6.979],[0,0]],"o":[[0,0],[-2.344,-17.041],[0,0],[0.336,-17.136],[0,0],[-5.675,-1.246],[0,0],[0,0],[-1.089,9.669],[-22.496,23.156],[0,0]],"v":[[47.085,51.484],[46.725,48.864],[46.124,-2.537],[50.59,-41.772],[27.87,-75.231],[26.907,-75.374],[12.115,-67.596],[-1.01,-16.188],[-2.631,-1.79],[-14.667,23.963],[-50.6,75.629]],"c":false}]},{"i":{"x":0.667,"y":1},"o":{"x":0.333,"y":0},"t":74,"s":[{"i":[[0,0],[0,0],[-6.497,15.927],[0,0],[13.649,7.282],[0,0],[2.994,-4.98],[0,0],[0,0],[19.111,-9.472],[0,0]],"o":[[0,0],[2.354,-17.04],[0,0],[4.96,-16.406],[0,0],[-5.126,-2.735],[0,0],[0,0],[-3.664,9.014],[-40.617,20.132],[0,0]],"v":[[60.707,78.37],[61.069,75.75],[74.398,26.104],[89.314,-10.459],[76.495,-48.818],[75.607,-49.215],[59.262,-45.731],[32.717,0.208],[27.26,13.631],[-3.049,28.626],[-50.6,75.629]],"c":false}]},{"i":{"x":0.667,"y":1},"o":{"x":0.333,"y":0},"t":87,"s":[{"i":[[0,0],[0,0],[-1.945,17.091],[0,0],[15.11,3.317],[0,0],[1.535,-5.604],[0,0],[0,0],[6.78,-6.979],[0,0]],"o":[[0,0],[-2.344,-17.041],[0,0],[0.336,-17.136],[0,0],[-5.675,-1.246],[0,0],[0,0],[-1.089,9.669],[-22.496,23.156],[0,0]],"v":[[47.085,51.484],[46.725,48.864],[46.124,-2.537],[50.59,-41.772],[27.87,-75.231],[26.907,-75.374],[12.115,-67.596],[-1.01,-16.188],[-2.631,-1.79],[-14.667,23.963],[-50.6,75.629]],"c":false}]},{"i":{"x":0.667,"y":1},"o":{"x":0.333,"y":0},"t":100,"s":[{"i":[[0,0],[0,0],[-6.497,15.927],[0,0],[13.649,7.282],[0,0],[2.994,-4.98],[0,0],[0,0],[19.111,-9.472],[0,0]],"o":[[0,0],[2.354,-17.04],[0,0],[4.96,-16.406],[0,0],[-5.126,-2.735],[0,0],[0,0],[-3.664,9.014],[-40.617,20.132],[0,0]],"v":[[60.707,78.37],[61.069,75.75],[74.398,26.104],[89.314,-10.459],[76.495,-48.818],[75.607,-49.215],[59.262,-45.731],[32.717,0.208],[27.26,13.631],[-3.049,28.626],[-50.6,75.629]],"c":false}]},{"i":{"x":0.667,"y":1},"o":{"x":0.333,"y":0},"t":114,"s":[{"i":[[0,0],[0,0],[-1.945,17.091],[0,0],[15.11,3.317],[0,0],[1.535,-5.604],[0,0],[0,0],[6.78,-6.979],[0,0]],"o":[[0,0],[-2.344,-17.041],[0,0],[0.336,-17.136],[0,0],[-5.675,-1.246],[0,0],[0,0],[-1.089,9.669],[-22.496,23.156],[0,0]],"v":[[47.085,51.484],[46.725,48.864],[46.124,-2.537],[50.59,-41.772],[27.87,-75.231],[26.907,-75.374],[12.115,-67.596],[-1.01,-16.188],[-2.631,-1.79],[-14.667,23.963],[-50.6,75.629]],"c":false}]},{"i":{"x":0.667,"y":1},"o":{"x":0.333,"y":0},"t":133,"s":[{"i":[[0,0],[0,0],[-6.497,15.927],[0,0],[13.649,7.282],[0,0],[2.994,-4.98],[0,0],[0,0],[19.111,-9.472],[0,0]],"o":[[0,0],[2.354,-17.04],[0,0],[4.96,-16.406],[0,0],[-5.126,-2.735],[0,0],[0,0],[-3.664,9.014],[-40.617,20.132],[0,0]],"v":[[60.707,78.37],[61.069,75.75],[74.398,26.104],[89.314,-10.459],[76.495,-48.818],[75.607,-49.215],[59.262,-45.731],[32.717,0.208],[27.26,13.631],[-3.049,28.626],[-50.6,75.629]],"c":false}]},{"t":150,"s":[{"i":[[0,0],[0,0],[-1.945,17.091],[0,0],[15.11,3.317],[0,0],[1.535,-5.604],[0,0],[0,0],[6.78,-6.979],[0,0]],"o":[[0,0],[-2.344,-17.041],[0,0],[0.336,-17.136],[0,0],[-5.675,-1.246],[0,0],[0,0],[-1.089,9.669],[-22.496,23.156],[0,0]],"v":[[47.085,51.484],[46.725,48.864],[46.124,-2.537],[50.59,-41.772],[27.87,-75.231],[26.907,-75.374],[12.115,-67.596],[-1.01,-16.188],[-2.631,-1.79],[-14.667,23.963],[-50.6,75.629]],"c":false}]}],"ix":2},"nm":"Path 1","mn":"ADBE Vector Shape - Group","hd":false},{"ind":1,"ty":"sh","ix":2,"ks":{"a":1,"k":[{"i":{"x":0.667,"y":1},"o":{"x":0.333,"y":0},"t":0,"s":[{"i":[[0,0],[0,0]],"o":[[0,0],[0,0]],"v":[[-50.6,75.629],[-101.796,75.629]],"c":false}]},{"i":{"x":0.667,"y":1},"o":{"x":0.333,"y":0},"t":23,"s":[{"i":[[0,0],[0,0]],"o":[[0,0],[0,0]],"v":[[-50.6,75.629],[-101.796,75.629]],"c":false}]},{"i":{"x":0.667,"y":1},"o":{"x":0.333,"y":0},"t":36,"s":[{"i":[[0,0],[0,0]],"o":[[0,0],[0,0]],"v":[[-50.6,75.629],[-101.796,75.629]],"c":false}]},{"i":{"x":0.667,"y":1},"o":{"x":0.333,"y":0},"t":49,"s":[{"i":[[0,0],[0,0]],"o":[[0,0],[0,0]],"v":[[-50.6,75.629],[-101.796,75.629]],"c":false}]},{"i":{"x":0.667,"y":1},"o":{"x":0.333,"y":0},"t":61,"s":[{"i":[[0,0],[0,0]],"o":[[0,0],[0,0]],"v":[[-50.6,75.629],[-101.796,75.629]],"c":false}]},{"i":{"x":0.667,"y":1},"o":{"x":0.333,"y":0},"t":74,"s":[{"i":[[0,0],[0,0]],"o":[[0,0],[0,0]],"v":[[-50.6,75.629],[-101.796,75.629]],"c":false}]},{"i":{"x":0.667,"y":1},"o":{"x":0.333,"y":0},"t":87,"s":[{"i":[[0,0],[0,0]],"o":[[0,0],[0,0]],"v":[[-50.6,75.629],[-101.796,75.629]],"c":false}]},{"i":{"x":0.667,"y":1},"o":{"x":0.333,"y":0},"t":100,"s":[{"i":[[0,0],[0,0]],"o":[[0,0],[0,0]],"v":[[-50.6,75.629],[-101.796,75.629]],"c":false}]},{"i":{"x":0.667,"y":1},"o":{"x":0.333,"y":0},"t":114,"s":[{"i":[[0,0],[0,0]],"o":[[0,0],[0,0]],"v":[[-50.6,75.629],[-101.796,75.629]],"c":false}]},{"i":{"x":0.667,"y":1},"o":{"x":0.333,"y":0},"t":133,"s":[{"i":[[0,0],[0,0]],"o":[[0,0],[0,0]],"v":[[-50.6,75.629],[-101.796,75.629]],"c":false}]},{"t":150,"s":[{"i":[[0,0],[0,0]],"o":[[0,0],[0,0]],"v":[[-50.6,75.629],[-101.796,75.629]],"c":false}]}],"ix":2},"nm":"Path 2","mn":"ADBE Vector Shape - Group","hd":false},{"ind":2,"ty":"sh","ix":3,"ks":{"a":1,"k":[{"i":{"x":0.667,"y":1},"o":{"x":0.333,"y":0},"t":0,"s":[{"i":[[0,0],[0,0],[-21.175,17.222],[0,0],[6.789,18.424],[0,0],[0,0],[0,0],[1.947,-5.902],[0,0],[-11.201,-9.203],[0,0],[0,0],[0,0],[0,0]],"o":[[0,0],[27.295,0],[0,0],[15.233,-12.389],[0,0],[0,0],[0,0],[-4.802,-3.946],[0,0],[-9.203,11.201],[0,0],[0,0],[0,0],[-23.105,19.478],[0,0]],"v":[[-101.796,167.986],[-39.406,167.986],[35.526,141.362],[118.885,73.567],[133.002,22.053],[111.952,-35.072],[86.202,-78.451],[54.694,-104.338],[40.678,-100.275],[40.678,-100.275],[44.296,-63.331],[57.674,-50.07],[74.117,-17.955],[78.722,19.754],[47.085,51.484]],"c":false}]},{"i":{"x":0.667,"y":1},"o":{"x":0.333,"y":0},"t":23,"s":[{"i":[[0,0],[0,0],[-25.045,10.85],[0,0],[1.551,19.573],[0,0],[0,0],[0,0],[3.472,-5.155],[0,0],[-8.293,-11.89],[0,0],[0,0],[0,0],[0,0]],"o":[[0,0],[27.295,0],[0,0],[18.017,-7.805],[0,0],[0,0],[0,0],[-3.556,-5.098],[0,0],[-11.89,8.293],[0,0],[0,0],[0,0],[-27.514,12.5],[0,0]],"v":[[-101.796,167.986],[-39.406,167.986],[35.827,154.196],[123.853,119.057],[151.382,73.283],[146.575,12.594],[133.523,-36.135],[110.194,-69.581],[95.601,-69.462],[95.601,-69.462],[89.088,-32.917],[98.38,-16.53],[105.519,18.835],[99.75,56.384],[60.707,78.37]],"c":false}]},{"i":{"x":0.667,"y":1},"o":{"x":0.333,"y":0},"t":36,"s":[{"i":[[0,0],[0,0],[-21.175,17.222],[0,0],[6.789,18.424],[0,0],[0,0],[0,0],[1.947,-5.902],[0,0],[-11.201,-9.203],[0,0],[0,0],[0,0],[0,0]],"o":[[0,0],[27.295,0],[0,0],[15.233,-12.389],[0,0],[0,0],[0,0],[-4.802,-3.946],[0,0],[-9.203,11.201],[0,0],[0,0],[0,0],[-23.105,19.478],[0,0]],"v":[[-101.796,167.986],[-39.406,167.986],[35.526,141.362],[118.885,73.567],[133.002,22.053],[111.952,-35.072],[86.202,-78.451],[54.694,-104.338],[40.678,-100.275],[40.678,-100.275],[44.296,-63.331],[57.674,-50.07],[74.117,-17.955],[78.722,19.754],[47.085,51.484]],"c":false}]},{"i":{"x":0.667,"y":1},"o":{"x":0.333,"y":0},"t":49,"s":[{"i":[[0,0],[0,0],[-25.045,10.85],[0,0],[1.551,19.573],[0,0],[0,0],[0,0],[3.472,-5.155],[0,0],[-8.293,-11.89],[0,0],[0,0],[0,0],[0,0]],"o":[[0,0],[27.295,0],[0,0],[18.017,-7.805],[0,0],[0,0],[0,0],[-3.556,-5.098],[0,0],[-11.89,8.293],[0,0],[0,0],[0,0],[-27.514,12.5],[0,0]],"v":[[-101.796,167.986],[-39.406,167.986],[35.827,154.196],[123.853,119.057],[151.382,73.283],[146.575,12.594],[133.523,-36.135],[110.194,-69.581],[95.601,-69.462],[95.601,-69.462],[89.088,-32.917],[98.38,-16.53],[105.519,18.835],[99.75,56.384],[60.707,78.37]],"c":false}]},{"i":{"x":0.667,"y":1},"o":{"x":0.333,"y":0},"t":61,"s":[{"i":[[0,0],[0,0],[-21.175,17.222],[0,0],[6.789,18.424],[0,0],[0,0],[0,0],[1.947,-5.902],[0,0],[-11.201,-9.203],[0,0],[0,0],[0,0],[0,0]],"o":[[0,0],[27.295,0],[0,0],[15.233,-12.389],[0,0],[0,0],[0,0],[-4.802,-3.946],[0,0],[-9.203,11.201],[0,0],[0,0],[0,0],[-23.105,19.478],[0,0]],"v":[[-101.796,167.986],[-39.406,167.986],[35.526,141.362],[118.885,73.567],[133.002,22.053],[111.952,-35.072],[86.202,-78.451],[54.694,-104.338],[40.678,-100.275],[40.678,-100.275],[44.296,-63.331],[57.674,-50.07],[74.117,-17.955],[78.722,19.754],[47.085,51.484]],"c":false}]},{"i":{"x":0.667,"y":1},"o":{"x":0.333,"y":0},"t":74,"s":[{"i":[[0,0],[0,0],[-25.045,10.85],[0,0],[1.551,19.573],[0,0],[0,0],[0,0],[3.472,-5.155],[0,0],[-8.293,-11.89],[0,0],[0,0],[0,0],[0,0]],"o":[[0,0],[27.295,0],[0,0],[18.017,-7.805],[0,0],[0,0],[0,0],[-3.556,-5.098],[0,0],[-11.89,8.293],[0,0],[0,0],[0,0],[-27.514,12.5],[0,0]],"v":[[-101.796,167.986],[-39.406,167.986],[35.827,154.196],[123.853,119.057],[151.382,73.283],[146.575,12.594],[133.523,-36.135],[110.194,-69.581],[95.601,-69.462],[95.601,-69.462],[89.088,-32.917],[98.38,-16.53],[105.519,18.835],[99.75,56.384],[60.707,78.37]],"c":false}]},{"i":{"x":0.667,"y":1},"o":{"x":0.333,"y":0},"t":87,"s":[{"i":[[0,0],[0,0],[-21.175,17.222],[0,0],[6.789,18.424],[0,0],[0,0],[0,0],[1.947,-5.902],[0,0],[-11.201,-9.203],[0,0],[0,0],[0,0],[0,0]],"o":[[0,0],[27.295,0],[0,0],[15.233,-12.389],[0,0],[0,0],[0,0],[-4.802,-3.946],[0,0],[-9.203,11.201],[0,0],[0,0],[0,0],[-23.105,19.478],[0,0]],"v":[[-101.796,167.986],[-39.406,167.986],[35.526,141.362],[118.885,73.567],[133.002,22.053],[111.952,-35.072],[86.202,-78.451],[54.694,-104.338],[40.678,-100.275],[40.678,-100.275],[44.296,-63.331],[57.674,-50.07],[74.117,-17.955],[78.722,19.754],[47.085,51.484]],"c":false}]},{"i":{"x":0.667,"y":1},"o":{"x":0.333,"y":0},"t":100,"s":[{"i":[[0,0],[0,0],[-25.045,10.85],[0,0],[1.551,19.573],[0,0],[0,0],[0,0],[3.472,-5.155],[0,0],[-8.293,-11.89],[0,0],[0,0],[0,0],[0,0]],"o":[[0,0],[27.295,0],[0,0],[18.017,-7.805],[0,0],[0,0],[0,0],[-3.556,-5.098],[0,0],[-11.89,8.293],[0,0],[0,0],[0,0],[-27.514,12.5],[0,0]],"v":[[-101.796,167.986],[-39.406,167.986],[35.827,154.196],[123.853,119.057],[151.382,73.283],[146.575,12.594],[133.523,-36.135],[110.194,-69.581],[95.601,-69.462],[95.601,-69.462],[89.088,-32.917],[98.38,-16.53],[105.519,18.835],[99.75,56.384],[60.707,78.37]],"c":false}]},{"i":{"x":0.667,"y":1},"o":{"x":0.333,"y":0},"t":114,"s":[{"i":[[0,0],[0,0],[-21.175,17.222],[0,0],[6.789,18.424],[0,0],[0,0],[0,0],[1.947,-5.902],[0,0],[-11.201,-9.203],[0,0],[0,0],[0,0],[0,0]],"o":[[0,0],[27.295,0],[0,0],[15.233,-12.389],[0,0],[0,0],[0,0],[-4.802,-3.946],[0,0],[-9.203,11.201],[0,0],[0,0],[0,0],[-23.105,19.478],[0,0]],"v":[[-101.796,167.986],[-39.406,167.986],[35.526,141.362],[118.885,73.567],[133.002,22.053],[111.952,-35.072],[86.202,-78.451],[54.694,-104.338],[40.678,-100.275],[40.678,-100.275],[44.296,-63.331],[57.674,-50.07],[74.117,-17.955],[78.722,19.754],[47.085,51.484]],"c":false}]},{"i":{"x":0.667,"y":1},"o":{"x":0.333,"y":0},"t":133,"s":[{"i":[[0,0],[0,0],[-25.045,10.85],[0,0],[1.551,19.573],[0,0],[0,0],[0,0],[3.472,-5.155],[0,0],[-8.293,-11.89],[0,0],[0,0],[0,0],[0,0]],"o":[[0,0],[27.295,0],[0,0],[18.017,-7.805],[0,0],[0,0],[0,0],[-3.556,-5.098],[0,0],[-11.89,8.293],[0,0],[0,0],[0,0],[-27.514,12.5],[0,0]],"v":[[-101.796,167.986],[-39.406,167.986],[35.827,154.196],[123.853,119.057],[151.382,73.283],[146.575,12.594],[133.523,-36.135],[110.194,-69.581],[95.601,-69.462],[95.601,-69.462],[89.088,-32.917],[98.38,-16.53],[105.519,18.835],[99.75,56.384],[60.707,78.37]],"c":false}]},{"t":150,"s":[{"i":[[0,0],[0,0],[-21.175,17.222],[0,0],[6.789,18.424],[0,0],[0,0],[0,0],[1.947,-5.902],[0,0],[-11.201,-9.203],[0,0],[0,0],[0,0],[0,0]],"o":[[0,0],[27.295,0],[0,0],[15.233,-12.389],[0,0],[0,0],[0,0],[-4.802,-3.946],[0,0],[-9.203,11.201],[0,0],[0,0],[0,0],[-23.105,19.478],[0,0]],"v":[[-101.796,167.986],[-39.406,167.986],[35.526,141.362],[118.885,73.567],[133.002,22.053],[111.952,-35.072],[86.202,-78.451],[54.694,-104.338],[40.678,-100.275],[40.678,-100.275],[44.296,-63.331],[57.674,-50.07],[74.117,-17.955],[78.722,19.754],[47.085,51.484]],"c":false}]}],"ix":2},"nm":"Path 3","mn":"ADBE Vector Shape - Group","hd":false},{"ind":3,"ty":"sh","ix":4,"ks":{"a":1,"k":[{"i":{"x":0.667,"y":1},"o":{"x":0.333,"y":0},"t":0,"s":[{"i":[[0,0],[0,0],[2.79,0],[2.38,-2.76],[-0.32,-6.49],[-0.87,-2.46],[-2.36,-2.59]],"o":[[0,0],[-2.27,-1.96],[-3.38,0],[-4.58,5.31],[0.12,2.58],[1.13,3.15],[0,0]],"v":[[41.367,-101.834],[32.937,-109.114],[25.077,-112.034],[15.957,-107.864],[9.617,-89.454],[11.117,-81.844],[16.357,-73.124]],"c":false}]},{"i":{"x":0.667,"y":1},"o":{"x":0.333,"y":0},"t":23,"s":[{"i":[[0,0],[0,0],[2.686,0.755],[3.038,-2.013],[1.466,-6.33],[-0.184,-2.603],[-1.571,-3.132]],"o":[[0,0],[-1.655,-2.501],[-3.254,-0.915],[-5.846,3.873],[-0.583,2.516],[0.236,3.338],[0,0]],"v":[[96.687,-70.776],[90.541,-80.065],[83.764,-85.003],[73.856,-83.456],[62.771,-67.449],[62.156,-59.717],[64.841,-49.904]],"c":false}]},{"i":{"x":0.667,"y":1},"o":{"x":0.333,"y":0},"t":36,"s":[{"i":[[0,0],[0,0],[2.79,0],[2.38,-2.76],[-0.32,-6.49],[-0.87,-2.46],[-2.36,-2.59]],"o":[[0,0],[-2.27,-1.96],[-3.38,0],[-4.58,5.31],[0.12,2.58],[1.13,3.15],[0,0]],"v":[[41.367,-101.834],[32.937,-109.114],[25.077,-112.034],[15.957,-107.864],[9.617,-89.454],[11.117,-81.844],[16.357,-73.124]],"c":false}]},{"i":{"x":0.667,"y":1},"o":{"x":0.333,"y":0},"t":49,"s":[{"i":[[0,0],[0,0],[2.686,0.755],[3.038,-2.013],[1.466,-6.33],[-0.184,-2.603],[-1.571,-3.132]],"o":[[0,0],[-1.655,-2.501],[-3.254,-0.915],[-5.846,3.873],[-0.583,2.516],[0.236,3.338],[0,0]],"v":[[96.687,-70.776],[90.541,-80.065],[83.764,-85.003],[73.856,-83.456],[62.771,-67.449],[62.156,-59.717],[64.841,-49.904]],"c":false}]},{"i":{"x":0.667,"y":1},"o":{"x":0.333,"y":0},"t":61,"s":[{"i":[[0,0],[0,0],[2.79,0],[2.38,-2.76],[-0.32,-6.49],[-0.87,-2.46],[-2.36,-2.59]],"o":[[0,0],[-2.27,-1.96],[-3.38,0],[-4.58,5.31],[0.12,2.58],[1.13,3.15],[0,0]],"v":[[41.367,-101.834],[32.937,-109.114],[25.077,-112.034],[15.957,-107.864],[9.617,-89.454],[11.117,-81.844],[16.357,-73.124]],"c":false}]},{"i":{"x":0.667,"y":1},"o":{"x":0.333,"y":0},"t":74,"s":[{"i":[[0,0],[0,0],[2.686,0.755],[3.038,-2.013],[1.466,-6.33],[-0.184,-2.603],[-1.571,-3.132]],"o":[[0,0],[-1.655,-2.501],[-3.254,-0.915],[-5.846,3.873],[-0.583,2.516],[0.236,3.338],[0,0]],"v":[[96.687,-70.776],[90.541,-80.065],[83.764,-85.003],[73.856,-83.456],[62.771,-67.449],[62.156,-59.717],[64.841,-49.904]],"c":false}]},{"i":{"x":0.667,"y":1},"o":{"x":0.333,"y":0},"t":87,"s":[{"i":[[0,0],[0,0],[2.79,0],[2.38,-2.76],[-0.32,-6.49],[-0.87,-2.46],[-2.36,-2.59]],"o":[[0,0],[-2.27,-1.96],[-3.38,0],[-4.58,5.31],[0.12,2.58],[1.13,3.15],[0,0]],"v":[[41.367,-101.834],[32.937,-109.114],[25.077,-112.034],[15.957,-107.864],[9.617,-89.454],[11.117,-81.844],[16.357,-73.124]],"c":false}]},{"i":{"x":0.667,"y":1},"o":{"x":0.333,"y":0},"t":100,"s":[{"i":[[0,0],[0,0],[2.686,0.755],[3.038,-2.013],[1.466,-6.33],[-0.184,-2.603],[-1.571,-3.132]],"o":[[0,0],[-1.655,-2.501],[-3.254,-0.915],[-5.846,3.873],[-0.583,2.516],[0.236,3.338],[0,0]],"v":[[96.687,-70.776],[90.541,-80.065],[83.764,-85.003],[73.856,-83.456],[62.771,-67.449],[62.156,-59.717],[64.841,-49.904]],"c":false}]},{"i":{"x":0.667,"y":1},"o":{"x":0.333,"y":0},"t":114,"s":[{"i":[[0,0],[0,0],[2.79,0],[2.38,-2.76],[-0.32,-6.49],[-0.87,-2.46],[-2.36,-2.59]],"o":[[0,0],[-2.27,-1.96],[-3.38,0],[-4.58,5.31],[0.12,2.58],[1.13,3.15],[0,0]],"v":[[41.367,-101.834],[32.937,-109.114],[25.077,-112.034],[15.957,-107.864],[9.617,-89.454],[11.117,-81.844],[16.357,-73.124]],"c":false}]},{"i":{"x":0.667,"y":1},"o":{"x":0.333,"y":0},"t":133,"s":[{"i":[[0,0],[0,0],[2.686,0.755],[3.038,-2.013],[1.466,-6.33],[-0.184,-2.603],[-1.571,-3.132]],"o":[[0,0],[-1.655,-2.501],[-3.254,-0.915],[-5.846,3.873],[-0.583,2.516],[0.236,3.338],[0,0]],"v":[[96.687,-70.776],[90.541,-80.065],[83.764,-85.003],[73.856,-83.456],[62.771,-67.449],[62.156,-59.717],[64.841,-49.904]],"c":false}]},{"t":150,"s":[{"i":[[0,0],[0,0],[2.79,0],[2.38,-2.76],[-0.32,-6.49],[-0.87,-2.46],[-2.36,-2.59]],"o":[[0,0],[-2.27,-1.96],[-3.38,0],[-4.58,5.31],[0.12,2.58],[1.13,3.15],[0,0]],"v":[[41.367,-101.834],[32.937,-109.114],[25.077,-112.034],[15.957,-107.864],[9.617,-89.454],[11.117,-81.844],[16.357,-73.124]],"c":false}]}],"ix":2},"nm":"Path 4","mn":"ADBE Vector Shape - Group","hd":false},{"ind":4,"ty":"sh","ix":5,"ks":{"a":1,"k":[{"i":{"x":0.667,"y":1},"o":{"x":0.333,"y":0},"t":0,"s":[{"i":[[0,0],[0,0],[0,0],[-10.97,5.76],[0,0],[-1.02,0.18]],"o":[[0,0],[0,0],[-5.77,-10.98],[0,0],[0.97,-0.51],[0,0]],"v":[[3.557,-34.064],[-1.873,-44.384],[-7.723,-55.524],[1.697,-85.834],[6.617,-88.424],[9.617,-89.454]],"c":false}]},{"i":{"x":0.667,"y":1},"o":{"x":0.333,"y":0},"t":23,"s":[{"i":[[0,0],[0,0],[0,0],[-12.119,2.577],[0,0],[-1.031,-0.103]],"o":[[0,0],[0,0],[-2.584,-12.132],[0,0],[1.072,-0.229],[0,0]],"v":[[41.95,-15.764],[39.515,-27.169],[36.897,-39.476],[54.167,-66.107],[59.604,-67.269],[62.771,-67.449]],"c":false}]},{"i":{"x":0.667,"y":1},"o":{"x":0.333,"y":0},"t":36,"s":[{"i":[[0,0],[0,0],[0,0],[-10.97,5.76],[0,0],[-1.02,0.18]],"o":[[0,0],[0,0],[-5.77,-10.98],[0,0],[0.97,-0.51],[0,0]],"v":[[3.557,-34.064],[-1.873,-44.384],[-7.723,-55.524],[1.697,-85.834],[6.617,-88.424],[9.617,-89.454]],"c":false}]},{"i":{"x":0.667,"y":1},"o":{"x":0.333,"y":0},"t":49,"s":[{"i":[[0,0],[0,0],[0,0],[-12.119,2.577],[0,0],[-1.031,-0.103]],"o":[[0,0],[0,0],[-2.584,-12.132],[0,0],[1.072,-0.229],[0,0]],"v":[[41.95,-15.764],[39.515,-27.169],[36.897,-39.476],[54.167,-66.107],[59.604,-67.269],[62.771,-67.449]],"c":false}]},{"i":{"x":0.667,"y":1},"o":{"x":0.333,"y":0},"t":61,"s":[{"i":[[0,0],[0,0],[0,0],[-10.97,5.76],[0,0],[-1.02,0.18]],"o":[[0,0],[0,0],[-5.77,-10.98],[0,0],[0.97,-0.51],[0,0]],"v":[[3.557,-34.064],[-1.873,-44.384],[-7.723,-55.524],[1.697,-85.834],[6.617,-88.424],[9.617,-89.454]],"c":false}]},{"i":{"x":0.667,"y":1},"o":{"x":0.333,"y":0},"t":74,"s":[{"i":[[0,0],[0,0],[0,0],[-12.119,2.577],[0,0],[-1.031,-0.103]],"o":[[0,0],[0,0],[-2.584,-12.132],[0,0],[1.072,-0.229],[0,0]],"v":[[41.95,-15.764],[39.515,-27.169],[36.897,-39.476],[54.167,-66.107],[59.604,-67.269],[62.771,-67.449]],"c":false}]},{"i":{"x":0.667,"y":1},"o":{"x":0.333,"y":0},"t":87,"s":[{"i":[[0,0],[0,0],[0,0],[-10.97,5.76],[0,0],[-1.02,0.18]],"o":[[0,0],[0,0],[-5.77,-10.98],[0,0],[0.97,-0.51],[0,0]],"v":[[3.557,-34.064],[-1.873,-44.384],[-7.723,-55.524],[1.697,-85.834],[6.617,-88.424],[9.617,-89.454]],"c":false}]},{"i":{"x":0.667,"y":1},"o":{"x":0.333,"y":0},"t":100,"s":[{"i":[[0,0],[0,0],[0,0],[-12.119,2.577],[0,0],[-1.031,-0.103]],"o":[[0,0],[0,0],[-2.584,-12.132],[0,0],[1.072,-0.229],[0,0]],"v":[[41.95,-15.764],[39.515,-27.169],[36.897,-39.476],[54.167,-66.107],[59.604,-67.269],[62.771,-67.449]],"c":false}]},{"i":{"x":0.667,"y":1},"o":{"x":0.333,"y":0},"t":114,"s":[{"i":[[0,0],[0,0],[0,0],[-10.97,5.76],[0,0],[-1.02,0.18]],"o":[[0,0],[0,0],[-5.77,-10.98],[0,0],[0.97,-0.51],[0,0]],"v":[[3.557,-34.064],[-1.873,-44.384],[-7.723,-55.524],[1.697,-85.834],[6.617,-88.424],[9.617,-89.454]],"c":false}]},{"i":{"x":0.667,"y":1},"o":{"x":0.333,"y":0},"t":133,"s":[{"i":[[0,0],[0,0],[0,0],[-12.119,2.577],[0,0],[-1.031,-0.103]],"o":[[0,0],[0,0],[-2.584,-12.132],[0,0],[1.072,-0.229],[0,0]],"v":[[41.95,-15.764],[39.515,-27.169],[36.897,-39.476],[54.167,-66.107],[59.604,-67.269],[62.771,-67.449]],"c":false}]},{"t":150,"s":[{"i":[[0,0],[0,0],[0,0],[-10.97,5.76],[0,0],[-1.02,0.18]],"o":[[0,0],[0,0],[-5.77,-10.98],[0,0],[0.97,-0.51],[0,0]],"v":[[3.557,-34.064],[-1.873,-44.384],[-7.723,-55.524],[1.697,-85.834],[6.617,-88.424],[9.617,-89.454]],"c":false}]}],"ix":2},"nm":"Path 5","mn":"ADBE Vector Shape - Group","hd":false},{"ty":"st","c":{"a":0,"k":[0.071,0.075,0.192,1],"ix":3,"x":"var $bm_rt;\n$bm_rt = comp('wired-outline-1672-pinecone-italian-hand').layer('control').effect('primary')('Color');"},"o":{"a":0,"k":100,"ix":4},"w":{"a":0,"k":12.04,"ix":5,"x":"var $bm_rt;\n$bm_rt = $bm_mul($bm_div(value, 2), comp('wired-outline-1672-pinecone-italian-hand').layer('control').effect('stroke')('Menu'));"},"lc":2,"lj":2,"bm":0,"nm":".primary","mn":"ADBE Vector Graphic - Stroke","hd":false,"cl":"primary"},{"ty":"tr","p":{"a":0,"k":[258.394,202.104],"ix":2},"a":{"a":0,"k":[0,0],"ix":1},"s":{"a":0,"k":[100,100],"ix":3},"r":{"a":0,"k":0,"ix":6},"o":{"a":0,"k":100,"ix":7},"sk":{"a":0,"k":0,"ix":4},"sa":{"a":0,"k":0,"ix":5},"nm":"Transform"}],"nm":"Group 1","np":6,"cix":2,"bm":0,"ix":1,"mn":"ADBE Vector Group","hd":false}],"ip":0,"op":844,"st":0,"bm":0}]}],"layers":[{"ddd":0,"ind":1,"ty":3,"nm":"control","sr":1,"ks":{"o":{"a":0,"k":0,"ix":11},"r":{"a":0,"k":0,"ix":10},"p":{"a":0,"k":[0,0],"ix":2,"l":2},"a":{"a":0,"k":[0,0,0],"ix":1,"l":2},"s":{"a":0,"k":[100,100,100],"ix":6,"l":2}},"ao":0,"ef":[{"ty":5,"nm":"stroke","np":3,"mn":"Pseudo/@@smRQVs+eRVCNH/P5HgF1oA","ix":1,"en":1,"ef":[{"ty":7,"nm":"Menu","mn":"Pseudo/@@smRQVs+eRVCNH/P5HgF1oA-0001","ix":1,"v":{"a":0,"k":2,"ix":1}}]},{"ty":5,"nm":"primary","np":3,"mn":"ADBE Color Control","ix":2,"en":1,"ef":[{"ty":2,"nm":"Color","mn":"ADBE Color Control-0001","ix":1,"v":{"a":0,"k":[0.071,0.075,0.192],"ix":1}}]},{"ty":5,"nm":"secondary","np":3,"mn":"ADBE Color Control","ix":3,"en":1,"ef":[{"ty":2,"nm":"Color","mn":"ADBE Color Control-0001","ix":1,"v":{"a":0,"k":[0.031,0.659,0.541],"ix":1}}]}],"ip":0,"op":251,"st":0,"bm":0},{"ddd":0,"ind":2,"ty":0,"nm":"in-reveal","refId":"comp_0","sr":1,"ks":{"o":{"a":0,"k":100,"ix":11},"r":{"a":0,"k":0,"ix":10},"p":{"a":0,"k":[215,215,0],"ix":2,"l":2},"a":{"a":0,"k":[215,215,0],"ix":1,"l":2},"s":{"a":0,"k":[100,100,100],"ix":6,"l":2}},"ao":0,"w":430,"h":430,"ip":0,"op":100,"st":0,"bm":0},{"ddd":0,"ind":3,"ty":0,"nm":"hover-pinch","refId":"comp_2","sr":1,"ks":{"o":{"a":0,"k":100,"ix":11},"r":{"a":0,"k":0,"ix":10},"p":{"a":0,"k":[215,215,0],"ix":2,"l":2},"a":{"a":0,"k":[215,215,0],"ix":1,"l":2},"s":{"a":0,"k":[100,100,100],"ix":6,"l":2}},"ao":0,"w":430,"h":430,"ip":100,"op":260,"st":100,"bm":0}],"markers":[{"tm":0,"cm":"in-reveal","dr":90},{"tm":100,"cm":"default:hover-pinch","dr":150}]}