{"v":"5.12.1","fr":60,"ip":100,"op":220,"w":430,"h":430,"nm":"wired-lineal-44-avatar-user-in-circle","ddd":0,"assets":[{"id":"comp_0","nm":"in-reveal","fr":60,"layers":[{"ddd":0,"ind":1,"ty":4,"nm":"Warstwa 15","sr":1,"ks":{"o":{"a":0,"k":100,"ix":11},"r":{"a":0,"k":0,"ix":10},"p":{"a":0,"k":[217.437,214.557,0],"ix":2,"l":2},"a":{"a":0,"k":[0,0,0],"ix":1,"l":2},"s":{"a":1,"k":[{"i":{"x":[0.667,0.667,0.667],"y":[1,1,1]},"o":{"x":[0.333,0.333,0.333],"y":[0,0,0]},"t":40,"s":[359.264,359.264,100]},{"t":90,"s":[337.264,337.264,100]}],"ix":6,"l":2}},"ao":0,"shapes":[{"ty":"gr","it":[{"ind":0,"ty":"sh","ix":1,"ks":{"a":1,"k":[{"i":{"x":0.399,"y":1},"o":{"x":0.167,"y":0.167},"t":0,"s":[{"i":[[0,-1.871],[1.871,0],[0,1.871],[-1.871,0]],"o":[[0,1.871],[-1.871,0],[0,-1.871],[1.871,0]],"v":[[3.428,0.75],[0.04,4.139],[-3.349,0.75],[0.04,-2.639]],"c":true}]},{"t":40,"s":[{"i":[[0,-27.614],[27.614,0],[0,27.614],[-27.614,0]],"o":[[0,27.614],[-27.614,0],[0,-27.614],[27.614,0]],"v":[[50.04,0.75],[0.04,50.75],[-49.96,0.75],[0.04,-49.25]],"c":true}]}],"ix":2},"nm":"Path 1","mn":"ADBE Vector Shape - Group","hd":false},{"ty":"st","c":{"a":0,"k":[0.071,0.075,0.192,1],"ix":3,"x":"var $bm_rt;\n$bm_rt = comp('wired-lineal-44-avatar-user-in-circle').layer('control').effect('primary')('Color');"},"o":{"a":0,"k":100,"ix":4},"w":{"a":0,"k":2.5,"ix":5,"x":"var $bm_rt;\n$bm_rt = $bm_mul($bm_div(value, 2), comp('wired-lineal-44-avatar-user-in-circle').layer('control').effect('stroke')('Menu'));"},"lc":2,"lj":2,"bm":0,"nm":".primary","mn":"ADBE Vector Graphic - Stroke","hd":false,"cl":"primary"},{"ty":"tr","p":{"a":0,"k":[0,0],"ix":2},"a":{"a":0,"k":[0,0],"ix":1},"s":{"a":0,"k":[100,100],"ix":3},"r":{"a":0,"k":0,"ix":6},"o":{"a":0,"k":100,"ix":7},"sk":{"a":0,"k":0,"ix":4},"sa":{"a":0,"k":0,"ix":5},"nm":"Transform"}],"nm":"Group 1","np":3,"cix":2,"bm":0,"ix":1,"mn":"ADBE Vector Group","hd":false}],"ip":2.5,"op":300,"st":0,"ct":1,"bm":0},{"ddd":0,"ind":2,"ty":4,"nm":"mask 3","parent":1,"td":1,"sr":1,"ks":{"o":{"a":0,"k":100,"ix":11},"r":{"a":0,"k":0,"ix":10},"p":{"a":0,"k":[0,0,0],"ix":2,"l":2},"a":{"a":0,"k":[0,0,0],"ix":1,"l":2},"s":{"a":0,"k":[100,100,100],"ix":6,"l":2}},"ao":0,"shapes":[{"ty":"gr","it":[{"ind":0,"ty":"sh","ix":1,"ks":{"a":1,"k":[{"i":{"x":0.399,"y":1},"o":{"x":0.167,"y":0.167},"t":0,"s":[{"i":[[0,-1.871],[1.871,0],[0,1.871],[-1.871,0]],"o":[[0,1.871],[-1.871,0],[0,-1.871],[1.871,0]],"v":[[3.428,0.75],[0.04,4.139],[-3.349,0.75],[0.04,-2.639]],"c":true}]},{"t":40,"s":[{"i":[[0,-27.614],[27.614,0],[0,27.614],[-27.614,0]],"o":[[0,27.614],[-27.614,0],[0,-27.614],[27.614,0]],"v":[[50.04,0.75],[0.04,50.75],[-49.96,0.75],[0.04,-49.25]],"c":true}]}],"ix":2},"nm":"Path 1","mn":"ADBE Vector Shape - Group","hd":false},{"ty":"st","c":{"a":0,"k":[0.074509806931,0.078431375325,0.196078449488,1],"ix":3},"o":{"a":0,"k":100,"ix":4},"w":{"a":0,"k":0,"ix":5,"x":"var $bm_rt;\n$bm_rt = $bm_mul($bm_div(value, 2), comp('wired-lineal-44-avatar-user-in-circle').layer('control').effect('stroke')('Menu'));"},"lc":2,"lj":2,"bm":0,"nm":"Stroke 1","mn":"ADBE Vector Graphic - Stroke","hd":false},{"ty":"tr","p":{"a":0,"k":[0,0],"ix":2},"a":{"a":0,"k":[0,0],"ix":1},"s":{"a":0,"k":[100,100],"ix":3},"r":{"a":0,"k":0,"ix":6},"o":{"a":0,"k":100,"ix":7},"sk":{"a":0,"k":0,"ix":4},"sa":{"a":0,"k":0,"ix":5},"nm":"Transform"}],"nm":"Group 1","np":3,"cix":2,"bm":0,"ix":1,"mn":"ADBE Vector Group","hd":false},{"ty":"fl","c":{"a":0,"k":[1,0,0,1],"ix":4},"o":{"a":0,"k":100,"ix":5},"r":1,"bm":0,"nm":"Fill 1","mn":"ADBE Vector Graphic - Fill","hd":false}],"ip":2.5,"op":300,"st":0,"ct":1,"bm":0},{"ddd":0,"ind":3,"ty":4,"nm":"Warstwa 14","tt":1,"tp":2,"sr":1,"ks":{"o":{"a":0,"k":100,"ix":11},"r":{"a":0,"k":0,"ix":10},"p":{"a":0,"k":[217.379,297.118,0],"ix":2,"l":2},"a":{"a":0,"k":[9.568,24.043,0],"ix":1,"l":2},"s":{"a":0,"k":[553.113,553.113,100],"ix":6,"l":2}},"ao":0,"shapes":[{"ty":"gr","it":[{"ind":0,"ty":"sh","ix":1,"ks":{"a":1,"k":[{"i":{"x":0,"y":1},"o":{"x":0.167,"y":0.167},"t":12.5,"s":[{"i":[[0,0],[0,0],[-7.742,0],[0,0],[0,-7.742],[0,0]],"o":[[0,0],[0,-7.742],[0,0],[7.742,0],[0,0],[0,0]],"v":[[-12.514,45.576],[-12.525,44.413],[1.494,30.394],[17.525,30.394],[31.544,44.413],[31.554,45.576]],"c":false}]},{"i":{"x":0.667,"y":1},"o":{"x":0.333,"y":0},"t":40,"s":[{"i":[[0,0],[0,0],[-7.742,0],[0,0],[0,-7.742],[0,0]],"o":[[0,0],[0,-7.742],[0,0],[7.742,0],[0,0],[0,0]],"v":[[-12.508,39.791],[-12.467,27.961],[1.552,13.942],[17.583,13.942],[31.602,27.961],[31.56,39.791]],"c":false}]},{"t":67.5,"s":[{"i":[[0,0],[0,0],[-7.742,0],[0,0],[0,-7.742],[0,0]],"o":[[0,0],[0,-7.742],[0,0],[7.742,0],[0,0],[0,0]],"v":[[-12.508,39.791],[-12.467,29.769],[1.552,15.75],[17.583,15.75],[31.602,29.769],[31.56,39.791]],"c":false}]}],"ix":2},"nm":"Path 1","mn":"ADBE Vector Shape - Group","hd":false},{"ty":"st","c":{"a":0,"k":[0.071,0.075,0.192,1],"ix":3,"x":"var $bm_rt;\n$bm_rt = comp('wired-lineal-44-avatar-user-in-circle').layer('control').effect('primary')('Color');"},"o":{"a":0,"k":100,"ix":4},"w":{"a":0,"k":1.5,"ix":5,"x":"var $bm_rt;\n$bm_rt = $bm_mul($bm_div(value, 2), comp('wired-lineal-44-avatar-user-in-circle').layer('control').effect('stroke')('Menu'));"},"lc":2,"lj":2,"bm":0,"nm":".primary","mn":"ADBE Vector Graphic - Stroke","hd":false,"cl":"primary"},{"ty":"tr","p":{"a":0,"k":[0,0],"ix":2},"a":{"a":0,"k":[0,0],"ix":1},"s":{"a":0,"k":[100,100],"ix":3},"r":{"a":0,"k":0,"ix":6},"o":{"a":0,"k":100,"ix":7},"sk":{"a":0,"k":0,"ix":4},"sa":{"a":0,"k":0,"ix":5},"nm":"Transform"}],"nm":"Group 1","np":2,"cix":2,"bm":0,"ix":1,"mn":"ADBE Vector Group","hd":false}],"ip":2.5,"op":217.5,"st":0,"ct":1,"bm":0},{"ddd":0,"ind":4,"ty":4,"nm":"Warstwa 16","td":1,"sr":1,"ks":{"o":{"a":0,"k":100,"ix":11},"r":{"a":0,"k":0,"ix":10},"p":{"a":0,"k":[217.437,214.557,0],"ix":2,"l":2},"a":{"a":0,"k":[0,0,0],"ix":1,"l":2},"s":{"a":1,"k":[{"i":{"x":[0.667,0.667,0.667],"y":[1,1,1]},"o":{"x":[0.333,0.333,0.333],"y":[0,0,0]},"t":40,"s":[359.264,359.264,100]},{"t":90,"s":[337.264,337.264,100]}],"ix":6,"l":2}},"ao":0,"shapes":[{"ty":"gr","it":[{"ind":0,"ty":"sh","ix":1,"ks":{"a":1,"k":[{"i":{"x":0.399,"y":1},"o":{"x":0.167,"y":0.167},"t":0,"s":[{"i":[[0,-1.871],[1.871,0],[0,1.871],[-1.871,0]],"o":[[0,1.871],[-1.871,0],[0,-1.871],[1.871,0]],"v":[[3.428,0.75],[0.04,4.139],[-3.349,0.75],[0.04,-2.639]],"c":true}]},{"t":40,"s":[{"i":[[0,-27.614],[27.614,0],[0,27.614],[-27.614,0]],"o":[[0,27.614],[-27.614,0],[0,-27.614],[27.614,0]],"v":[[50.04,0.75],[0.04,50.75],[-49.96,0.75],[0.04,-49.25]],"c":true}]}],"ix":2},"nm":"Path 1","mn":"ADBE Vector Shape - Group","hd":false},{"ty":"st","c":{"a":0,"k":[0.071,0.075,0.192,1],"ix":3,"x":"var $bm_rt;\n$bm_rt = comp('wired-lineal-44-avatar-user-in-circle').layer('control').effect('primary')('Color');"},"o":{"a":0,"k":100,"ix":4},"w":{"a":0,"k":2.5,"ix":5,"x":"var $bm_rt;\n$bm_rt = $bm_mul($bm_div(value, 2), comp('wired-lineal-44-avatar-user-in-circle').layer('control').effect('stroke')('Menu'));"},"lc":2,"lj":2,"bm":0,"nm":".primary","mn":"ADBE Vector Graphic - Stroke","hd":false,"cl":"primary"},{"ty":"tr","p":{"a":0,"k":[0,0],"ix":2},"a":{"a":0,"k":[0,0],"ix":1},"s":{"a":0,"k":[100,100],"ix":3},"r":{"a":0,"k":0,"ix":6},"o":{"a":0,"k":100,"ix":7},"sk":{"a":0,"k":0,"ix":4},"sa":{"a":0,"k":0,"ix":5},"nm":"Transform"}],"nm":"Group 1","np":3,"cix":2,"bm":0,"ix":1,"mn":"ADBE Vector Group","hd":false},{"ty":"fl","c":{"a":0,"k":[1,0,0,1],"ix":4},"o":{"a":0,"k":100,"ix":5},"r":1,"bm":0,"nm":"Fill 1","mn":"ADBE Vector Graphic - Fill","hd":false}],"ip":2.5,"op":300,"st":0,"ct":1,"bm":0},{"ddd":0,"ind":5,"ty":4,"nm":"Vector 7","tt":1,"tp":4,"sr":1,"ks":{"o":{"a":0,"k":50,"ix":11},"r":{"a":0,"k":0,"ix":10},"p":{"a":0,"k":[133.98,300.505,0],"ix":2,"l":2},"a":{"a":0,"k":[0,0,0],"ix":1,"l":2},"s":{"a":0,"k":[100,100,100],"ix":6,"l":2}},"ao":0,"shapes":[{"ty":"gr","it":[{"ind":0,"ty":"sh","ix":1,"ks":{"a":1,"k":[{"i":{"x":0.753,"y":1},"o":{"x":0.325,"y":0.219},"t":12.5,"s":[{"i":[[-20.564,0.003],[0,0],[2.09,-65.58],[6.078,6.372],[0,0],[-21.144,23.856]],"o":[[0,0],[-42.37,14.74],[-6.989,-5.357],[0,0],[0.003,-20.564],[13.64,-15.389]],"v":[[22.99,19.925],[27.2,19.925],[-32.07,141.075],[-51.7,123.455],[-51.55,118.965],[-31.836,42.639]],"c":true}]},{"i":{"x":0.833,"y":0.833},"o":{"x":0.158,"y":0},"t":20,"s":[{"i":[[-20.564,0.003],[0,0],[2.09,-65.58],[6.078,6.372],[0,0],[-22.341,19.984]],"o":[[0,0],[-42.37,14.74],[-6.989,-5.357],[0,0],[0.003,-20.564],[15.327,-13.71]],"v":[[34.437,-39.452],[38.647,-39.452],[-20.623,81.698],[-40.253,88.669],[-40.103,59.588],[-20.14,-12.988]],"c":true}]},{"i":{"x":0.026,"y":1},"o":{"x":0.167,"y":0.167},"t":21,"s":[{"i":[[-20.564,0.003],[0,0],[2.021,-65.834],[6.078,6.372],[0,0],[-22.285,20.162]],"o":[[0,0],[-42.37,14.74],[-6.989,-5.357],[0,0],[0.003,-20.564],[15.249,-13.787]],"v":[[35.041,-39.657],[39.251,-39.657],[-20.679,80.977],[-40.286,87.944],[-40.136,58.36],[-19.535,-13.297]],"c":true}]},{"i":{"x":0.833,"y":0.833},"o":{"x":0.333,"y":0},"t":40,"s":[{"i":[[-20.564,0.003],[0,0],[0.59,-71.08],[6.078,6.372],[0,0],[-21.144,23.856]],"o":[[0,0],[-42.37,14.74],[-6.989,-5.357],[0,0],[0.003,-20.564],[13.64,-15.389]],"v":[[35.49,-64.95],[39.7,-64.95],[-20.32,66.7],[-39.45,73.58],[-39.3,33.59],[-19.086,-40.736]],"c":true}]},{"t":67.5,"s":[{"i":[[-20.564,0.003],[0,0],[0.59,-52.932],[6.078,6.372],[0,0],[-16.864,17.819]],"o":[[0,0],[-42.37,14.74],[-7.586,4.707],[0,0],[0.003,-20.564],[14.224,-14.84]],"v":[[37.434,-53.982],[41.644,-53.982],[-21.496,60.242],[-41.135,62.816],[-40.8,26.16],[-17.392,-32.232]],"c":true}]}],"ix":2},"nm":"Path 1","mn":"ADBE Vector Shape - Group","hd":false},{"ty":"fl","c":{"a":0,"k":[0.294,0.702,0.992,1],"ix":4,"x":"var $bm_rt;\n$bm_rt = comp('wired-lineal-44-avatar-user-in-circle').layer('control').effect('tertiary')('Color');"},"o":{"a":0,"k":100,"ix":5},"r":1,"bm":0,"nm":".tertiary","mn":"ADBE Vector Graphic - Fill","hd":false,"cl":"tertiary"},{"ty":"tr","p":{"a":0,"k":[1.5,6],"ix":2},"a":{"a":0,"k":[0,0],"ix":1},"s":{"a":0,"k":[100,100],"ix":3},"r":{"a":0,"k":0,"ix":6},"o":{"a":0,"k":100,"ix":7},"sk":{"a":0,"k":0,"ix":4},"sa":{"a":0,"k":0,"ix":5},"nm":"Transform"}],"nm":"Vector","np":2,"cix":2,"bm":0,"ix":1,"mn":"ADBE Vector Group","hd":false}],"ip":2.5,"op":387.5,"st":87.5,"ct":1,"bm":1},{"ddd":0,"ind":6,"ty":4,"nm":"cyrcle mask 5","parent":4,"td":1,"sr":1,"ks":{"o":{"a":0,"k":100,"ix":11},"r":{"a":0,"k":0,"ix":10},"p":{"a":0,"k":[0,0,0],"ix":2,"l":2},"a":{"a":0,"k":[0,0,0],"ix":1,"l":2},"s":{"a":0,"k":[100,100,100],"ix":6,"l":2}},"ao":0,"shapes":[{"ty":"gr","it":[{"ind":0,"ty":"sh","ix":1,"ks":{"a":1,"k":[{"i":{"x":0.399,"y":1},"o":{"x":0.167,"y":0.167},"t":0,"s":[{"i":[[0,-1.871],[1.871,0],[0,1.871],[-1.871,0]],"o":[[0,1.871],[-1.871,0],[0,-1.871],[1.871,0]],"v":[[3.428,0.75],[0.04,4.139],[-3.349,0.75],[0.04,-2.639]],"c":true}]},{"t":40,"s":[{"i":[[0,-27.614],[27.614,0],[0,27.614],[-27.614,0]],"o":[[0,27.614],[-27.614,0],[0,-27.614],[27.614,0]],"v":[[50.04,0.75],[0.04,50.75],[-49.96,0.75],[0.04,-49.25]],"c":true}]}],"ix":2},"nm":"Path 1","mn":"ADBE Vector Shape - Group","hd":false},{"ty":"tr","p":{"a":0,"k":[0,0],"ix":2},"a":{"a":0,"k":[0,0],"ix":1},"s":{"a":0,"k":[100,100],"ix":3},"r":{"a":0,"k":0,"ix":6},"o":{"a":0,"k":100,"ix":7},"sk":{"a":0,"k":0,"ix":4},"sa":{"a":0,"k":0,"ix":5},"nm":"Transform"}],"nm":"Group 1","np":3,"cix":2,"bm":0,"ix":1,"mn":"ADBE Vector Group","hd":false},{"ty":"fl","c":{"a":0,"k":[0.92156869173,0.901960849762,0.937254965305,1],"ix":4},"o":{"a":0,"k":100,"ix":5},"r":1,"bm":0,"nm":"Fill 1","mn":"ADBE Vector Graphic - Fill","hd":false}],"ip":2.5,"op":300,"st":0,"ct":1,"bm":0},{"ddd":0,"ind":7,"ty":4,"nm":"Vector 6","tt":1,"tp":6,"sr":1,"ks":{"o":{"a":0,"k":100,"ix":11},"r":{"a":0,"k":0,"ix":10},"p":{"a":0,"k":[216.73,318.808,0],"ix":2,"l":2},"a":{"a":0,"k":[0,0,0],"ix":1,"l":2},"s":{"a":0,"k":[100,100,100],"ix":6,"l":2}},"ao":0,"shapes":[{"ty":"gr","it":[{"ind":0,"ty":"sh","ix":1,"ks":{"a":1,"k":[{"i":{"x":0.753,"y":1},"o":{"x":0.325,"y":0.219},"t":12.5,"s":[{"i":[[0.003,-20.564],[0,0],[-62.03,66.22],[0,0],[14.541,14.541],[20.564,0.003],[0,0],[16.128,-14.359]],"o":[[0,0],[68.77,72.04],[0,0],[4.57,-20.97],[-14.541,-14.541],[0,0],[-20.564,0.003],[-22.864,20.356]],"v":[[-127.3,99.412],[-127.45,103.902],[116.29,104.632],[116.45,99.412],[97.456,26.836],[38.88,2.372],[-49.79,2.372],[-105.366,25.086]],"c":true}]},{"i":{"x":0.026,"y":1},"o":{"x":0.158,"y":0},"t":20,"s":[{"i":[[0.003,-20.564],[0,0],[-62.03,66.22],[0,0],[14.541,14.541],[20.564,0.003],[0,0],[16.128,-14.359]],"o":[[0,0],[68.77,72.04],[0,0],[4.57,-20.97],[-14.541,-14.541],[0,0],[-20.564,0.003],[-22.864,20.356]],"v":[[-121.988,42.035],[-122.83,68.692],[116.024,69.153],[118.262,40.035],[99.269,-32.541],[40.693,-57.005],[-47.977,-57.005],[-100.053,-32.291]],"c":true}]},{"i":{"x":0.833,"y":0.833},"o":{"x":0.333,"y":0},"t":40,"s":[{"i":[[0.003,-20.564],[0,0],[-62.03,66.22],[0,0],[14.541,14.541],[20.564,0.003],[0,0],[16.128,-14.359]],"o":[[0,0],[68.77,72.04],[0,0],[2.07,-22.97],[-14.541,-14.541],[0,0],[-20.564,0.003],[-22.864,20.356]],"v":[[-121.8,13.412],[-121.95,49.402],[121.29,53.132],[121.95,13.412],[102.956,-59.164],[44.38,-83.628],[-44.29,-83.628],[-99.866,-60.914]],"c":true}]},{"t":67,"s":[{"i":[[0.003,-20.564],[0,0],[-62.03,66.22],[0,0],[14.541,14.541],[20.564,0.003],[0,0],[14.546,-14.54]],"o":[[0,0],[68.77,72.04],[0,0],[0.013,-20.565],[-14.541,-14.541],[0,0],[-22.095,-0.281],[-14.569,14.561]],"v":[[-122.816,4.627],[-123.435,55.571],[119.261,48.149],[120.45,5.69],[98.999,-49.447],[44.41,-72.526],[-44.26,-72.526],[-100.104,-50.266]],"c":true}]}],"ix":2},"nm":"Path 1","mn":"ADBE Vector Shape - Group","hd":false},{"ty":"fl","c":{"a":0,"k":[0.294,0.702,0.992,1],"ix":4,"x":"var $bm_rt;\n$bm_rt = comp('wired-lineal-44-avatar-user-in-circle').layer('control').effect('tertiary')('Color');"},"o":{"a":0,"k":100,"ix":5},"r":1,"bm":0,"nm":".tertiary","mn":"ADBE Vector Graphic - Fill","hd":false,"cl":"tertiary"},{"ty":"tr","p":{"a":0,"k":[1.5,6],"ix":2},"a":{"a":0,"k":[0,0],"ix":1},"s":{"a":0,"k":[100,100],"ix":3},"r":{"a":0,"k":0,"ix":6},"o":{"a":0,"k":100,"ix":7},"sk":{"a":0,"k":0,"ix":4},"sa":{"a":0,"k":0,"ix":5},"nm":"Transform"}],"nm":"Vector","np":2,"cix":2,"bm":0,"ix":1,"mn":"ADBE Vector Group","hd":false}],"ip":2.5,"op":387.5,"st":87.5,"ct":1,"bm":0},{"ddd":0,"ind":8,"ty":4,"nm":"mask 2","parent":1,"td":1,"sr":1,"ks":{"o":{"a":0,"k":100,"ix":11},"r":{"a":0,"k":0,"ix":10},"p":{"a":0,"k":[0,0,0],"ix":2,"l":2},"a":{"a":0,"k":[0,0,0],"ix":1,"l":2},"s":{"a":0,"k":[100,100,100],"ix":6,"l":2}},"ao":0,"shapes":[{"ty":"gr","it":[{"ind":0,"ty":"sh","ix":1,"ks":{"a":1,"k":[{"i":{"x":0.399,"y":1},"o":{"x":0.167,"y":0.167},"t":0,"s":[{"i":[[0,-1.871],[1.871,0],[0,1.871],[-1.871,0]],"o":[[0,1.871],[-1.871,0],[0,-1.871],[1.871,0]],"v":[[3.428,0.75],[0.04,4.139],[-3.349,0.75],[0.04,-2.639]],"c":true}]},{"t":40,"s":[{"i":[[0,-27.614],[27.614,0],[0,27.614],[-27.614,0]],"o":[[0,27.614],[-27.614,0],[0,-27.614],[27.614,0]],"v":[[50.04,0.75],[0.04,50.75],[-49.96,0.75],[0.04,-49.25]],"c":true}]}],"ix":2},"nm":"Path 1","mn":"ADBE Vector Shape - Group","hd":false},{"ty":"st","c":{"a":0,"k":[0.074509806931,0.078431375325,0.196078449488,1],"ix":3},"o":{"a":0,"k":100,"ix":4},"w":{"a":0,"k":0,"ix":5,"x":"var $bm_rt;\n$bm_rt = $bm_mul($bm_div(value, 2), comp('wired-lineal-44-avatar-user-in-circle').layer('control').effect('stroke')('Menu'));"},"lc":2,"lj":2,"bm":0,"nm":"Stroke 1","mn":"ADBE Vector Graphic - Stroke","hd":false},{"ty":"tr","p":{"a":0,"k":[0,0],"ix":2},"a":{"a":0,"k":[0,0],"ix":1},"s":{"a":0,"k":[100,100],"ix":3},"r":{"a":0,"k":0,"ix":6},"o":{"a":0,"k":100,"ix":7},"sk":{"a":0,"k":0,"ix":4},"sa":{"a":0,"k":0,"ix":5},"nm":"Transform"}],"nm":"Group 1","np":3,"cix":2,"bm":0,"ix":1,"mn":"ADBE Vector Group","hd":false},{"ty":"fl","c":{"a":0,"k":[1,0,0,1],"ix":4},"o":{"a":0,"k":100,"ix":5},"r":1,"bm":0,"nm":"Fill 1","mn":"ADBE Vector Graphic - Fill","hd":false}],"ip":2.5,"op":300,"st":0,"ct":1,"bm":0},{"ddd":0,"ind":9,"ty":4,"nm":"Warstwa 13","tt":1,"tp":8,"sr":1,"ks":{"o":{"a":0,"k":100,"ix":11},"r":{"a":0,"k":0,"ix":10},"p":{"a":1,"k":[{"i":{"x":0.381,"y":1},"o":{"x":0.167,"y":0.167},"t":0,"s":[217.379,312.259,0],"to":[0,0,0],"ti":[0,0,0]},{"i":{"x":0.667,"y":1},"o":{"x":0.333,"y":0},"t":32.5,"s":[217.379,134.259,0],"to":[0,0,0],"ti":[0,0,0]},{"i":{"x":0.667,"y":1},"o":{"x":0.167,"y":0},"t":60,"s":[217.379,174.259,0],"to":[0,0,0],"ti":[0,0,0]},{"t":80,"s":[217.379,164.259,0]}],"ix":2,"l":2},"a":{"a":0,"k":[7.898,-3.227,0],"ix":1,"l":2},"s":{"a":0,"k":[553.113,553.113,100],"ix":6,"l":2}},"ao":0,"shapes":[{"ty":"gr","it":[{"ind":0,"ty":"sh","ix":1,"ks":{"a":0,"k":{"i":[[0,-5.604],[5.604,0],[0,5.604],[-5.605,0]],"o":[[0,5.604],[-5.604,0],[0,-5.604],[5.605,0]],"v":[[18.046,-3.227],[7.898,6.921],[-2.25,-3.227],[7.898,-13.375]],"c":true},"ix":2},"nm":"Path 1","mn":"ADBE Vector Shape - Group","hd":false},{"ty":"st","c":{"a":0,"k":[0.071,0.075,0.192,1],"ix":3,"x":"var $bm_rt;\n$bm_rt = comp('wired-lineal-44-avatar-user-in-circle').layer('control').effect('primary')('Color');"},"o":{"a":0,"k":100,"ix":4},"w":{"a":0,"k":1.5,"ix":5,"x":"var $bm_rt;\n$bm_rt = $bm_mul($bm_div(value, 2), comp('wired-lineal-44-avatar-user-in-circle').layer('control').effect('stroke')('Menu'));"},"lc":2,"lj":2,"bm":0,"nm":".primary","mn":"ADBE Vector Graphic - Stroke","hd":false,"cl":"primary"},{"ty":"tr","p":{"a":0,"k":[0,0],"ix":2},"a":{"a":0,"k":[0,0],"ix":1},"s":{"a":0,"k":[100,100],"ix":3},"r":{"a":0,"k":0,"ix":6},"o":{"a":0,"k":100,"ix":7},"sk":{"a":0,"k":0,"ix":4},"sa":{"a":0,"k":0,"ix":5},"nm":"Transform"}],"nm":"Group 1","np":2,"cix":2,"bm":0,"ix":1,"mn":"ADBE Vector Group","hd":false},{"ty":"tm","s":{"a":0,"k":0,"ix":1},"e":{"a":0,"k":100,"ix":2},"o":{"a":0,"k":-40,"ix":3},"m":1,"ix":2,"nm":"Trim Paths 1","mn":"ADBE Vector Filter - Trim","hd":false}],"ip":2.5,"op":217.5,"st":0,"ct":1,"bm":0},{"ddd":0,"ind":10,"ty":4,"nm":"cyrcle mask 6","parent":1,"td":1,"sr":1,"ks":{"o":{"a":0,"k":100,"ix":11},"r":{"a":0,"k":0,"ix":10},"p":{"a":0,"k":[0,0,0],"ix":2,"l":2},"a":{"a":0,"k":[0,0,0],"ix":1,"l":2},"s":{"a":0,"k":[100,100,100],"ix":6,"l":2}},"ao":0,"shapes":[{"ty":"gr","it":[{"ind":0,"ty":"sh","ix":1,"ks":{"a":1,"k":[{"i":{"x":0.399,"y":1},"o":{"x":0.167,"y":0.167},"t":0,"s":[{"i":[[0,-1.871],[1.871,0],[0,1.871],[-1.871,0]],"o":[[0,1.871],[-1.871,0],[0,-1.871],[1.871,0]],"v":[[3.428,0.75],[0.04,4.139],[-3.349,0.75],[0.04,-2.639]],"c":true}]},{"t":40,"s":[{"i":[[0,-27.614],[27.614,0],[0,27.614],[-27.614,0]],"o":[[0,27.614],[-27.614,0],[0,-27.614],[27.614,0]],"v":[[50.04,0.75],[0.04,50.75],[-49.96,0.75],[0.04,-49.25]],"c":true}]}],"ix":2},"nm":"Path 1","mn":"ADBE Vector Shape - Group","hd":false},{"ty":"tr","p":{"a":0,"k":[0,0],"ix":2},"a":{"a":0,"k":[0,0],"ix":1},"s":{"a":0,"k":[100,100],"ix":3},"r":{"a":0,"k":0,"ix":6},"o":{"a":0,"k":100,"ix":7},"sk":{"a":0,"k":0,"ix":4},"sa":{"a":0,"k":0,"ix":5},"nm":"Transform"}],"nm":"Group 1","np":3,"cix":2,"bm":0,"ix":1,"mn":"ADBE Vector Group","hd":false},{"ty":"fl","c":{"a":0,"k":[0.92156869173,0.901960849762,0.937254965305,1],"ix":4},"o":{"a":0,"k":100,"ix":5},"r":1,"bm":0,"nm":"Fill 1","mn":"ADBE Vector Graphic - Fill","hd":false}],"ip":2.5,"op":300,"st":0,"ct":1,"bm":0},{"ddd":0,"ind":11,"ty":4,"nm":"Vector 2","parent":9,"tt":1,"tp":10,"sr":1,"ks":{"o":{"a":0,"k":50,"ix":11},"r":{"a":0,"k":0,"ix":10},"p":{"a":0,"k":[7.231,-2.142,0],"ix":2,"l":2},"a":{"a":0,"k":[0,0,0],"ix":1,"l":2},"s":{"a":0,"k":[18.079,18.079,100],"ix":6,"l":2}},"ao":0,"shapes":[{"ty":"gr","it":[{"ind":0,"ty":"sh","ix":1,"ks":{"a":0,"k":{"i":[[-8.602,-5.027],[-9.963,0.004],[0,0],[-10.154,8.742],[6.734,-4.535],[8.014,-1.298],[7.821,2.179],[6.189,5.254],[3.419,7.364],[0.02,8.118],[-3.383,7.38],[-6.163,5.284],[0.166,-9.961],[-4.886,-8.682]],"o":[[8.602,5.027],[0,0],[13.399,0.007],[-4.215,6.939],[-6.734,4.535],[-8.014,1.298],[-7.821,-2.179],[-6.189,-5.254],[-3.419,-7.364],[-0.02,-8.118],[3.383,-7.38],[-5.173,8.515],[-0.166,9.961],[4.886,8.682]],"v":[[-12.807,28.249],[15.542,35.92],[15.542,35.92],[52.052,22.38],[35.434,39.795],[13.049,48.649],[-10.986,47.311],[-32.25,36.029],[-46.833,16.877],[-52.052,-6.623],[-46.947,-30.147],[-32.458,-49.37],[-40.611,-21.157],[-33.403,7.313]],"c":true},"ix":2},"nm":"Path 1","mn":"ADBE Vector Shape - Group","hd":false},{"ty":"fl","c":{"a":0,"k":[1,0.78,0.22,1],"ix":4,"x":"var $bm_rt;\n$bm_rt = comp('wired-lineal-44-avatar-user-in-circle').layer('control').effect('secondary')('Color');"},"o":{"a":0,"k":100,"ix":5},"r":1,"bm":0,"nm":".secondary","mn":"ADBE Vector Graphic - Fill","hd":false,"cl":"secondary"},{"ty":"tr","p":{"a":0,"k":[0,0],"ix":2},"a":{"a":0,"k":[0,0],"ix":1},"s":{"a":0,"k":[100,100],"ix":3},"r":{"a":0,"k":0,"ix":6},"o":{"a":0,"k":100,"ix":7},"sk":{"a":0,"k":0,"ix":4},"sa":{"a":0,"k":0,"ix":5},"nm":"Transform"}],"nm":"Vector","np":2,"cix":2,"bm":0,"ix":1,"mn":"ADBE Vector Group","hd":false}],"ip":2.5,"op":387.5,"st":87.5,"ct":1,"bm":1},{"ddd":0,"ind":12,"ty":4,"nm":"cyrcle mask","parent":1,"td":1,"sr":1,"ks":{"o":{"a":0,"k":100,"ix":11},"r":{"a":0,"k":0,"ix":10},"p":{"a":0,"k":[0,0,0],"ix":2,"l":2},"a":{"a":0,"k":[0,0,0],"ix":1,"l":2},"s":{"a":0,"k":[100,100,100],"ix":6,"l":2}},"ao":0,"shapes":[{"ty":"gr","it":[{"ind":0,"ty":"sh","ix":1,"ks":{"a":1,"k":[{"i":{"x":0.399,"y":1},"o":{"x":0.167,"y":0.167},"t":0,"s":[{"i":[[0,-1.871],[1.871,0],[0,1.871],[-1.871,0]],"o":[[0,1.871],[-1.871,0],[0,-1.871],[1.871,0]],"v":[[3.428,0.75],[0.04,4.139],[-3.349,0.75],[0.04,-2.639]],"c":true}]},{"t":40,"s":[{"i":[[0,-27.614],[27.614,0],[0,27.614],[-27.614,0]],"o":[[0,27.614],[-27.614,0],[0,-27.614],[27.614,0]],"v":[[50.04,0.75],[0.04,50.75],[-49.96,0.75],[0.04,-49.25]],"c":true}]}],"ix":2},"nm":"Path 1","mn":"ADBE Vector Shape - Group","hd":false},{"ty":"tr","p":{"a":0,"k":[0,0],"ix":2},"a":{"a":0,"k":[0,0],"ix":1},"s":{"a":0,"k":[100,100],"ix":3},"r":{"a":0,"k":0,"ix":6},"o":{"a":0,"k":100,"ix":7},"sk":{"a":0,"k":0,"ix":4},"sa":{"a":0,"k":0,"ix":5},"nm":"Transform"}],"nm":"Group 1","np":3,"cix":2,"bm":0,"ix":1,"mn":"ADBE Vector Group","hd":false},{"ty":"fl","c":{"a":0,"k":[0.92156869173,0.901960849762,0.937254965305,1],"ix":4},"o":{"a":0,"k":100,"ix":5},"r":1,"bm":0,"nm":"Fill 1","mn":"ADBE Vector Graphic - Fill","hd":false}],"ip":2.5,"op":300,"st":0,"ct":1,"bm":0},{"ddd":0,"ind":13,"ty":4,"nm":"Vector","parent":9,"tt":1,"tp":12,"sr":1,"ks":{"o":{"a":0,"k":100,"ix":11},"r":{"a":0,"k":0,"ix":10},"p":{"a":0,"k":[7.978,-3.372,0],"ix":2,"l":2},"a":{"a":0,"k":[0,0,0],"ix":1,"l":2},"s":{"a":0,"k":[18.079,18.079,100],"ix":6,"l":2}},"ao":0,"shapes":[{"ty":"gr","it":[{"ind":0,"ty":"sh","ix":1,"ks":{"a":0,"k":{"i":[[8.495,10.101],[12.99,2.294],[11.426,-6.593],[4.515,-12.394],[-4.508,-12.397],[-11.422,-6.599],[-12.992,2.286],[-8.483,10.102],[-0.005,13.191]],"o":[[-8.477,-10.107],[-12.99,-2.294],[-11.426,6.593],[-4.515,12.394],[4.508,12.397],[11.422,6.599],[12.992,-2.286],[8.483,-10.102],[0,0]],"v":[[42.99,-36.058],[9.756,-55.255],[-28.043,-48.6],[-52.721,-19.205],[-52.732,19.175],[-28.07,48.584],[9.724,55.261],[42.97,36.083],[56.11,0.022]],"c":true},"ix":2},"nm":"Path 1","mn":"ADBE Vector Shape - Group","hd":false},{"ty":"fl","c":{"a":0,"k":[1,0.78,0.22,1],"ix":4,"x":"var $bm_rt;\n$bm_rt = comp('wired-lineal-44-avatar-user-in-circle').layer('control').effect('secondary')('Color');"},"o":{"a":0,"k":100,"ix":5},"r":1,"bm":0,"nm":".secondary","mn":"ADBE Vector Graphic - Fill","hd":false,"cl":"secondary"},{"ty":"tr","p":{"a":0,"k":[0,0],"ix":2},"a":{"a":0,"k":[0,0],"ix":1},"s":{"a":0,"k":[100,100],"ix":3},"r":{"a":0,"k":0,"ix":6},"o":{"a":0,"k":100,"ix":7},"sk":{"a":0,"k":0,"ix":4},"sa":{"a":0,"k":0,"ix":5},"nm":"Transform"}],"nm":"Vector","np":2,"cix":2,"bm":0,"ix":1,"mn":"ADBE Vector Group","hd":false}],"ip":2.5,"op":387.5,"st":87.5,"ct":1,"bm":0},{"ddd":0,"ind":14,"ty":4,"nm":"cyrcle fill","parent":1,"sr":1,"ks":{"o":{"a":0,"k":100,"ix":11},"r":{"a":0,"k":0,"ix":10},"p":{"a":0,"k":[0,0,0],"ix":2,"l":2},"a":{"a":0,"k":[0,0,0],"ix":1,"l":2},"s":{"a":0,"k":[100,100,100],"ix":6,"l":2}},"ao":0,"shapes":[{"ty":"gr","it":[{"ind":0,"ty":"sh","ix":1,"ks":{"a":1,"k":[{"i":{"x":0.399,"y":1},"o":{"x":0.167,"y":0.167},"t":0,"s":[{"i":[[0,-1.871],[1.871,0],[0,1.871],[-1.871,0]],"o":[[0,1.871],[-1.871,0],[0,-1.871],[1.871,0]],"v":[[3.428,0.75],[0.04,4.139],[-3.349,0.75],[0.04,-2.639]],"c":true}]},{"t":40,"s":[{"i":[[0,-27.614],[27.614,0],[0,27.614],[-27.614,0]],"o":[[0,27.614],[-27.614,0],[0,-27.614],[27.614,0]],"v":[[50.04,0.75],[0.04,50.75],[-49.96,0.75],[0.04,-49.25]],"c":true}]}],"ix":2},"nm":"Path 1","mn":"ADBE Vector Shape - Group","hd":false},{"ty":"tr","p":{"a":0,"k":[0,0],"ix":2},"a":{"a":0,"k":[0,0],"ix":1},"s":{"a":0,"k":[100,100],"ix":3},"r":{"a":0,"k":0,"ix":6},"o":{"a":0,"k":100,"ix":7},"sk":{"a":0,"k":0,"ix":4},"sa":{"a":0,"k":0,"ix":5},"nm":"Transform"}],"nm":"Group 1","np":3,"cix":2,"bm":0,"ix":1,"mn":"ADBE Vector Group","hd":false},{"ty":"fl","c":{"a":0,"k":[0.922,0.902,0.937,1],"ix":4,"x":"var $bm_rt;\n$bm_rt = comp('wired-lineal-44-avatar-user-in-circle').layer('control').effect('quaternary')('Color');"},"o":{"a":0,"k":100,"ix":5},"r":1,"bm":0,"nm":".quaternary","mn":"ADBE Vector Graphic - Fill","hd":false,"cl":"quaternary"}],"ip":2.5,"op":300,"st":0,"ct":1,"bm":0}]},{"id":"comp_1","nm":"hover-looking-around","fr":60,"layers":[{"ddd":0,"ind":1,"ty":4,"nm":"Head","parent":7,"sr":1,"ks":{"o":{"a":0,"k":100,"ix":11},"r":{"a":0,"k":0,"ix":10},"p":{"a":1,"k":[{"i":{"x":0.337,"y":1},"o":{"x":0.333,"y":0},"t":0,"s":[9.568,0.023,0],"to":[0,-0.208,0],"ti":[-0.013,4.171,0]},{"i":{"x":0.442,"y":1},"o":{"x":0.333,"y":0},"t":13,"s":[9.568,-8.477,0],"to":[-0.123,4.779,0],"ti":[5.871,-0.073,0]},{"t":30,"s":[1.46,2.125,0],"h":1},{"i":{"x":0.393,"y":1},"o":{"x":0.333,"y":0},"t":50,"s":[1.46,2.125,0],"to":[6.592,3.794,0],"ti":[-1.719,1.784,0]},{"i":{"x":0.393,"y":0.393},"o":{"x":0.333,"y":0.333},"t":64,"s":[15.302,2,0],"to":[0,0,0],"ti":[0,0,0]},{"i":{"x":0.259,"y":1},"o":{"x":0.333,"y":0},"t":78,"s":[15.302,2,0],"to":[-6.372,2.398,0],"ti":[0.104,0,0]},{"i":{"x":0.448,"y":1},"o":{"x":0.333,"y":0},"t":103,"s":[9.615,-8.562,0],"to":[-0.104,0,0],"ti":[0,0.208,0]},{"t":120,"s":[9.568,0.023,0]}],"ix":2,"l":2},"a":{"a":0,"k":[7.898,-3.227,0],"ix":1,"l":2},"s":{"a":0,"k":[100,100,100],"ix":6,"l":2}},"ao":0,"shapes":[{"ty":"gr","it":[{"ind":0,"ty":"sh","ix":1,"ks":{"a":0,"k":{"i":[[0,-5.604],[5.604,0],[0,5.604],[-5.605,0]],"o":[[0,5.604],[-5.604,0],[0,-5.604],[5.605,0]],"v":[[18.046,-3.227],[7.898,6.921],[-2.25,-3.227],[7.898,-13.375]],"c":true},"ix":2},"nm":"Path 1","mn":"ADBE Vector Shape - Group","hd":false},{"ty":"st","c":{"a":0,"k":[0.071,0.075,0.192,1],"ix":3,"x":"var $bm_rt;\n$bm_rt = comp('wired-lineal-44-avatar-user-in-circle').layer('control').effect('primary')('Color');"},"o":{"a":0,"k":100,"ix":4},"w":{"a":0,"k":1.5,"ix":5,"x":"var $bm_rt;\n$bm_rt = $bm_mul($bm_div(value, 2), comp('wired-lineal-44-avatar-user-in-circle').layer('control').effect('stroke')('Menu'));"},"lc":2,"lj":2,"bm":0,"nm":".primary","mn":"ADBE Vector Graphic - Stroke","hd":false,"cl":"primary"},{"ty":"tr","p":{"a":0,"k":[0,0],"ix":2},"a":{"a":0,"k":[0,0],"ix":1},"s":{"a":0,"k":[100,100],"ix":3},"r":{"a":0,"k":0,"ix":6},"o":{"a":0,"k":100,"ix":7},"sk":{"a":0,"k":0,"ix":4},"sa":{"a":0,"k":0,"ix":5},"nm":"Transform"}],"nm":"Group 1","np":2,"cix":2,"bm":0,"ix":1,"mn":"ADBE Vector Group","hd":false},{"ty":"tm","s":{"a":0,"k":0,"ix":1},"e":{"a":0,"k":100,"ix":2},"o":{"a":0,"k":-40,"ix":3},"m":1,"ix":2,"nm":"Trim Paths 1","mn":"ADBE Vector Filter - Trim","hd":false}],"ip":0,"op":217.5,"st":0,"ct":1,"bm":0},{"ddd":0,"ind":2,"ty":4,"nm":"mask","parent":7,"td":1,"sr":1,"ks":{"o":{"a":0,"k":100,"ix":11},"r":{"a":0,"k":0,"ix":10},"p":{"a":1,"k":[{"i":{"x":0.337,"y":1},"o":{"x":0.333,"y":0},"t":0,"s":[11.647,-2.599,0],"to":[0,-0.208,0],"ti":[-0.013,4.171,0]},{"i":{"x":0.442,"y":1},"o":{"x":0.333,"y":0},"t":13,"s":[11.647,-11.099,0],"to":[-0.123,4.779,0],"ti":[5.871,-0.073,0]},{"t":30,"s":[3.539,-0.497,0],"h":1},{"i":{"x":0.393,"y":1},"o":{"x":0.333,"y":0},"t":50,"s":[3.539,-0.497,0],"to":[6.592,3.794,0],"ti":[-1.719,1.784,0]},{"i":{"x":0.393,"y":0.393},"o":{"x":0.333,"y":0.333},"t":64,"s":[17.381,-0.622,0],"to":[0,0,0],"ti":[0,0,0]},{"i":{"x":0.259,"y":1},"o":{"x":0.333,"y":0},"t":78,"s":[17.381,-0.622,0],"to":[-6.372,2.398,0],"ti":[0.104,0,0]},{"i":{"x":0.448,"y":1},"o":{"x":0.333,"y":0},"t":103,"s":[11.694,-11.184,0],"to":[-0.104,0,0],"ti":[0,0.208,0]},{"t":120,"s":[11.647,-2.599,0]}],"ix":2,"l":2},"a":{"a":0,"k":[7.898,-3.227,0],"ix":1,"l":2},"s":{"a":0,"k":[100,100,100],"ix":6,"l":2}},"ao":0,"shapes":[{"ty":"gr","it":[{"ind":0,"ty":"sh","ix":1,"ks":{"a":0,"k":{"i":[[0,-5.604],[5.604,0],[0,5.604],[-5.605,0]],"o":[[0,5.604],[-5.604,0],[0,-5.604],[5.605,0]],"v":[[18.046,-3.227],[7.898,6.921],[-2.25,-3.227],[7.898,-13.375]],"c":true},"ix":2},"nm":"Path 1","mn":"ADBE Vector Shape - Group","hd":false},{"ty":"tr","p":{"a":0,"k":[0,0],"ix":2},"a":{"a":0,"k":[0,0],"ix":1},"s":{"a":0,"k":[100,100],"ix":3},"r":{"a":0,"k":0,"ix":6},"o":{"a":0,"k":100,"ix":7},"sk":{"a":0,"k":0,"ix":4},"sa":{"a":0,"k":0,"ix":5},"nm":"Transform"}],"nm":"Group 1","np":2,"cix":2,"bm":0,"ix":1,"mn":"ADBE Vector Group","hd":false},{"ty":"tm","s":{"a":0,"k":0,"ix":1},"e":{"a":0,"k":100,"ix":2},"o":{"a":0,"k":-40,"ix":3},"m":1,"ix":2,"nm":"Trim Paths 1","mn":"ADBE Vector Filter - Trim","hd":false},{"ty":"fl","c":{"a":0,"k":[1,0.780392229557,0.21960785985,1],"ix":4},"o":{"a":0,"k":100,"ix":5},"r":1,"bm":0,"nm":"Fill 1","mn":"ADBE Vector Graphic - Fill","hd":false}],"ip":0,"op":217.5,"st":0,"ct":1,"bm":0},{"ddd":0,"ind":3,"ty":4,"nm":"Head fill 2","parent":7,"tt":2,"tp":2,"sr":1,"ks":{"o":{"a":0,"k":100,"ix":11},"r":{"a":0,"k":0,"ix":10},"p":{"a":1,"k":[{"i":{"x":0.337,"y":1},"o":{"x":0.333,"y":0},"t":0,"s":[9.568,0.023,0],"to":[0,-0.208,0],"ti":[-0.013,4.171,0]},{"i":{"x":0.442,"y":1},"o":{"x":0.333,"y":0},"t":13,"s":[9.568,-8.477,0],"to":[-0.123,4.779,0],"ti":[5.871,-0.073,0]},{"t":30,"s":[1.46,2.125,0],"h":1},{"i":{"x":0.393,"y":1},"o":{"x":0.333,"y":0},"t":50,"s":[1.46,2.125,0],"to":[6.592,3.794,0],"ti":[-1.719,1.784,0]},{"i":{"x":0.393,"y":0.393},"o":{"x":0.333,"y":0.333},"t":64,"s":[15.302,2,0],"to":[0,0,0],"ti":[0,0,0]},{"i":{"x":0.259,"y":1},"o":{"x":0.333,"y":0},"t":78,"s":[15.302,2,0],"to":[-6.372,2.398,0],"ti":[0.104,0,0]},{"i":{"x":0.448,"y":1},"o":{"x":0.333,"y":0},"t":103,"s":[9.615,-8.562,0],"to":[-0.104,0,0],"ti":[0,0.208,0]},{"t":120,"s":[9.568,0.023,0]}],"ix":2,"l":2},"a":{"a":0,"k":[7.898,-3.227,0],"ix":1,"l":2},"s":{"a":0,"k":[100,100,100],"ix":6,"l":2}},"ao":0,"shapes":[{"ty":"gr","it":[{"ind":0,"ty":"sh","ix":1,"ks":{"a":0,"k":{"i":[[0,-5.604],[5.604,0],[0,5.604],[-5.605,0]],"o":[[0,5.604],[-5.604,0],[0,-5.604],[5.605,0]],"v":[[18.046,-3.227],[7.898,6.921],[-2.25,-3.227],[7.898,-13.375]],"c":true},"ix":2},"nm":"Path 1","mn":"ADBE Vector Shape - Group","hd":false},{"ty":"tr","p":{"a":0,"k":[0,0],"ix":2},"a":{"a":0,"k":[0,0],"ix":1},"s":{"a":0,"k":[100,100],"ix":3},"r":{"a":0,"k":0,"ix":6},"o":{"a":0,"k":100,"ix":7},"sk":{"a":0,"k":0,"ix":4},"sa":{"a":0,"k":0,"ix":5},"nm":"Transform"}],"nm":"Group 1","np":2,"cix":2,"bm":0,"ix":1,"mn":"ADBE Vector Group","hd":false},{"ty":"tm","s":{"a":0,"k":0,"ix":1},"e":{"a":0,"k":100,"ix":2},"o":{"a":0,"k":-40,"ix":3},"m":1,"ix":2,"nm":"Trim Paths 1","mn":"ADBE Vector Filter - Trim","hd":false},{"ty":"fl","c":{"a":0,"k":[1,0.78,0.22,1],"ix":4,"x":"var $bm_rt;\n$bm_rt = comp('wired-lineal-44-avatar-user-in-circle').layer('control').effect('secondary')('Color');"},"o":{"a":0,"k":50,"ix":5},"r":1,"bm":1,"nm":".secondary","mn":"ADBE Vector Graphic - Fill","hd":false,"cl":"secondary"},{"ty":"fl","c":{"a":0,"k":[1,0.78,0.22,1],"ix":4,"x":"var $bm_rt;\n$bm_rt = comp('wired-lineal-44-avatar-user-in-circle').layer('control').effect('secondary')('Color');"},"o":{"a":0,"k":100,"ix":5},"r":1,"bm":0,"nm":".secondary","mn":"ADBE Vector Graphic - Fill","hd":false,"cl":"secondary"}],"ip":0,"op":217.5,"st":0,"ct":1,"bm":0},{"ddd":0,"ind":4,"ty":4,"nm":"Head fill","parent":7,"sr":1,"ks":{"o":{"a":0,"k":100,"ix":11},"r":{"a":0,"k":0,"ix":10},"p":{"a":1,"k":[{"i":{"x":0.337,"y":1},"o":{"x":0.333,"y":0},"t":0,"s":[9.568,0.023,0],"to":[0,-0.208,0],"ti":[-0.013,4.171,0]},{"i":{"x":0.442,"y":1},"o":{"x":0.333,"y":0},"t":13,"s":[9.568,-8.477,0],"to":[-0.123,4.779,0],"ti":[5.871,-0.073,0]},{"t":30,"s":[1.46,2.125,0],"h":1},{"i":{"x":0.393,"y":1},"o":{"x":0.333,"y":0},"t":50,"s":[1.46,2.125,0],"to":[6.592,3.794,0],"ti":[-1.719,1.784,0]},{"i":{"x":0.393,"y":0.393},"o":{"x":0.333,"y":0.333},"t":64,"s":[15.302,2,0],"to":[0,0,0],"ti":[0,0,0]},{"i":{"x":0.259,"y":1},"o":{"x":0.333,"y":0},"t":78,"s":[15.302,2,0],"to":[-6.372,2.398,0],"ti":[0.104,0,0]},{"i":{"x":0.448,"y":1},"o":{"x":0.333,"y":0},"t":103,"s":[9.615,-8.562,0],"to":[-0.104,0,0],"ti":[0,0.208,0]},{"t":120,"s":[9.568,0.023,0]}],"ix":2,"l":2},"a":{"a":0,"k":[7.898,-3.227,0],"ix":1,"l":2},"s":{"a":0,"k":[100,100,100],"ix":6,"l":2}},"ao":0,"shapes":[{"ty":"gr","it":[{"ind":0,"ty":"sh","ix":1,"ks":{"a":0,"k":{"i":[[0,-5.604],[5.604,0],[0,5.604],[-5.605,0]],"o":[[0,5.604],[-5.604,0],[0,-5.604],[5.605,0]],"v":[[18.046,-3.227],[7.898,6.921],[-2.25,-3.227],[7.898,-13.375]],"c":true},"ix":2},"nm":"Path 1","mn":"ADBE Vector Shape - Group","hd":false},{"ty":"tr","p":{"a":0,"k":[0,0],"ix":2},"a":{"a":0,"k":[0,0],"ix":1},"s":{"a":0,"k":[100,100],"ix":3},"r":{"a":0,"k":0,"ix":6},"o":{"a":0,"k":100,"ix":7},"sk":{"a":0,"k":0,"ix":4},"sa":{"a":0,"k":0,"ix":5},"nm":"Transform"}],"nm":"Group 1","np":2,"cix":2,"bm":0,"ix":1,"mn":"ADBE Vector Group","hd":false},{"ty":"tm","s":{"a":0,"k":0,"ix":1},"e":{"a":0,"k":100,"ix":2},"o":{"a":0,"k":-40,"ix":3},"m":1,"ix":2,"nm":"Trim Paths 1","mn":"ADBE Vector Filter - Trim","hd":false},{"ty":"fl","c":{"a":0,"k":[1,0.78,0.22,1],"ix":4,"x":"var $bm_rt;\n$bm_rt = comp('wired-lineal-44-avatar-user-in-circle').layer('control').effect('secondary')('Color');"},"o":{"a":0,"k":100,"ix":5},"r":1,"bm":0,"nm":".secondary","mn":"ADBE Vector Graphic - Fill","hd":false,"cl":"secondary"}],"ip":0,"op":217.5,"st":0,"ct":1,"bm":0},{"ddd":0,"ind":5,"ty":4,"nm":"circle","sr":1,"ks":{"o":{"a":0,"k":100,"ix":11},"r":{"a":0,"k":0,"ix":10},"p":{"a":0,"k":[217.437,214.557,0],"ix":2,"l":2},"a":{"a":0,"k":[0,0,0],"ix":1,"l":2},"s":{"a":0,"k":[337.264,337.264,100],"ix":6,"l":2}},"ao":0,"shapes":[{"ty":"gr","it":[{"ind":0,"ty":"sh","ix":1,"ks":{"a":0,"k":{"i":[[0,-27.614],[27.614,0],[0,27.614],[-27.614,0]],"o":[[0,27.614],[-27.614,0],[0,-27.614],[27.614,0]],"v":[[50.04,0.75],[0.04,50.75],[-49.96,0.75],[0.04,-49.25]],"c":true},"ix":2},"nm":"Path 1","mn":"ADBE Vector Shape - Group","hd":false},{"ty":"st","c":{"a":0,"k":[0.071,0.075,0.192,1],"ix":3,"x":"var $bm_rt;\n$bm_rt = comp('wired-lineal-44-avatar-user-in-circle').layer('control').effect('primary')('Color');"},"o":{"a":0,"k":100,"ix":4},"w":{"a":0,"k":2.5,"ix":5,"x":"var $bm_rt;\n$bm_rt = $bm_mul($bm_div(value, 2), comp('wired-lineal-44-avatar-user-in-circle').layer('control').effect('stroke')('Menu'));"},"lc":2,"lj":2,"bm":0,"nm":".primary","mn":"ADBE Vector Graphic - Stroke","hd":false,"cl":"primary"},{"ty":"tr","p":{"a":0,"k":[0,0],"ix":2},"a":{"a":0,"k":[0,0],"ix":1},"s":{"a":0,"k":[100,100],"ix":3},"r":{"a":0,"k":0,"ix":6},"o":{"a":0,"k":100,"ix":7},"sk":{"a":0,"k":0,"ix":4},"sa":{"a":0,"k":0,"ix":5},"nm":"Transform"}],"nm":"Group 1","np":3,"cix":2,"bm":0,"ix":1,"mn":"ADBE Vector Group","hd":false}],"ip":0,"op":300,"st":0,"ct":1,"bm":0},{"ddd":0,"ind":6,"ty":4,"nm":"Vector 3","sr":1,"ks":{"o":{"a":0,"k":50,"ix":11},"r":{"a":0,"k":0,"ix":10},"p":{"a":0,"k":[135.73,301.505,0],"ix":2,"l":2},"a":{"a":0,"k":[0,0,0],"ix":1,"l":2},"s":{"a":0,"k":[100,100,100],"ix":6,"l":2}},"ao":0,"shapes":[{"ty":"gr","it":[{"ind":0,"ty":"sh","ix":1,"ks":{"a":1,"k":[{"i":{"x":0.451,"y":1},"o":{"x":0.322,"y":0},"t":0,"s":[{"i":[[-20.564,0.003],[0,0],[4.85,-37.67],[6.078,6.372],[0,0],[-14.541,14.541]],"o":[[0,0],[-42.37,14.74],[-6.989,-5.357],[0,0],[0.003,-20.564],[14.541,-14.541]],"v":[[36.74,-49.825],[40.95,-49.825],[-21.32,48.325],[-40.95,30.705],[-40.8,27.715],[-18.086,-27.111]],"c":true}]},{"i":{"x":0.667,"y":1},"o":{"x":0.212,"y":0},"t":13,"s":[{"i":[[-20.564,0.004],[0,0],[-2.16,-61.33],[8.22,9.645],[0,0],[-16.894,20.128]],"o":[[0,0],[-61.68,26.25],[-6.989,-7.517],[0,0],[0.003,-28.856],[16.108,-19.191]],"v":[[35.49,-89.255],[39.7,-89.255],[-21.32,49.825],[-40.95,30.6],[-40.8,18.8],[-25.086,-59.133]],"c":true}]},{"i":{"x":0.667,"y":1},"o":{"x":0.333,"y":0},"t":30,"s":[{"i":[[-20.564,0.002],[0,0],[4.85,-35.092],[6.078,5.936],[0,0],[-14.541,13.546]],"o":[[0,0],[-42.37,13.731],[-6.989,-4.99],[0,0],[0.003,-19.157],[14.541,-13.546]],"v":[[35.865,-44.63],[40.075,-44.63],[-20.32,48.325],[-39.95,31.911],[-39.8,27.728],[-18.961,-23.471]],"c":true}]},{"i":{"x":0.667,"y":1},"o":{"x":0.333,"y":0},"t":40,"s":[{"i":[[-20.564,0.003],[0,0],[4.85,-37.36],[6.078,6.32],[0,0],[-14.541,14.421]],"o":[[0,0],[-42.37,14.619],[-6.989,-5.313],[0,0],[0.003,-20.395],[14.541,-14.421]],"v":[[36.49,-48.13],[40.7,-48.13],[-20.82,49.325],[-40.45,31.85],[-40.3,27.397],[-18.336,-25.603]],"c":true}]},{"i":{"x":0.667,"y":1},"o":{"x":0.333,"y":0},"t":50,"s":[{"i":[[-20.564,0.003],[0,0],[4.85,-37.435],[6.078,6.332],[0,0],[-14.541,14.45]],"o":[[0,0],[-42.37,14.648],[-6.989,-5.324],[0,0],[0.003,-20.436],[14.541,-14.45]],"v":[[36.74,-48.453],[40.95,-48.453],[-21.195,48.825],[-40.825,31.315],[-40.675,26.853],[-18.086,-25.881]],"c":true}]},{"i":{"x":0.667,"y":1},"o":{"x":0.333,"y":0},"t":57,"s":[{"i":[[-20.564,0.003],[0,0],[4.85,-35.659],[6.078,6.032],[0,0],[-14.541,13.765]],"o":[[0,0],[-42.37,13.953],[-6.989,-5.071],[0,0],[0.003,-19.466],[14.541,-13.765]],"v":[[36.74,-44.505],[40.95,-44.505],[-20.57,49.075],[-40.2,32.396],[-40.05,28.145],[-18.086,-23.004]],"c":true}]},{"i":{"x":0.667,"y":1},"o":{"x":0.333,"y":0},"t":64,"s":[{"i":[[-20.564,0.003],[0,0],[4.85,-37.36],[6.078,6.32],[0,0],[-14.541,14.421]],"o":[[0,0],[-42.37,14.619],[-6.989,-5.313],[0,0],[0.003,-20.395],[14.541,-14.421]],"v":[[36.74,-49.005],[40.95,-49.005],[-20.945,48.825],[-40.575,31.35],[-40.425,26.897],[-18.086,-26.478]],"c":true}]},{"i":{"x":0.32,"y":1},"o":{"x":0.313,"y":0},"t":86,"s":[{"i":[[-20.564,0.003],[0,0],[4.85,-37.67],[6.078,6.372],[0,0],[-14.541,14.541]],"o":[[0,0],[-42.37,14.74],[-6.989,-5.357],[0,0],[0.003,-20.564],[14.541,-14.541]],"v":[[36.74,-49.825],[40.95,-49.825],[-20.695,49.2],[-40.325,31.58],[-40.175,27.09],[-18.086,-27.111]],"c":true}]},{"i":{"x":0.667,"y":1},"o":{"x":0.333,"y":0},"t":103,"s":[{"i":[[-20.564,0.004],[0,0],[-2.16,-61.33],[6.97,8.395],[0,0],[-16.894,20.128]],"o":[[0,0],[-61.68,26.25],[-6.989,-7.517],[0,0],[0.003,-28.856],[16.108,-19.191]],"v":[[36.74,-90.005],[40.95,-90.005],[-21.32,49.825],[-40.95,30.6],[-40.8,18.8],[-25.086,-59.133]],"c":true}]},{"t":120,"s":[{"i":[[-20.564,0.003],[0,0],[4.85,-37.67],[6.078,6.372],[0,0],[-14.541,14.541]],"o":[[0,0],[-42.37,14.74],[-6.989,-5.357],[0,0],[0.003,-20.564],[14.541,-14.541]],"v":[[36.74,-49.825],[40.95,-49.825],[-21.32,48.325],[-40.95,30.705],[-40.8,27.715],[-18.086,-27.111]],"c":true}]}],"ix":2},"nm":"Path 1","mn":"ADBE Vector Shape - Group","hd":false},{"ty":"fl","c":{"a":0,"k":[0.294,0.702,0.992,1],"ix":4,"x":"var $bm_rt;\n$bm_rt = comp('wired-lineal-44-avatar-user-in-circle').layer('control').effect('tertiary')('Color');"},"o":{"a":0,"k":100,"ix":5},"r":1,"bm":0,"nm":".tertiary","mn":"ADBE Vector Graphic - Fill","hd":false,"cl":"tertiary"},{"ty":"tr","p":{"a":0,"k":[0,0],"ix":2},"a":{"a":0,"k":[0,0],"ix":1},"s":{"a":0,"k":[100,100],"ix":3},"r":{"a":0,"k":0,"ix":6},"o":{"a":0,"k":100,"ix":7},"sk":{"a":0,"k":0,"ix":4},"sa":{"a":0,"k":0,"ix":5},"nm":"Transform"}],"nm":"Vector","np":2,"cix":2,"bm":0,"ix":1,"mn":"ADBE Vector Group","hd":false}],"ip":0,"op":300,"st":0,"ct":1,"bm":1},{"ddd":0,"ind":7,"ty":4,"nm":"BODY","sr":1,"ks":{"o":{"a":0,"k":100,"ix":11},"r":{"a":0,"k":0,"ix":10},"p":{"a":0,"k":[217.379,297.118,0],"ix":2,"l":2},"a":{"a":0,"k":[9.568,24.043,0],"ix":1,"l":2},"s":{"a":0,"k":[553.113,553.113,100],"ix":6,"l":2}},"ao":0,"shapes":[{"ty":"gr","it":[{"ind":0,"ty":"sh","ix":1,"ks":{"a":1,"k":[{"i":{"x":0.316,"y":1},"o":{"x":0.333,"y":0},"t":0,"s":[{"i":[[0,0],[0,0],[-7.742,0],[0,0],[0,-7.742],[0,0]],"o":[[0,0],[0,-7.742],[0,0],[7.742,0],[0,0],[0,0]],"v":[[-12.533,30.57],[-12.467,29.769],[1.552,15.75],[17.583,15.75],[31.602,29.769],[31.536,30.57]],"c":false}]},{"i":{"x":0.667,"y":1},"o":{"x":0.167,"y":0},"t":13,"s":[{"i":[[0,0],[0,0],[-7.742,0],[0,0],[0,-7.742],[0,0]],"o":[[0,0],[0,-7.742],[0,0],[7.742,0],[0,0],[0,0]],"v":[[-12.533,30.57],[-12.421,22.718],[1.598,8.699],[17.629,8.699],[31.648,22.718],[31.536,30.57]],"c":false}]},{"i":{"x":0.667,"y":1},"o":{"x":0.333,"y":0},"t":30,"s":[{"i":[[0,0],[0,0],[-7.742,0],[0,0],[0,-7.199],[0,0]],"o":[[0,0],[0,-7.199],[0,0],[7.742,0],[0,0],[0,0]],"v":[[-12.533,30.57],[-12.467,29.825],[1.552,16.79],[17.583,16.79],[31.602,29.825],[31.536,30.57]],"c":false}]},{"i":{"x":0.667,"y":1},"o":{"x":0.333,"y":0},"t":40,"s":[{"i":[[0,0],[0,0],[-7.742,0],[0,0],[0,-7.742],[0,0]],"o":[[0,0],[0,-7.742],[0,0],[7.742,0],[0,0],[0,0]],"v":[[-12.533,30.57],[-12.467,29.769],[1.552,15.75],[17.583,15.75],[31.602,29.769],[31.536,30.57]],"c":false}]},{"i":{"x":0.667,"y":1},"o":{"x":0.333,"y":0},"t":50,"s":[{"i":[[0,0],[0,0],[-7.742,0],[0,0],[0,-7.742],[0,0]],"o":[[0,0],[0,-7.742],[0,0],[7.742,0],[0,0],[0,0]],"v":[[-12.533,30.57],[-12.467,29.769],[1.552,15.75],[17.583,15.75],[31.602,29.769],[31.536,30.57]],"c":false}]},{"i":{"x":0.667,"y":1},"o":{"x":0.333,"y":0},"t":57,"s":[{"i":[[0,0],[0,0],[-7.742,0],[0,0],[0,-7.199],[0,0]],"o":[[0,0],[0,-7.199],[0,0],[7.742,0],[0,0],[0,0]],"v":[[-12.533,30.57],[-12.467,29.825],[1.552,16.79],[17.583,16.79],[31.602,29.825],[31.536,30.57]],"c":false}]},{"i":{"x":0.667,"y":1},"o":{"x":0.333,"y":0},"t":64,"s":[{"i":[[0,0],[0,0],[-7.742,0],[0,0],[0,-7.742],[0,0]],"o":[[0,0],[0,-7.742],[0,0],[7.742,0],[0,0],[0,0]],"v":[[-12.533,30.57],[-12.467,29.769],[1.552,15.75],[17.583,15.75],[31.602,29.769],[31.536,30.57]],"c":false}]},{"i":{"x":0.23,"y":1},"o":{"x":0.333,"y":0},"t":86,"s":[{"i":[[0,0],[0,0],[-7.742,0],[0,0],[0,-7.742],[0,0]],"o":[[0,0],[0,-7.742],[0,0],[7.742,0],[0,0],[0,0]],"v":[[-12.533,30.57],[-12.467,29.769],[1.552,15.75],[17.583,15.75],[31.602,29.769],[31.536,30.57]],"c":false}]},{"i":{"x":0.667,"y":1},"o":{"x":0.333,"y":0},"t":103,"s":[{"i":[[0,0],[0,0],[-7.742,0],[0,0],[0,-7.742],[0,0]],"o":[[0,0],[0,-7.742],[0,0],[7.742,0],[0,0],[0,0]],"v":[[-12.533,30.57],[-12.421,22.718],[1.598,8.699],[17.629,8.699],[31.648,22.718],[31.536,30.57]],"c":false}]},{"t":120,"s":[{"i":[[0,0],[0,0],[-7.742,0],[0,0],[0,-7.742],[0,0]],"o":[[0,0],[0,-7.742],[0,0],[7.742,0],[0,0],[0,0]],"v":[[-12.533,30.57],[-12.467,29.769],[1.552,15.75],[17.583,15.75],[31.602,29.769],[31.536,30.57]],"c":false}]}],"ix":2},"nm":"Path 1","mn":"ADBE Vector Shape - Group","hd":false},{"ty":"st","c":{"a":0,"k":[0.071,0.075,0.192,1],"ix":3,"x":"var $bm_rt;\n$bm_rt = comp('wired-lineal-44-avatar-user-in-circle').layer('control').effect('primary')('Color');"},"o":{"a":0,"k":100,"ix":4},"w":{"a":0,"k":1.5,"ix":5,"x":"var $bm_rt;\n$bm_rt = $bm_mul($bm_div(value, 2), comp('wired-lineal-44-avatar-user-in-circle').layer('control').effect('stroke')('Menu'));"},"lc":2,"lj":2,"bm":0,"nm":".primary","mn":"ADBE Vector Graphic - Stroke","hd":false,"cl":"primary"},{"ty":"tr","p":{"a":0,"k":[0,0],"ix":2},"a":{"a":0,"k":[0,0],"ix":1},"s":{"a":0,"k":[100,100],"ix":3},"r":{"a":0,"k":0,"ix":6},"o":{"a":0,"k":100,"ix":7},"sk":{"a":0,"k":0,"ix":4},"sa":{"a":0,"k":0,"ix":5},"nm":"Transform"}],"nm":"Group 1","np":2,"cix":2,"bm":0,"ix":1,"mn":"ADBE Vector Group","hd":false}],"ip":0,"op":217.5,"st":0,"ct":1,"bm":0},{"ddd":0,"ind":8,"ty":4,"nm":"mask circle","td":1,"sr":1,"ks":{"o":{"a":0,"k":100,"ix":11},"r":{"a":0,"k":0,"ix":10},"p":{"a":0,"k":[217.437,214.557,0],"ix":2,"l":2},"a":{"a":0,"k":[0,0,0],"ix":1,"l":2},"s":{"a":0,"k":[337.264,337.264,100],"ix":6,"l":2}},"ao":0,"shapes":[{"ty":"gr","it":[{"ind":0,"ty":"sh","ix":1,"ks":{"a":0,"k":{"i":[[0,-27.614],[27.614,0],[0,27.614],[-27.614,0]],"o":[[0,27.614],[-27.614,0],[0,-27.614],[27.614,0]],"v":[[50.04,0.75],[0.04,50.75],[-49.96,0.75],[0.04,-49.25]],"c":true},"ix":2},"nm":"Path 1","mn":"ADBE Vector Shape - Group","hd":false},{"ty":"st","c":{"a":0,"k":[0.074509806931,0.078431375325,0.196078449488,1],"ix":3},"o":{"a":0,"k":100,"ix":4},"w":{"a":0,"k":0,"ix":5,"x":"var $bm_rt;\n$bm_rt = $bm_mul($bm_div(value, 2), comp('wired-lineal-44-avatar-user-in-circle').layer('control').effect('stroke')('Menu'));"},"lc":2,"lj":2,"bm":0,"nm":"Stroke 1","mn":"ADBE Vector Graphic - Stroke","hd":false},{"ty":"tr","p":{"a":0,"k":[0,0],"ix":2},"a":{"a":0,"k":[0,0],"ix":1},"s":{"a":0,"k":[100,100],"ix":3},"r":{"a":0,"k":0,"ix":6},"o":{"a":0,"k":100,"ix":7},"sk":{"a":0,"k":0,"ix":4},"sa":{"a":0,"k":0,"ix":5},"nm":"Transform"}],"nm":"Group 1","np":3,"cix":2,"bm":0,"ix":1,"mn":"ADBE Vector Group","hd":false},{"ty":"fl","c":{"a":0,"k":[1,0,0,1],"ix":4},"o":{"a":0,"k":100,"ix":5},"r":1,"bm":0,"nm":"Fill 1","mn":"ADBE Vector Graphic - Fill","hd":false}],"ip":0,"op":300,"st":0,"ct":1,"bm":0},{"ddd":0,"ind":9,"ty":4,"nm":"body fill","tt":1,"tp":8,"sr":1,"ks":{"o":{"a":0,"k":100,"ix":11},"r":{"a":0,"k":0,"ix":10},"p":{"a":0,"k":[217.379,297.118,0],"ix":2,"l":2},"a":{"a":0,"k":[9.568,24.043,0],"ix":1,"l":2},"s":{"a":0,"k":[553.113,553.113,100],"ix":6,"l":2}},"ao":0,"shapes":[{"ty":"gr","it":[{"ind":0,"ty":"sh","ix":1,"ks":{"a":1,"k":[{"i":{"x":0.317,"y":1},"o":{"x":0.333,"y":0},"t":0,"s":[{"i":[[0,0],[0,0],[0,0],[-7.742,0],[0,0],[0,-7.742]],"o":[[0,0],[0,0],[0,-7.742],[0,0],[7.742,0],[0,0]],"v":[[31.515,42.684],[-12.554,42.684],[-12.467,29.769],[1.552,15.75],[17.583,15.75],[31.602,29.769]],"c":true}]},{"i":{"x":0.667,"y":1},"o":{"x":0.16,"y":0},"t":13,"s":[{"i":[[0,0],[0,0],[0,0],[-7.742,0],[0,0],[0,-7.742]],"o":[[0,0],[0,0],[0,-7.742],[0,0],[7.742,0],[0,0]],"v":[[31.515,45.394],[-12.554,45.394],[-12.467,22.62],[1.552,8.601],[17.583,8.601],[31.602,22.62]],"c":true}]},{"i":{"x":0.667,"y":1},"o":{"x":0.333,"y":0},"t":30,"s":[{"i":[[0,0],[0,0],[0,0],[-7.742,0],[0,0],[0,-7.742]],"o":[[0,0],[0,0],[0,-7.742],[0,0],[7.742,0],[0,0]],"v":[[31.515,44.855],[-12.554,44.855],[-12.467,29.769],[1.552,16.654],[17.583,16.654],[31.602,29.769]],"c":true}]},{"i":{"x":0.667,"y":1},"o":{"x":0.333,"y":0},"t":40,"s":[{"i":[[0,0],[0,0],[0,0],[-7.742,0],[0,0],[0,-7.742]],"o":[[0,0],[0,0],[0,-7.742],[0,0],[7.742,0],[0,0]],"v":[[31.515,44.983],[-12.554,44.983],[-12.467,29.769],[1.552,16.042],[17.583,16.042],[31.602,29.769]],"c":true}]},{"i":{"x":0.667,"y":1},"o":{"x":0.333,"y":0},"t":50,"s":[{"i":[[0,0],[0,0],[0,0],[-7.742,0],[0,0],[0,-7.742]],"o":[[0,0],[0,0],[0,-7.742],[0,0],[7.742,0],[0,0]],"v":[[31.515,45.109],[-12.554,45.109],[-12.467,29.769],[1.552,15.98],[17.583,15.98],[31.602,29.769]],"c":true}]},{"i":{"x":0.667,"y":1},"o":{"x":0.333,"y":0},"t":57,"s":[{"i":[[0,0],[0,0],[0,0],[-7.742,0],[0,0],[0,-7.742]],"o":[[0,0],[0,0],[0,-7.742],[0,0],[7.742,0],[0,0]],"v":[[31.515,45.194],[-12.554,45.194],[-12.467,29.769],[1.552,16.842],[17.583,16.842],[31.602,29.769]],"c":true}]},{"i":{"x":0.667,"y":1},"o":{"x":0.333,"y":0},"t":64,"s":[{"i":[[0,0],[0,0],[0,0],[-7.742,0],[0,0],[0,-7.742]],"o":[[0,0],[0,0],[0,-7.742],[0,0],[7.742,0],[0,0]],"v":[[31.515,45.109],[-12.554,45.109],[-12.467,29.769],[1.552,15.98],[17.583,15.98],[31.602,29.769]],"c":true}]},{"i":{"x":0.261,"y":1},"o":{"x":0.333,"y":0},"t":86,"s":[{"i":[[0,0],[0,0],[0,0],[-7.742,0],[0,0],[0,-7.742]],"o":[[0,0],[0,0],[0,-7.742],[0,0],[7.742,0],[0,0]],"v":[[31.515,45.576],[-12.554,45.576],[-12.467,29.769],[1.552,15.75],[17.583,15.75],[31.602,29.769]],"c":true}]},{"i":{"x":0.667,"y":1},"o":{"x":0.333,"y":0},"t":103,"s":[{"i":[[0,0],[0,0],[0,0],[-7.742,0],[0,0],[0,-7.742]],"o":[[0,0],[0,0],[0,-7.742],[0,0],[7.742,0],[0,0]],"v":[[31.515,43.947],[-12.554,43.947],[-12.467,22.62],[1.552,8.601],[17.583,8.601],[31.602,22.62]],"c":true}]},{"t":120,"s":[{"i":[[0,0],[0,0],[0,0],[-7.742,0],[0,0],[0,-7.742]],"o":[[0,0],[0,0],[0,-7.742],[0,0],[7.742,0],[0,0]],"v":[[31.515,42.684],[-12.554,42.684],[-12.467,29.769],[1.552,15.75],[17.583,15.75],[31.602,29.769]],"c":true}]}],"ix":2},"nm":"Path 1","mn":"ADBE Vector Shape - Group","hd":false},{"ty":"fl","c":{"a":0,"k":[0.294,0.702,0.992,1],"ix":4,"x":"var $bm_rt;\n$bm_rt = comp('wired-lineal-44-avatar-user-in-circle').layer('control').effect('tertiary')('Color');"},"o":{"a":0,"k":100,"ix":5},"r":1,"bm":0,"nm":".tertiary","mn":"ADBE Vector Graphic - Fill","hd":false,"cl":"tertiary"},{"ty":"tr","p":{"a":0,"k":[0,0],"ix":2},"a":{"a":0,"k":[0,0],"ix":1},"s":{"a":0,"k":[100,100],"ix":3},"r":{"a":0,"k":0,"ix":6},"o":{"a":0,"k":100,"ix":7},"sk":{"a":0,"k":0,"ix":4},"sa":{"a":0,"k":0,"ix":5},"nm":"Transform"}],"nm":"Group 1","np":2,"cix":2,"bm":0,"ix":1,"mn":"ADBE Vector Group","hd":false},{"ty":"tm","s":{"a":0,"k":0,"ix":1},"e":{"a":0,"k":100,"ix":2},"o":{"a":0,"k":69,"ix":3},"m":1,"ix":2,"nm":"Trim Paths 1","mn":"ADBE Vector Filter - Trim","hd":false}],"ip":0,"op":217.5,"st":0,"ct":1,"bm":0},{"ddd":0,"ind":10,"ty":4,"nm":"Circle Fill","sr":1,"ks":{"o":{"a":0,"k":100,"ix":11},"r":{"a":0,"k":0,"ix":10},"p":{"a":0,"k":[217.437,214.557,0],"ix":2,"l":2},"a":{"a":0,"k":[0,0,0],"ix":1,"l":2},"s":{"a":0,"k":[337.264,337.264,100],"ix":6,"l":2}},"ao":0,"shapes":[{"ty":"gr","it":[{"ind":0,"ty":"sh","ix":1,"ks":{"a":0,"k":{"i":[[0,-27.614],[27.614,0],[0,27.614],[-27.614,0]],"o":[[0,27.614],[-27.614,0],[0,-27.614],[27.614,0]],"v":[[50.04,0.75],[0.04,50.75],[-49.96,0.75],[0.04,-49.25]],"c":true},"ix":2},"nm":"Path 1","mn":"ADBE Vector Shape - Group","hd":false},{"ty":"fl","c":{"a":0,"k":[0.922,0.902,0.937,1],"ix":4,"x":"var $bm_rt;\n$bm_rt = comp('wired-lineal-44-avatar-user-in-circle').layer('control').effect('quaternary')('Color');"},"o":{"a":0,"k":100,"ix":5},"r":1,"bm":0,"nm":".quaternary","mn":"ADBE Vector Graphic - Fill","hd":false,"cl":"quaternary"},{"ty":"tr","p":{"a":0,"k":[0,0],"ix":2},"a":{"a":0,"k":[0,0],"ix":1},"s":{"a":0,"k":[100,100],"ix":3},"r":{"a":0,"k":0,"ix":6},"o":{"a":0,"k":100,"ix":7},"sk":{"a":0,"k":0,"ix":4},"sa":{"a":0,"k":0,"ix":5},"nm":"Transform"}],"nm":"Group 1","np":2,"cix":2,"bm":0,"ix":1,"mn":"ADBE Vector Group","hd":false}],"ip":0,"op":300,"st":0,"ct":1,"bm":0}]},{"id":"comp_2","nm":"hover-nodding","fr":60,"layers":[{"ddd":0,"ind":1,"ty":4,"nm":"Warstwa 17","sr":1,"ks":{"o":{"a":0,"k":100,"ix":11},"r":{"a":0,"k":0,"ix":10},"p":{"a":0,"k":[217.437,214.557,0],"ix":2,"l":2},"a":{"a":0,"k":[0,0,0],"ix":1,"l":2},"s":{"a":0,"k":[337.264,337.264,100],"ix":6,"l":2}},"ao":0,"shapes":[{"ty":"gr","it":[{"ind":0,"ty":"sh","ix":1,"ks":{"a":0,"k":{"i":[[0,-27.614],[27.614,0],[0,27.614],[-27.614,0]],"o":[[0,27.614],[-27.614,0],[0,-27.614],[27.614,0]],"v":[[50.04,0.75],[0.04,50.75],[-49.96,0.75],[0.04,-49.25]],"c":true},"ix":2},"nm":"Path 1","mn":"ADBE Vector Shape - Group","hd":false},{"ty":"st","c":{"a":0,"k":[0.071,0.075,0.192,1],"ix":3,"x":"var $bm_rt;\n$bm_rt = comp('wired-lineal-44-avatar-user-in-circle').layer('control').effect('primary')('Color');"},"o":{"a":0,"k":100,"ix":4},"w":{"a":0,"k":2.55,"ix":5,"x":"var $bm_rt;\n$bm_rt = $bm_mul($bm_div(value, 2), comp('wired-lineal-44-avatar-user-in-circle').layer('control').effect('stroke')('Menu'));"},"lc":2,"lj":2,"bm":0,"nm":".primary","mn":"ADBE Vector Graphic - Stroke","hd":false,"cl":"primary"},{"ty":"tr","p":{"a":0,"k":[0,0],"ix":2},"a":{"a":0,"k":[0,0],"ix":1},"s":{"a":0,"k":[100,100],"ix":3},"r":{"a":0,"k":0,"ix":6},"o":{"a":0,"k":100,"ix":7},"sk":{"a":0,"k":0,"ix":4},"sa":{"a":0,"k":0,"ix":5},"nm":"Transform"}],"nm":"Group 1","np":3,"cix":2,"bm":0,"ix":1,"mn":"ADBE Vector Group","hd":false}],"ip":0,"op":300,"st":0,"ct":1,"bm":0},{"ddd":0,"ind":2,"ty":4,"nm":"Head","sr":1,"ks":{"o":{"a":0,"k":100,"ix":11},"r":{"a":0,"k":0,"ix":10},"p":{"a":1,"k":[{"i":{"x":0.667,"y":1},"o":{"x":0.333,"y":0},"t":0,"s":[217.379,164.259,0],"to":[0,-1.152,0],"ti":[0,-1.667,0]},{"i":{"x":0.283,"y":1},"o":{"x":0.333,"y":0},"t":25,"s":[217.379,214.759,0],"to":[0,1.667,0],"ti":[0,1.152,0]},{"t":60,"s":[217.379,164.259,0]}],"ix":2,"l":2},"a":{"a":0,"k":[7.898,-3.227,0],"ix":1,"l":2},"s":{"a":0,"k":[553.113,553.113,100],"ix":6,"l":2}},"ao":0,"shapes":[{"ty":"gr","it":[{"ind":0,"ty":"sh","ix":1,"ks":{"a":0,"k":{"i":[[0,-5.604],[5.604,0],[0,5.604],[-5.605,0]],"o":[[0,5.604],[-5.604,0],[0,-5.604],[5.605,0]],"v":[[18.046,-3.227],[7.898,6.921],[-2.25,-3.227],[7.898,-13.375]],"c":true},"ix":2},"nm":"Path 1","mn":"ADBE Vector Shape - Group","hd":false},{"ty":"st","c":{"a":0,"k":[0.071,0.075,0.192,1],"ix":3,"x":"var $bm_rt;\n$bm_rt = comp('wired-lineal-44-avatar-user-in-circle').layer('control').effect('primary')('Color');"},"o":{"a":0,"k":100,"ix":4},"w":{"a":0,"k":1.5,"ix":5,"x":"var $bm_rt;\n$bm_rt = $bm_mul($bm_div(value, 2), comp('wired-lineal-44-avatar-user-in-circle').layer('control').effect('stroke')('Menu'));"},"lc":2,"lj":2,"bm":0,"nm":".primary","mn":"ADBE Vector Graphic - Stroke","hd":false,"cl":"primary"},{"ty":"tr","p":{"a":0,"k":[0,0],"ix":2},"a":{"a":0,"k":[0,0],"ix":1},"s":{"a":0,"k":[100,100],"ix":3},"r":{"a":0,"k":0,"ix":6},"o":{"a":0,"k":100,"ix":7},"sk":{"a":0,"k":0,"ix":4},"sa":{"a":0,"k":0,"ix":5},"nm":"Transform"}],"nm":"Group 1","np":2,"cix":2,"bm":0,"ix":1,"mn":"ADBE Vector Group","hd":false},{"ty":"tm","s":{"a":0,"k":0,"ix":1},"e":{"a":0,"k":100,"ix":2},"o":{"a":0,"k":-40,"ix":3},"m":1,"ix":2,"nm":"Trim Paths 1","mn":"ADBE Vector Filter - Trim","hd":false}],"ip":0,"op":217.5,"st":0,"ct":1,"bm":0},{"ddd":0,"ind":3,"ty":4,"nm":"Vector 2","parent":2,"sr":1,"ks":{"o":{"a":0,"k":50,"ix":11},"r":{"a":0,"k":0,"ix":10},"p":{"a":0,"k":[7.231,-2.142,0],"ix":2,"l":2},"a":{"a":0,"k":[0,0,0],"ix":1,"l":2},"s":{"a":0,"k":[18.079,18.079,100],"ix":6,"l":2}},"ao":0,"shapes":[{"ty":"gr","it":[{"ind":0,"ty":"sh","ix":1,"ks":{"a":0,"k":{"i":[[-8.602,-5.027],[-9.963,0.004],[0,0],[-10.154,8.742],[6.734,-4.535],[8.014,-1.298],[7.821,2.179],[6.189,5.254],[3.419,7.364],[0.02,8.118],[-3.383,7.38],[-6.163,5.284],[0.166,-9.961],[-4.886,-8.682]],"o":[[8.602,5.027],[0,0],[13.399,0.007],[-4.215,6.939],[-6.734,4.535],[-8.014,1.298],[-7.821,-2.179],[-6.189,-5.254],[-3.419,-7.364],[-0.02,-8.118],[3.383,-7.38],[-5.173,8.515],[-0.166,9.961],[4.886,8.682]],"v":[[-12.807,28.249],[15.542,35.92],[15.542,35.92],[52.052,22.38],[35.434,39.795],[13.049,48.649],[-10.986,47.311],[-32.25,36.029],[-46.833,16.877],[-52.052,-6.623],[-46.947,-30.147],[-32.458,-49.37],[-40.611,-21.157],[-33.403,7.313]],"c":true},"ix":2},"nm":"Path 1","mn":"ADBE Vector Shape - Group","hd":false},{"ty":"fl","c":{"a":0,"k":[1,0.78,0.22,1],"ix":4,"x":"var $bm_rt;\n$bm_rt = comp('wired-lineal-44-avatar-user-in-circle').layer('control').effect('secondary')('Color');"},"o":{"a":0,"k":100,"ix":5},"r":1,"bm":0,"nm":".secondary","mn":"ADBE Vector Graphic - Fill","hd":false,"cl":"secondary"},{"ty":"tr","p":{"a":0,"k":[0,0],"ix":2},"a":{"a":0,"k":[0,0],"ix":1},"s":{"a":0,"k":[100,100],"ix":3},"r":{"a":0,"k":0,"ix":6},"o":{"a":0,"k":100,"ix":7},"sk":{"a":0,"k":0,"ix":4},"sa":{"a":0,"k":0,"ix":5},"nm":"Transform"}],"nm":"Vector","np":2,"cix":2,"bm":0,"ix":1,"mn":"ADBE Vector Group","hd":false}],"ip":0,"op":300,"st":0,"ct":1,"bm":1},{"ddd":0,"ind":4,"ty":4,"nm":"Vector","parent":2,"sr":1,"ks":{"o":{"a":0,"k":100,"ix":11},"r":{"a":0,"k":0,"ix":10},"p":{"a":0,"k":[7.978,-3.372,0],"ix":2,"l":2},"a":{"a":0,"k":[0,0,0],"ix":1,"l":2},"s":{"a":0,"k":[18.079,18.079,100],"ix":6,"l":2}},"ao":0,"shapes":[{"ty":"gr","it":[{"ind":0,"ty":"sh","ix":1,"ks":{"a":0,"k":{"i":[[8.495,10.101],[12.99,2.294],[11.426,-6.593],[4.515,-12.394],[-4.508,-12.397],[-11.422,-6.599],[-12.992,2.286],[-8.483,10.102],[-0.005,13.191]],"o":[[-8.477,-10.107],[-12.99,-2.294],[-11.426,6.593],[-4.515,12.394],[4.508,12.397],[11.422,6.599],[12.992,-2.286],[8.483,-10.102],[0,0]],"v":[[42.99,-36.058],[9.756,-55.255],[-28.043,-48.6],[-52.721,-19.205],[-52.732,19.175],[-28.07,48.584],[9.724,55.261],[42.97,36.083],[56.11,0.022]],"c":true},"ix":2},"nm":"Path 1","mn":"ADBE Vector Shape - Group","hd":false},{"ty":"fl","c":{"a":0,"k":[1,0.78,0.22,1],"ix":4,"x":"var $bm_rt;\n$bm_rt = comp('wired-lineal-44-avatar-user-in-circle').layer('control').effect('secondary')('Color');"},"o":{"a":0,"k":100,"ix":5},"r":1,"bm":0,"nm":".secondary","mn":"ADBE Vector Graphic - Fill","hd":false,"cl":"secondary"},{"ty":"tr","p":{"a":0,"k":[0,0],"ix":2},"a":{"a":0,"k":[0,0],"ix":1},"s":{"a":0,"k":[100,100],"ix":3},"r":{"a":0,"k":0,"ix":6},"o":{"a":0,"k":100,"ix":7},"sk":{"a":0,"k":0,"ix":4},"sa":{"a":0,"k":0,"ix":5},"nm":"Transform"}],"nm":"Vector","np":2,"cix":2,"bm":0,"ix":1,"mn":"ADBE Vector Group","hd":false}],"ip":0,"op":300,"st":0,"ct":1,"bm":0},{"ddd":0,"ind":5,"ty":4,"nm":"Warstwa 15","td":1,"sr":1,"ks":{"o":{"a":0,"k":100,"ix":11},"r":{"a":0,"k":0,"ix":10},"p":{"a":0,"k":[217.437,214.557,0],"ix":2,"l":2},"a":{"a":0,"k":[0,0,0],"ix":1,"l":2},"s":{"a":0,"k":[337.264,337.264,100],"ix":6,"l":2}},"ao":0,"shapes":[{"ty":"gr","it":[{"ind":0,"ty":"sh","ix":1,"ks":{"a":0,"k":{"i":[[0,-27.614],[27.614,0],[0,27.614],[-27.614,0]],"o":[[0,27.614],[-27.614,0],[0,-27.614],[27.614,0]],"v":[[50.04,0.75],[0.04,50.75],[-49.96,0.75],[0.04,-49.25]],"c":true},"ix":2},"nm":"Path 1","mn":"ADBE Vector Shape - Group","hd":false},{"ty":"st","c":{"a":0,"k":[0.074509806931,0.078431375325,0.196078449488,1],"ix":3},"o":{"a":0,"k":100,"ix":4},"w":{"a":0,"k":0,"ix":5,"x":"var $bm_rt;\n$bm_rt = $bm_mul($bm_div(value, 2), comp('wired-lineal-44-avatar-user-in-circle').layer('control').effect('stroke')('Menu'));"},"lc":2,"lj":2,"bm":0,"nm":"Stroke 1","mn":"ADBE Vector Graphic - Stroke","hd":false},{"ty":"tr","p":{"a":0,"k":[0,0],"ix":2},"a":{"a":0,"k":[0,0],"ix":1},"s":{"a":0,"k":[100,100],"ix":3},"r":{"a":0,"k":0,"ix":6},"o":{"a":0,"k":100,"ix":7},"sk":{"a":0,"k":0,"ix":4},"sa":{"a":0,"k":0,"ix":5},"nm":"Transform"}],"nm":"Group 1","np":3,"cix":2,"bm":0,"ix":1,"mn":"ADBE Vector Group","hd":false},{"ty":"fl","c":{"a":0,"k":[1,0,0,1],"ix":4},"o":{"a":0,"k":100,"ix":5},"r":1,"bm":0,"nm":"Fill 1","mn":"ADBE Vector Graphic - Fill","hd":false}],"ip":0,"op":300,"st":0,"ct":1,"bm":0},{"ddd":0,"ind":6,"ty":4,"nm":"BODY","tt":1,"tp":5,"sr":1,"ks":{"o":{"a":0,"k":100,"ix":11},"r":{"a":0,"k":0,"ix":10},"p":{"a":0,"k":[217.379,297.118,0],"ix":2,"l":2},"a":{"a":0,"k":[9.568,24.043,0],"ix":1,"l":2},"s":{"a":0,"k":[553.113,553.113,100],"ix":6,"l":2}},"ao":0,"shapes":[{"ty":"gr","it":[{"ind":0,"ty":"sh","ix":1,"ks":{"a":1,"k":[{"i":{"x":0.667,"y":1},"o":{"x":0.333,"y":0},"t":0,"s":[{"i":[[0,0],[0,0],[-7.742,0],[0,0],[0,-7.742],[0,0]],"o":[[0,0],[0,-7.742],[0,0],[7.742,0],[0,0],[0,0]],"v":[[-12.533,31.836],[-12.467,29.769],[1.552,15.75],[17.583,15.75],[31.602,29.769],[31.536,31.836]],"c":false}]},{"i":{"x":0.283,"y":1},"o":{"x":0.333,"y":0},"t":25,"s":[{"i":[[0,0],[0,0],[-6.44,0],[0,0],[0,-6.466],[0,0]],"o":[[0,0],[0,-6.44],[0,0],[6.466,0],[0,0],[0,0]],"v":[[-12.533,31.836],[-12.467,31.027],[-0.806,19.366],[19.895,19.366],[31.602,31.073],[31.536,31.836]],"c":false}]},{"t":60,"s":[{"i":[[0,0],[0,0],[-7.742,0],[0,0],[0,-7.742],[0,0]],"o":[[0,0],[0,-7.742],[0,0],[7.742,0],[0,0],[0,0]],"v":[[-12.533,31.836],[-12.467,29.769],[1.552,15.75],[17.583,15.75],[31.602,29.769],[31.536,31.836]],"c":false}]}],"ix":2},"nm":"Path 1","mn":"ADBE Vector Shape - Group","hd":false},{"ty":"st","c":{"a":0,"k":[0.071,0.075,0.192,1],"ix":3,"x":"var $bm_rt;\n$bm_rt = comp('wired-lineal-44-avatar-user-in-circle').layer('control').effect('primary')('Color');"},"o":{"a":0,"k":100,"ix":4},"w":{"a":0,"k":1.5,"ix":5,"x":"var $bm_rt;\n$bm_rt = $bm_mul($bm_div(value, 2), comp('wired-lineal-44-avatar-user-in-circle').layer('control').effect('stroke')('Menu'));"},"lc":2,"lj":2,"bm":0,"nm":".primary","mn":"ADBE Vector Graphic - Stroke","hd":false,"cl":"primary"},{"ty":"tr","p":{"a":0,"k":[0,0],"ix":2},"a":{"a":0,"k":[0,0],"ix":1},"s":{"a":0,"k":[100,100],"ix":3},"r":{"a":0,"k":0,"ix":6},"o":{"a":0,"k":100,"ix":7},"sk":{"a":0,"k":0,"ix":4},"sa":{"a":0,"k":0,"ix":5},"nm":"Transform"}],"nm":"Group 1","np":2,"cix":2,"bm":0,"ix":1,"mn":"ADBE Vector Group","hd":false}],"ip":0,"op":217.5,"st":0,"ct":1,"bm":0},{"ddd":0,"ind":7,"ty":4,"nm":"Vector 3","sr":1,"ks":{"o":{"a":0,"k":50,"ix":11},"r":{"a":0,"k":0,"ix":10},"p":{"a":0,"k":[135.73,301.505,0],"ix":2,"l":2},"a":{"a":0,"k":[0,0,0],"ix":1,"l":2},"s":{"a":0,"k":[100,100,100],"ix":6,"l":2}},"ao":0,"shapes":[{"ty":"gr","it":[{"ind":0,"ty":"sh","ix":1,"ks":{"a":1,"k":[{"i":{"x":0.667,"y":1},"o":{"x":0.333,"y":0},"t":0,"s":[{"i":[[-20.564,0.003],[0,0],[4.85,-37.67],[6.078,6.372],[0,0],[-14.541,14.541]],"o":[[0,0],[-42.37,14.74],[-6.989,-5.357],[0,0],[0.003,-20.564],[14.541,-14.541]],"v":[[36.74,-49.825],[40.95,-49.825],[-21.32,49.825],[-40.95,32.205],[-40.8,27.715],[-18.086,-27.111]],"c":true}]},{"i":{"x":0.21,"y":1},"o":{"x":0.375,"y":0},"t":25,"s":[{"i":[[-20.564,0.003],[0,0],[4.85,-37.67],[6.078,6.372],[0,0],[-12.46,16.359]],"o":[[0,0],[-42.37,14.74],[-6.989,-5.357],[0,0],[2.82,-8.72],[12.106,-15.894]],"v":[[30.74,-31.325],[34.95,-31.325],[-21.32,49.825],[-40.95,32.205],[-40.8,27.715],[-24.086,-8.611]],"c":true}]},{"t":61,"s":[{"i":[[-20.564,0.003],[0,0],[4.85,-37.67],[6.078,6.372],[0,0],[-14.541,14.541]],"o":[[0,0],[-42.37,14.74],[-6.989,-5.357],[0,0],[0.003,-20.564],[14.541,-14.541]],"v":[[36.74,-49.825],[40.95,-49.825],[-21.32,49.825],[-40.95,32.205],[-40.8,27.715],[-18.086,-27.111]],"c":true}]}],"ix":2},"nm":"Path 1","mn":"ADBE Vector Shape - Group","hd":false},{"ty":"fl","c":{"a":0,"k":[0.294,0.702,0.992,1],"ix":4,"x":"var $bm_rt;\n$bm_rt = comp('wired-lineal-44-avatar-user-in-circle').layer('control').effect('tertiary')('Color');"},"o":{"a":0,"k":100,"ix":5},"r":1,"bm":0,"nm":".tertiary","mn":"ADBE Vector Graphic - Fill","hd":false,"cl":"tertiary"},{"ty":"tr","p":{"a":0,"k":[0,0],"ix":2},"a":{"a":0,"k":[0,0],"ix":1},"s":{"a":0,"k":[100,100],"ix":3},"r":{"a":0,"k":0,"ix":6},"o":{"a":0,"k":100,"ix":7},"sk":{"a":0,"k":0,"ix":4},"sa":{"a":0,"k":0,"ix":5},"nm":"Transform"}],"nm":"Vector","np":2,"cix":2,"bm":0,"ix":1,"mn":"ADBE Vector Group","hd":false}],"ip":0,"op":300,"st":0,"ct":1,"bm":1},{"ddd":0,"ind":8,"ty":4,"nm":"Vector 4","sr":1,"ks":{"o":{"a":0,"k":100,"ix":11},"r":{"a":0,"k":0,"ix":10},"p":{"a":0,"k":[216.73,318.808,0],"ix":2,"l":2},"a":{"a":0,"k":[0,0,0],"ix":1,"l":2},"s":{"a":0,"k":[100,100,100],"ix":6,"l":2}},"ao":0,"shapes":[{"ty":"gr","it":[{"ind":0,"ty":"sh","ix":1,"ks":{"a":1,"k":[{"i":{"x":0.667,"y":1},"o":{"x":0.333,"y":0},"t":0,"s":[{"i":[[0.003,-20.564],[0,0],[-62.03,66.22],[0,0],[14.541,14.541],[20.564,0.003],[0,0],[14.541,-14.541]],"o":[[0,0],[68.77,72.04],[0,0],[-0.003,-20.564],[-14.541,-14.541],[0,0],[-20.564,0.003],[-14.541,14.541]],"v":[[-121.8,10.412],[-121.95,14.902],[121.79,15.632],[121.95,10.412],[99.236,-44.414],[44.41,-67.128],[-44.26,-67.128],[-99.086,-44.414]],"c":true}]},{"i":{"x":0.21,"y":1},"o":{"x":0.375,"y":0},"t":25,"s":[{"i":[[3.57,-14.47],[0,0],[-62.03,66.22],[0,0],[14.274,11.355],[20.564,0.002],[0,0],[13.606,-13.201]],"o":[[0,0],[68.77,72.04],[0,0],[-1.93,-15.47],[-15.966,-12.701],[0,0],[-20.564,0.002],[-13.091,12.701]],"v":[[-121.8,10.412],[-121.95,14.902],[121.79,15.632],[121.95,10.412],[98.736,-32.857],[44.41,-48.308],[-44.26,-48.308],[-99.086,-31.107]],"c":true}]},{"t":61,"s":[{"i":[[0.003,-20.564],[0,0],[-62.03,66.22],[0,0],[14.541,14.541],[20.564,0.003],[0,0],[14.541,-14.541]],"o":[[0,0],[68.77,72.04],[0,0],[-0.003,-20.564],[-14.541,-14.541],[0,0],[-20.564,0.003],[-14.541,14.541]],"v":[[-121.8,10.412],[-121.95,14.902],[121.79,15.632],[121.95,10.412],[99.236,-44.414],[44.41,-67.128],[-44.26,-67.128],[-99.086,-44.414]],"c":true}]}],"ix":2},"nm":"Path 1","mn":"ADBE Vector Shape - Group","hd":false},{"ty":"fl","c":{"a":0,"k":[0.294,0.702,0.992,1],"ix":4,"x":"var $bm_rt;\n$bm_rt = comp('wired-lineal-44-avatar-user-in-circle').layer('control').effect('tertiary')('Color');"},"o":{"a":0,"k":100,"ix":5},"r":1,"bm":0,"nm":".tertiary","mn":"ADBE Vector Graphic - Fill","hd":false,"cl":"tertiary"},{"ty":"tr","p":{"a":0,"k":[0,0],"ix":2},"a":{"a":0,"k":[0,0],"ix":1},"s":{"a":0,"k":[100,100],"ix":3},"r":{"a":0,"k":0,"ix":6},"o":{"a":0,"k":100,"ix":7},"sk":{"a":0,"k":0,"ix":4},"sa":{"a":0,"k":0,"ix":5},"nm":"Transform"}],"nm":"Vector","np":2,"cix":2,"bm":0,"ix":1,"mn":"ADBE Vector Group","hd":false}],"ip":0,"op":300,"st":0,"ct":1,"bm":0},{"ddd":0,"ind":9,"ty":4,"nm":"Circle Fill","sr":1,"ks":{"o":{"a":0,"k":100,"ix":11},"r":{"a":0,"k":0,"ix":10},"p":{"a":0,"k":[217.437,214.557,0],"ix":2,"l":2},"a":{"a":0,"k":[0,0,0],"ix":1,"l":2},"s":{"a":0,"k":[337.264,337.264,100],"ix":6,"l":2}},"ao":0,"shapes":[{"ty":"gr","it":[{"ind":0,"ty":"sh","ix":1,"ks":{"a":0,"k":{"i":[[0,-27.614],[27.614,0],[0,27.614],[-27.614,0]],"o":[[0,27.614],[-27.614,0],[0,-27.614],[27.614,0]],"v":[[50.04,0.75],[0.04,50.75],[-49.96,0.75],[0.04,-49.25]],"c":true},"ix":2},"nm":"Path 1","mn":"ADBE Vector Shape - Group","hd":false},{"ty":"fl","c":{"a":0,"k":[0.922,0.902,0.937,1],"ix":4,"x":"var $bm_rt;\n$bm_rt = comp('wired-lineal-44-avatar-user-in-circle').layer('control').effect('quaternary')('Color');"},"o":{"a":0,"k":100,"ix":5},"r":1,"bm":0,"nm":".quaternary","mn":"ADBE Vector Graphic - Fill","hd":false,"cl":"quaternary"},{"ty":"tr","p":{"a":0,"k":[0,0],"ix":2},"a":{"a":0,"k":[0,0],"ix":1},"s":{"a":0,"k":[100,100],"ix":3},"r":{"a":0,"k":0,"ix":6},"o":{"a":0,"k":100,"ix":7},"sk":{"a":0,"k":0,"ix":4},"sa":{"a":0,"k":0,"ix":5},"nm":"Transform"}],"nm":"Group 1","np":2,"cix":2,"bm":0,"ix":1,"mn":"ADBE Vector Group","hd":false}],"ip":0,"op":300,"st":0,"ct":1,"bm":0}]},{"id":"comp_3","nm":"hover-jumping","fr":60,"layers":[{"ddd":0,"ind":1,"ty":4,"nm":"Warstwa 3","sr":1,"ks":{"o":{"a":0,"k":100,"ix":11},"r":{"a":0,"k":0,"ix":10},"p":{"a":0,"k":[217.437,214.557,0],"ix":2,"l":2},"a":{"a":0,"k":[0,0,0],"ix":1,"l":2},"s":{"a":0,"k":[337.264,337.264,100],"ix":6,"l":2}},"ao":0,"shapes":[{"ty":"gr","it":[{"ind":0,"ty":"sh","ix":1,"ks":{"a":0,"k":{"i":[[0,-27.614],[27.614,0],[0,27.614],[-27.614,0]],"o":[[0,27.614],[-27.614,0],[0,-27.614],[27.614,0]],"v":[[50.04,0.75],[0.04,50.75],[-49.96,0.75],[0.04,-49.25]],"c":true},"ix":2},"nm":"Path 1","mn":"ADBE Vector Shape - Group","hd":false},{"ty":"st","c":{"a":0,"k":[0.071,0.075,0.192,1],"ix":3,"x":"var $bm_rt;\n$bm_rt = comp('wired-lineal-44-avatar-user-in-circle').layer('control').effect('primary')('Color');"},"o":{"a":0,"k":100,"ix":4},"w":{"a":0,"k":2.55,"ix":5,"x":"var $bm_rt;\n$bm_rt = $bm_mul($bm_div(value, 2), comp('wired-lineal-44-avatar-user-in-circle').layer('control').effect('stroke')('Menu'));"},"lc":2,"lj":2,"bm":0,"nm":".primary","mn":"ADBE Vector Graphic - Stroke","hd":false,"cl":"primary"},{"ty":"tr","p":{"a":0,"k":[0,0],"ix":2},"a":{"a":0,"k":[0,0],"ix":1},"s":{"a":0,"k":[100,100],"ix":3},"r":{"a":0,"k":0,"ix":6},"o":{"a":0,"k":100,"ix":7},"sk":{"a":0,"k":0,"ix":4},"sa":{"a":0,"k":0,"ix":5},"nm":"Transform"}],"nm":"Group 1","np":3,"cix":2,"bm":0,"ix":1,"mn":"ADBE Vector Group","hd":false}],"ip":0,"op":4500,"st":0,"ct":1,"bm":0},{"ddd":0,"ind":2,"ty":4,"nm":"Head","sr":1,"ks":{"o":{"a":0,"k":100,"ix":11},"r":{"a":0,"k":0,"ix":10},"p":{"a":1,"k":[{"i":{"x":0,"y":1},"o":{"x":0.333,"y":0},"t":0,"s":[217.379,164.259,0],"to":[0,-1.152,0],"ti":[0,42.405,0]},{"i":{"x":0.667,"y":1},"o":{"x":0.828,"y":0},"t":20,"s":[217.379,117.244,0],"to":[0.07,51.931,0],"ti":[0,1.152,0]},{"i":{"x":0.667,"y":1},"o":{"x":0.333,"y":0},"t":36.668,"s":[217.379,184.259,0],"to":[0,-1.152,0],"ti":[0,1.152,0]},{"t":56.66796875,"s":[217.379,164.259,0]}],"ix":2,"l":2},"a":{"a":0,"k":[7.898,-3.227,0],"ix":1,"l":2},"s":{"a":0,"k":[553.113,553.113,100],"ix":6,"l":2}},"ao":0,"shapes":[{"ty":"gr","it":[{"ind":0,"ty":"sh","ix":1,"ks":{"a":0,"k":{"i":[[0,-5.604],[5.604,0],[0,5.604],[-5.605,0]],"o":[[0,5.604],[-5.604,0],[0,-5.604],[5.605,0]],"v":[[18.046,-3.227],[7.898,6.921],[-2.25,-3.227],[7.898,-13.375]],"c":true},"ix":2},"nm":"Path 1","mn":"ADBE Vector Shape - Group","hd":false},{"ty":"st","c":{"a":0,"k":[0.071,0.075,0.192,1],"ix":3,"x":"var $bm_rt;\n$bm_rt = comp('wired-lineal-44-avatar-user-in-circle').layer('control').effect('primary')('Color');"},"o":{"a":0,"k":100,"ix":4},"w":{"a":0,"k":1.5,"ix":5,"x":"var $bm_rt;\n$bm_rt = $bm_mul($bm_div(value, 2), comp('wired-lineal-44-avatar-user-in-circle').layer('control').effect('stroke')('Menu'));"},"lc":2,"lj":2,"bm":0,"nm":".primary","mn":"ADBE Vector Graphic - Stroke","hd":false,"cl":"primary"},{"ty":"tr","p":{"a":0,"k":[0,0],"ix":2},"a":{"a":0,"k":[0,0],"ix":1},"s":{"a":0,"k":[100,100],"ix":3},"r":{"a":0,"k":0,"ix":6},"o":{"a":0,"k":100,"ix":7},"sk":{"a":0,"k":0,"ix":4},"sa":{"a":0,"k":0,"ix":5},"nm":"Transform"}],"nm":"Group 1","np":2,"cix":2,"bm":0,"ix":1,"mn":"ADBE Vector Group","hd":false},{"ty":"tm","s":{"a":0,"k":0,"ix":1},"e":{"a":0,"k":100,"ix":2},"o":{"a":0,"k":-40,"ix":3},"m":1,"ix":2,"nm":"Trim Paths 1","mn":"ADBE Vector Filter - Trim","hd":false}],"ip":0,"op":217.5,"st":0,"ct":1,"bm":0},{"ddd":0,"ind":3,"ty":4,"nm":"Vector 2","parent":2,"sr":1,"ks":{"o":{"a":0,"k":50,"ix":11},"r":{"a":0,"k":0,"ix":10},"p":{"a":0,"k":[7.231,-2.142,0],"ix":2,"l":2},"a":{"a":0,"k":[0,0,0],"ix":1,"l":2},"s":{"a":0,"k":[18.079,18.079,100],"ix":6,"l":2}},"ao":0,"shapes":[{"ty":"gr","it":[{"ind":0,"ty":"sh","ix":1,"ks":{"a":0,"k":{"i":[[-8.602,-5.027],[-9.963,0.004],[0,0],[-10.154,8.742],[6.734,-4.535],[8.014,-1.298],[7.821,2.179],[6.189,5.254],[3.419,7.364],[0.02,8.118],[-3.383,7.38],[-6.163,5.284],[0.166,-9.961],[-4.886,-8.682]],"o":[[8.602,5.027],[0,0],[13.399,0.007],[-4.215,6.939],[-6.734,4.535],[-8.014,1.298],[-7.821,-2.179],[-6.189,-5.254],[-3.419,-7.364],[-0.02,-8.118],[3.383,-7.38],[-5.173,8.515],[-0.166,9.961],[4.886,8.682]],"v":[[-12.807,28.249],[15.542,35.92],[15.542,35.92],[52.052,22.38],[35.434,39.795],[13.049,48.649],[-10.986,47.311],[-32.25,36.029],[-46.833,16.877],[-52.052,-6.623],[-46.947,-30.147],[-32.458,-49.37],[-40.611,-21.157],[-33.403,7.313]],"c":true},"ix":2},"nm":"Path 1","mn":"ADBE Vector Shape - Group","hd":false},{"ty":"fl","c":{"a":0,"k":[1,0.78,0.22,1],"ix":4,"x":"var $bm_rt;\n$bm_rt = comp('wired-lineal-44-avatar-user-in-circle').layer('control').effect('secondary')('Color');"},"o":{"a":0,"k":100,"ix":5},"r":1,"bm":0,"nm":".secondary","mn":"ADBE Vector Graphic - Fill","hd":false,"cl":"secondary"},{"ty":"tr","p":{"a":0,"k":[0,0],"ix":2},"a":{"a":0,"k":[0,0],"ix":1},"s":{"a":0,"k":[100,100],"ix":3},"r":{"a":0,"k":0,"ix":6},"o":{"a":0,"k":100,"ix":7},"sk":{"a":0,"k":0,"ix":4},"sa":{"a":0,"k":0,"ix":5},"nm":"Transform"}],"nm":"Vector","np":2,"cix":2,"bm":0,"ix":1,"mn":"ADBE Vector Group","hd":false}],"ip":0,"op":300,"st":0,"ct":1,"bm":1},{"ddd":0,"ind":4,"ty":4,"nm":"Vector","parent":2,"sr":1,"ks":{"o":{"a":0,"k":100,"ix":11},"r":{"a":0,"k":0,"ix":10},"p":{"a":0,"k":[7.978,-3.372,0],"ix":2,"l":2},"a":{"a":0,"k":[0,0,0],"ix":1,"l":2},"s":{"a":0,"k":[18.079,18.079,100],"ix":6,"l":2}},"ao":0,"shapes":[{"ty":"gr","it":[{"ind":0,"ty":"sh","ix":1,"ks":{"a":0,"k":{"i":[[8.495,10.101],[12.99,2.294],[11.426,-6.593],[4.515,-12.394],[-4.508,-12.397],[-11.422,-6.599],[-12.992,2.286],[-8.483,10.102],[-0.005,13.191]],"o":[[-8.477,-10.107],[-12.99,-2.294],[-11.426,6.593],[-4.515,12.394],[4.508,12.397],[11.422,6.599],[12.992,-2.286],[8.483,-10.102],[0,0]],"v":[[42.99,-36.058],[9.756,-55.255],[-28.043,-48.6],[-52.721,-19.205],[-52.732,19.175],[-28.07,48.584],[9.724,55.261],[42.97,36.083],[56.11,0.022]],"c":true},"ix":2},"nm":"Path 1","mn":"ADBE Vector Shape - Group","hd":false},{"ty":"fl","c":{"a":0,"k":[1,0.78,0.22,1],"ix":4,"x":"var $bm_rt;\n$bm_rt = comp('wired-lineal-44-avatar-user-in-circle').layer('control').effect('secondary')('Color');"},"o":{"a":0,"k":100,"ix":5},"r":1,"bm":0,"nm":".secondary","mn":"ADBE Vector Graphic - Fill","hd":false,"cl":"secondary"},{"ty":"tr","p":{"a":0,"k":[0,0],"ix":2},"a":{"a":0,"k":[0,0],"ix":1},"s":{"a":0,"k":[100,100],"ix":3},"r":{"a":0,"k":0,"ix":6},"o":{"a":0,"k":100,"ix":7},"sk":{"a":0,"k":0,"ix":4},"sa":{"a":0,"k":0,"ix":5},"nm":"Transform"}],"nm":"Vector","np":2,"cix":2,"bm":0,"ix":1,"mn":"ADBE Vector Group","hd":false}],"ip":0,"op":300,"st":0,"ct":1,"bm":0},{"ddd":0,"ind":6,"ty":4,"nm":"BODY","sr":1,"ks":{"o":{"a":0,"k":100,"ix":11},"r":{"a":0,"k":0,"ix":10},"p":{"a":0,"k":[217.379,297.118,0],"ix":2,"l":2},"a":{"a":0,"k":[9.568,24.043,0],"ix":1,"l":2},"s":{"a":0,"k":[553.113,553.113,100],"ix":6,"l":2}},"ao":0,"shapes":[{"ty":"gr","it":[{"ind":0,"ty":"sh","ix":1,"ks":{"a":1,"k":[{"i":{"x":0.314,"y":1},"o":{"x":0.333,"y":0},"t":0,"s":[{"i":[[0,0],[0,0],[-7.742,0],[0,0],[0,-7.742],[0,0]],"o":[[0,0],[0,-7.742],[0,0],[7.742,0],[0,0],[0,0]],"v":[[-12.533,30.435],[-12.467,29.769],[1.552,15.75],[17.583,15.75],[31.602,29.769],[31.536,30.435]],"c":false}]},{"i":{"x":0.667,"y":1},"o":{"x":0.429,"y":0},"t":17,"s":[{"i":[[0,0],[0,0],[-7.742,0],[0,0],[0,-8.516],[0,0]],"o":[[0,0],[0,-8.516],[0,0],[7.742,0],[0,0],[0,0]],"v":[[-12.533,30.435],[-12.467,23.712],[1.552,8.293],[17.583,8.293],[31.602,23.712],[31.536,30.435]],"c":false}]},{"i":{"x":0.667,"y":1},"o":{"x":0.333,"y":0},"t":33,"s":[{"i":[[0,0],[0,0],[-7.742,0],[0,0],[0,-6.717],[0,0]],"o":[[0,0],[0,-6.717],[0,0],[7.742,0],[0,0],[0,0]],"v":[[-12.533,30.435],[-12.467,29.857],[1.552,17.694],[17.583,17.694],[31.602,29.857],[31.536,30.435]],"c":false}]},{"t":54,"s":[{"i":[[0,0],[0,0],[-7.742,0],[0,0],[0,-7.742],[0,0]],"o":[[0,0],[0,-7.742],[0,0],[7.742,0],[0,0],[0,0]],"v":[[-12.533,30.435],[-12.467,29.769],[1.552,15.75],[17.583,15.75],[31.602,29.769],[31.536,30.435]],"c":false}]}],"ix":2},"nm":"Path 1","mn":"ADBE Vector Shape - Group","hd":false},{"ty":"st","c":{"a":0,"k":[0.071,0.075,0.192,1],"ix":3,"x":"var $bm_rt;\n$bm_rt = comp('wired-lineal-44-avatar-user-in-circle').layer('control').effect('primary')('Color');"},"o":{"a":0,"k":100,"ix":4},"w":{"a":0,"k":1.5,"ix":5,"x":"var $bm_rt;\n$bm_rt = $bm_mul($bm_div(value, 2), comp('wired-lineal-44-avatar-user-in-circle').layer('control').effect('stroke')('Menu'));"},"lc":2,"lj":2,"bm":0,"nm":".primary","mn":"ADBE Vector Graphic - Stroke","hd":false,"cl":"primary"},{"ty":"tr","p":{"a":0,"k":[0,0],"ix":2},"a":{"a":0,"k":[0,0],"ix":1},"s":{"a":0,"k":[100,100],"ix":3},"r":{"a":0,"k":0,"ix":6},"o":{"a":0,"k":100,"ix":7},"sk":{"a":0,"k":0,"ix":4},"sa":{"a":0,"k":0,"ix":5},"nm":"Transform"}],"nm":"Group 1","np":2,"cix":2,"bm":0,"ix":1,"mn":"ADBE Vector Group","hd":false}],"ip":0,"op":217.5,"st":0,"ct":1,"bm":0},{"ddd":0,"ind":7,"ty":4,"nm":"Vector 3","sr":1,"ks":{"o":{"a":0,"k":50,"ix":11},"r":{"a":0,"k":0,"ix":10},"p":{"a":0,"k":[135.73,301.505,0],"ix":2,"l":2},"a":{"a":0,"k":[0,0,0],"ix":1,"l":2},"s":{"a":0,"k":[100,100,100],"ix":6,"l":2}},"ao":0,"shapes":[{"ty":"gr","it":[{"ind":0,"ty":"sh","ix":1,"ks":{"a":1,"k":[{"i":{"x":0.365,"y":1},"o":{"x":0.333,"y":0},"t":0,"s":[{"i":[[-20.564,0.003],[0,0],[4.85,-37.67],[6.078,6.372],[0,0],[-14.541,14.541]],"o":[[0,0],[-42.37,14.74],[-6.989,-5.357],[0,0],[0.003,-20.564],[14.541,-14.541]],"v":[[36.74,-49.825],[40.95,-49.825],[-21.32,49.825],[-40.95,32.205],[-40.8,27.715],[-18.086,-27.111]],"c":true}]},{"i":{"x":0.667,"y":1},"o":{"x":0.521,"y":0},"t":17,"s":[{"i":[[-20.564,0.003],[0,0],[4.85,-37.67],[6.078,6.372],[0,0],[-13.453,15.491]],"o":[[0,0],[-69.976,26.678],[-6.989,-5.357],[0,0],[1.475,-14.373],[13.268,-15.248]],"v":[[33.286,-89.933],[37.496,-89.933],[-21.32,49.825],[-40.95,32.205],[-39.55,-18.535],[-20.671,-62.367]],"c":true}]},{"i":{"x":0.667,"y":1},"o":{"x":0.333,"y":0},"t":33,"s":[{"i":[[-20.564,0.003],[0,0],[4.85,-37.67],[6.078,6.372],[0,0],[-12.46,16.359]],"o":[[0,0],[-42.37,14.74],[-6.989,-5.357],[0,0],[2.82,-8.72],[12.106,-15.894]],"v":[[27.74,-38.075],[31.95,-38.075],[-21.32,49.825],[-40.95,32.205],[-40.05,17.465],[-26.336,-10.361]],"c":true}]},{"t":54,"s":[{"i":[[-20.564,0.003],[0,0],[4.85,-37.67],[6.078,6.372],[0,0],[-14.541,14.541]],"o":[[0,0],[-42.37,14.74],[-6.989,-5.357],[0,0],[0.003,-20.564],[14.541,-14.541]],"v":[[36.74,-49.825],[40.95,-49.825],[-21.32,49.825],[-40.95,32.205],[-40.8,27.715],[-18.086,-27.111]],"c":true}]}],"ix":2},"nm":"Path 1","mn":"ADBE Vector Shape - Group","hd":false},{"ty":"fl","c":{"a":0,"k":[0.294,0.702,0.992,1],"ix":4,"x":"var $bm_rt;\n$bm_rt = comp('wired-lineal-44-avatar-user-in-circle').layer('control').effect('tertiary')('Color');"},"o":{"a":0,"k":100,"ix":5},"r":1,"bm":0,"nm":".tertiary","mn":"ADBE Vector Graphic - Fill","hd":false,"cl":"tertiary"},{"ty":"tr","p":{"a":0,"k":[0,0],"ix":2},"a":{"a":0,"k":[0,0],"ix":1},"s":{"a":0,"k":[100,100],"ix":3},"r":{"a":0,"k":0,"ix":6},"o":{"a":0,"k":100,"ix":7},"sk":{"a":0,"k":0,"ix":4},"sa":{"a":0,"k":0,"ix":5},"nm":"Transform"}],"nm":"Vector","np":2,"cix":2,"bm":0,"ix":1,"mn":"ADBE Vector Group","hd":false}],"ip":0,"op":300,"st":0,"ct":1,"bm":1},{"ddd":0,"ind":8,"ty":4,"nm":"Vector 4","sr":1,"ks":{"o":{"a":0,"k":100,"ix":11},"r":{"a":0,"k":0,"ix":10},"p":{"a":0,"k":[216.73,318.808,0],"ix":2,"l":2},"a":{"a":0,"k":[0,0,0],"ix":1,"l":2},"s":{"a":0,"k":[100,100,100],"ix":6,"l":2}},"ao":0,"shapes":[{"ty":"gr","it":[{"ind":0,"ty":"sh","ix":1,"ks":{"a":1,"k":[{"i":{"x":0.378,"y":1},"o":{"x":0.333,"y":0},"t":0,"s":[{"i":[[0.003,-20.564],[0,0],[-62.03,66.22],[0,0],[14.541,14.541],[20.564,0.003],[0,0],[14.541,-14.541]],"o":[[0,0],[68.77,72.04],[0,0],[-0.003,-20.564],[-14.541,-14.541],[0,0],[-20.564,0.003],[-14.541,14.541]],"v":[[-121.8,10.412],[-121.95,14.902],[121.79,15.632],[121.95,10.412],[99.236,-44.414],[44.41,-67.128],[-44.26,-67.128],[-99.086,-44.414]],"c":true}]},{"i":{"x":0.667,"y":1},"o":{"x":0.524,"y":0},"t":17,"s":[{"i":[[0.154,-10.854],[0,0],[-62.03,66.22],[0,0],[10.48,12.031],[20.564,0.002],[0,0],[16.839,-22.492]],"o":[[0,0],[68.77,72.04],[0,0],[-0.445,-11.332],[-18.443,-24.282],[0,0],[-23.025,-0.118],[-10.476,12.236]],"v":[[-120.55,-32.781],[-121.95,14.902],[121.79,15.632],[121.95,-32.781],[104.776,-77.824],[44.41,-108.213],[-44.26,-108.213],[-104.984,-75.261]],"c":true}]},{"i":{"x":0.667,"y":1},"o":{"x":0.333,"y":0},"t":33,"s":[{"i":[[0.32,-0.22],[0,0],[-62.03,66.22],[0,0],[6.033,9.282],[20.564,0.002],[0,0],[19.356,-31.201]],"o":[[0,0],[68.77,72.04],[0,0],[-0.93,-1.22],[-22.716,-34.951],[0,0],[-25.72,-0.25],[-6.025,9.712]],"v":[[-121.8,2.412],[-121.95,14.902],[121.79,15.632],[121.95,2.412],[113.986,-19.607],[44.41,-56.308],[-44.26,-56.308],[-114.586,-16.857]],"c":true}]},{"t":54,"s":[{"i":[[0.003,-20.564],[0,0],[-62.03,66.22],[0,0],[14.541,14.541],[20.564,0.003],[0,0],[14.541,-14.541]],"o":[[0,0],[68.77,72.04],[0,0],[-0.003,-20.564],[-14.541,-14.541],[0,0],[-20.564,0.003],[-14.541,14.541]],"v":[[-121.8,10.412],[-121.95,14.902],[121.79,15.632],[121.95,10.412],[99.236,-44.414],[44.41,-67.128],[-44.26,-67.128],[-99.086,-44.414]],"c":true}]}],"ix":2},"nm":"Path 1","mn":"ADBE Vector Shape - Group","hd":false},{"ty":"fl","c":{"a":0,"k":[0.294,0.702,0.992,1],"ix":4,"x":"var $bm_rt;\n$bm_rt = comp('wired-lineal-44-avatar-user-in-circle').layer('control').effect('tertiary')('Color');"},"o":{"a":0,"k":100,"ix":5},"r":1,"bm":0,"nm":".tertiary","mn":"ADBE Vector Graphic - Fill","hd":false,"cl":"tertiary"},{"ty":"tr","p":{"a":0,"k":[0,0],"ix":2},"a":{"a":0,"k":[0,0],"ix":1},"s":{"a":0,"k":[100,100],"ix":3},"r":{"a":0,"k":0,"ix":6},"o":{"a":0,"k":100,"ix":7},"sk":{"a":0,"k":0,"ix":4},"sa":{"a":0,"k":0,"ix":5},"nm":"Transform"}],"nm":"Vector","np":2,"cix":2,"bm":0,"ix":1,"mn":"ADBE Vector Group","hd":false}],"ip":0,"op":300,"st":0,"ct":1,"bm":0},{"ddd":0,"ind":9,"ty":4,"nm":"Circle Fill","sr":1,"ks":{"o":{"a":0,"k":100,"ix":11},"r":{"a":0,"k":0,"ix":10},"p":{"a":0,"k":[217.437,214.557,0],"ix":2,"l":2},"a":{"a":0,"k":[0,0,0],"ix":1,"l":2},"s":{"a":0,"k":[337.264,337.264,100],"ix":6,"l":2}},"ao":0,"shapes":[{"ty":"gr","it":[{"ind":0,"ty":"sh","ix":1,"ks":{"a":0,"k":{"i":[[0,-27.614],[27.614,0],[0,27.614],[-27.614,0]],"o":[[0,27.614],[-27.614,0],[0,-27.614],[27.614,0]],"v":[[50.04,0.75],[0.04,50.75],[-49.96,0.75],[0.04,-49.25]],"c":true},"ix":2},"nm":"Path 1","mn":"ADBE Vector Shape - Group","hd":false},{"ty":"fl","c":{"a":0,"k":[0.922,0.902,0.937,1],"ix":4,"x":"var $bm_rt;\n$bm_rt = comp('wired-lineal-44-avatar-user-in-circle').layer('control').effect('quaternary')('Color');"},"o":{"a":0,"k":100,"ix":5},"r":1,"bm":0,"nm":".quaternary","mn":"ADBE Vector Graphic - Fill","hd":false,"cl":"quaternary"},{"ty":"tr","p":{"a":0,"k":[0,0],"ix":2},"a":{"a":0,"k":[0,0],"ix":1},"s":{"a":0,"k":[100,100],"ix":3},"r":{"a":0,"k":0,"ix":6},"o":{"a":0,"k":100,"ix":7},"sk":{"a":0,"k":0,"ix":4},"sa":{"a":0,"k":0,"ix":5},"nm":"Transform"}],"nm":"Group 1","np":2,"cix":2,"bm":0,"ix":1,"mn":"ADBE Vector Group","hd":false}],"ip":0,"op":300,"st":0,"ct":1,"bm":0}]}],"layers":[{"ddd":0,"ind":1,"ty":3,"nm":"control","sr":1,"ks":{"o":{"a":0,"k":0,"ix":11},"r":{"a":0,"k":0,"ix":10},"p":{"a":0,"k":[0,0],"ix":2,"l":2},"a":{"a":0,"k":[0,0,0],"ix":1,"l":2},"s":{"a":0,"k":[100,100,100],"ix":6,"l":2}},"ao":0,"ef":[{"ty":5,"nm":"stroke","np":3,"mn":"Pseudo/@@u5ZhW8XEQjOB+W+w/REZ5w","ix":1,"en":1,"ef":[{"ty":7,"nm":"Menu","mn":"Pseudo/@@u5ZhW8XEQjOB+W+w/REZ5w-0001","ix":1,"v":{"a":0,"k":2,"ix":1}}]},{"ty":5,"nm":"primary","np":3,"mn":"ADBE Color Control","ix":2,"en":1,"ef":[{"ty":2,"nm":"Color","mn":"ADBE Color Control-0001","ix":1,"v":{"a":0,"k":[0.071,0.075,0.192],"ix":1}}]},{"ty":5,"nm":"secondary","np":3,"mn":"ADBE Color Control","ix":3,"en":1,"ef":[{"ty":2,"nm":"Color","mn":"ADBE Color Control-0001","ix":1,"v":{"a":0,"k":[1,0.78,0.22],"ix":1}}]},{"ty":5,"nm":"tertiary","np":3,"mn":"ADBE Color Control","ix":4,"en":1,"ef":[{"ty":2,"nm":"Color","mn":"ADBE Color Control-0001","ix":1,"v":{"a":0,"k":[0.294,0.702,0.992],"ix":1}}]},{"ty":5,"nm":"quaternary","np":3,"mn":"ADBE Color Control","ix":5,"en":1,"ef":[{"ty":2,"nm":"Color","mn":"ADBE Color Control-0001","ix":1,"v":{"a":0,"k":[0.922,0.902,0.937],"ix":1}}]}],"ip":0,"op":359,"st":0,"bm":0},{"ddd":0,"ind":2,"ty":0,"nm":"in-reveal","refId":"comp_0","sr":1,"ks":{"o":{"a":0,"k":100,"ix":11},"r":{"a":0,"k":0,"ix":10},"p":{"a":0,"k":[215,215,0],"ix":2,"l":2},"a":{"a":0,"k":[215,215,0],"ix":1,"l":2},"s":{"a":0,"k":[100,100,100],"ix":6,"l":2}},"ao":0,"w":430,"h":430,"ip":0,"op":100,"st":0,"bm":0},{"ddd":0,"ind":3,"ty":0,"nm":"hover-looking-around","refId":"comp_1","sr":1,"ks":{"o":{"a":0,"k":100,"ix":11},"r":{"a":0,"k":0,"ix":10},"p":{"a":0,"k":[215,215,0],"ix":2,"l":2},"a":{"a":0,"k":[215,215,0],"ix":1,"l":2},"s":{"a":0,"k":[100,100,100],"ix":6,"l":2}},"ao":0,"w":430,"h":430,"ip":100,"op":230,"st":100,"bm":0},{"ddd":0,"ind":4,"ty":0,"nm":"hover-nodding","refId":"comp_2","sr":1,"ks":{"o":{"a":0,"k":100,"ix":11},"r":{"a":0,"k":0,"ix":10},"p":{"a":0,"k":[215,215,0],"ix":2,"l":2},"a":{"a":0,"k":[215,215,0],"ix":1,"l":2},"s":{"a":0,"k":[100,100,100],"ix":6,"l":2}},"ao":0,"w":430,"h":430,"ip":230,"op":301,"st":230,"bm":0},{"ddd":0,"ind":5,"ty":0,"nm":"hover-jumping","refId":"comp_3","sr":1,"ks":{"o":{"a":0,"k":100,"ix":11},"r":{"a":0,"k":0,"ix":10},"p":{"a":0,"k":[215,215,0],"ix":2,"l":2},"a":{"a":0,"k":[215,215,0],"ix":1,"l":2},"s":{"a":0,"k":[100,100,100],"ix":6,"l":2}},"ao":0,"w":430,"h":430,"ip":301,"op":367.66796875,"st":301,"bm":0}],"markers":[{"tm":0,"cm":"in-reveal","dr":90},{"tm":100,"cm":"default:hover-looking-around","dr":120},{"tm":230,"cm":"hover-nodding","dr":61},{"tm":301,"cm":"hover-jumping","dr":56.7}],"props":{}}