{"v":"5.12.1","fr":60,"ip":100,"op":175,"w":430,"h":430,"nm":"wired-outline-695-woman-style-19","ddd":0,"assets":[{"id":"comp_0","nm":"in-reveal","fr":60,"layers":[{"ddd":0,"ind":1,"ty":4,"nm":"Glasses 2","parent":3,"sr":1,"ks":{"o":{"a":0,"k":100,"ix":11},"r":{"a":0,"k":0,"ix":10},"p":{"a":1,"k":[{"i":{"x":0.667,"y":1},"o":{"x":0.333,"y":0},"t":24,"s":[0.017,-61.574,0],"to":[0,0,0],"ti":[0,0,0]},{"i":{"x":0.667,"y":1},"o":{"x":0.333,"y":0},"t":43,"s":[0.017,-56.107,0],"to":[0,0,0],"ti":[0,0,0]},{"i":{"x":0.667,"y":1},"o":{"x":0.333,"y":0},"t":66,"s":[0.017,-71.574,0],"to":[0,0,0],"ti":[0,0,0]},{"t":90,"s":[0.017,-61.574,0]}],"ix":2,"l":2},"a":{"a":0,"k":[250,188.231,0],"ix":1,"l":2},"s":{"a":0,"k":[100,100,100],"ix":6,"l":2}},"ao":0,"shapes":[{"ty":"gr","it":[{"ind":0,"ty":"sh","ix":1,"ks":{"a":1,"k":[{"i":{"x":0,"y":1},"o":{"x":0.086,"y":0.127},"t":0,"s":[{"i":[[0,0],[0,0]],"o":[[0,0],[0,0]],"v":[[0.226,7.033],[-0.22,7.033]],"c":false}]},{"t":34,"s":[{"i":[[0,0],[0,0]],"o":[[0,0],[0,0]],"v":[[11.619,0],[-11.619,0]],"c":false}]}],"ix":2},"nm":"Path 1","mn":"ADBE Vector Shape - Group","hd":false},{"ty":"st","c":{"a":0,"k":[0.071,0.075,0.192,1],"ix":3,"x":"var $bm_rt;\n$bm_rt = comp('wired-outline-695-woman-style-19').layer('control').effect('primary')('Color');"},"o":{"a":0,"k":100,"ix":4},"w":{"a":0,"k":12.04,"ix":5,"x":"var $bm_rt;\n$bm_rt = $bm_mul($bm_div(value, 2), comp('wired-outline-695-woman-style-19').layer('control').effect('stroke')('Menu'));"},"lc":2,"lj":2,"bm":0,"nm":".primary","mn":"ADBE Vector Graphic - Stroke","hd":false,"cl":"primary"},{"ty":"tr","p":{"a":0,"k":[249.997,181.061],"ix":2},"a":{"a":0,"k":[0,0],"ix":1},"s":{"a":0,"k":[100,100],"ix":3},"r":{"a":0,"k":0,"ix":6},"o":{"a":0,"k":100,"ix":7},"sk":{"a":0,"k":0,"ix":4},"sa":{"a":0,"k":0,"ix":5},"nm":"Transform"}],"nm":"Group 1","np":2,"cix":2,"bm":0,"ix":1,"mn":"ADBE Vector Group","hd":false},{"ty":"gr","it":[{"ind":0,"ty":"sh","ix":1,"ks":{"a":1,"k":[{"i":{"x":0,"y":1},"o":{"x":0.086,"y":0.127},"t":0,"s":[{"i":[[0.069,0],[0,0],[0.014,0.069],[0,0],[-0.091,0],[0,0],[0.018,-0.092],[0,0]],"o":[[0,0],[-0.069,0],[0,0],[-0.018,-0.092],[0,0],[0.091,0],[0,0],[-0.014,0.069]],"v":[[-36.236,0.374],[-36.78,0.374],[-36.921,0.255],[-37.01,-0.196],[-36.868,-0.374],[-36.147,-0.374],[-36.006,-0.196],[-36.094,0.255]],"c":true}]},{"t":34,"s":[{"i":[[3.582,0],[0,0],[0.71,3.604],[0,0],[-4.756,0],[0,0],[0.942,-4.785],[0,0]],"o":[[0,0],[-3.582,0],[0,0],[-0.942,-4.785],[0,0],[4.756,0],[0,0],[-0.71,3.604]],"v":[[14.191,19.513],[-14.191,19.513],[-21.568,13.319],[-26.211,-10.257],[-18.834,-19.513],[18.834,-19.513],[26.211,-10.257],[21.568,13.319]],"c":true}]}],"ix":2},"nm":"Path 1","mn":"ADBE Vector Shape - Group","hd":false},{"ty":"st","c":{"a":0,"k":[0.071,0.075,0.192,1],"ix":3,"x":"var $bm_rt;\n$bm_rt = comp('wired-outline-695-woman-style-19').layer('control').effect('primary')('Color');"},"o":{"a":0,"k":100,"ix":4},"w":{"a":0,"k":12.04,"ix":5,"x":"var $bm_rt;\n$bm_rt = $bm_mul($bm_div(value, 2), comp('wired-outline-695-woman-style-19').layer('control').effect('stroke')('Menu'));"},"lc":2,"lj":2,"bm":0,"nm":".primary","mn":"ADBE Vector Graphic - Stroke","hd":false,"cl":"primary"},{"ty":"tr","p":{"a":0,"k":[287.221,188.231],"ix":2},"a":{"a":0,"k":[0,0],"ix":1},"s":{"a":0,"k":[100,100],"ix":3},"r":{"a":0,"k":0,"ix":6},"o":{"a":0,"k":100,"ix":7},"sk":{"a":0,"k":0,"ix":4},"sa":{"a":0,"k":0,"ix":5},"nm":"Transform"}],"nm":"Group 2","np":2,"cix":2,"bm":0,"ix":2,"mn":"ADBE Vector Group","hd":false},{"ty":"gr","it":[{"ind":0,"ty":"sh","ix":1,"ks":{"a":1,"k":[{"i":{"x":0,"y":1},"o":{"x":0.086,"y":0.127},"t":0,"s":[{"i":[[0.069,0],[0,0],[0.014,0.069],[0,0],[-0.091,0],[0,0],[0.018,-0.092],[0,0]],"o":[[0,0],[-0.069,0],[0,0],[-0.018,-0.092],[0,0],[0.091,0],[0,0],[-0.014,0.069]],"v":[[36.78,0.374],[36.236,0.374],[36.095,0.255],[36.006,-0.196],[36.147,-0.374],[36.868,-0.374],[37.01,-0.196],[36.921,0.255]],"c":true}]},{"t":34,"s":[{"i":[[3.582,0],[0,0],[0.71,3.604],[0,0],[-4.756,0],[0,0],[0.942,-4.785],[0,0]],"o":[[0,0],[-3.582,0],[0,0],[-0.942,-4.785],[0,0],[4.756,0],[0,0],[-0.71,3.604]],"v":[[14.191,19.513],[-14.191,19.513],[-21.568,13.319],[-26.211,-10.257],[-18.834,-19.513],[18.834,-19.513],[26.211,-10.257],[21.568,13.319]],"c":true}]}],"ix":2},"nm":"Path 1","mn":"ADBE Vector Shape - Group","hd":false},{"ty":"st","c":{"a":0,"k":[0.071,0.075,0.192,1],"ix":3,"x":"var $bm_rt;\n$bm_rt = comp('wired-outline-695-woman-style-19').layer('control').effect('primary')('Color');"},"o":{"a":0,"k":100,"ix":4},"w":{"a":0,"k":12.04,"ix":5,"x":"var $bm_rt;\n$bm_rt = $bm_mul($bm_div(value, 2), comp('wired-outline-695-woman-style-19').layer('control').effect('stroke')('Menu'));"},"lc":2,"lj":2,"bm":0,"nm":".primary","mn":"ADBE Vector Graphic - Stroke","hd":false,"cl":"primary"},{"ty":"tr","p":{"a":0,"k":[212.779,188.231],"ix":2},"a":{"a":0,"k":[0,0],"ix":1},"s":{"a":0,"k":[100,100],"ix":3},"r":{"a":0,"k":0,"ix":6},"o":{"a":0,"k":100,"ix":7},"sk":{"a":0,"k":0,"ix":4},"sa":{"a":0,"k":0,"ix":5},"nm":"Transform"}],"nm":"Group 3","np":2,"cix":2,"bm":0,"ix":3,"mn":"ADBE Vector Group","hd":false}],"ip":1,"op":844,"st":0,"ct":1,"bm":0},{"ddd":0,"ind":2,"ty":4,"nm":"mask 2","parent":3,"td":1,"sr":1,"ks":{"o":{"a":0,"k":100,"ix":11},"r":{"a":0,"k":0,"ix":10},"p":{"a":1,"k":[{"i":{"x":0.667,"y":1},"o":{"x":0.333,"y":0},"t":24,"s":[0.017,-61.574,0],"to":[0,0,0],"ti":[0,0,0]},{"i":{"x":0.667,"y":1},"o":{"x":0.333,"y":0},"t":43,"s":[0.017,-56.107,0],"to":[0,0,0],"ti":[0,0,0]},{"i":{"x":0.667,"y":1},"o":{"x":0.333,"y":0},"t":66,"s":[0.017,-71.574,0],"to":[0,0,0],"ti":[0,0,0]},{"t":90,"s":[0.017,-61.574,0]}],"ix":2,"l":2},"a":{"a":0,"k":[250,188.231,0],"ix":1,"l":2},"s":{"a":0,"k":[100,100,100],"ix":6,"l":2}},"ao":0,"shapes":[{"ty":"gr","it":[{"ind":0,"ty":"sh","ix":1,"ks":{"a":1,"k":[{"i":{"x":0,"y":1},"o":{"x":0.086,"y":0.127},"t":0,"s":[{"i":[[0.069,0],[0,0],[0.014,0.069],[0,0],[-0.091,0],[0,0],[0.018,-0.092],[0,0]],"o":[[0,0],[-0.069,0],[0,0],[-0.018,-0.092],[0,0],[0.091,0],[0,0],[-0.014,0.069]],"v":[[-36.236,0.374],[-36.78,0.374],[-36.921,0.255],[-37.01,-0.196],[-36.868,-0.374],[-36.147,-0.374],[-36.006,-0.196],[-36.094,0.255]],"c":true}]},{"t":34,"s":[{"i":[[3.582,0],[0,0],[0.71,3.604],[0,0],[-4.756,0],[0,0],[0.942,-4.785],[0,0]],"o":[[0,0],[-3.582,0],[0,0],[-0.942,-4.785],[0,0],[4.756,0],[0,0],[-0.71,3.604]],"v":[[14.191,19.513],[-14.191,19.513],[-21.568,13.319],[-26.211,-10.257],[-18.834,-19.513],[18.834,-19.513],[26.211,-10.257],[21.568,13.319]],"c":true}]}],"ix":2},"nm":"Path 1","mn":"ADBE Vector Shape - Group","hd":false},{"ty":"tr","p":{"a":0,"k":[287.221,188.231],"ix":2},"a":{"a":0,"k":[0,0],"ix":1},"s":{"a":0,"k":[100,100],"ix":3},"r":{"a":0,"k":0,"ix":6},"o":{"a":0,"k":100,"ix":7},"sk":{"a":0,"k":0,"ix":4},"sa":{"a":0,"k":0,"ix":5},"nm":"Transform"}],"nm":"Group 2","np":1,"cix":2,"bm":0,"ix":1,"mn":"ADBE Vector Group","hd":false},{"ty":"gr","it":[{"ind":0,"ty":"sh","ix":1,"ks":{"a":1,"k":[{"i":{"x":0,"y":1},"o":{"x":0.086,"y":0.127},"t":0,"s":[{"i":[[0.069,0],[0,0],[0.014,0.069],[0,0],[-0.091,0],[0,0],[0.018,-0.092],[0,0]],"o":[[0,0],[-0.069,0],[0,0],[-0.018,-0.092],[0,0],[0.091,0],[0,0],[-0.014,0.069]],"v":[[36.78,0.374],[36.236,0.374],[36.095,0.255],[36.006,-0.196],[36.147,-0.374],[36.868,-0.374],[37.01,-0.196],[36.921,0.255]],"c":true}]},{"t":34,"s":[{"i":[[3.582,0],[0,0],[0.71,3.604],[0,0],[-4.756,0],[0,0],[0.942,-4.785],[0,0]],"o":[[0,0],[-3.582,0],[0,0],[-0.942,-4.785],[0,0],[4.756,0],[0,0],[-0.71,3.604]],"v":[[14.191,19.513],[-14.191,19.513],[-21.568,13.319],[-26.211,-10.257],[-18.834,-19.513],[18.834,-19.513],[26.211,-10.257],[21.568,13.319]],"c":true}]}],"ix":2},"nm":"Path 1","mn":"ADBE Vector Shape - Group","hd":false},{"ty":"tr","p":{"a":0,"k":[212.779,188.231],"ix":2},"a":{"a":0,"k":[0,0],"ix":1},"s":{"a":0,"k":[100,100],"ix":3},"r":{"a":0,"k":0,"ix":6},"o":{"a":0,"k":100,"ix":7},"sk":{"a":0,"k":0,"ix":4},"sa":{"a":0,"k":0,"ix":5},"nm":"Transform"}],"nm":"Group 3","np":1,"cix":2,"bm":0,"ix":2,"mn":"ADBE Vector Group","hd":false},{"ty":"fl","c":{"a":0,"k":[1,0,0,1],"ix":4},"o":{"a":0,"k":100,"ix":5},"r":1,"bm":0,"nm":"Fill 1","mn":"ADBE Vector Graphic - Fill","hd":false}],"ip":1,"op":844,"st":0,"ct":1,"bm":0},{"ddd":0,"ind":3,"ty":4,"nm":"Head 4","tt":2,"tp":2,"sr":1,"ks":{"o":{"a":0,"k":100,"ix":11},"r":{"a":0,"k":0,"ix":10},"p":{"a":1,"k":[{"i":{"x":0.515,"y":1},"o":{"x":0.598,"y":0},"t":30,"s":[215,341.85,0],"to":[0,0,0],"ti":[0,0,0]},{"i":{"x":0.357,"y":1},"o":{"x":0.333,"y":0},"t":60,"s":[215,184.85,0],"to":[0,0,0],"ti":[0,0,0]},{"t":90,"s":[215,208.1,0]}],"ix":2,"l":2},"a":{"a":0,"k":[0,-7,0],"ix":1,"l":2},"s":{"a":0,"k":[100,100,100],"ix":6,"l":2}},"ao":0,"shapes":[{"ty":"gr","it":[{"ind":1,"ty":"sh","ix":2,"ks":{"a":1,"k":[{"i":{"x":0,"y":1},"o":{"x":0.103,"y":0.103},"t":0,"s":[{"i":[[0.044,-1.264],[0,0],[1.234,0],[0,0],[0.043,1.233],[0,0]],"o":[[0,0],[-0.043,1.233],[0,0],[-1.234,0],[0,0],[-0.044,-1.264]],"v":[[1.915,-57.276],[1.928,-57.225],[-0.361,-55.015],[-0.361,-55.015],[-2.65,-57.225],[-2.641,-57.39]],"c":false}]},{"i":{"x":0.667,"y":1},"o":{"x":0.613,"y":0},"t":30,"s":[{"i":[[1.173,-33.713],[0,0],[32.115,0],[0,0],[1.116,32.095],[0,0]],"o":[[0,0],[-1.116,32.095],[0,0],[-32.115,0],[0,0],[-1.173,-33.713]],"v":[[59.155,-49.132],[59.574,-39.537],[0,18],[0,18],[-59.574,-39.537],[-59.618,-52.537]],"c":false}]},{"i":{"x":0.833,"y":1},"o":{"x":0.167,"y":0},"t":60,"s":[{"i":[[1.173,-33.713],[0,0],[32.115,0],[0,0],[1.116,32.095],[0,0]],"o":[[0,0],[-1.116,32.095],[0,0],[-32.115,0],[0,0],[-1.173,-33.713]],"v":[[60.842,-79.632],[59.574,-39.537],[0,18],[0,18],[-59.574,-39.537],[-60.743,-82.662]],"c":false}]},{"t":90,"s":[{"i":[[1.173,-33.713],[0,0],[32.115,0],[0,0],[1.116,32.095],[0,0]],"o":[[0,0],[-1.116,32.095],[0,0],[-32.115,0],[0,0],[-1.173,-33.713]],"v":[[60.898,-76.632],[59.574,-39.537],[0,18],[0,18],[-59.574,-39.537],[-60.644,-79.662]],"c":false}]}],"ix":2},"nm":"Path 2","mn":"ADBE Vector Shape - Group","hd":false},{"ty":"st","c":{"a":0,"k":[0.071,0.075,0.192,1],"ix":3,"x":"var $bm_rt;\n$bm_rt = comp('wired-outline-695-woman-style-19').layer('control').effect('primary')('Color');"},"o":{"a":0,"k":100,"ix":4},"w":{"a":0,"k":12.04,"ix":5,"x":"var $bm_rt;\n$bm_rt = $bm_mul($bm_div(value, 2), comp('wired-outline-695-woman-style-19').layer('control').effect('stroke')('Menu'));"},"lc":2,"lj":2,"bm":0,"nm":".primary","mn":"ADBE Vector Graphic - Stroke","hd":false,"cl":"primary"},{"ty":"tr","p":{"a":0,"k":[0,0],"ix":2},"a":{"a":0,"k":[0,0],"ix":1},"s":{"a":0,"k":[100,100],"ix":3},"r":{"a":0,"k":0,"ix":6},"o":{"a":0,"k":100,"ix":7},"sk":{"a":0,"k":0,"ix":4},"sa":{"a":0,"k":0,"ix":5},"nm":"Transform"}],"nm":"Group 1","np":3,"cix":2,"bm":0,"ix":1,"mn":"ADBE Vector Group","hd":false}],"ip":1,"op":300.3003003003,"st":0,"ct":1,"bm":0},{"ddd":0,"ind":4,"ty":4,"nm":"Body","sr":1,"ks":{"o":{"a":0,"k":100,"ix":11},"r":{"a":0,"k":0,"ix":10},"p":{"a":1,"k":[{"i":{"x":0.667,"y":1},"o":{"x":0.333,"y":0},"t":37,"s":[215,384.76,0],"to":[0,-0.833,0],"ti":[0,-0.667,0]},{"i":{"x":0.278,"y":1},"o":{"x":0.333,"y":0},"t":60,"s":[215,379.76,0],"to":[0,0.667,0],"ti":[0,-1.5,0]},{"t":90,"s":[215,388.76,0]}],"ix":2,"l":2},"a":{"a":0,"k":[0,173.66,0],"ix":1,"l":2},"s":{"a":1,"k":[{"i":{"x":[0.667,0.667,0.667],"y":[1,1,1]},"o":{"x":[0.167,0.167,0.167],"y":[0,0.167,0]},"t":37,"s":[100,100,100]},{"i":{"x":[0.335,0.353,0.667],"y":[1,1,1]},"o":{"x":[0.333,0.333,0.333],"y":[0,0,0]},"t":60,"s":[100,109,100]},{"t":90,"s":[100,100,100]}],"ix":6,"l":2}},"ao":0,"shapes":[{"ty":"gr","it":[{"ind":0,"ty":"sh","ix":1,"ks":{"a":1,"k":[{"i":{"x":0.833,"y":0.833},"o":{"x":0.167,"y":0.167},"t":37,"s":[{"i":[[0,0],[0,0],[0,-0.014],[0,0],[7.57,0],[0,0],[8.03,0],[20.11,0],[0.1,0],[19.84,0],[0,0],[8.065,0],[0,0],[0,0.004],[0,0],[-13.318,0],[0,0]],"o":[[0,0],[13.308,0],[0,0],[0,0.004],[0,0],[-9.055,0],[-20.494,0],[-0.1,0],[-20.1,0],[0,0],[-7.835,0],[0,0],[-7.57,0],[0,0],[0,-0.014],[0,0],[0,0]],"v":[[33.76,155.652],[111.192,155.655],[124.5,155.664],[124.5,155.664],[111.19,155.673],[82.172,155.673],[59.065,155.673],[0,155.673],[-0.3,155.673],[-59.465,155.673],[-59.665,155.673],[-83.693,155.673],[-111.19,155.673],[-124.5,155.664],[-124.5,155.664],[-111.182,155.652],[-33.99,155.652]],"c":false}]},{"i":{"x":0.417,"y":1},"o":{"x":0.167,"y":0.167},"t":42,"s":[{"i":[[0,0],[0,0],[0,-21.279],[0,0],[7.57,-0.87],[0,0],[8.03,-0.155],[20.11,-0.04],[0.1,0],[19.84,-0.153],[0,0],[8.065,-0.033],[0,0],[0,7.62],[0,0],[0.37,0],[0,0]],"o":[[0,0],[0.37,0],[0,0],[0,7.62],[0,0],[-9.055,0.143],[-20.494,0.396],[-0.1,0],[-20.1,0],[0,0],[-7.835,0.049],[0,0],[-7.57,-0.87],[0,0],[0,-20.898],[0,0],[0,0]],"v":[[33.76,111.084],[111.38,111.052],[124.5,132.74],[124.5,137.45],[111.19,155.277],[82.172,155.161],[59.065,155.276],[0,155.245],[-0.3,155.245],[-59.465,155.274],[-59.665,155.194],[-83.693,155.154],[-111.19,155.277],[-124.5,137.45],[-124.5,132.603],[-110.87,111.01],[-33.99,111.084]],"c":false}]},{"t":60,"s":[{"i":[[0,0],[0,0],[0,-45.84],[0,0],[7.57,-0.87],[0,0],[7.37,-3.08],[20.11,-0.04],[0.1,0],[18.92,7.87],[0,0],[8.28,0.96],[0,0],[0,7.62],[0,0],[-45.84,0],[0,0]],"o":[[0,0],[45.84,0],[0,0],[0,7.62],[0,0],[-7.94,0.92],[-18.91,7.91],[-0.1,0],[-20.1,0],[0,0],[-7.69,-3.2],[0,0],[-7.57,-0.87],[0,0],[0,-45.84],[0,0],[0,0]],"v":[[33.88,26.69],[41.5,26.69],[124.5,109.69],[124.5,137.45],[111.22,152.35],[82.18,155.71],[59.11,161.74],[0,173.66],[-0.3,173.66],[-59.42,161.86],[-59.62,161.78],[-83.69,155.52],[-111.22,152.35],[-124.5,137.45],[-124.5,109.69],[-41.5,26.69],[-33.87,26.69]],"c":false}]}],"ix":2},"nm":"Path 1","mn":"ADBE Vector Shape - Group","hd":false},{"ty":"st","c":{"a":0,"k":[0.071,0.075,0.192,1],"ix":3,"x":"var $bm_rt;\n$bm_rt = comp('wired-outline-695-woman-style-19').layer('control').effect('primary')('Color');"},"o":{"a":0,"k":100,"ix":4},"w":{"a":0,"k":12.04,"ix":5,"x":"var $bm_rt;\n$bm_rt = $bm_mul($bm_div(value, 2), comp('wired-outline-695-woman-style-19').layer('control').effect('stroke')('Menu'));"},"lc":2,"lj":2,"bm":0,"nm":".primary","mn":"ADBE Vector Graphic - Stroke","hd":false,"cl":"primary"},{"ty":"tr","p":{"a":0,"k":[0,0],"ix":2},"a":{"a":0,"k":[0,0],"ix":1},"s":{"a":0,"k":[100,100],"ix":3},"r":{"a":0,"k":0,"ix":6},"o":{"a":0,"k":100,"ix":7},"sk":{"a":0,"k":0,"ix":4},"sa":{"a":0,"k":0,"ix":5},"nm":"Transform"}],"nm":"Group 1","np":2,"cix":2,"bm":0,"ix":1,"mn":"ADBE Vector Group","hd":false},{"ty":"gr","it":[{"ind":0,"ty":"sh","ix":1,"ks":{"a":1,"k":[{"i":{"x":0.833,"y":0.833},"o":{"x":0.167,"y":0.167},"t":37,"s":[{"i":[[0,0],[0,0],[0,0],[0,0],[0,0]],"o":[[0,0],[0,0],[0,0],[0,0],[0,0]],"v":[[33.76,155.697],[33.88,155.696],[0,155.692],[-33.87,155.696],[-33.99,155.697]],"c":false}]},{"i":{"x":0.428,"y":1},"o":{"x":0.167,"y":0.167},"t":42,"s":[{"i":[[0,0],[0,0],[0,0],[0,0],[0,0]],"o":[[0,0],[0,0],[0,0],[0,0],[0,0]],"v":[[33.76,110.981],[33.88,121.384],[0,155.254],[-33.87,121.384],[-33.99,110.991]],"c":false}]},{"i":{"x":0.667,"y":1},"o":{"x":0.333,"y":0},"t":60,"s":[{"i":[[0,0],[0,0],[0,0],[0,0],[0,0]],"o":[[0,0],[0,0],[0,0],[0,0],[0,0]],"v":[[33.88,8.587],[33.88,26.38],[0,60.25],[-33.87,26.38],[-33.87,8.597]],"c":false}]},{"t":90,"s":[{"i":[[0,0],[0,0],[0,0],[0,0],[0,0]],"o":[[0,0],[0,0],[0,0],[0,0],[0,0]],"v":[[33.88,7.44],[33.88,26.38],[0,60.25],[-33.87,26.38],[-33.87,7.45]],"c":false}]}],"ix":2},"nm":"Triangle","mn":"ADBE Vector Shape - Group","hd":false},{"ty":"st","c":{"a":0,"k":[0.071,0.075,0.192,1],"ix":3,"x":"var $bm_rt;\n$bm_rt = comp('wired-outline-695-woman-style-19').layer('control').effect('primary')('Color');"},"o":{"a":0,"k":100,"ix":4},"w":{"a":0,"k":12.04,"ix":5,"x":"var $bm_rt;\n$bm_rt = $bm_mul($bm_div(value, 2), comp('wired-outline-695-woman-style-19').layer('control').effect('stroke')('Menu'));"},"lc":2,"lj":2,"bm":0,"nm":".primary","mn":"ADBE Vector Graphic - Stroke","hd":false,"cl":"primary"},{"ty":"tr","p":{"a":0,"k":[0,0],"ix":2},"a":{"a":0,"k":[0,0],"ix":1},"s":{"a":0,"k":[100,100],"ix":3},"r":{"a":0,"k":0,"ix":6},"o":{"a":0,"k":100,"ix":7},"sk":{"a":0,"k":0,"ix":4},"sa":{"a":0,"k":0,"ix":5},"nm":"Transform"}],"nm":"Group 4","np":2,"cix":2,"bm":0,"ix":2,"mn":"ADBE Vector Group","hd":false},{"ty":"gr","it":[{"ind":0,"ty":"sh","ix":1,"ks":{"a":1,"k":[{"i":{"x":0.833,"y":0.833},"o":{"x":0.167,"y":0.167},"t":37,"s":[{"i":[[0,0],[0,0],[0,0]],"o":[[0,0],[0,0],[0,0]],"v":[[-42.081,97.409],[-7.741,97.382],[30.259,97.462]],"c":false}]},{"i":{"x":0.417,"y":1},"o":{"x":0.167,"y":0.167},"t":42,"s":[{"i":[[0,0],[0,0],[0,0]],"o":[[0,0],[0,0],[0,0]],"v":[[-42.041,52.971],[-7.741,96.944],[30.259,97.025]],"c":false}]},{"i":{"x":0.667,"y":1},"o":{"x":0.333,"y":0},"t":60,"s":[{"i":[[0,0],[0,0],[0,0]],"o":[[0,0],[0,0],[0,0]],"v":[[-30.275,-29.06],[9.525,29.06],[30.275,2.31]],"c":false}]},{"t":90,"s":[{"i":[[0,0],[0,0],[0,0]],"o":[[0,0],[0,0],[0,0]],"v":[[-30.275,-29.06],[9.525,28.622],[30.275,2.31]],"c":false}]}],"ix":2},"nm":"Path 1","mn":"ADBE Vector Shape - Group","hd":false},{"ind":1,"ty":"sh","ix":2,"ks":{"a":1,"k":[{"i":{"x":0.833,"y":0.833},"o":{"x":0.167,"y":0.167},"t":37,"s":[{"i":[[0,0],[0,0],[0,0]],"o":[[0,0],[0,0],[0,0]],"v":[[30.229,97.432],[65.229,97.431],[101.979,97.434]],"c":false}]},{"i":{"x":0.417,"y":1},"o":{"x":0.167,"y":0.167},"t":42,"s":[{"i":[[0,0],[0,0],[0,0]],"o":[[0,0],[0,0],[0,0]],"v":[[30.229,96.988],[65.229,96.907],[101.739,53.34]],"c":false}]},{"i":{"x":0.667,"y":1},"o":{"x":0.333,"y":0},"t":60,"s":[{"i":[[0,0],[0,0],[0,0]],"o":[[0,0],[0,0],[0,0]],"v":[[30.245,2.273],[50.995,29.023],[90.755,-29.057]],"c":false}]},{"t":90,"s":[{"i":[[0,0],[0,0],[0,0]],"o":[[0,0],[0,0],[0,0]],"v":[[30.245,2.273],[50.995,28.585],[90.755,-29.057]],"c":false}]}],"ix":2},"nm":"Path 2","mn":"ADBE Vector Shape - Group","hd":false},{"ty":"st","c":{"a":0,"k":[0.071,0.075,0.192,1],"ix":3,"x":"var $bm_rt;\n$bm_rt = comp('wired-outline-695-woman-style-19').layer('control').effect('primary')('Color');"},"o":{"a":0,"k":100,"ix":4},"w":{"a":0,"k":12.04,"ix":5,"x":"var $bm_rt;\n$bm_rt = $bm_mul($bm_div(value, 2), comp('wired-outline-695-woman-style-19').layer('control').effect('stroke')('Menu'));"},"lc":2,"lj":2,"bm":0,"nm":".primary","mn":"ADBE Vector Graphic - Stroke","hd":false,"cl":"primary"},{"ty":"tr","p":{"a":0,"k":[-30.25,58.25],"ix":2},"a":{"a":0,"k":[0,0],"ix":1},"s":{"a":0,"k":[100,100],"ix":3},"r":{"a":0,"k":0,"ix":6},"o":{"a":0,"k":100,"ix":7},"sk":{"a":0,"k":0,"ix":4},"sa":{"a":0,"k":0,"ix":5},"nm":"Transform"}],"nm":"Group 5","np":3,"cix":2,"bm":0,"ix":3,"mn":"ADBE Vector Group","hd":false}],"ip":36,"op":300.3003003003,"st":0,"ct":1,"bm":0},{"ddd":0,"ind":5,"ty":4,"nm":"Pocket 2","parent":4,"sr":1,"ks":{"o":{"a":0,"k":100,"ix":11},"r":{"a":0,"k":0,"ix":10},"p":{"a":1,"k":[{"i":{"x":0.667,"y":1},"o":{"x":0.167,"y":0.167},"t":37,"s":[66.745,155.989,0],"to":[0,-9.417,0],"ti":[0,9.417,0]},{"t":60,"s":[66.745,99.489,0]}],"ix":2,"l":2},"a":{"a":0,"k":[14.25,-7.5,0],"ix":1,"l":2},"s":{"a":0,"k":[100,100,100],"ix":6,"l":2}},"ao":0,"shapes":[{"ty":"gr","it":[{"ind":0,"ty":"sh","ix":1,"ks":{"a":0,"k":{"i":[[0,0],[0,0]],"o":[[0,0],[0,0]],"v":[[29.446,-7.5],[-0.946,-7.5]],"c":false},"ix":2},"nm":"Path 2","mn":"ADBE Vector Shape - Group","hd":false},{"ty":"st","c":{"a":0,"k":[0.031,0.659,0.541,1],"ix":3,"x":"var $bm_rt;\n$bm_rt = comp('wired-outline-695-woman-style-19').layer('control').effect('secondary')('Color');"},"o":{"a":0,"k":100,"ix":4},"w":{"a":0,"k":12.04,"ix":5,"x":"var $bm_rt;\n$bm_rt = $bm_mul($bm_div(value, 2), comp('wired-outline-695-woman-style-19').layer('control').effect('stroke')('Menu'));"},"lc":2,"lj":2,"bm":0,"nm":".secondary","mn":"ADBE Vector Graphic - Stroke","hd":false,"cl":"secondary"},{"ty":"tr","p":{"a":0,"k":[0,0],"ix":2},"a":{"a":0,"k":[0,0],"ix":1},"s":{"a":0,"k":[100,100],"ix":3},"r":{"a":0,"k":0,"ix":6},"o":{"a":0,"k":100,"ix":7},"sk":{"a":0,"k":0,"ix":4},"sa":{"a":0,"k":0,"ix":5},"nm":"Transform"}],"nm":"Group 1","np":3,"cix":2,"bm":0,"ix":1,"mn":"ADBE Vector Group","hd":false}],"ip":37,"op":844,"st":0,"ct":1,"bm":0},{"ddd":0,"ind":6,"ty":4,"nm":"outline 24","parent":4,"sr":1,"ks":{"o":{"a":0,"k":100,"ix":11},"r":{"a":0,"k":0,"ix":10},"p":{"a":1,"k":[{"i":{"x":0.302,"y":1},"o":{"x":0.167,"y":0.167},"t":42,"s":[0.095,153.153,0],"to":[0,-15.5,0],"ti":[0,15.5,0]},{"i":{"x":0.667,"y":0.667},"o":{"x":0.167,"y":0.167},"t":60,"s":[0.095,60.153,0],"to":[0,0,0],"ti":[0,0,0]},{"t":90,"s":[0.095,60.153,0]}],"ix":2,"l":2},"a":{"a":0,"k":[0,0,0],"ix":1,"l":2},"s":{"a":0,"k":[100,100,100],"ix":6,"l":2}},"ao":0,"shapes":[{"ty":"gr","it":[{"ind":0,"ty":"sh","ix":1,"ks":{"a":0,"k":{"i":[[0,0],[0,0]],"o":[[0,0],[0,0]],"v":[[0.095,0],[-0.095,0]],"c":false},"ix":2},"nm":"Path 1","mn":"ADBE Vector Shape - Group","hd":false},{"ty":"tr","p":{"a":0,"k":[0,0],"ix":2},"a":{"a":0,"k":[0,0],"ix":1},"s":{"a":0,"k":[100,100],"ix":3},"r":{"a":0,"k":0,"ix":6},"o":{"a":0,"k":100,"ix":7},"sk":{"a":0,"k":0,"ix":4},"sa":{"a":0,"k":0,"ix":5},"nm":"Transform"}],"nm":"Group 1","np":1,"cix":2,"bm":0,"ix":1,"mn":"ADBE Vector Group","hd":false}],"ip":1,"op":844,"st":0,"ct":1,"bm":0},{"ddd":0,"ind":7,"ty":4,"nm":"mask","parent":3,"td":1,"sr":1,"ks":{"o":{"a":0,"k":100,"ix":11},"r":{"a":0,"k":0,"ix":10},"p":{"a":1,"k":[{"i":{"x":0.667,"y":1},"o":{"x":0.333,"y":0},"t":24,"s":[0.017,-61.574,0],"to":[0,0,0],"ti":[0,0,0]},{"i":{"x":0.667,"y":1},"o":{"x":0.333,"y":0},"t":43,"s":[0.017,-56.107,0],"to":[0,0,0],"ti":[0,0,0]},{"i":{"x":0.667,"y":1},"o":{"x":0.333,"y":0},"t":66,"s":[0.017,-71.574,0],"to":[0,0,0],"ti":[0,0,0]},{"t":90,"s":[0.017,-61.574,0]}],"ix":2,"l":2},"a":{"a":0,"k":[250,188.231,0],"ix":1,"l":2},"s":{"a":0,"k":[100,100,100],"ix":6,"l":2}},"ao":0,"shapes":[{"ty":"gr","it":[{"ind":0,"ty":"sh","ix":1,"ks":{"a":1,"k":[{"i":{"x":0,"y":1},"o":{"x":0.086,"y":0.127},"t":0,"s":[{"i":[[0.069,0],[0,0],[0.014,0.069],[0,0],[-0.091,0],[0,0],[0.018,-0.092],[0,0]],"o":[[0,0],[-0.069,0],[0,0],[-0.018,-0.092],[0,0],[0.091,0],[0,0],[-0.014,0.069]],"v":[[-36.236,0.374],[-36.78,0.374],[-36.921,0.255],[-37.01,-0.196],[-36.868,-0.374],[-36.147,-0.374],[-36.006,-0.196],[-36.094,0.255]],"c":true}]},{"t":34,"s":[{"i":[[3.582,0],[0,0],[0.71,3.604],[0,0],[-4.756,0],[0,0],[0.942,-4.785],[0,0]],"o":[[0,0],[-3.582,0],[0,0],[-0.942,-4.785],[0,0],[4.756,0],[0,0],[-0.71,3.604]],"v":[[14.191,19.513],[-14.191,19.513],[-21.568,13.319],[-26.211,-10.257],[-18.834,-19.513],[18.834,-19.513],[26.211,-10.257],[21.568,13.319]],"c":true}]}],"ix":2},"nm":"Path 1","mn":"ADBE Vector Shape - Group","hd":false},{"ty":"tr","p":{"a":0,"k":[287.221,188.231],"ix":2},"a":{"a":0,"k":[0,0],"ix":1},"s":{"a":0,"k":[100,100],"ix":3},"r":{"a":0,"k":0,"ix":6},"o":{"a":0,"k":100,"ix":7},"sk":{"a":0,"k":0,"ix":4},"sa":{"a":0,"k":0,"ix":5},"nm":"Transform"}],"nm":"Group 2","np":1,"cix":2,"bm":0,"ix":1,"mn":"ADBE Vector Group","hd":false},{"ty":"gr","it":[{"ind":0,"ty":"sh","ix":1,"ks":{"a":1,"k":[{"i":{"x":0,"y":1},"o":{"x":0.086,"y":0.127},"t":0,"s":[{"i":[[0.069,0],[0,0],[0.014,0.069],[0,0],[-0.091,0],[0,0],[0.018,-0.092],[0,0]],"o":[[0,0],[-0.069,0],[0,0],[-0.018,-0.092],[0,0],[0.091,0],[0,0],[-0.014,0.069]],"v":[[36.78,0.374],[36.236,0.374],[36.095,0.255],[36.006,-0.196],[36.147,-0.374],[36.868,-0.374],[37.01,-0.196],[36.921,0.255]],"c":true}]},{"t":34,"s":[{"i":[[3.582,0],[0,0],[0.71,3.604],[0,0],[-4.756,0],[0,0],[0.942,-4.785],[0,0]],"o":[[0,0],[-3.582,0],[0,0],[-0.942,-4.785],[0,0],[4.756,0],[0,0],[-0.71,3.604]],"v":[[14.191,19.513],[-14.191,19.513],[-21.568,13.319],[-26.211,-10.257],[-18.834,-19.513],[18.834,-19.513],[26.211,-10.257],[21.568,13.319]],"c":true}]}],"ix":2},"nm":"Path 1","mn":"ADBE Vector Shape - Group","hd":false},{"ty":"tr","p":{"a":0,"k":[212.779,188.231],"ix":2},"a":{"a":0,"k":[0,0],"ix":1},"s":{"a":0,"k":[100,100],"ix":3},"r":{"a":0,"k":0,"ix":6},"o":{"a":0,"k":100,"ix":7},"sk":{"a":0,"k":0,"ix":4},"sa":{"a":0,"k":0,"ix":5},"nm":"Transform"}],"nm":"Group 3","np":1,"cix":2,"bm":0,"ix":2,"mn":"ADBE Vector Group","hd":false},{"ty":"fl","c":{"a":0,"k":[1,0,0,1],"ix":4},"o":{"a":0,"k":100,"ix":5},"r":1,"bm":0,"nm":"Fill 1","mn":"ADBE Vector Graphic - Fill","hd":false}],"ip":1,"op":844,"st":0,"ct":1,"bm":0},{"ddd":0,"ind":8,"ty":4,"nm":"Hair","parent":11,"tt":2,"tp":7,"sr":1,"ks":{"o":{"a":0,"k":100,"ix":11},"r":{"a":0,"k":0,"ix":10},"p":{"a":0,"k":[-0.185,-36.994,0],"ix":2,"l":2},"a":{"a":0,"k":[0,0,0],"ix":1,"l":2},"s":{"a":0,"k":[100,100,100],"ix":6,"l":2}},"ao":0,"shapes":[{"ty":"gr","it":[{"ind":0,"ty":"sh","ix":1,"ks":{"a":1,"k":[{"i":{"x":0.013,"y":1},"o":{"x":0.113,"y":0.113},"t":0,"s":[{"i":[[0,0],[-0.062,-0.027],[-0.03,-0.033],[-0.057,0.045]],"o":[[0.039,0.003],[0.085,0.037],[0.057,-0.045],[0,0]],"v":[[-0.62,12.594],[-0.463,12.634],[-0.293,12.758],[-0.123,12.625]],"c":false}]},{"i":{"x":0.667,"y":1},"o":{"x":0.333,"y":0},"t":38,"s":[{"i":[[0,0],[15.229,6.687],[7.376,8.241],[13.992,-10.951]],"o":[[-9.651,-0.82],[-20.923,-9.187],[-13.992,10.951],[0,0]],"v":[[61.14,20.15],[22.63,10.35],[-19.34,-20.15],[-61.14,12.56]],"c":false}]},{"i":{"x":0.667,"y":1},"o":{"x":0.333,"y":0},"t":50,"s":[{"i":[[0,0],[15.229,5.361],[7.376,6.607],[13.992,-8.78]],"o":[[-9.651,-0.657],[-20.923,-7.365],[-13.992,8.78],[0,0]],"v":[[61.14,20.15],[22.63,12.293],[-19.34,-12.158],[-61.14,14.065]],"c":false}]},{"i":{"x":0.667,"y":1},"o":{"x":0.333,"y":0},"t":71,"s":[{"i":[[0,0],[15.229,7.32],[7.376,9.022],[13.992,-11.989]],"o":[[-9.651,-0.898],[-20.923,-10.057],[-13.992,11.989],[0,0]],"v":[[61.14,20.15],[22.63,6.922],[-19.34,-23.967],[-61.14,11.841]],"c":false}]},{"t":90,"s":[{"i":[[0,0],[15.229,6.687],[7.376,8.241],[13.992,-10.951]],"o":[[-9.651,-0.82],[-20.923,-9.187],[-13.992,10.951],[0,0]],"v":[[61.14,20.15],[22.63,10.35],[-19.34,-20.15],[-61.14,12.56]],"c":false}]}],"ix":2},"nm":"Path 1","mn":"ADBE Vector Shape - Group","hd":false},{"ty":"st","c":{"a":0,"k":[0.031,0.659,0.541,1],"ix":3,"x":"var $bm_rt;\n$bm_rt = comp('wired-outline-695-woman-style-19').layer('control').effect('secondary')('Color');"},"o":{"a":0,"k":100,"ix":4},"w":{"a":0,"k":12.04,"ix":5,"x":"var $bm_rt;\n$bm_rt = $bm_mul($bm_div(value, 2), comp('wired-outline-695-woman-style-19').layer('control').effect('stroke')('Menu'));"},"lc":2,"lj":2,"bm":0,"nm":".secondary","mn":"ADBE Vector Graphic - Stroke","hd":false,"cl":"secondary"},{"ty":"tr","p":{"a":0,"k":[0,0],"ix":2},"a":{"a":0,"k":[0,0],"ix":1},"s":{"a":0,"k":[100,100],"ix":3},"r":{"a":0,"k":0,"ix":6},"o":{"a":0,"k":100,"ix":7},"sk":{"a":0,"k":0,"ix":4},"sa":{"a":0,"k":0,"ix":5},"nm":"Transform"}],"nm":"Group 1","np":2,"cix":2,"bm":0,"ix":1,"mn":"ADBE Vector Group","hd":false}],"ip":1,"op":844,"st":0,"ct":1,"bm":0},{"ddd":0,"ind":9,"ty":4,"nm":"buttons","parent":4,"sr":1,"ks":{"o":{"a":0,"k":100,"ix":11},"r":{"a":0,"k":0,"ix":10},"p":{"a":0,"k":[0.004,122.515,0],"ix":2,"l":2},"a":{"a":0,"k":[250.004,352.615,0],"ix":1,"l":2},"s":{"a":0,"k":[100,100,100],"ix":6,"l":2}},"ao":0,"shapes":[{"ty":"gr","it":[{"ind":0,"ty":"sh","ix":1,"ks":{"a":1,"k":[{"i":{"x":0.667,"y":1},"o":{"x":0.167,"y":0.167},"t":42,"s":[{"i":[[0,0],[0,0]],"o":[[0,0],[0,0]],"v":[[0,30.732],[0,30.86]],"c":false}]},{"t":60,"s":[{"i":[[0,0],[0,0]],"o":[[0,0],[0,0]],"v":[[0,-0.064],[0,0.064]],"c":false}]}],"ix":2},"nm":"Path 1","mn":"ADBE Vector Shape - Group","hd":false},{"ind":1,"ty":"sh","ix":2,"ks":{"a":1,"k":[{"i":{"x":0.667,"y":1},"o":{"x":0.167,"y":0.167},"t":42,"s":[{"i":[[0,0],[0,0]],"o":[[0,0],[0,0]],"v":[[0,30.834],[0,30.962]],"c":false}]},{"t":60,"s":[{"i":[[0,0],[0,0]],"o":[[0,0],[0,0]],"v":[[0,25.789],[0,25.916]],"c":false}]}],"ix":2},"nm":"Path 2","mn":"ADBE Vector Shape - Group","hd":false},{"ind":2,"ty":"sh","ix":3,"ks":{"a":1,"k":[{"i":{"x":0.667,"y":1},"o":{"x":0.167,"y":0.167},"t":42,"s":[{"i":[[0,0],[0,0]],"o":[[0,0],[0,0]],"v":[[0,30.838],[0,30.966]],"c":false}]},{"t":60,"s":[{"i":[[0,0],[0,0]],"o":[[0,0],[0,0]],"v":[[0,-27.207],[0,-27.079]],"c":false}]}],"ix":2},"nm":"Path 3","mn":"ADBE Vector Shape - Group","hd":false},{"ty":"st","c":{"a":0,"k":[0.031,0.659,0.541,1],"ix":3,"x":"var $bm_rt;\n$bm_rt = comp('wired-outline-695-woman-style-19').layer('control').effect('secondary')('Color');"},"o":{"a":0,"k":100,"ix":4},"w":{"a":0,"k":12.04,"ix":5,"x":"var $bm_rt;\n$bm_rt = $bm_mul($bm_div(value, 2), comp('wired-outline-695-woman-style-19').layer('control').effect('stroke')('Menu'));"},"lc":2,"lj":2,"bm":0,"nm":".secondary","mn":"ADBE Vector Graphic - Stroke","hd":false,"cl":"secondary"},{"ty":"tr","p":{"a":0,"k":[250.004,353.261],"ix":2},"a":{"a":0,"k":[0,0],"ix":1},"s":{"a":0,"k":[100,100],"ix":3},"r":{"a":0,"k":0,"ix":6},"o":{"a":0,"k":100,"ix":7},"sk":{"a":0,"k":0,"ix":4},"sa":{"a":0,"k":0,"ix":5},"nm":"Transform"}],"nm":"Group 1","np":4,"cix":2,"bm":0,"ix":1,"mn":"ADBE Vector Group","hd":false}],"ip":42,"op":844,"st":0,"ct":1,"bm":0},{"ddd":0,"ind":10,"ty":4,"nm":"mask","td":1,"sr":1,"ks":{"o":{"a":0,"k":100,"ix":11},"r":{"a":0,"k":0,"ix":10},"p":{"a":1,"k":[{"i":{"x":0.667,"y":1},"o":{"x":0.333,"y":0},"t":37,"s":[215,384.76,0],"to":[0,-0.833,0],"ti":[0,-0.667,0]},{"i":{"x":0.278,"y":1},"o":{"x":0.333,"y":0},"t":60,"s":[215,379.76,0],"to":[0,0.667,0],"ti":[0,-1.5,0]},{"t":90,"s":[215,388.76,0]}],"ix":2,"l":2},"a":{"a":0,"k":[0,173.66,0],"ix":1,"l":2},"s":{"a":1,"k":[{"i":{"x":[0.667,0.667,0.667],"y":[1,1,1]},"o":{"x":[0.167,0.167,0.167],"y":[0,0.167,0]},"t":37,"s":[100,100,100]},{"i":{"x":[0.335,0.353,0.667],"y":[1,1,1]},"o":{"x":[0.333,0.333,0.333],"y":[0,0,0]},"t":60,"s":[100,109,100]},{"t":90,"s":[100,100,100]}],"ix":6,"l":2}},"ao":0,"shapes":[{"ty":"gr","it":[{"ind":0,"ty":"sh","ix":1,"ks":{"a":1,"k":[{"i":{"x":0.833,"y":0.833},"o":{"x":0.167,"y":0.167},"t":37,"s":[{"i":[[0,0],[0,0],[0,-0.014],[0,0],[7.57,0],[0,0],[8.03,0],[20.11,0],[0.1,0],[19.84,0],[0,0],[8.065,0],[0,0],[0,0.004],[0,0],[-13.318,0],[0,0]],"o":[[0,0],[13.308,0],[0,0],[0,0.004],[0,0],[-9.055,0],[-20.494,0],[-0.1,0],[-20.1,0],[0,0],[-7.835,0],[0,0],[-7.57,0],[0,0],[0,-0.014],[0,0],[0,0]],"v":[[33.76,155.652],[111.192,155.655],[124.5,155.664],[124.5,155.664],[111.19,155.673],[82.172,155.673],[59.065,155.673],[0,155.673],[-0.3,155.673],[-59.465,155.673],[-59.665,155.673],[-83.693,155.673],[-111.19,155.673],[-124.5,155.664],[-124.5,155.664],[-111.182,155.652],[-33.99,155.652]],"c":false}]},{"i":{"x":0.417,"y":1},"o":{"x":0.167,"y":0.167},"t":42,"s":[{"i":[[0,0],[0,0],[0,-21.279],[0,0],[7.57,-0.87],[0,0],[8.03,-0.155],[20.11,-0.04],[0.1,0],[19.84,-0.153],[0,0],[8.065,-0.033],[0,0],[0,7.62],[0,0],[0.37,0],[0,0]],"o":[[0,0],[0.37,0],[0,0],[0,7.62],[0,0],[-9.055,0.143],[-20.494,0.396],[-0.1,0],[-20.1,0],[0,0],[-7.835,0.049],[0,0],[-7.57,-0.87],[0,0],[0,-20.898],[0,0],[0,0]],"v":[[33.76,111.084],[111.38,111.052],[124.5,132.74],[124.5,137.45],[111.19,155.277],[82.172,155.161],[59.065,155.276],[0,155.245],[-0.3,155.245],[-59.465,155.274],[-59.665,155.194],[-83.693,155.154],[-111.19,155.277],[-124.5,137.45],[-124.5,132.603],[-110.87,111.01],[-33.99,111.084]],"c":false}]},{"t":60,"s":[{"i":[[0,0],[0,0],[0,-45.84],[0,0],[7.57,-0.87],[0,0],[7.37,-3.08],[20.11,-0.04],[0.1,0],[18.92,7.87],[0,0],[8.28,0.96],[0,0],[0,7.62],[0,0],[-45.84,0],[0,0]],"o":[[0,0],[45.84,0],[0,0],[0,7.62],[0,0],[-7.94,0.92],[-18.91,7.91],[-0.1,0],[-20.1,0],[0,0],[-7.69,-3.2],[0,0],[-7.57,-0.87],[0,0],[0,-45.84],[0,0],[0,0]],"v":[[33.88,26.69],[41.5,26.69],[124.5,109.69],[124.5,137.45],[111.22,152.35],[82.18,155.71],[59.11,161.74],[0,173.66],[-0.3,173.66],[-59.42,161.86],[-59.62,161.78],[-83.69,155.52],[-111.22,152.35],[-124.5,137.45],[-124.5,109.69],[-41.5,26.69],[-33.87,26.69]],"c":false}]}],"ix":2},"nm":"Path 1","mn":"ADBE Vector Shape - Group","hd":false},{"ty":"tr","p":{"a":0,"k":[0,0],"ix":2},"a":{"a":0,"k":[0,0],"ix":1},"s":{"a":0,"k":[100,100],"ix":3},"r":{"a":0,"k":0,"ix":6},"o":{"a":0,"k":100,"ix":7},"sk":{"a":0,"k":0,"ix":4},"sa":{"a":0,"k":0,"ix":5},"nm":"Transform"}],"nm":"Group 1","np":1,"cix":2,"bm":0,"ix":1,"mn":"ADBE Vector Group","hd":false},{"ty":"fl","c":{"a":0,"k":[1,0,0,1],"ix":4},"o":{"a":0,"k":100,"ix":5},"r":1,"bm":0,"nm":"Fill 1","mn":"ADBE Vector Graphic - Fill","hd":false}],"ip":36,"op":300.3003003003,"st":0,"ct":1,"bm":0},{"ddd":0,"ind":11,"ty":4,"nm":"Hair-back","parent":3,"tt":2,"tp":10,"sr":1,"ks":{"o":{"a":0,"k":100,"ix":11},"r":{"a":0,"k":0,"ix":10},"p":{"a":1,"k":[{"i":{"x":0.667,"y":1},"o":{"x":0.167,"y":0.167},"t":37,"s":[0.055,-62.1,0],"to":[0,0,0],"ti":[0,0,0]},{"t":60,"s":[0.055,-94.1,0]}],"ix":2,"l":2},"a":{"a":0,"k":[0,-29.87,0],"ix":1,"l":2},"s":{"a":0,"k":[100,100,100],"ix":6,"l":2}},"ao":0,"shapes":[{"ty":"gr","it":[{"ind":0,"ty":"sh","ix":1,"ks":{"a":1,"k":[{"i":{"x":0,"y":1},"o":{"x":0.111,"y":0.111},"t":0,"s":[{"i":[[0,0],[0,0],[0,0],[0,0],[0,0],[0,0],[0,0],[0,0],[0,0],[0,0],[0,0],[0,0],[0,0],[0,0],[0,0],[0,0],[0,0]],"o":[[0,0],[0,0],[0,0],[0,0],[0,0],[0,0],[0,0],[0,0],[0,0],[0,0],[0,0],[0,0],[0,0],[0,0],[0,0],[0,0],[0,0]],"v":[[-0.555,-23.62],[-0.555,-23.62],[-0.555,-23.62],[-0.555,-23.62],[-0.555,-23.62],[-0.555,-23.62],[-0.555,-23.62],[-0.555,-23.62],[-0.555,-23.62],[-0.555,-23.62],[-0.555,-23.62],[-0.555,-23.62],[-0.555,-23.62],[-0.555,-23.62],[-0.555,-23.62],[-0.555,-23.62],[-0.555,-23.62]],"c":false}]},{"i":{"x":0.667,"y":1},"o":{"x":0.333,"y":0},"t":30,"s":[{"i":[[0,0],[0,0],[0,0],[0,0],[0.028,-0.318],[0.465,10.851],[-6.635,12.705],[-10.073,4.529],[-17.761,0],[-8.712,-3.926],[-6.026,-10.039],[0.305,-11.41],[0.896,-9.121],[0,0],[0,0],[0,0],[0,0]],"o":[[0,0],[0,0],[0,0],[0,0],[-0.859,-8.373],[-0.489,-11.416],[5.018,-9.61],[8.71,-3.916],[17.786,0],[10.06,4.534],[5.502,9.165],[-0.374,14.021],[0.017,-0.115],[0,0],[0,0],[0,0],[0,0]],"v":[[-61.472,-25.276],[-61.421,-25.182],[-61.372,-25.423],[-61.576,-25.483],[-61.696,-24.996],[-62.566,-50.038],[-56.193,-82.292],[-33.589,-102.541],[0.395,-109.62],[33.292,-102.081],[56.369,-81.687],[63.05,-50.244],[60.549,-17.498],[60.566,-17.649],[60.49,-17.621],[60.59,-17.593],[60.54,-17.578]],"c":false}]},{"i":{"x":0.833,"y":0.833},"o":{"x":0.333,"y":0},"t":37,"s":[{"i":[[0,0],[0,0],[0,0],[0,0],[0.03,-0.383],[-2.423,10.316],[-6.814,8.046],[-10.414,4.386],[-12.163,0],[-9.007,-3.802],[-6.888,-8.133],[-4.09,-10.321],[-0.181,-10.894],[0,0],[0,0],[0,0],[0,0]],"o":[[0,0],[0,0],[0,0],[0,0],[-3.22,-9.508],[2.539,-10.812],[6.886,-8.131],[9.005,-3.792],[12.153,0],[10.401,4.39],[6.813,8.044],[3.904,9.851],[0.018,-0.138],[0,0],[0,0],[0,0],[0,0]],"v":[[-61.474,-26.333],[-61.416,-26.215],[-61.379,-26.516],[-61.587,-26.584],[-61.71,-25.987],[-68.169,-49.103],[-60.446,-81.423],[-30.077,-94.283],[0.001,-107.887],[30.067,-94.268],[60.425,-81.398],[69.832,-49.448],[60.551,-17.606],[60.595,-17.772],[60.517,-17.737],[60.619,-17.704],[60.565,-17.684]],"c":false}]},{"i":{"x":0.833,"y":0.833},"o":{"x":0.167,"y":0.167},"t":38,"s":[{"i":[[0,0],[7.856,2.929],[2.912,9.964],[2.388,9.372],[-0.34,7.769],[-2.423,10.316],[-6.814,8.046],[-10.414,4.386],[-12.163,0],[-9.007,-3.802],[-6.888,-8.133],[-4.09,-10.321],[-0.006,-10.895],[3.563,-12.025],[3.459,-10.337],[7.744,-6.677],[9.314,-2.455]],"o":[[-11.427,0.466],[-9.575,-3.569],[-3.056,-10.458],[-3.095,-12.147],[0.477,-10.889],[2.539,-10.812],[6.886,-8.131],[9.005,-3.792],[12.153,0],[10.401,4.39],[6.813,8.044],[3.904,9.851],[0.005,7.781],[-2.749,9.278],[-3.297,9.852],[-8.443,7.279],[0,0]],"v":[[-16.784,62.781],[-39.484,59.65],[-54.754,39.984],[-60.337,8.291],[-71.71,-22.612],[-68.169,-49.103],[-60.446,-81.423],[-30.077,-94.283],[0.001,-107.887],[30.067,-94.268],[60.425,-81.398],[69.832,-49.448],[69.551,-20.607],[60.345,10.478],[54.017,42.638],[38.208,58.942],[15.784,61.588]],"c":false}]},{"i":{"x":0.334,"y":1},"o":{"x":0.167,"y":0.167},"t":46,"s":[{"i":[[0,0],[5.751,9.537],[1.188,10.312],[0.772,9.64],[-1.467,7.637],[-3.898,9.854],[-6.814,8.046],[-10.414,4.386],[-12.163,0],[-9.007,-3.802],[-6.888,-8.133],[-4.09,-10.321],[-2.057,-10.699],[2.177,-12.351],[2.265,-10.662],[6.501,-7.893],[10.769,-1.55]],"o":[[-17.587,-2.12],[-5.277,-8.751],[-1.247,-10.824],[-1.001,-12.495],[2.056,-10.704],[4.085,-10.328],[6.886,-8.131],[9.005,-3.792],[12.154,0],[10.401,4.39],[6.813,8.044],[3.904,9.851],[1.469,7.641],[-1.679,9.529],[-2.159,10.162],[-7.087,8.604],[0,0]],"v":[[-39.08,84.664],[-73.728,71.158],[-92.655,42.67],[-88.837,9.274],[-93.763,-21.052],[-74.842,-49.961],[-60.446,-81.423],[-30.077,-94.283],[0.001,-107.887],[30.067,-94.268],[60.425,-81.398],[74.832,-49.448],[92.763,-20.552],[85.773,9.422],[91.706,41.214],[70.265,70.297],[38.011,83.954]],"c":false}]},{"i":{"x":0.833,"y":0.833},"o":{"x":0.333,"y":0},"t":64,"s":[{"i":[[0,0],[-2.46,13.943],[-1.648,10.378],[-1.867,9.61],[-2.158,7.565],[-3.898,9.979],[-6.814,8.148],[-10.414,4.441],[-12.163,0],[-9.007,-3.85],[-6.888,-8.236],[-4.701,-10.185],[-2.694,-10.691],[-1.54,-12.604],[-1.737,-10.897],[-1.439,-10.252],[2.714,-21.269]],"o":[[-5.975,-21.324],[2.283,-12.941],[1.73,-10.894],[2.419,-12.455],[3.024,-10.604],[4.085,-10.458],[6.886,-8.234],[9.005,-3.84],[12.153,0],[10.401,4.446],[6.813,8.146],[4.486,9.721],[1.924,7.635],[1.189,9.725],[1.655,10.386],[1.569,11.176],[0,0]],"v":[[-106.58,122.496],[-94.095,77.608],[-104.861,40.08],[-91.566,7.852],[-93.311,-24.874],[-75.842,-53.665],[-60.446,-84.006],[-30.077,-97.029],[0.001,-110.806],[30.067,-97.014],[60.425,-83.981],[75.999,-53.462],[94.13,-25.248],[91.481,7.41],[103.473,37.449],[94.728,71.458],[102.231,121.427]],"c":false}]},{"i":{"x":0.667,"y":1},"o":{"x":0.167,"y":0.167},"t":80,"s":[{"i":[[0,0],[0.308,11.003],[0.095,10.259],[-0.244,9.556],[-1.671,7.574],[-4.156,9.718],[-6.814,8.046],[-10.414,4.386],[-12.163,0],[-9.007,-3.802],[-6.888,-8.133],[-4.09,-10.321],[-1.932,-10.675],[0.134,-12.357],[0.49,-10.729],[0.65,-10.055],[0.719,-9.233]],"o":[[-0.381,-9.278],[-0.283,-10.096],[-0.1,-10.768],[0.316,-12.385],[2.342,-10.616],[4.356,-10.186],[6.886,-8.131],[9.005,-3.792],[12.153,0],[10.401,4.39],[6.813,8.044],[3.904,9.851],[1.379,7.624],[-0.103,9.534],[-0.467,10.226],[-0.708,10.961],[0,0]],"v":[[-82.879,100.737],[-82.419,73.228],[-90.921,42.535],[-82.834,11.756],[-87.382,-20.322],[-70.218,-48.699],[-60.446,-81.423],[-30.077,-94.283],[0.001,-107.887],[30.067,-94.268],[60.425,-81.398],[69.832,-49.448],[84.804,-21.172],[80.427,10.829],[87.991,42.351],[78.978,72.412],[77.446,101.75]],"c":false}]},{"t":90,"s":[{"i":[[0,0],[-0.108,11.136],[-0.295,10.376],[-0.611,9.652],[-1.466,7.637],[-3.898,9.854],[-6.814,8.046],[-10.414,4.386],[-12.163,0],[-9.007,-3.802],[-6.888,-8.133],[-4.09,-10.321],[-2.055,-10.7],[-0.793,-12.517],[-0.309,-10.896],[-0.098,-10.225],[0.034,-9.399]],"o":[[-0.031,-9.395],[0.099,-10.218],[0.31,-10.891],[0.792,-12.51],[2.056,-10.704],[4.085,-10.328],[6.886,-8.131],[9.005,-3.792],[12.153,0],[10.401,4.39],[6.813,8.044],[3.904,9.851],[1.469,7.641],[0.612,9.657],[0.295,10.385],[0.107,11.147],[0,0]],"v":[[-91.695,107.806],[-83.605,73.63],[-91.032,42.274],[-81.682,11.463],[-86.263,-20.552],[-69.842,-49.461],[-60.446,-81.423],[-30.077,-94.283],[0.001,-107.887],[30.067,-94.268],[60.425,-81.398],[69.832,-49.448],[86.263,-20.552],[81.688,11.481],[91.039,42.306],[83.611,73.686],[91.695,107.887]],"c":false}]}],"ix":2},"nm":"Path 1","mn":"ADBE Vector Shape - Group","hd":false},{"ty":"st","c":{"a":0,"k":[0.031,0.659,0.541,1],"ix":3,"x":"var $bm_rt;\n$bm_rt = comp('wired-outline-695-woman-style-19').layer('control').effect('secondary')('Color');"},"o":{"a":0,"k":100,"ix":4},"w":{"a":0,"k":12.04,"ix":5,"x":"var $bm_rt;\n$bm_rt = $bm_mul($bm_div(value, 2), comp('wired-outline-695-woman-style-19').layer('control').effect('stroke')('Menu'));"},"lc":2,"lj":2,"bm":0,"nm":".secondary","mn":"ADBE Vector Graphic - Stroke","hd":false,"cl":"secondary"},{"ty":"tr","p":{"a":0,"k":[0,0],"ix":2},"a":{"a":0,"k":[0,0],"ix":1},"s":{"a":0,"k":[100,100],"ix":3},"r":{"a":0,"k":0,"ix":6},"o":{"a":0,"k":100,"ix":7},"sk":{"a":0,"k":0,"ix":4},"sa":{"a":0,"k":0,"ix":5},"nm":"Transform"}],"nm":"Group 1","np":2,"cix":2,"bm":0,"ix":1,"mn":"ADBE Vector Group","hd":false}],"ip":1,"op":844,"st":0,"ct":1,"bm":0}]},{"id":"comp_1","nm":"hover-pinch","fr":60,"layers":[{"ddd":0,"ind":1,"ty":4,"nm":"Glasses","parent":2,"sr":1,"ks":{"o":{"a":0,"k":100,"ix":11},"r":{"a":0,"k":0,"ix":10},"p":{"a":1,"k":[{"i":{"x":0.667,"y":0.667},"o":{"x":0.333,"y":0.333},"t":0,"s":[0.017,-61.474,0],"to":[0,0,0],"ti":[0,0,0]},{"i":{"x":0.667,"y":1},"o":{"x":0.333,"y":0},"t":2,"s":[0.017,-61.474,0],"to":[0,5.017,0],"ti":[0,2.4,0]},{"i":{"x":0.667,"y":1},"o":{"x":0.333,"y":0},"t":6,"s":[0.017,-31.373,0],"to":[0,-2.4,0],"ti":[0,0,0]},{"i":{"x":0.667,"y":1},"o":{"x":0.333,"y":0},"t":24,"s":[0.017,-75.873,0],"to":[0,0,0],"ti":[0,-2.4,0]},{"i":{"x":0.667,"y":1},"o":{"x":0.333,"y":0},"t":42,"s":[0.017,-31.373,0],"to":[0,2.4,0],"ti":[0,5.017,0]},{"t":52,"s":[0.017,-61.474,0]}],"ix":2,"l":2},"a":{"a":0,"k":[250,188.231,0],"ix":1,"l":2},"s":{"a":0,"k":[100,100,100],"ix":6,"l":2}},"ao":0,"shapes":[{"ty":"gr","it":[{"ind":0,"ty":"sh","ix":1,"ks":{"a":0,"k":{"i":[[0,0],[0,0]],"o":[[0,0],[0,0]],"v":[[11.619,0],[-11.619,0]],"c":false},"ix":2},"nm":"Path 1","mn":"ADBE Vector Shape - Group","hd":false},{"ty":"st","c":{"a":0,"k":[0.071,0.075,0.192,1],"ix":3,"x":"var $bm_rt;\n$bm_rt = comp('wired-outline-695-woman-style-19').layer('control').effect('primary')('Color');"},"o":{"a":0,"k":100,"ix":4},"w":{"a":0,"k":12.04,"ix":5,"x":"var $bm_rt;\n$bm_rt = $bm_mul($bm_div(value, 2), comp('wired-outline-695-woman-style-19').layer('control').effect('stroke')('Menu'));"},"lc":2,"lj":2,"bm":0,"nm":".primary","mn":"ADBE Vector Graphic - Stroke","hd":false,"cl":"primary"},{"ty":"tr","p":{"a":0,"k":[249.997,181.061],"ix":2},"a":{"a":0,"k":[0,0],"ix":1},"s":{"a":0,"k":[100,100],"ix":3},"r":{"a":0,"k":0,"ix":6},"o":{"a":0,"k":100,"ix":7},"sk":{"a":0,"k":0,"ix":4},"sa":{"a":0,"k":0,"ix":5},"nm":"Transform"}],"nm":"Group 1","np":3,"cix":2,"bm":0,"ix":1,"mn":"ADBE Vector Group","hd":false},{"ty":"gr","it":[{"ind":0,"ty":"sh","ix":1,"ks":{"a":0,"k":{"i":[[3.582,0],[0,0],[0.71,3.604],[0,0],[-4.756,0],[0,0],[0.942,-4.785],[0,0]],"o":[[0,0],[-3.582,0],[0,0],[-0.942,-4.785],[0,0],[4.756,0],[0,0],[-0.71,3.604]],"v":[[14.191,19.513],[-14.191,19.513],[-21.568,13.319],[-26.211,-10.257],[-18.834,-19.513],[18.834,-19.513],[26.211,-10.257],[21.568,13.319]],"c":true},"ix":2},"nm":"Path 1","mn":"ADBE Vector Shape - Group","hd":false},{"ty":"st","c":{"a":0,"k":[0.071,0.075,0.192,1],"ix":3,"x":"var $bm_rt;\n$bm_rt = comp('wired-outline-695-woman-style-19').layer('control').effect('primary')('Color');"},"o":{"a":0,"k":100,"ix":4},"w":{"a":0,"k":12.04,"ix":5,"x":"var $bm_rt;\n$bm_rt = $bm_mul($bm_div(value, 2), comp('wired-outline-695-woman-style-19').layer('control').effect('stroke')('Menu'));"},"lc":2,"lj":2,"bm":0,"nm":".primary","mn":"ADBE Vector Graphic - Stroke","hd":false,"cl":"primary"},{"ty":"tr","p":{"a":0,"k":[287.221,188.231],"ix":2},"a":{"a":0,"k":[0,0],"ix":1},"s":{"a":0,"k":[100,100],"ix":3},"r":{"a":0,"k":0,"ix":6},"o":{"a":0,"k":100,"ix":7},"sk":{"a":0,"k":0,"ix":4},"sa":{"a":0,"k":0,"ix":5},"nm":"Transform"}],"nm":"Group 2","np":3,"cix":2,"bm":0,"ix":2,"mn":"ADBE Vector Group","hd":false},{"ty":"gr","it":[{"ind":0,"ty":"sh","ix":1,"ks":{"a":0,"k":{"i":[[3.582,0],[0,0],[0.71,3.604],[0,0],[-4.756,0],[0,0],[0.942,-4.785],[0,0]],"o":[[0,0],[-3.582,0],[0,0],[-0.942,-4.785],[0,0],[4.756,0],[0,0],[-0.71,3.604]],"v":[[14.191,19.513],[-14.191,19.513],[-21.568,13.319],[-26.211,-10.257],[-18.834,-19.513],[18.834,-19.513],[26.211,-10.257],[21.568,13.319]],"c":true},"ix":2},"nm":"Path 1","mn":"ADBE Vector Shape - Group","hd":false},{"ty":"st","c":{"a":0,"k":[0.071,0.075,0.192,1],"ix":3,"x":"var $bm_rt;\n$bm_rt = comp('wired-outline-695-woman-style-19').layer('control').effect('primary')('Color');"},"o":{"a":0,"k":100,"ix":4},"w":{"a":0,"k":12.04,"ix":5,"x":"var $bm_rt;\n$bm_rt = $bm_mul($bm_div(value, 2), comp('wired-outline-695-woman-style-19').layer('control').effect('stroke')('Menu'));"},"lc":2,"lj":2,"bm":0,"nm":".primary","mn":"ADBE Vector Graphic - Stroke","hd":false,"cl":"primary"},{"ty":"tr","p":{"a":0,"k":[212.779,188.231],"ix":2},"a":{"a":0,"k":[0,0],"ix":1},"s":{"a":0,"k":[100,100],"ix":3},"r":{"a":0,"k":0,"ix":6},"o":{"a":0,"k":100,"ix":7},"sk":{"a":0,"k":0,"ix":4},"sa":{"a":0,"k":0,"ix":5},"nm":"Transform"}],"nm":"Group 3","np":3,"cix":2,"bm":0,"ix":3,"mn":"ADBE Vector Group","hd":false}],"ip":0,"op":844,"st":0,"ct":1,"bm":0},{"ddd":0,"ind":2,"ty":4,"nm":"Body 2","sr":1,"ks":{"o":{"a":0,"k":100,"ix":11},"r":{"a":0,"k":0,"ix":10},"p":{"a":1,"k":[{"i":{"x":0.667,"y":1},"o":{"x":0.333,"y":0},"t":0,"s":[215,388.66,0],"to":[0,1.667,0],"ti":[0,4.5,0]},{"i":{"x":0.49,"y":1},"o":{"x":0.333,"y":0},"t":4.004,"s":[215,398.66,0],"to":[0,-4.5,0],"ti":[0,0,0]},{"i":{"x":0.667,"y":1},"o":{"x":0.51,"y":0},"t":22,"s":[215,361.66,0],"to":[0,0,0],"ti":[0,-3.667,0]},{"i":{"x":0.667,"y":1},"o":{"x":0.333,"y":0},"t":40.041,"s":[215,398.66,0],"to":[0,3.667,0],"ti":[0,1.333,0]},{"i":{"x":0.667,"y":1},"o":{"x":0.333,"y":0},"t":50.051,"s":[215,383.66,0],"to":[0,-1.333,0],"ti":[0,-0.833,0]},{"i":{"x":0.667,"y":1},"o":{"x":0.333,"y":0},"t":60.061,"s":[215,390.66,0],"to":[0,0.833,0],"ti":[0,0.333,0]},{"t":70.0703125,"s":[215,388.66,0]}],"ix":2,"l":2},"a":{"a":0,"k":[0,173.66,0],"ix":1,"l":2},"s":{"a":1,"k":[{"i":{"x":[0.667,0.667,0.667],"y":[1,1,1]},"o":{"x":[0.333,0.333,0.333],"y":[0,0,0]},"t":0,"s":[100,100,100]},{"i":{"x":[0.667,0.667,0.667],"y":[1,1,1]},"o":{"x":[0.333,0.333,0.333],"y":[0,0,0]},"t":4.004,"s":[102,98,100]},{"i":{"x":[0.667,0.667,0.667],"y":[1,1,1]},"o":{"x":[0.167,0.167,0.167],"y":[0,0,0]},"t":8.008,"s":[100,100,100]},{"i":{"x":[0.667,0.667,0.667],"y":[1,1,1]},"o":{"x":[0.333,0.333,0.333],"y":[0,0,0]},"t":34.033,"s":[100,100,100]},{"i":{"x":[0.667,0.667,0.667],"y":[1,1,1]},"o":{"x":[0.333,0.333,0.333],"y":[0,0,0]},"t":40.041,"s":[103,97,100]},{"t":50.05078125,"s":[100,100,100]}],"ix":6,"l":2}},"ao":0,"shapes":[{"ty":"gr","it":[{"ind":0,"ty":"sh","ix":1,"ks":{"a":0,"k":{"i":[[0,0],[0,0],[0,-45.84],[0,0],[7.57,-0.87],[0,0],[7.37,-3.08],[20.11,-0.04],[0.1,0],[18.92,7.87],[0,0],[8.28,0.96],[0,0],[0,7.62],[0,0],[-45.84,0],[0,0]],"o":[[0,0],[45.84,0],[0,0],[0,7.62],[0,0],[-7.94,0.92],[-18.91,7.91],[-0.1,0],[-20.1,0],[0,0],[-7.69,-3.2],[0,0],[-7.57,-0.87],[0,0],[0,-45.84],[0,0],[0,0]],"v":[[33.88,26.69],[41.5,26.69],[124.5,109.69],[124.5,137.45],[111.22,152.35],[82.18,155.71],[59.11,161.74],[0,173.66],[-0.3,173.66],[-59.42,161.86],[-59.62,161.78],[-83.69,155.52],[-111.22,152.35],[-124.5,137.45],[-124.5,109.69],[-41.5,26.69],[-33.87,26.69]],"c":false},"ix":2},"nm":"Path 1","mn":"ADBE Vector Shape - Group","hd":false},{"ty":"st","c":{"a":0,"k":[0.071,0.075,0.192,1],"ix":3,"x":"var $bm_rt;\n$bm_rt = comp('wired-outline-695-woman-style-19').layer('control').effect('primary')('Color');"},"o":{"a":0,"k":100,"ix":4},"w":{"a":0,"k":12.04,"ix":5,"x":"var $bm_rt;\n$bm_rt = $bm_mul($bm_div(value, 2), comp('wired-outline-695-woman-style-19').layer('control').effect('stroke')('Menu'));"},"lc":2,"lj":2,"bm":0,"nm":".primary","mn":"ADBE Vector Graphic - Stroke","hd":false,"cl":"primary"},{"ty":"tr","p":{"a":0,"k":[0,0],"ix":2},"a":{"a":0,"k":[0,0],"ix":1},"s":{"a":0,"k":[100,100],"ix":3},"r":{"a":0,"k":0,"ix":6},"o":{"a":0,"k":100,"ix":7},"sk":{"a":0,"k":0,"ix":4},"sa":{"a":0,"k":0,"ix":5},"nm":"Transform"}],"nm":"Group 1","np":2,"cix":2,"bm":0,"ix":1,"mn":"ADBE Vector Group","hd":false}],"ip":0,"op":300.3003003003,"st":0,"ct":1,"bm":0},{"ddd":0,"ind":3,"ty":4,"nm":"Hair","parent":2,"sr":1,"ks":{"o":{"a":0,"k":100,"ix":11},"r":{"a":0,"k":0,"ix":10},"p":{"a":0,"k":[-0.13,-101.124,0],"ix":2,"l":2},"a":{"a":0,"k":[0,0,0],"ix":1,"l":2},"s":{"a":0,"k":[100,100,100],"ix":6,"l":2}},"ao":0,"shapes":[{"ty":"gr","it":[{"ind":0,"ty":"sh","ix":1,"ks":{"a":1,"k":[{"i":{"x":0.667,"y":1},"o":{"x":0.333,"y":0},"t":2,"s":[{"i":[[0,0],[15.229,6.687],[7.376,8.241],[13.992,-10.951]],"o":[[-9.651,-0.82],[-20.923,-9.187],[-13.992,10.951],[0,0]],"v":[[61.14,20.15],[22.63,10.35],[-19.34,-20.15],[-61.14,12.56]],"c":false}]},{"i":{"x":0.667,"y":1},"o":{"x":0.333,"y":0},"t":6,"s":[{"i":[[0,0],[15.229,3.717],[7.376,4.582],[19.826,-5.724]],"o":[[-9.651,-0.456],[-20.923,-5.107],[-13.992,6.089],[0,0]],"v":[[61.262,27.221],[22.752,21.773],[-19.219,4.816],[-60.783,22.661]],"c":false}]},{"i":{"x":0.667,"y":1},"o":{"x":0.333,"y":0},"t":24,"s":[{"i":[[0,0],[15.229,8.187],[7.376,10.09],[13.992,-13.408]],"o":[[-14.49,-4.091],[-20.923,-11.248],[-13.992,13.408],[0,0]],"v":[[61.12,13.4],[20.61,-5.598],[-19.36,-35.941],[-61.16,4.107]],"c":false}]},{"i":{"x":0.667,"y":1},"o":{"x":0.333,"y":0},"t":42,"s":[{"i":[[0,0],[15.229,3.717],[7.376,4.582],[19.826,-5.724]],"o":[[-9.651,-0.456],[-20.923,-5.107],[-13.992,6.089],[0,0]],"v":[[61.262,27.221],[22.752,21.773],[-19.219,4.816],[-60.783,22.661]],"c":false}]},{"t":52,"s":[{"i":[[0,0],[15.229,6.687],[7.376,8.241],[13.992,-10.951]],"o":[[-9.651,-0.82],[-20.923,-9.187],[-13.992,10.951],[0,0]],"v":[[61.14,20.15],[22.63,10.35],[-19.34,-20.15],[-61.14,12.56]],"c":false}]}],"ix":2},"nm":"Path 1","mn":"ADBE Vector Shape - Group","hd":false},{"ty":"st","c":{"a":0,"k":[0.031,0.659,0.541,1],"ix":3,"x":"var $bm_rt;\n$bm_rt = comp('wired-outline-695-woman-style-19').layer('control').effect('secondary')('Color');"},"o":{"a":0,"k":100,"ix":4},"w":{"a":0,"k":12.04,"ix":5,"x":"var $bm_rt;\n$bm_rt = $bm_mul($bm_div(value, 2), comp('wired-outline-695-woman-style-19').layer('control').effect('stroke')('Menu'));"},"lc":2,"lj":2,"bm":0,"nm":".secondary","mn":"ADBE Vector Graphic - Stroke","hd":false,"cl":"secondary"},{"ty":"tr","p":{"a":0,"k":[0,0],"ix":2},"a":{"a":0,"k":[0,0],"ix":1},"s":{"a":0,"k":[100,100],"ix":3},"r":{"a":0,"k":0,"ix":6},"o":{"a":0,"k":100,"ix":7},"sk":{"a":0,"k":0,"ix":4},"sa":{"a":0,"k":0,"ix":5},"nm":"Transform"}],"nm":"Group 1","np":2,"cix":2,"bm":0,"ix":1,"mn":"ADBE Vector Group","hd":false}],"ip":0,"op":844,"st":0,"ct":1,"bm":0},{"ddd":0,"ind":5,"ty":4,"nm":"Pocket","parent":2,"sr":1,"ks":{"o":{"a":0,"k":100,"ix":11},"r":{"a":0,"k":0,"ix":10},"p":{"a":1,"k":[{"i":{"x":0.667,"y":1},"o":{"x":0.333,"y":0},"t":0,"s":[66.745,99.589,0],"to":[0,1.701,0],"ti":[0,1.799,0]},{"i":{"x":0.667,"y":1},"o":{"x":0.333,"y":0},"t":4,"s":[66.745,109.793,0],"to":[0,-1.799,0],"ti":[0,0,0]},{"i":{"x":0.667,"y":1},"o":{"x":0.333,"y":0},"t":22,"s":[66.745,88.793,0],"to":[0,0,0],"ti":[0,-1.799,0]},{"i":{"x":0.667,"y":1},"o":{"x":0.333,"y":0},"t":40,"s":[66.745,109.793,0],"to":[0,1.799,0],"ti":[0,1.701,0]},{"t":50,"s":[66.745,99.589,0]}],"ix":2,"l":2},"a":{"a":0,"k":[14.25,-7.5,0],"ix":1,"l":2},"s":{"a":0,"k":[100,100,100],"ix":6,"l":2}},"ao":0,"shapes":[{"ty":"gr","it":[{"ind":0,"ty":"sh","ix":1,"ks":{"a":0,"k":{"i":[[0,0],[0,0]],"o":[[0,0],[0,0]],"v":[[29.446,-7.5],[-0.946,-7.5]],"c":false},"ix":2},"nm":"Path 2","mn":"ADBE Vector Shape - Group","hd":false},{"ty":"st","c":{"a":0,"k":[0.031,0.659,0.541,1],"ix":3,"x":"var $bm_rt;\n$bm_rt = comp('wired-outline-695-woman-style-19').layer('control').effect('secondary')('Color');"},"o":{"a":0,"k":100,"ix":4},"w":{"a":0,"k":12.04,"ix":5,"x":"var $bm_rt;\n$bm_rt = $bm_mul($bm_div(value, 2), comp('wired-outline-695-woman-style-19').layer('control').effect('stroke')('Menu'));"},"lc":2,"lj":2,"bm":0,"nm":".secondary","mn":"ADBE Vector Graphic - Stroke","hd":false,"cl":"secondary"},{"ty":"tr","p":{"a":0,"k":[0,0],"ix":2},"a":{"a":0,"k":[0,0],"ix":1},"s":{"a":0,"k":[100,100],"ix":3},"r":{"a":0,"k":0,"ix":6},"o":{"a":0,"k":100,"ix":7},"sk":{"a":0,"k":0,"ix":4},"sa":{"a":0,"k":0,"ix":5},"nm":"Transform"}],"nm":"Group 1","np":3,"cix":2,"bm":0,"ix":1,"mn":"ADBE Vector Group","hd":false}],"ip":0,"op":844,"st":0,"ct":1,"bm":0},{"ddd":0,"ind":6,"ty":4,"nm":"Head 3","parent":10,"td":1,"sr":1,"ks":{"o":{"a":0,"k":100,"ix":11},"r":{"a":0,"k":0,"ix":10},"p":{"a":0,"k":[0,-7,0],"ix":2,"l":2},"a":{"a":0,"k":[0,-7,0],"ix":1,"l":2},"s":{"a":0,"k":[100,100,100],"ix":6,"l":2}},"ao":0,"shapes":[{"ty":"gr","it":[{"ind":0,"ty":"sh","ix":1,"ks":{"a":0,"k":{"i":[[-33.734,0],[0,0],[1.173,-33.713],[0,0],[32.115,0],[0,0],[1.116,32.095],[0,0]],"o":[[0,0],[33.734,0],[0,0],[-1.116,32.095],[0,0],[-32.115,0],[0,0],[-1.173,-33.713]],"v":[[-1.94,-157],[1.94,-157],[61.514,-95.318],[59.574,-39.537],[0,18],[0,18],[-59.574,-39.537],[-61.514,-95.318]],"c":true},"ix":2},"nm":"Path 1","mn":"ADBE Vector Shape - Group","hd":false},{"ty":"fl","c":{"a":0,"k":[1,0,0,1],"ix":4},"o":{"a":0,"k":100,"ix":5},"r":1,"bm":0,"nm":"Fill 1","mn":"ADBE Vector Graphic - Fill","hd":false},{"ty":"tr","p":{"a":0,"k":[0,0],"ix":2},"a":{"a":0,"k":[0,0],"ix":1},"s":{"a":0,"k":[100,100],"ix":3},"r":{"a":0,"k":0,"ix":6},"o":{"a":0,"k":100,"ix":7},"sk":{"a":0,"k":0,"ix":4},"sa":{"a":0,"k":0,"ix":5},"nm":"Transform"}],"nm":"Group 1","np":2,"cix":2,"bm":0,"ix":1,"mn":"ADBE Vector Group","hd":false}],"ip":0,"op":300.3003003003,"st":0,"ct":1,"bm":0},{"ddd":0,"ind":7,"ty":4,"nm":"Neck 2","parent":2,"tt":2,"tp":6,"sr":1,"ks":{"o":{"a":0,"k":100,"ix":11},"r":{"a":0,"k":0,"ix":10},"p":{"a":0,"k":[0,82.475,0],"ix":2,"l":2},"a":{"a":0,"k":[0,82.475,0],"ix":1,"l":2},"s":{"a":0,"k":[100,100,100],"ix":6,"l":2}},"ao":0,"shapes":[{"ty":"gr","it":[{"ind":0,"ty":"sh","ix":1,"ks":{"a":1,"k":[{"i":{"x":0.667,"y":1},"o":{"x":0.333,"y":0},"t":2.002,"s":[{"i":[[0,0],[0,0],[0,0],[0,0],[0,0]],"o":[[0,0],[0,0],[0,0],[0,0],[0,0]],"v":[[33.88,7.44],[33.88,26.38],[0,60.25],[-33.87,26.38],[-33.87,7.45]],"c":false}]},{"i":{"x":0.49,"y":1},"o":{"x":0.333,"y":0},"t":6,"s":[{"i":[[0,0],[0,0],[0,0],[0,0],[0,0]],"o":[[0,0],[0,0],[0,0],[0,0],[0,0]],"v":[[33.919,4.915],[33.88,26.38],[0,63.311],[-33.87,26.38],[-33.831,4.925]],"c":false}]},{"i":{"x":0.667,"y":1},"o":{"x":0.51,"y":0},"t":24.023,"s":[{"i":[[0,0],[0,0],[0,0],[0,0],[0,0]],"o":[[0,0],[0,0],[0,0],[0,0],[0,0]],"v":[[33.76,-8.56],[33.88,26.38],[0,51.25],[-33.87,26.38],[-33.99,-8.55]],"c":false}]},{"i":{"x":0.667,"y":1},"o":{"x":0.333,"y":0},"t":42.043,"s":[{"i":[[0,0],[0,0],[0,0],[0,0],[0,0]],"o":[[0,0],[0,0],[0,0],[0,0],[0,0]],"v":[[33.88,7.44],[33.88,26.38],[0,63.311],[-33.87,26.38],[-33.87,7.45]],"c":false}]},{"t":52.052734375,"s":[{"i":[[0,0],[0,0],[0,0],[0,0],[0,0]],"o":[[0,0],[0,0],[0,0],[0,0],[0,0]],"v":[[33.88,7.44],[33.88,26.38],[0,60.25],[-33.87,26.38],[-33.87,7.45]],"c":false}]}],"ix":2},"nm":"Triangle","mn":"ADBE Vector Shape - Group","hd":false},{"ty":"st","c":{"a":0,"k":[0.071,0.075,0.192,1],"ix":3,"x":"var $bm_rt;\n$bm_rt = comp('wired-outline-695-woman-style-19').layer('control').effect('primary')('Color');"},"o":{"a":0,"k":100,"ix":4},"w":{"a":0,"k":12.04,"ix":5,"x":"var $bm_rt;\n$bm_rt = $bm_mul($bm_div(value, 2), comp('wired-outline-695-woman-style-19').layer('control').effect('stroke')('Menu'));"},"lc":2,"lj":2,"bm":0,"nm":".primary","mn":"ADBE Vector Graphic - Stroke","hd":false,"cl":"primary"},{"ty":"tr","p":{"a":0,"k":[0,0],"ix":2},"a":{"a":0,"k":[0,0],"ix":1},"s":{"a":0,"k":[100,100],"ix":3},"r":{"a":0,"k":0,"ix":6},"o":{"a":0,"k":100,"ix":7},"sk":{"a":0,"k":0,"ix":4},"sa":{"a":0,"k":0,"ix":5},"nm":"Transform"}],"nm":"Group 3","np":2,"cix":2,"bm":0,"ix":1,"mn":"ADBE Vector Group","hd":false}],"ip":0,"op":300.3003003003,"st":0,"ct":1,"bm":0},{"ddd":0,"ind":8,"ty":4,"nm":"Collar","parent":2,"sr":1,"ks":{"o":{"a":0,"k":100,"ix":11},"r":{"a":0,"k":0,"ix":10},"p":{"a":0,"k":[-30.275,57.943,0],"ix":2,"l":2},"a":{"a":0,"k":[0,0,0],"ix":1,"l":2},"s":{"a":0,"k":[100,100,100],"ix":6,"l":2}},"ao":0,"shapes":[{"ty":"gr","it":[{"ind":0,"ty":"sh","ix":1,"ks":{"a":1,"k":[{"i":{"x":0.667,"y":1},"o":{"x":0.333,"y":0},"t":0,"s":[{"i":[[0,0],[0,0],[0,0]],"o":[[0,0],[0,0],[0,0]],"v":[[-30.275,-29.06],[9.525,29.06],[30.275,2.31]],"c":false}]},{"i":{"x":0.667,"y":1},"o":{"x":0.333,"y":0},"t":4,"s":[{"i":[[0,0],[0,0],[0,0]],"o":[[0,0],[0,0],[0,0]],"v":[[-30.275,-29.06],[9.525,39.264],[30.275,4.861]],"c":false}]},{"i":{"x":0.667,"y":1},"o":{"x":0.333,"y":0},"t":22,"s":[{"i":[[0,0],[0,0],[0,0]],"o":[[0,0],[0,0],[0,0]],"v":[[-30.275,-29.06],[9.525,12.06],[30.275,-6.94]],"c":false}]},{"i":{"x":0.667,"y":1},"o":{"x":0.333,"y":0},"t":40,"s":[{"i":[[0,0],[0,0],[0,0]],"o":[[0,0],[0,0],[0,0]],"v":[[-30.275,-29.06],[9.525,39.264],[30.275,4.861]],"c":false}]},{"t":50,"s":[{"i":[[0,0],[0,0],[0,0]],"o":[[0,0],[0,0],[0,0]],"v":[[-30.275,-29.06],[9.525,29.06],[30.275,2.31]],"c":false}]}],"ix":2},"nm":"Path 1","mn":"ADBE Vector Shape - Group","hd":false},{"ind":1,"ty":"sh","ix":2,"ks":{"a":1,"k":[{"i":{"x":0.667,"y":1},"o":{"x":0.333,"y":0},"t":0,"s":[{"i":[[0,0],[0,0],[0,0]],"o":[[0,0],[0,0],[0,0]],"v":[[30.245,2.273],[50.995,29.023],[90.755,-29.057]],"c":false}]},{"i":{"x":0.667,"y":1},"o":{"x":0.333,"y":0},"t":4,"s":[{"i":[[0,0],[0,0],[0,0]],"o":[[0,0],[0,0],[0,0]],"v":[[30.245,4.824],[50.995,39.227],[90.755,-29.057]],"c":false}]},{"i":{"x":0.667,"y":1},"o":{"x":0.333,"y":0},"t":22,"s":[{"i":[[0,0],[0,0],[0,0]],"o":[[0,0],[0,0],[0,0]],"v":[[30.245,-6.977],[50.995,12.023],[90.755,-29.057]],"c":false}]},{"i":{"x":0.667,"y":1},"o":{"x":0.333,"y":0},"t":40,"s":[{"i":[[0,0],[0,0],[0,0]],"o":[[0,0],[0,0],[0,0]],"v":[[30.245,4.824],[50.995,39.227],[90.755,-29.057]],"c":false}]},{"t":50,"s":[{"i":[[0,0],[0,0],[0,0]],"o":[[0,0],[0,0],[0,0]],"v":[[30.245,2.273],[50.995,29.023],[90.755,-29.057]],"c":false}]}],"ix":2},"nm":"Path 2","mn":"ADBE Vector Shape - Group","hd":false},{"ty":"st","c":{"a":0,"k":[0.071,0.075,0.192,1],"ix":3,"x":"var $bm_rt;\n$bm_rt = comp('wired-outline-695-woman-style-19').layer('control').effect('primary')('Color');"},"o":{"a":0,"k":100,"ix":4},"w":{"a":0,"k":12.04,"ix":5,"x":"var $bm_rt;\n$bm_rt = $bm_mul($bm_div(value, 2), comp('wired-outline-695-woman-style-19').layer('control').effect('stroke')('Menu'));"},"lc":2,"lj":2,"bm":0,"nm":".primary","mn":"ADBE Vector Graphic - Stroke","hd":false,"cl":"primary"},{"ty":"tr","p":{"a":0,"k":[0,0],"ix":2},"a":{"a":0,"k":[0,0],"ix":1},"s":{"a":0,"k":[100,100],"ix":3},"r":{"a":0,"k":0,"ix":6},"o":{"a":0,"k":100,"ix":7},"sk":{"a":0,"k":0,"ix":4},"sa":{"a":0,"k":0,"ix":5},"nm":"Transform"}],"nm":"Group 1","np":3,"cix":2,"bm":0,"ix":1,"mn":"ADBE Vector Group","hd":false}],"ip":0,"op":844,"st":0,"ct":1,"bm":0},{"ddd":0,"ind":9,"ty":4,"nm":"mask","parent":2,"td":1,"sr":1,"ks":{"o":{"a":0,"k":100,"ix":11},"r":{"a":0,"k":0,"ix":10},"p":{"a":1,"k":[{"i":{"x":0.667,"y":0.667},"o":{"x":0.333,"y":0.333},"t":0,"s":[0.017,-61.474,0],"to":[0,0,0],"ti":[0,0,0]},{"i":{"x":0.667,"y":1},"o":{"x":0.333,"y":0},"t":2,"s":[0.017,-61.474,0],"to":[0,5.017,0],"ti":[0,2.4,0]},{"i":{"x":0.667,"y":1},"o":{"x":0.333,"y":0},"t":6,"s":[0.017,-31.373,0],"to":[0,-2.4,0],"ti":[0,0,0]},{"i":{"x":0.667,"y":1},"o":{"x":0.333,"y":0},"t":24,"s":[0.017,-75.873,0],"to":[0,0,0],"ti":[0,-2.4,0]},{"i":{"x":0.667,"y":1},"o":{"x":0.333,"y":0},"t":42,"s":[0.017,-31.373,0],"to":[0,2.4,0],"ti":[0,5.017,0]},{"t":52,"s":[0.017,-61.474,0]}],"ix":2,"l":2},"a":{"a":0,"k":[250,188.231,0],"ix":1,"l":2},"s":{"a":0,"k":[100,100,100],"ix":6,"l":2}},"ao":0,"shapes":[{"ty":"gr","it":[{"ind":0,"ty":"sh","ix":1,"ks":{"a":0,"k":{"i":[[3.582,0],[0,0],[0.71,3.604],[0,0],[-4.756,0],[0,0],[0.942,-4.785],[0,0]],"o":[[0,0],[-3.582,0],[0,0],[-0.942,-4.785],[0,0],[4.756,0],[0,0],[-0.71,3.604]],"v":[[14.191,19.513],[-14.191,19.513],[-21.568,13.319],[-26.211,-10.257],[-18.834,-19.513],[18.834,-19.513],[26.211,-10.257],[21.568,13.319]],"c":true},"ix":2},"nm":"Path 1","mn":"ADBE Vector Shape - Group","hd":false},{"ty":"fl","c":{"a":0,"k":[1,0,0,1],"ix":4},"o":{"a":0,"k":100,"ix":5},"r":1,"bm":0,"nm":"Fill 1","mn":"ADBE Vector Graphic - Fill","hd":false},{"ty":"tr","p":{"a":0,"k":[287.221,188.231],"ix":2},"a":{"a":0,"k":[0,0],"ix":1},"s":{"a":0,"k":[100,100],"ix":3},"r":{"a":0,"k":0,"ix":6},"o":{"a":0,"k":100,"ix":7},"sk":{"a":0,"k":0,"ix":4},"sa":{"a":0,"k":0,"ix":5},"nm":"Transform"}],"nm":"Group 2","np":2,"cix":2,"bm":0,"ix":1,"mn":"ADBE Vector Group","hd":false},{"ty":"gr","it":[{"ind":0,"ty":"sh","ix":1,"ks":{"a":0,"k":{"i":[[3.582,0],[0,0],[0.71,3.604],[0,0],[-4.756,0],[0,0],[0.942,-4.785],[0,0]],"o":[[0,0],[-3.582,0],[0,0],[-0.942,-4.785],[0,0],[4.756,0],[0,0],[-0.71,3.604]],"v":[[14.191,19.513],[-14.191,19.513],[-21.568,13.319],[-26.211,-10.257],[-18.834,-19.513],[18.834,-19.513],[26.211,-10.257],[21.568,13.319]],"c":true},"ix":2},"nm":"Path 1","mn":"ADBE Vector Shape - Group","hd":false},{"ty":"fl","c":{"a":0,"k":[1,0,0,1],"ix":4},"o":{"a":0,"k":100,"ix":5},"r":1,"bm":0,"nm":"Fill 1","mn":"ADBE Vector Graphic - Fill","hd":false},{"ty":"tr","p":{"a":0,"k":[212.779,188.231],"ix":2},"a":{"a":0,"k":[0,0],"ix":1},"s":{"a":0,"k":[100,100],"ix":3},"r":{"a":0,"k":0,"ix":6},"o":{"a":0,"k":100,"ix":7},"sk":{"a":0,"k":0,"ix":4},"sa":{"a":0,"k":0,"ix":5},"nm":"Transform"}],"nm":"Group 3","np":2,"cix":2,"bm":0,"ix":2,"mn":"ADBE Vector Group","hd":false}],"ip":0,"op":844,"st":0,"ct":1,"bm":0},{"ddd":0,"ind":10,"ty":4,"nm":"Head","parent":2,"tt":2,"tp":9,"sr":1,"ks":{"o":{"a":0,"k":100,"ix":11},"r":{"a":0,"k":0,"ix":10},"p":{"a":1,"k":[{"i":{"x":0.667,"y":1},"o":{"x":0.333,"y":0},"t":2.002,"s":[0,-7,0],"to":[0,3.061,0],"ti":[0,1.939,0]},{"i":{"x":0.667,"y":1},"o":{"x":0.333,"y":0},"t":6.006,"s":[0,11.367,0],"to":[0,-1.939,0],"ti":[0,0,0]},{"i":{"x":0.667,"y":1},"o":{"x":0.333,"y":0},"t":24.023,"s":[0,-18.633,0],"to":[0,0,0],"ti":[0,-1.939,0]},{"i":{"x":0.833,"y":1},"o":{"x":0.333,"y":0},"t":42.043,"s":[0,11.367,0],"to":[0,1.939,0],"ti":[0,3.061,0]},{"t":52.052734375,"s":[0,-7,0]}],"ix":2,"l":2},"a":{"a":0,"k":[0,-7,0],"ix":1,"l":2},"s":{"a":0,"k":[100,100,100],"ix":6,"l":2}},"ao":0,"shapes":[{"ty":"gr","it":[{"ind":1,"ty":"sh","ix":2,"ks":{"a":1,"k":[{"i":{"x":0.667,"y":1},"o":{"x":0.333,"y":0},"t":2,"s":[{"i":[[1.173,-33.713],[0,0],[32.115,0],[0,0],[1.116,32.095],[0,0]],"o":[[0,0],[-1.116,32.095],[0,0],[-32.115,0],[0,0],[-1.173,-33.713]],"v":[[60.898,-76.632],[59.574,-39.537],[0,18],[0,18],[-59.574,-39.537],[-60.644,-79.662]],"c":false}]},{"i":{"x":0.667,"y":1},"o":{"x":0.333,"y":0},"t":6,"s":[{"i":[[1.173,-33.713],[0,0],[32.115,0],[0,0],[1.116,32.095],[0,0]],"o":[[0,0],[-1.116,32.095],[0,0],[-32.115,0],[0,0],[-1.173,-33.713]],"v":[[61.142,-90.774],[59.574,-39.537],[0,18],[0,18],[-59.574,-39.537],[-60.4,-93.804]],"c":false}]},{"i":{"x":0.667,"y":1},"o":{"x":0.333,"y":0},"t":24,"s":[{"i":[[1.173,-33.713],[0,0],[32.115,0],[0,0],[1.116,32.095],[0,0]],"o":[[0,0],[-1.116,32.095],[0,0],[-32.115,0],[0,0],[-1.173,-33.713]],"v":[[61.242,-79.274],[59.574,-39.537],[0,18],[0,18],[-59.574,-39.537],[-60.301,-82.304]],"c":false}]},{"i":{"x":0.667,"y":1},"o":{"x":0.333,"y":0},"t":42,"s":[{"i":[[1.173,-33.713],[0,0],[32.115,0],[0,0],[1.116,32.095],[0,0]],"o":[[0,0],[-1.116,32.095],[0,0],[-32.115,0],[0,0],[-1.173,-33.713]],"v":[[61.142,-90.774],[59.574,-39.537],[0,18],[0,18],[-59.574,-39.537],[-60.4,-93.804]],"c":false}]},{"t":52,"s":[{"i":[[1.173,-33.713],[0,0],[32.115,0],[0,0],[1.116,32.095],[0,0]],"o":[[0,0],[-1.116,32.095],[0,0],[-32.115,0],[0,0],[-1.173,-33.713]],"v":[[60.898,-76.632],[59.574,-39.537],[0,18],[0,18],[-59.574,-39.537],[-60.644,-79.662]],"c":false}]}],"ix":2},"nm":"Path 2","mn":"ADBE Vector Shape - Group","hd":false},{"ty":"st","c":{"a":0,"k":[0.071,0.075,0.192,1],"ix":3,"x":"var $bm_rt;\n$bm_rt = comp('wired-outline-695-woman-style-19').layer('control').effect('primary')('Color');"},"o":{"a":0,"k":100,"ix":4},"w":{"a":0,"k":12.04,"ix":5,"x":"var $bm_rt;\n$bm_rt = $bm_mul($bm_div(value, 2), comp('wired-outline-695-woman-style-19').layer('control').effect('stroke')('Menu'));"},"lc":2,"lj":2,"bm":0,"nm":".primary","mn":"ADBE Vector Graphic - Stroke","hd":false,"cl":"primary"},{"ty":"tr","p":{"a":0,"k":[0,0],"ix":2},"a":{"a":0,"k":[0,0],"ix":1},"s":{"a":0,"k":[100,100],"ix":3},"r":{"a":0,"k":0,"ix":6},"o":{"a":0,"k":100,"ix":7},"sk":{"a":0,"k":0,"ix":4},"sa":{"a":0,"k":0,"ix":5},"nm":"Transform"}],"nm":"Group 1","np":3,"cix":2,"bm":0,"ix":1,"mn":"ADBE Vector Group","hd":false}],"ip":0,"op":300.3003003003,"st":0,"ct":1,"bm":0},{"ddd":0,"ind":11,"ty":4,"nm":"outline 8","parent":2,"sr":1,"ks":{"o":{"a":0,"k":100,"ix":11},"r":{"a":0,"k":0,"ix":10},"p":{"a":0,"k":[0.004,122.615,0],"ix":2,"l":2},"a":{"a":0,"k":[250.004,352.615,0],"ix":1,"l":2},"s":{"a":0,"k":[100,100,100],"ix":6,"l":2}},"ao":0,"shapes":[{"ty":"gr","it":[{"ind":0,"ty":"sh","ix":1,"ks":{"a":1,"k":[{"i":{"x":0.667,"y":1},"o":{"x":0.333,"y":0},"t":0,"s":[{"i":[[0,0],[0,0]],"o":[[0,0],[0,0]],"v":[[0,-0.064],[0,0.064]],"c":false}]},{"i":{"x":0.667,"y":1},"o":{"x":0.333,"y":0},"t":4,"s":[{"i":[[0,0],[0,0]],"o":[[0,0],[0,0]],"v":[[0.2,5.123],[0.2,5.225]],"c":false}]},{"i":{"x":0.667,"y":1},"o":{"x":0.333,"y":0},"t":22,"s":[{"i":[[0,0],[0,0]],"o":[[0,0],[0,0]],"v":[[0.498,-5.47],[0.498,-5.315]],"c":false}]},{"i":{"x":0.667,"y":1},"o":{"x":0.333,"y":0},"t":40,"s":[{"i":[[0,0],[0,0]],"o":[[0,0],[0,0]],"v":[[0.2,5.123],[0.2,5.225]],"c":false}]},{"t":50,"s":[{"i":[[0,0],[0,0]],"o":[[0,0],[0,0]],"v":[[0,-0.064],[0,0.064]],"c":false}]}],"ix":2},"nm":"Path 1","mn":"ADBE Vector Shape - Group","hd":false},{"ind":1,"ty":"sh","ix":2,"ks":{"a":1,"k":[{"i":{"x":0.667,"y":1},"o":{"x":0.333,"y":0},"t":0,"s":[{"i":[[0,0],[0,0]],"o":[[0,0],[0,0]],"v":[[0,25.789],[0,25.916]],"c":false}]},{"i":{"x":0.667,"y":1},"o":{"x":0.333,"y":0},"t":4,"s":[{"i":[[0,0],[0,0]],"o":[[0,0],[0,0]],"v":[[0.2,25.814],[0.2,25.916]],"c":false}]},{"i":{"x":0.667,"y":1},"o":{"x":0.333,"y":0},"t":22,"s":[{"i":[[0,0],[0,0]],"o":[[0,0],[0,0]],"v":[[0.498,25.762],[0.498,25.916]],"c":false}]},{"i":{"x":0.667,"y":1},"o":{"x":0.333,"y":0},"t":40,"s":[{"i":[[0,0],[0,0]],"o":[[0,0],[0,0]],"v":[[0.2,25.814],[0.2,25.916]],"c":false}]},{"t":50,"s":[{"i":[[0,0],[0,0]],"o":[[0,0],[0,0]],"v":[[0,25.789],[0,25.916]],"c":false}]}],"ix":2},"nm":"Path 2","mn":"ADBE Vector Shape - Group","hd":false},{"ind":2,"ty":"sh","ix":3,"ks":{"a":1,"k":[{"i":{"x":0.667,"y":1},"o":{"x":0.333,"y":0},"t":0,"s":[{"i":[[0,0],[0,0]],"o":[[0,0],[0,0]],"v":[[0,-27.207],[0,-27.079]],"c":false}]},{"i":{"x":0.667,"y":1},"o":{"x":0.333,"y":0},"t":4,"s":[{"i":[[0,0],[0,0]],"o":[[0,0],[0,0]],"v":[[0.2,-16.601],[0.2,-16.499]],"c":false}]},{"i":{"x":0.667,"y":1},"o":{"x":0.333,"y":0},"t":22,"s":[{"i":[[0,0],[0,0]],"o":[[0,0],[0,0]],"v":[[0.498,-38.261],[0.498,-38.106]],"c":false}]},{"i":{"x":0.667,"y":1},"o":{"x":0.333,"y":0},"t":40,"s":[{"i":[[0,0],[0,0]],"o":[[0,0],[0,0]],"v":[[0.2,-16.601],[0.2,-16.499]],"c":false}]},{"t":50,"s":[{"i":[[0,0],[0,0]],"o":[[0,0],[0,0]],"v":[[0,-27.207],[0,-27.079]],"c":false}]}],"ix":2},"nm":"Path 3","mn":"ADBE Vector Shape - Group","hd":false},{"ty":"st","c":{"a":0,"k":[0.031,0.659,0.541,1],"ix":3,"x":"var $bm_rt;\n$bm_rt = comp('wired-outline-695-woman-style-19').layer('control').effect('secondary')('Color');"},"o":{"a":0,"k":100,"ix":4},"w":{"a":0,"k":12.04,"ix":5,"x":"var $bm_rt;\n$bm_rt = $bm_mul($bm_div(value, 2), comp('wired-outline-695-woman-style-19').layer('control').effect('stroke')('Menu'));"},"lc":2,"lj":2,"bm":0,"nm":".secondary","mn":"ADBE Vector Graphic - Stroke","hd":false,"cl":"secondary"},{"ty":"tr","p":{"a":0,"k":[250.004,353.261],"ix":2},"a":{"a":0,"k":[0,0],"ix":1},"s":{"a":0,"k":[100,100],"ix":3},"r":{"a":0,"k":0,"ix":6},"o":{"a":0,"k":100,"ix":7},"sk":{"a":0,"k":0,"ix":4},"sa":{"a":0,"k":0,"ix":5},"nm":"Transform"}],"nm":"Group 1","np":4,"cix":2,"bm":0,"ix":1,"mn":"ADBE Vector Group","hd":false}],"ip":0,"op":844,"st":0,"ct":1,"bm":0},{"ddd":0,"ind":12,"ty":4,"nm":"Body 3","td":1,"sr":1,"ks":{"o":{"a":0,"k":100,"ix":11},"r":{"a":0,"k":0,"ix":10},"p":{"a":1,"k":[{"i":{"x":0.667,"y":1},"o":{"x":0.333,"y":0},"t":0,"s":[215,388.66,0],"to":[0,1.667,0],"ti":[0,4.5,0]},{"i":{"x":0.49,"y":1},"o":{"x":0.333,"y":0},"t":4.004,"s":[215,398.66,0],"to":[0,-4.5,0],"ti":[0,0,0]},{"i":{"x":0.667,"y":1},"o":{"x":0.51,"y":0},"t":22,"s":[215,361.66,0],"to":[0,0,0],"ti":[0,-3.667,0]},{"i":{"x":0.667,"y":1},"o":{"x":0.333,"y":0},"t":40.041,"s":[215,398.66,0],"to":[0,3.667,0],"ti":[0,1.333,0]},{"i":{"x":0.667,"y":1},"o":{"x":0.333,"y":0},"t":50.051,"s":[215,383.66,0],"to":[0,-1.333,0],"ti":[0,-0.833,0]},{"i":{"x":0.667,"y":1},"o":{"x":0.333,"y":0},"t":60.061,"s":[215,390.66,0],"to":[0,0.833,0],"ti":[0,0.333,0]},{"t":70.0703125,"s":[215,388.66,0]}],"ix":2,"l":2},"a":{"a":0,"k":[0,173.66,0],"ix":1,"l":2},"s":{"a":1,"k":[{"i":{"x":[0.667,0.667,0.667],"y":[1,1,1]},"o":{"x":[0.333,0.333,0.333],"y":[0,0,0]},"t":0,"s":[100,100,100]},{"i":{"x":[0.667,0.667,0.667],"y":[1,1,1]},"o":{"x":[0.333,0.333,0.333],"y":[0,0,0]},"t":4.004,"s":[102,98,100]},{"i":{"x":[0.667,0.667,0.667],"y":[1,1,1]},"o":{"x":[0.167,0.167,0.167],"y":[0,0,0]},"t":8.008,"s":[100,100,100]},{"i":{"x":[0.667,0.667,0.667],"y":[1,1,1]},"o":{"x":[0.333,0.333,0.333],"y":[0,0,0]},"t":34.033,"s":[100,100,100]},{"i":{"x":[0.667,0.667,0.667],"y":[1,1,1]},"o":{"x":[0.333,0.333,0.333],"y":[0,0,0]},"t":40.041,"s":[103,97,100]},{"t":50.05078125,"s":[100,100,100]}],"ix":6,"l":2}},"ao":0,"shapes":[{"ty":"gr","it":[{"ind":0,"ty":"sh","ix":1,"ks":{"a":0,"k":{"i":[[0,0],[0,0],[0,-45.84],[0,0],[7.57,-0.87],[0,0],[7.37,-3.08],[20.11,-0.04],[0.1,0],[18.92,7.87],[0,0],[8.28,0.96],[0,0],[0,7.62],[0,0],[-45.84,0],[0,0]],"o":[[0,0],[45.84,0],[0,0],[0,7.62],[0,0],[-7.94,0.92],[-18.91,7.91],[-0.1,0],[-20.1,0],[0,0],[-7.69,-3.2],[0,0],[-7.57,-0.87],[0,0],[0,-45.84],[0,0],[0,0]],"v":[[33.88,26.69],[41.5,26.69],[124.5,109.69],[124.5,137.45],[111.22,152.35],[82.18,155.71],[59.11,161.74],[0,173.66],[-0.3,173.66],[-59.42,161.86],[-59.62,161.78],[-83.69,155.52],[-111.22,152.35],[-124.5,137.45],[-124.5,109.69],[-41.5,26.69],[-33.87,26.69]],"c":false},"ix":2},"nm":"Path 1","mn":"ADBE Vector Shape - Group","hd":false},{"ty":"fl","c":{"a":0,"k":[1,0,0,1],"ix":4},"o":{"a":0,"k":100,"ix":5},"r":1,"bm":0,"nm":"Fill 1","mn":"ADBE Vector Graphic - Fill","hd":false},{"ty":"tr","p":{"a":0,"k":[0,0],"ix":2},"a":{"a":0,"k":[0,0],"ix":1},"s":{"a":0,"k":[100,100],"ix":3},"r":{"a":0,"k":0,"ix":6},"o":{"a":0,"k":100,"ix":7},"sk":{"a":0,"k":0,"ix":4},"sa":{"a":0,"k":0,"ix":5},"nm":"Transform"}],"nm":"Group 1","np":2,"cix":2,"bm":0,"ix":1,"mn":"ADBE Vector Group","hd":false}],"ip":0,"op":300.3003003003,"st":0,"ct":1,"bm":0},{"ddd":0,"ind":13,"ty":4,"nm":"Hair-back","parent":10,"tt":2,"tp":12,"sr":1,"ks":{"o":{"a":0,"k":100,"ix":11},"r":{"a":1,"k":[{"i":{"x":[0.667],"y":[1]},"o":{"x":[0.333],"y":[0]},"t":2,"s":[0]},{"i":{"x":[0.667],"y":[1]},"o":{"x":[0.333],"y":[0]},"t":6,"s":[8]},{"i":{"x":[0.667],"y":[1]},"o":{"x":[0.333],"y":[0]},"t":24,"s":[-13]},{"i":{"x":[0.667],"y":[1]},"o":{"x":[0.333],"y":[0]},"t":42,"s":[7]},{"i":{"x":[0.667],"y":[1]},"o":{"x":[0.333],"y":[0]},"t":52,"s":[-3]},{"i":{"x":[0.667],"y":[1]},"o":{"x":[0.333],"y":[0]},"t":62,"s":[1]},{"t":72,"s":[0]}],"ix":10},"p":{"a":0,"k":[0.055,-94,0],"ix":2,"l":2},"a":{"a":0,"k":[0,-29.87,0],"ix":1,"l":2},"s":{"a":0,"k":[100,100,100],"ix":6,"l":2}},"ao":0,"shapes":[{"ty":"gr","it":[{"ind":0,"ty":"sh","ix":1,"ks":{"a":1,"k":[{"i":{"x":0.667,"y":1},"o":{"x":0.333,"y":0},"t":2,"s":[{"i":[[0,0],[-0.108,11.136],[-0.295,10.376],[-0.611,9.652],[-1.466,7.637],[-3.898,9.854],[-6.814,8.046],[-10.414,4.386],[-12.163,0],[-9.007,-3.802],[-6.888,-8.133],[-4.09,-10.321],[-2.055,-10.7],[-0.793,-12.517],[-0.309,-10.896],[-0.098,-10.225],[0.034,-9.399]],"o":[[-0.031,-9.395],[0.099,-10.218],[0.31,-10.891],[0.792,-12.51],[2.056,-10.704],[4.085,-10.328],[6.886,-8.131],[9.005,-3.792],[12.153,0],[10.401,4.39],[6.813,8.044],[3.904,9.851],[1.469,7.641],[0.612,9.657],[0.295,10.385],[0.107,11.147],[0,0]],"v":[[-91.695,107.806],[-83.605,73.63],[-91.032,42.274],[-81.682,11.463],[-86.263,-20.552],[-69.842,-49.461],[-60.446,-81.423],[-30.077,-94.283],[0.001,-107.887],[30.067,-94.268],[60.425,-81.398],[69.832,-49.448],[86.263,-20.552],[81.688,11.481],[91.039,42.306],[83.611,73.686],[91.695,107.887]],"c":false}]},{"i":{"x":0.667,"y":1},"o":{"x":0.333,"y":0},"t":5,"s":[{"i":[[0,0],[-1.478,12.824],[-1.066,10.325],[-0.998,9.62],[-1.772,7.572],[-3.898,9.854],[-6.814,8.046],[-10.414,4.386],[-12.163,0],[-9.007,-3.802],[-6.888,-8.133],[-4.09,-10.321],[-1.625,-10.773],[0.141,-12.541],[0.502,-10.889],[1.162,-11.803],[0.815,-10.878]],"o":[[-12.048,-31.142],[1.356,-11.767],[1.119,-10.838],[1.294,-12.468],[2.484,-10.612],[4.085,-10.328],[6.886,-8.131],[9.005,-3.792],[12.154,0],[10.401,4.39],[6.813,8.044],[3.904,9.851],[1.161,7.694],[-0.109,9.676],[-0.479,10.378],[-1.267,12.867],[0,0]],"v":[[-93.679,120.804],[-85.977,65.169],[-91.966,35.724],[-80.54,8.212],[-83.831,-23.961],[-69.842,-49.461],[-60.446,-81.423],[-30.077,-94.283],[0.001,-107.887],[30.067,-94.268],[60.425,-81.398],[69.832,-49.448],[88.556,-17.032],[82.566,17.873],[89.596,49.308],[79.96,89.154],[86.934,125.812]],"c":false}]},{"i":{"x":0.667,"y":1},"o":{"x":0.333,"y":0},"t":8,"s":[{"i":[[0,0],[-1.478,12.824],[-1.066,10.325],[-0.998,9.62],[-1.772,7.572],[-3.898,9.854],[-6.814,8.046],[-10.414,4.386],[-12.163,0],[-9.007,-3.802],[-6.888,-8.133],[-4.09,-10.321],[-1.625,-10.773],[0.141,-12.541],[0.502,-10.889],[1.162,-11.803],[0.815,-10.878]],"o":[[-12.048,-31.142],[1.356,-11.767],[1.119,-10.838],[1.294,-12.468],[2.484,-10.612],[4.085,-10.328],[6.886,-8.131],[9.005,-3.792],[12.154,0],[10.401,4.39],[6.813,8.044],[3.904,9.851],[1.161,7.694],[-0.109,9.676],[-0.479,10.378],[-1.267,12.867],[0,0]],"v":[[-88.529,121.658],[-80.827,66.023],[-86.817,36.578],[-80.54,8.212],[-83.831,-23.961],[-69.842,-49.461],[-60.446,-81.423],[-30.077,-94.283],[0.001,-107.887],[30.067,-94.268],[60.425,-81.398],[69.832,-49.448],[92.028,-17.475],[86.038,17.429],[93.068,48.865],[79.96,89.154],[86.934,125.812]],"c":false}]},{"i":{"x":0.667,"y":1},"o":{"x":0.333,"y":0},"t":26,"s":[{"i":[[0,0],[-0.108,11.136],[-0.295,10.376],[-0.611,9.652],[-1.466,7.637],[-3.898,9.854],[-6.814,8.046],[-10.414,4.386],[-12.163,0],[-9.007,-3.802],[-6.888,-8.133],[-4.09,-10.321],[-0.217,-14.764],[1.347,-17.07],[1.551,-14.812],[1.646,-13.876],[1.636,-12.739]],"o":[[-0.031,-9.395],[0.099,-10.218],[0.31,-10.891],[0.792,-12.51],[2.056,-10.704],[4.085,-10.328],[6.886,-8.131],[9.005,-3.792],[12.153,0],[10.401,4.39],[6.813,8.044],[3.904,9.851],[0.155,10.543],[-1.039,13.17],[-1.478,14.118],[-1.795,15.127],[0,0]],"v":[[-62.678,108.511],[-78.569,71.659],[-91.032,42.274],[-81.682,11.463],[-86.263,-20.552],[-69.842,-49.461],[-60.446,-81.423],[-30.077,-94.283],[0.001,-107.887],[30.067,-94.268],[60.425,-81.398],[69.832,-49.448],[78.233,-3.575],[89.069,42.3],[72.255,82.249],[81.837,127.203],[70.535,177.78]],"c":false}]},{"i":{"x":0.667,"y":1},"o":{"x":0.333,"y":0},"t":44,"s":[{"i":[[0,0],[-0.108,11.136],[-0.295,10.376],[-0.611,9.652],[-1.466,7.637],[-3.898,9.854],[-6.814,8.046],[-10.414,4.386],[-12.163,0],[-9.007,-3.802],[-6.888,-8.133],[-4.09,-10.321],[-2.055,-10.7],[-0.793,-12.517],[-0.309,-10.896],[-0.098,-10.225],[0.034,-9.399]],"o":[[-0.031,-9.395],[0.099,-10.218],[0.31,-10.891],[0.792,-12.51],[2.056,-10.704],[4.085,-10.328],[6.886,-8.131],[9.005,-3.792],[12.153,0],[10.401,4.39],[6.813,8.044],[3.904,9.851],[1.469,7.641],[0.612,9.657],[0.295,10.385],[0.107,11.147],[0,0]],"v":[[-92.916,119.728],[-83.605,73.63],[-91.032,42.274],[-81.682,11.463],[-86.263,-20.552],[-69.842,-49.461],[-60.446,-81.423],[-30.077,-94.283],[0.001,-107.887],[30.067,-94.268],[60.425,-81.398],[69.832,-49.448],[86.263,-20.552],[81.688,11.481],[91.039,42.306],[83.611,73.686],[91.695,107.887]],"c":false}]},{"i":{"x":0.667,"y":1},"o":{"x":0.333,"y":0},"t":54,"s":[{"i":[[0,0],[-0.108,11.136],[-0.295,10.376],[-0.611,9.652],[-1.466,7.637],[-3.898,9.854],[-6.814,8.046],[-10.414,4.386],[-12.163,0],[-9.007,-3.802],[-6.888,-8.133],[-4.09,-10.321],[-2.055,-10.7],[-0.793,-12.517],[-0.309,-10.896],[-0.098,-10.225],[0.034,-9.399]],"o":[[-0.031,-9.395],[0.099,-10.218],[0.31,-10.891],[0.792,-12.51],[2.056,-10.704],[4.085,-10.328],[6.886,-8.131],[9.005,-3.792],[12.153,0],[10.401,4.39],[6.813,8.044],[3.904,9.851],[1.469,7.641],[0.612,9.657],[0.295,10.385],[0.107,11.147],[0,0]],"v":[[-91.695,107.806],[-83.605,73.63],[-91.032,42.274],[-81.682,11.463],[-86.263,-20.552],[-69.842,-49.461],[-60.446,-81.423],[-30.077,-94.283],[0.001,-107.887],[30.067,-94.268],[60.425,-81.398],[69.832,-49.448],[86.263,-20.552],[81.688,11.481],[91.039,42.306],[83.611,73.686],[91.695,107.887]],"c":false}]},{"i":{"x":0.667,"y":1},"o":{"x":0.333,"y":0},"t":64,"s":[{"i":[[0,0],[-0.108,11.136],[-0.295,10.376],[-0.611,9.652],[-1.466,7.637],[-3.898,9.854],[-6.814,8.046],[-10.414,4.386],[-12.163,0],[-9.007,-3.802],[-6.888,-8.133],[-4.09,-10.321],[-2.055,-10.7],[-0.793,-12.517],[-0.309,-10.896],[-0.098,-10.225],[0.034,-9.399]],"o":[[-0.031,-9.395],[0.099,-10.218],[0.31,-10.891],[0.792,-12.51],[2.056,-10.704],[4.085,-10.328],[6.886,-8.131],[9.005,-3.792],[12.153,0],[10.401,4.39],[6.813,8.044],[3.904,9.851],[1.469,7.641],[0.612,9.657],[0.295,10.385],[0.107,11.147],[0,0]],"v":[[-91.695,107.806],[-83.605,73.63],[-91.032,42.274],[-81.682,11.463],[-86.263,-20.552],[-69.842,-49.461],[-60.446,-81.423],[-30.077,-94.283],[0.001,-107.887],[30.067,-94.268],[60.425,-81.398],[69.832,-49.448],[86.263,-20.552],[81.688,11.481],[91.039,42.306],[83.611,73.686],[91.695,107.887]],"c":false}]},{"t":74,"s":[{"i":[[0,0],[-0.108,11.136],[-0.295,10.376],[-0.611,9.652],[-1.466,7.637],[-3.898,9.854],[-6.814,8.046],[-10.414,4.386],[-12.163,0],[-9.007,-3.802],[-6.888,-8.133],[-4.09,-10.321],[-2.055,-10.7],[-0.793,-12.517],[-0.309,-10.896],[-0.098,-10.225],[0.034,-9.399]],"o":[[-0.031,-9.395],[0.099,-10.218],[0.31,-10.891],[0.792,-12.51],[2.056,-10.704],[4.085,-10.328],[6.886,-8.131],[9.005,-3.792],[12.153,0],[10.401,4.39],[6.813,8.044],[3.904,9.851],[1.469,7.641],[0.612,9.657],[0.295,10.385],[0.107,11.147],[0,0]],"v":[[-91.695,107.806],[-83.605,73.63],[-91.032,42.274],[-81.682,11.463],[-86.263,-20.552],[-69.842,-49.461],[-60.446,-81.423],[-30.077,-94.283],[0.001,-107.887],[30.067,-94.268],[60.425,-81.398],[69.832,-49.448],[86.263,-20.552],[81.688,11.481],[91.039,42.306],[83.611,73.686],[91.695,107.887]],"c":false}]}],"ix":2},"nm":"Path 1","mn":"ADBE Vector Shape - Group","hd":false},{"ty":"st","c":{"a":0,"k":[0.031,0.659,0.541,1],"ix":3,"x":"var $bm_rt;\n$bm_rt = comp('wired-outline-695-woman-style-19').layer('control').effect('secondary')('Color');"},"o":{"a":0,"k":100,"ix":4},"w":{"a":0,"k":12.04,"ix":5,"x":"var $bm_rt;\n$bm_rt = $bm_mul($bm_div(value, 2), comp('wired-outline-695-woman-style-19').layer('control').effect('stroke')('Menu'));"},"lc":2,"lj":2,"bm":0,"nm":".secondary","mn":"ADBE Vector Graphic - Stroke","hd":false,"cl":"secondary"},{"ty":"tr","p":{"a":0,"k":[0,0],"ix":2},"a":{"a":0,"k":[0,0],"ix":1},"s":{"a":0,"k":[100,100],"ix":3},"r":{"a":0,"k":0,"ix":6},"o":{"a":0,"k":100,"ix":7},"sk":{"a":0,"k":0,"ix":4},"sa":{"a":0,"k":0,"ix":5},"nm":"Transform"}],"nm":"Group 1","np":2,"cix":2,"bm":0,"ix":1,"mn":"ADBE Vector Group","hd":false}],"ip":0,"op":844,"st":0,"ct":1,"bm":0}]}],"layers":[{"ddd":0,"ind":1,"ty":3,"nm":"control","sr":1,"ks":{"o":{"a":0,"k":0,"ix":11},"r":{"a":0,"k":0,"ix":10},"p":{"a":0,"k":[0,0],"ix":2,"l":2},"a":{"a":0,"k":[0,0,0],"ix":1,"l":2},"s":{"a":0,"k":[100,100,100],"ix":6,"l":2}},"ao":0,"ef":[{"ty":5,"nm":"stroke","np":3,"mn":"Pseudo/@@VT6LcNKtToKAgbp/nz8HBQ","ix":1,"en":1,"ef":[{"ty":7,"nm":"Menu","mn":"Pseudo/@@VT6LcNKtToKAgbp/nz8HBQ-0001","ix":1,"v":{"a":0,"k":2,"ix":1}}]},{"ty":5,"nm":"primary","np":3,"mn":"ADBE Color Control","ix":2,"en":1,"ef":[{"ty":2,"nm":"Color","mn":"ADBE Color Control-0001","ix":1,"v":{"a":0,"k":[0.071,0.075,0.192],"ix":1}}]},{"ty":5,"nm":"secondary","np":3,"mn":"ADBE Color Control","ix":3,"en":1,"ef":[{"ty":2,"nm":"Color","mn":"ADBE Color Control-0001","ix":1,"v":{"a":0,"k":[0.031,0.659,0.541],"ix":1}}]}],"ip":0,"op":176,"st":0,"bm":0},{"ddd":0,"ind":2,"ty":0,"nm":"in-reveal","refId":"comp_0","sr":1,"ks":{"o":{"a":0,"k":100,"ix":11},"r":{"a":0,"k":0,"ix":10},"p":{"a":0,"k":[215,215,0],"ix":2,"l":2},"a":{"a":0,"k":[215,215,0],"ix":1,"l":2},"s":{"a":0,"k":[100,100,100],"ix":6,"l":2}},"ao":0,"w":430,"h":430,"ip":0,"op":100,"st":0,"bm":0},{"ddd":0,"ind":3,"ty":0,"nm":"hover-pinch","refId":"comp_1","sr":1,"ks":{"o":{"a":0,"k":100,"ix":11},"r":{"a":0,"k":0,"ix":10},"p":{"a":0,"k":[215,215,0],"ix":2,"l":2},"a":{"a":0,"k":[215,215,0],"ix":1,"l":2},"s":{"a":0,"k":[100,100,100],"ix":6,"l":2}},"ao":0,"w":430,"h":430,"ip":100,"op":185,"st":100,"bm":0}],"markers":[{"tm":0,"cm":"in-reveal","dr":90},{"tm":100,"cm":"default:hover-pinch","dr":75}],"props":{}}