{"v":"5.12.1","fr":60,"ip":100,"op":190,"w":430,"h":430,"nm":"wired-outline-1483-parchment","ddd":0,"assets":[{"id":"comp_0","nm":"in-reveal","fr":60,"layers":[{"ddd":0,"ind":1,"ty":4,"nm":"Bottom","parent":4,"sr":1,"ks":{"o":{"a":0,"k":100,"ix":11},"r":{"a":0,"k":-180,"ix":10},"p":{"a":0,"k":[267.862,123.56,0],"ix":2,"l":2},"a":{"a":0,"k":[267.638,123.586,0],"ix":1,"l":2},"s":{"a":0,"k":[-100,-100,100],"ix":6,"l":2}},"ao":0,"shapes":[{"ty":"gr","it":[{"ind":0,"ty":"sh","ix":1,"ks":{"a":1,"k":[{"i":{"x":0.422,"y":1},"o":{"x":0.167,"y":0.167},"t":9,"s":[{"i":[[0,0],[0,0]],"o":[[0,0],[0,0]],"v":[[179.938,113.258],[179.984,113.383]],"c":false}]},{"i":{"x":0.833,"y":0.833},"o":{"x":0.333,"y":0},"t":25,"s":[{"i":[[0,0],[0,0]],"o":[[0,0],[0,0]],"v":[[195.25,113.258],[164.672,113.383]],"c":false}]},{"i":{"x":0.833,"y":0.833},"o":{"x":0.167,"y":0.167},"t":29.199,"s":[{"i":[[0,0],[0,0]],"o":[[0,0],[0,0]],"v":[[194.695,111.341],[164.833,111.391]],"c":false}]},{"i":{"x":0.833,"y":0.833},"o":{"x":0.167,"y":0.167},"t":33.4,"s":[{"i":[[0,0],[0,0]],"o":[[0,0],[0,0]],"v":[[194.109,105.374],[164.962,105.349]],"c":false}]},{"i":{"x":0.833,"y":0.833},"o":{"x":0.167,"y":0.167},"t":37.6,"s":[{"i":[[0,0],[0,0]],"o":[[0,0],[0,0]],"v":[[194.25,96.073],[164.936,95.988]],"c":false}]},{"i":{"x":0.833,"y":0.833},"o":{"x":0.167,"y":0.167},"t":42,"s":[{"i":[[0,0],[0,0]],"o":[[0,0],[0,0]],"v":[[193.016,87.311],[161.034,87.291]],"c":false}]},{"i":{"x":0.833,"y":0.833},"o":{"x":0.167,"y":0.167},"t":46,"s":[{"i":[[0,0],[0,0]],"o":[[0,0],[0,0]],"v":[[195.594,93.739],[145.195,93.722]],"c":false}]},{"i":{"x":0.833,"y":0.833},"o":{"x":0.167,"y":0.167},"t":50.199,"s":[{"i":[[0,0],[0,0]],"o":[[0,0],[0,0]],"v":[[193.197,107.49],[145.881,107.727]],"c":false}]},{"i":{"x":0.833,"y":0.833},"o":{"x":0.167,"y":0.167},"t":54.4,"s":[{"i":[[0,0],[0,0]],"o":[[0,0],[0,0]],"v":[[185.956,114.792],[156.973,114.844]],"c":false}]},{"i":{"x":0.833,"y":0.833},"o":{"x":0.167,"y":0.167},"t":60.281,"s":[{"i":[[0,0],[0,0]],"o":[[0,0],[0,0]],"v":[[182.819,112.57],[175.744,112.595]],"c":false}]},{"t":67,"s":[{"i":[[0,0],[0,0]],"o":[[0,0],[0,0]],"v":[[179.234,109.5],[179.25,109.5]],"c":false}]}],"ix":2},"nm":"Path 1","mn":"ADBE Vector Shape - Group","hd":false},{"ind":1,"ty":"sh","ix":2,"ks":{"a":1,"k":[{"i":{"x":0.422,"y":1},"o":{"x":0.167,"y":0.167},"t":9,"s":[{"i":[[0,0],[0,0]],"o":[[0,0],[0,0]],"v":[[180.188,130.562],[180.125,130.5]],"c":false}]},{"i":{"x":0.833,"y":0.833},"o":{"x":0.333,"y":0},"t":25,"s":[{"i":[[0,0],[0,0]],"o":[[0,0],[0,0]],"v":[[195.688,130.25],[179.312,130.5]],"c":false}]},{"i":{"x":0.833,"y":0.833},"o":{"x":0.167,"y":0.167},"t":29.199,"s":[{"i":[[0,0],[0,0]],"o":[[0,0],[0,0]],"v":[[195.761,127.869],[179.681,127.875]],"c":false}]},{"i":{"x":0.833,"y":0.833},"o":{"x":0.167,"y":0.167},"t":33.4,"s":[{"i":[[0,0],[0,0]],"o":[[0,0],[0,0]],"v":[[194.334,115.718],[179.425,115.731]],"c":false}]},{"i":{"x":0.833,"y":0.833},"o":{"x":0.167,"y":0.167},"t":37.6,"s":[{"i":[[0,0],[0,0]],"o":[[0,0],[0,0]],"v":[[194.303,98.425],[173.331,98.492]],"c":false}]},{"i":{"x":0.833,"y":0.833},"o":{"x":0.167,"y":0.167},"t":42,"s":[{"i":[[0,0],[0,0]],"o":[[0,0],[0,0]],"v":[[192.522,87.296],[161.613,87.292]],"c":false}]},{"t":42.84,"s":[{"i":[[0,0],[0,0]],"o":[[0,0],[0,0]],"v":[[-28,105.17],[-28.3,105.17]],"c":false}],"h":1},{"t":67,"s":[{"i":[[0,0],[0,0]],"o":[[0,0],[0,0]],"v":[[179.234,109.5],[179.25,109.5]],"c":false}],"h":1}],"ix":2},"nm":"Path 2","mn":"ADBE Vector Shape - Group","hd":false},{"ty":"st","c":{"a":0,"k":[0.071,0.075,0.192,1],"ix":3,"x":"var $bm_rt;\n$bm_rt = comp('wired-outline-1483-parchment').layer('control').effect('primary')('Color');"},"o":{"a":0,"k":100,"ix":4},"w":{"a":0,"k":12.04,"ix":5,"x":"var $bm_rt;\n$bm_rt = $bm_mul($bm_div(value, 2), comp('wired-outline-1483-parchment').layer('control').effect('stroke')('Menu'));"},"lc":2,"lj":1,"ml":4,"bm":0,"nm":".primary","mn":"ADBE Vector Graphic - Stroke","hd":false,"cl":"primary"},{"ty":"tr","p":{"a":1,"k":[{"i":{"x":0.23,"y":1},"o":{"x":0.333,"y":0},"t":25,"s":[0,0],"to":[0,0],"ti":[0,0]},{"i":{"x":0.23,"y":0.23},"o":{"x":0.167,"y":0.167},"t":67,"s":[0,33.75],"to":[0,0],"ti":[0,0]},{"t":90,"s":[0,33.75]}],"ix":2},"a":{"a":0,"k":[0,0],"ix":1},"s":{"a":0,"k":[100,100],"ix":3},"r":{"a":0,"k":0,"ix":6},"o":{"a":1,"k":[{"i":{"x":[0.833],"y":[0.833]},"o":{"x":[0.167],"y":[0.167]},"t":67,"s":[100]},{"t":68,"s":[0]}],"ix":7},"sk":{"a":0,"k":0,"ix":4},"sa":{"a":0,"k":0,"ix":5},"nm":"Transform"}],"nm":"Shape 1","np":3,"cix":2,"bm":0,"ix":1,"mn":"ADBE Vector Group","hd":false},{"ty":"gr","it":[{"ind":0,"ty":"sh","ix":1,"ks":{"a":1,"k":[{"i":{"x":0.427,"y":1},"o":{"x":0.167,"y":0.167},"t":9,"s":[{"i":[[0,0],[0,-0.07],[0,6.282],[0,6.125],[0,-0.307],[0,-6.5]],"o":[[0,0],[0,0.07],[0,-8.643],[0,-4.573],[0,0.375],[0,0]],"v":[[-35.384,-219.164],[-35.384,-219.122],[-35.384,-229.021],[-35.384,-255.914],[-35.548,-263.039],[-35.393,-245.883]],"c":false}]},{"i":{"x":0.833,"y":1},"o":{"x":0.167,"y":0},"t":25,"s":[{"i":[[0,0],[6.396,0.05],[4.189,6.252],[-5,6.125],[-7.875,-0.125],[1.75,-6.5]],"o":[[0,0],[-5.343,-0.041],[-5.575,-8.321],[3.733,-4.573],[11.754,0.187],[0,0]],"v":[[-39.759,-219.164],[-52.79,-219.122],[-68.573,-229.041],[-67.009,-256.059],[-51.009,-263.039],[-35.884,-246.414]],"c":false}]},{"t":67,"s":[{"i":[[0,0],[6.396,0.05],[4.189,6.252],[-5,6.125],[-7.875,-0.125],[1.75,-6.5]],"o":[[0,0],[-5.343,-0.041],[-5.575,-8.321],[3.733,-4.573],[11.754,0.187],[0,0]],"v":[[-39.759,-232.289],[-52.79,-232.247],[-68.573,-242.166],[-67.009,-269.184],[-51.009,-276.164],[-35.884,-259.539]],"c":false}]}],"ix":2},"nm":"Path 3","mn":"ADBE Vector Shape - Group","hd":false},{"ty":"tm","s":{"a":0,"k":0,"ix":1},"e":{"a":1,"k":[{"i":{"x":[0.527],"y":[1]},"o":{"x":[0.489],"y":[0]},"t":25,"s":[100]},{"t":67,"s":[0]}],"ix":2},"o":{"a":0,"k":0,"ix":3},"m":1,"ix":2,"nm":"Trim Paths 1","mn":"ADBE Vector Filter - Trim","hd":false},{"ty":"st","c":{"a":0,"k":[0.071,0.075,0.192,1],"ix":3,"x":"var $bm_rt;\n$bm_rt = comp('wired-outline-1483-parchment').layer('control').effect('primary')('Color');"},"o":{"a":0,"k":100,"ix":4},"w":{"a":0,"k":12.04,"ix":5,"x":"var $bm_rt;\n$bm_rt = $bm_mul($bm_div(value, 2), comp('wired-outline-1483-parchment').layer('control').effect('stroke')('Menu'));"},"lc":2,"lj":2,"bm":0,"nm":".primary","mn":"ADBE Vector Graphic - Stroke","hd":false,"cl":"primary"},{"ty":"tr","p":{"a":0,"k":[215.509,376.414],"ix":2},"a":{"a":0,"k":[0,0],"ix":1},"s":{"a":0,"k":[100,100],"ix":3},"r":{"a":0,"k":0,"ix":6},"o":{"a":0,"k":100,"ix":7},"sk":{"a":0,"k":0,"ix":4},"sa":{"a":0,"k":0,"ix":5},"nm":"Transform"}],"nm":"Group 1","np":3,"cix":2,"bm":0,"ix":2,"mn":"ADBE Vector Group","hd":false}],"ip":9,"op":844,"st":0,"ct":1,"bm":0},{"ddd":0,"ind":2,"ty":4,"nm":"Up-2","parent":3,"sr":1,"ks":{"o":{"a":0,"k":100,"ix":11},"r":{"a":0,"k":0,"ix":10},"p":{"a":0,"k":[267.638,123.586,0],"ix":2,"l":2},"a":{"a":0,"k":[267.638,123.586,0],"ix":1,"l":2},"s":{"a":0,"k":[100,100,100],"ix":6,"l":2}},"ao":0,"shapes":[{"ty":"gr","it":[{"ind":0,"ty":"sh","ix":1,"ks":{"a":1,"k":[{"i":{"x":0.422,"y":1},"o":{"x":0.167,"y":0.167},"t":9,"s":[{"i":[[0,0],[0,0]],"o":[[0,0],[0,0]],"v":[[179.938,113.258],[179.984,113.383]],"c":false}]},{"i":{"x":0.833,"y":0.833},"o":{"x":0.333,"y":0},"t":25,"s":[{"i":[[0,0],[0,0]],"o":[[0,0],[0,0]],"v":[[195.25,113.258],[164.672,113.383]],"c":false}]},{"i":{"x":0.833,"y":0.833},"o":{"x":0.167,"y":0.167},"t":29.199,"s":[{"i":[[0,0],[0,0]],"o":[[0,0],[0,0]],"v":[[194.695,112.366],[164.833,112.416]],"c":false}]},{"i":{"x":0.833,"y":0.833},"o":{"x":0.167,"y":0.167},"t":33.4,"s":[{"i":[[0,0],[0,0]],"o":[[0,0],[0,0]],"v":[[194.109,110.319],[164.962,110.294]],"c":false}]},{"i":{"x":0.833,"y":0.833},"o":{"x":0.167,"y":0.167},"t":37.6,"s":[{"i":[[0,0],[0,0]],"o":[[0,0],[0,0]],"v":[[194.25,107.092],[164.936,107.007]],"c":false}]},{"i":{"x":0.833,"y":0.833},"o":{"x":0.167,"y":0.167},"t":42,"s":[{"i":[[0,0],[0,0]],"o":[[0,0],[0,0]],"v":[[193.016,101.241],[161.034,101.22]],"c":false}]},{"i":{"x":0.833,"y":0.833},"o":{"x":0.167,"y":0.167},"t":46,"s":[{"i":[[0,0],[0,0]],"o":[[0,0],[0,0]],"v":[[195.594,101.867],[145.195,101.85]],"c":false}]},{"i":{"x":0.833,"y":0.833},"o":{"x":0.167,"y":0.167},"t":50.199,"s":[{"i":[[0,0],[0,0]],"o":[[0,0],[0,0]],"v":[[193.197,109.644],[145.881,109.88]],"c":false}]},{"i":{"x":0.833,"y":0.833},"o":{"x":0.167,"y":0.167},"t":54.4,"s":[{"i":[[0,0],[0,0]],"o":[[0,0],[0,0]],"v":[[185.956,115.358],[156.973,115.41]],"c":false}]},{"i":{"x":0.833,"y":0.833},"o":{"x":0.167,"y":0.167},"t":60.281,"s":[{"i":[[0,0],[0,0]],"o":[[0,0],[0,0]],"v":[[182.819,112.624],[175.744,112.649]],"c":false}]},{"t":67,"s":[{"i":[[0,0],[0,0]],"o":[[0,0],[0,0]],"v":[[179.234,109.5],[179.25,109.5]],"c":false}]}],"ix":2},"nm":"Path 1","mn":"ADBE Vector Shape - Group","hd":false},{"ind":1,"ty":"sh","ix":2,"ks":{"a":1,"k":[{"i":{"x":0.422,"y":1},"o":{"x":0.167,"y":0.167},"t":9,"s":[{"i":[[0,0],[0,0]],"o":[[0,0],[0,0]],"v":[[180.188,130.562],[180.125,130.5]],"c":false}]},{"i":{"x":0.833,"y":0.833},"o":{"x":0.333,"y":0},"t":25,"s":[{"i":[[0,0],[0,0]],"o":[[0,0],[0,0]],"v":[[195.688,130.25],[179.312,130.5]],"c":false}]},{"i":{"x":0.833,"y":0.833},"o":{"x":0.167,"y":0.167},"t":29.199,"s":[{"i":[[0,0],[0,0]],"o":[[0,0],[0,0]],"v":[[195.761,128.894],[179.681,128.9]],"c":false}]},{"i":{"x":0.833,"y":0.833},"o":{"x":0.167,"y":0.167},"t":33.4,"s":[{"i":[[0,0],[0,0]],"o":[[0,0],[0,0]],"v":[[194.334,120.663],[179.425,120.675]],"c":false}]},{"i":{"x":0.833,"y":0.833},"o":{"x":0.167,"y":0.167},"t":37.6,"s":[{"i":[[0,0],[0,0]],"o":[[0,0],[0,0]],"v":[[194.303,109.444],[173.331,109.511]],"c":false}]},{"i":{"x":0.833,"y":0.833},"o":{"x":0.167,"y":0.167},"t":42,"s":[{"i":[[0,0],[0,0]],"o":[[0,0],[0,0]],"v":[[192.522,101.225],[161.613,101.222]],"c":false}]},{"t":42.84,"s":[{"i":[[0,0],[0,0]],"o":[[0,0],[0,0]],"v":[[-28,118.819],[-28.3,118.819]],"c":false}],"h":1},{"t":67,"s":[{"i":[[0,0],[0,0]],"o":[[0,0],[0,0]],"v":[[179.234,109.5],[179.25,109.5]],"c":false}],"h":1}],"ix":2},"nm":"Path 2","mn":"ADBE Vector Shape - Group","hd":false},{"ty":"st","c":{"a":0,"k":[0.071,0.075,0.192,1],"ix":3,"x":"var $bm_rt;\n$bm_rt = comp('wired-outline-1483-parchment').layer('control').effect('primary')('Color');"},"o":{"a":1,"k":[{"i":{"x":[0.833],"y":[0.833]},"o":{"x":[0.167],"y":[0.167]},"t":67,"s":[100]},{"t":68,"s":[0]}],"ix":4},"w":{"a":0,"k":12.04,"ix":5,"x":"var $bm_rt;\n$bm_rt = $bm_mul($bm_div(value, 2), comp('wired-outline-1483-parchment').layer('control').effect('stroke')('Menu'));"},"lc":2,"lj":1,"ml":4,"bm":0,"nm":".primary","mn":"ADBE Vector Graphic - Stroke","hd":false,"cl":"primary"},{"ty":"tr","p":{"a":1,"k":[{"i":{"x":0.23,"y":1},"o":{"x":0.748,"y":0},"t":25,"s":[0,0],"to":[0,0],"ti":[0,0]},{"i":{"x":0.23,"y":0.23},"o":{"x":1,"y":1},"t":67,"s":[0,33.75],"to":[0,0],"ti":[0,0]},{"t":90,"s":[0,33.75]}],"ix":2},"a":{"a":0,"k":[0,0],"ix":1},"s":{"a":0,"k":[100,100],"ix":3},"r":{"a":0,"k":0,"ix":6},"o":{"a":0,"k":100,"ix":7},"sk":{"a":0,"k":0,"ix":4},"sa":{"a":0,"k":0,"ix":5},"nm":"Transform"}],"nm":"Shape 1","np":3,"cix":2,"bm":0,"ix":1,"mn":"ADBE Vector Group","hd":false},{"ty":"gr","it":[{"ind":0,"ty":"sh","ix":1,"ks":{"a":1,"k":[{"i":{"x":0.427,"y":1},"o":{"x":0.167,"y":0.167},"t":9,"s":[{"i":[[0,0],[0,-0.07],[0,6.282],[0,6.125],[0,-0.307],[0,-6.5]],"o":[[0,0],[0,0.07],[0,-8.643],[0,-4.573],[0,0.375],[0,0]],"v":[[-35.384,-219.164],[-35.384,-219.122],[-35.384,-229.021],[-35.384,-255.914],[-35.548,-263.039],[-35.393,-245.883]],"c":false}]},{"i":{"x":0.833,"y":1},"o":{"x":0.167,"y":0},"t":25,"s":[{"i":[[0,0],[6.396,0.05],[4.189,6.252],[-5,6.125],[-7.875,-0.125],[1.75,-6.5]],"o":[[0,0],[-5.343,-0.041],[-5.575,-8.321],[3.733,-4.573],[11.754,0.187],[0,0]],"v":[[-39.759,-219.164],[-52.79,-219.122],[-68.573,-229.041],[-67.009,-256.059],[-51.009,-263.039],[-35.884,-246.414]],"c":false}]},{"t":67,"s":[{"i":[[0,0],[6.396,0.05],[4.189,6.252],[-5,6.125],[-7.875,-0.125],[1.75,-6.5]],"o":[[0,0],[-5.343,-0.041],[-5.575,-8.321],[3.733,-4.573],[11.754,0.187],[0,0]],"v":[[-39.759,-232.289],[-52.79,-232.247],[-68.573,-242.166],[-67.009,-269.184],[-51.009,-276.164],[-35.884,-259.539]],"c":false}]}],"ix":2},"nm":"Path 3","mn":"ADBE Vector Shape - Group","hd":false},{"ty":"tm","s":{"a":0,"k":0,"ix":1},"e":{"a":1,"k":[{"i":{"x":[0.527],"y":[1]},"o":{"x":[0.489],"y":[0]},"t":25,"s":[100]},{"t":67,"s":[0]}],"ix":2},"o":{"a":0,"k":0,"ix":3},"m":1,"ix":2,"nm":"Trim Paths 1","mn":"ADBE Vector Filter - Trim","hd":false},{"ty":"st","c":{"a":0,"k":[0.071,0.075,0.192,1],"ix":3,"x":"var $bm_rt;\n$bm_rt = comp('wired-outline-1483-parchment').layer('control').effect('primary')('Color');"},"o":{"a":0,"k":100,"ix":4},"w":{"a":0,"k":12.04,"ix":5,"x":"var $bm_rt;\n$bm_rt = $bm_mul($bm_div(value, 2), comp('wired-outline-1483-parchment').layer('control').effect('stroke')('Menu'));"},"lc":2,"lj":2,"bm":0,"nm":".primary","mn":"ADBE Vector Graphic - Stroke","hd":false,"cl":"primary"},{"ty":"tr","p":{"a":0,"k":[215.509,376.414],"ix":2},"a":{"a":0,"k":[0,0],"ix":1},"s":{"a":0,"k":[100,100],"ix":3},"r":{"a":0,"k":0,"ix":6},"o":{"a":0,"k":100,"ix":7},"sk":{"a":0,"k":0,"ix":4},"sa":{"a":0,"k":0,"ix":5},"nm":"Transform"}],"nm":"Group 1","np":3,"cix":2,"bm":0,"ix":2,"mn":"ADBE Vector Group","hd":false}],"ip":9,"op":844,"st":0,"ct":1,"bm":0},{"ddd":0,"ind":3,"ty":4,"nm":"Up-1","parent":5,"sr":1,"ks":{"o":{"a":0,"k":100,"ix":11},"r":{"a":0,"k":0,"ix":10},"p":{"a":1,"k":[{"i":{"x":0.198,"y":0.995},"o":{"x":0.333,"y":0},"t":25,"s":[267.638,216.336,0],"to":[0,0,0],"ti":[0,0,0]},{"i":{"x":0.243,"y":1},"o":{"x":0.167,"y":0},"t":67,"s":[267.638,103.586,0],"to":[0,0,0],"ti":[0,0,0]},{"t":90,"s":[267.638,123.586,0]}],"ix":2,"l":2},"a":{"a":0,"k":[267.638,123.586,0],"ix":1,"l":2},"s":{"a":0,"k":[100,100,100],"ix":6,"l":2}},"ao":0,"shapes":[{"ty":"gr","it":[{"ind":0,"ty":"sh","ix":1,"ks":{"a":1,"k":[{"i":{"x":0.833,"y":0.833},"o":{"x":0.167,"y":0.167},"t":0,"s":[{"i":[[0,0],[0,0],[0,0],[0,-18.611],[0,0]],"o":[[0,0],[0,-18.611],[0,0],[0,18.611],[0,0]],"v":[[34.522,-219.786],[34.522,-252.7],[34.522,-286.405],[34.522,-252.7],[34.522,-218.995]],"c":false}]},{"i":{"x":0.284,"y":1},"o":{"x":0.167,"y":0.167},"t":9,"s":[{"i":[[0,0],[0,0],[-0.057,0],[0,-18.611],[0.057,0]],"o":[[0,0],[0,-18.611],[0.057,0],[0,18.611],[0,0]],"v":[[-35.529,-219.844],[-35.529,-252.757],[-35.425,-286.463],[-35.321,-252.757],[-35.425,-219.052]],"c":false}]},{"i":{"x":0.789,"y":0.789},"o":{"x":0.167,"y":0},"t":25,"s":[{"i":[[0,0],[0,0],[-18.611,0],[0,-18.611],[18.611,0]],"o":[[0,0],[0,-18.611],[18.611,0],[0,18.611],[0,0]],"v":[[-86.496,-219.914],[-86.496,-252.828],[-52.79,-286.533],[-19.085,-252.828],[-52.79,-219.122]],"c":false}]},{"i":{"x":0.833,"y":1},"o":{"x":0.167,"y":0.167},"t":67,"s":[{"i":[[0,0],[0,0],[-18.611,0],[-0.174,-18.836],[18.611,0]],"o":[[0,0],[0,-18.611],[18.611,0],[0.041,4.414],[0,0]],"v":[[-86.496,-219.914],[-86.496,-252.828],[-52.79,-286.533],[-19.085,-252.828],[-37.581,-233.122]],"c":false}]},{"t":90,"s":[{"i":[[0,0],[0,0],[-18.611,0],[0,-18.611],[18.611,0]],"o":[[0,0],[0,-18.611],[18.611,0],[0,18.611],[0,0]],"v":[[-86.496,-219.914],[-86.496,-252.828],[-52.79,-286.533],[-19.085,-252.828],[-52.79,-219.122]],"c":false}]}],"ix":2},"nm":"Path 3","mn":"ADBE Vector Shape - Group","hd":false},{"ind":1,"ty":"sh","ix":2,"ks":{"a":1,"k":[{"i":{"x":0.833,"y":0.833},"o":{"x":0.167,"y":0.167},"t":0,"s":[{"i":[[0,0],[0,0],[0,-18.611],[-0.004,0],[0,0]],"o":[[0,0],[-0.004,0],[0,18.611],[0,0],[0,0]],"v":[[34.522,-286.405],[34.498,-286.4],[34.491,-252.695],[34.498,-218.99],[34.522,-218.995]],"c":false}]},{"i":{"x":0.284,"y":1},"o":{"x":0.167,"y":0.167},"t":9,"s":[{"i":[[0,0],[0,0],[0,-18.611],[-0.068,0],[0,0]],"o":[[0,0],[-0.068,0],[0,18.611],[0,0],[0,0]],"v":[[-35.425,-286.463],[103.865,-286.417],[103.741,-252.712],[103.865,-219.006],[-35.425,-219.052]],"c":false}]},{"i":{"x":0.789,"y":0.789},"o":{"x":0.167,"y":0},"t":25,"s":[{"i":[[0,0],[0,0],[0,-18.611],[18.611,0],[0,0]],"o":[[0,0],[18.611,0],[0,18.611],[0,0],[0,0]],"v":[[-52.79,-286.533],[157.05,-286.533],[190.755,-252.828],[157.05,-219.122],[-52.79,-219.122]],"c":false}]},{"i":{"x":0.833,"y":1},"o":{"x":0.167,"y":0.167},"t":67,"s":[{"i":[[0,0],[0,0],[0.043,-18.611],[3.732,-0.169],[0,0]],"o":[[0,0],[18.611,0],[-0.014,5.914],[0,0],[0,0]],"v":[[-52.79,-286.533],[157.05,-286.533],[190.755,-252.828],[182.009,-233.245],[-37.581,-233.122]],"c":false}]},{"t":90,"s":[{"i":[[0,0],[0,0],[0,-18.611],[18.611,0],[0,0]],"o":[[0,0],[18.611,0],[0,18.611],[0,0],[0,0]],"v":[[-52.79,-286.533],[157.05,-286.533],[190.755,-252.828],[157.05,-219.122],[-52.79,-219.122]],"c":false}]}],"ix":2},"nm":"Path 4","mn":"ADBE Vector Shape - Group","hd":false},{"ty":"st","c":{"a":0,"k":[0.071,0.075,0.192,1],"ix":3,"x":"var $bm_rt;\n$bm_rt = comp('wired-outline-1483-parchment').layer('control').effect('primary')('Color');"},"o":{"a":0,"k":100,"ix":4},"w":{"a":0,"k":12.04,"ix":5,"x":"var $bm_rt;\n$bm_rt = $bm_mul($bm_div(value, 2), comp('wired-outline-1483-parchment').layer('control').effect('stroke')('Menu'));"},"lc":2,"lj":2,"bm":0,"nm":".primary","mn":"ADBE Vector Graphic - Stroke","hd":false,"cl":"primary"},{"ty":"tr","p":{"a":0,"k":[215.509,376.414],"ix":2},"a":{"a":0,"k":[0,0],"ix":1},"s":{"a":0,"k":[100,100],"ix":3},"r":{"a":0,"k":0,"ix":6},"o":{"a":0,"k":100,"ix":7},"sk":{"a":0,"k":0,"ix":4},"sa":{"a":0,"k":0,"ix":5},"nm":"Transform"}],"nm":"Group 1","np":3,"cix":2,"bm":0,"ix":1,"mn":"ADBE Vector Group","hd":false}],"ip":1,"op":844,"st":0,"ct":1,"bm":0},{"ddd":0,"ind":4,"ty":4,"nm":"Bottom","parent":5,"sr":1,"ks":{"o":{"a":0,"k":100,"ix":11},"r":{"a":0,"k":0,"ix":10},"p":{"a":1,"k":[{"i":{"x":0.198,"y":0.995},"o":{"x":0.333,"y":0},"t":25,"s":[232.362,283.81,0],"to":[0,0,0],"ti":[0,0,0]},{"i":{"x":0.243,"y":1},"o":{"x":0.167,"y":0},"t":67,"s":[232.362,396.31,0],"to":[0,0,0],"ti":[0,0,0]},{"t":90,"s":[232.362,376.31,0]}],"ix":2,"l":2},"a":{"a":0,"k":[267.638,123.586,0],"ix":1,"l":2},"s":{"a":0,"k":[-100,-100,100],"ix":6,"l":2}},"ao":0,"shapes":[{"ty":"gr","it":[{"ind":0,"ty":"sh","ix":1,"ks":{"a":1,"k":[{"i":{"x":0.833,"y":0.833},"o":{"x":0.167,"y":0.167},"t":0,"s":[{"i":[[0,0],[0,0],[0.004,0],[0,-18.611],[-0.004,0]],"o":[[0,0],[0,-18.611],[-0.004,0],[0,18.611],[0,0]],"v":[[34.379,-219.825],[34.379,-252.739],[34.373,-286.445],[34.366,-252.739],[34.373,-219.034]],"c":false}]},{"i":{"x":0.284,"y":1},"o":{"x":0.167,"y":0.167},"t":9,"s":[{"i":[[0,0],[0,0],[0.064,0],[0,-18.611],[-0.064,0]],"o":[[0,0],[0,-18.611],[-0.064,0],[0,18.611],[0,0]],"v":[[-34.778,-219.876],[-34.778,-252.79],[-34.893,-286.495],[-35.009,-252.79],[-34.893,-219.085]],"c":false}]},{"i":{"x":0.789,"y":0.789},"o":{"x":0.167,"y":0},"t":25,"s":[{"i":[[0,0],[0,0],[-18.611,0],[0,-18.611],[18.611,0]],"o":[[0,0],[0,-18.611],[18.611,0],[0,18.611],[0,0]],"v":[[-86.496,-219.914],[-86.496,-252.828],[-52.79,-286.533],[-19.085,-252.828],[-52.79,-219.122]],"c":false}]},{"i":{"x":0.833,"y":1},"o":{"x":0.167,"y":0.167},"t":67,"s":[{"i":[[0,0],[0,0],[-18.611,0],[-0.174,-18.836],[18.611,0]],"o":[[0,0],[0,-18.611],[18.611,0],[0.041,4.414],[0,0]],"v":[[-86.496,-219.914],[-86.496,-252.828],[-52.79,-286.533],[-19.085,-252.828],[-37.581,-233.122]],"c":false}]},{"t":90,"s":[{"i":[[0,0],[0,0],[-18.611,0],[0,-18.611],[18.611,0]],"o":[[0,0],[0,-18.611],[18.611,0],[0,18.611],[0,0]],"v":[[-86.496,-219.914],[-86.496,-252.828],[-52.79,-286.533],[-19.085,-252.828],[-52.79,-219.122]],"c":false}]}],"ix":2},"nm":"Path 3","mn":"ADBE Vector Shape - Group","hd":false},{"ind":1,"ty":"sh","ix":2,"ks":{"a":1,"k":[{"i":{"x":0.833,"y":0.833},"o":{"x":0.167,"y":0.167},"t":0,"s":[{"i":[[0,0],[0,0],[0,-18.611],[0.002,0],[0,0]],"o":[[0,0],[0.002,0],[0,18.611],[0,0],[0,0]],"v":[[34.373,-286.445],[34.362,-286.481],[34.366,-252.776],[34.362,-219.07],[34.373,-219.034]],"c":false}]},{"i":{"x":0.284,"y":1},"o":{"x":0.167,"y":0.167},"t":9,"s":[{"i":[[0,0],[0,0],[0,-18.611],[-0.036,0],[0,0]],"o":[[0,0],[-0.036,0],[0,18.611],[0,0],[0,0]],"v":[[-34.893,-286.495],[104.556,-286.511],[104.491,-252.805],[104.556,-219.1],[-34.893,-219.085]],"c":false}]},{"i":{"x":0.789,"y":0.789},"o":{"x":0.167,"y":0},"t":25,"s":[{"i":[[0,0],[0,0],[0,-18.611],[18.611,0],[0,0]],"o":[[0,0],[18.611,0],[0,18.611],[0,0],[0,0]],"v":[[-52.79,-286.533],[157.05,-286.533],[190.755,-252.828],[157.05,-219.122],[-52.79,-219.122]],"c":false}]},{"i":{"x":0.833,"y":1},"o":{"x":0.167,"y":0.167},"t":67,"s":[{"i":[[0,0],[0,0],[0.043,-18.611],[3.732,-0.169],[0,0]],"o":[[0,0],[18.611,0],[-0.014,5.914],[0,0],[0,0]],"v":[[-52.79,-286.533],[157.05,-286.533],[190.755,-252.828],[182.009,-233.245],[-37.581,-233.122]],"c":false}]},{"t":90,"s":[{"i":[[0,0],[0,0],[0,-18.611],[18.611,0],[0,0]],"o":[[0,0],[18.611,0],[0,18.611],[0,0],[0,0]],"v":[[-52.79,-286.533],[157.05,-286.533],[190.755,-252.828],[157.05,-219.122],[-52.79,-219.122]],"c":false}]}],"ix":2},"nm":"Path 4","mn":"ADBE Vector Shape - Group","hd":false},{"ty":"st","c":{"a":0,"k":[0.071,0.075,0.192,1],"ix":3,"x":"var $bm_rt;\n$bm_rt = comp('wired-outline-1483-parchment').layer('control').effect('primary')('Color');"},"o":{"a":0,"k":100,"ix":4},"w":{"a":0,"k":12.04,"ix":5,"x":"var $bm_rt;\n$bm_rt = $bm_mul($bm_div(value, 2), comp('wired-outline-1483-parchment').layer('control').effect('stroke')('Menu'));"},"lc":2,"lj":2,"bm":0,"nm":".primary","mn":"ADBE Vector Graphic - Stroke","hd":false,"cl":"primary"},{"ty":"tr","p":{"a":0,"k":[215.509,376.414],"ix":2},"a":{"a":0,"k":[0,0],"ix":1},"s":{"a":0,"k":[100,100],"ix":3},"r":{"a":0,"k":0,"ix":6},"o":{"a":0,"k":100,"ix":7},"sk":{"a":0,"k":0,"ix":4},"sa":{"a":0,"k":0,"ix":5},"nm":"Transform"}],"nm":"Group 1","np":3,"cix":2,"bm":0,"ix":1,"mn":"ADBE Vector Group","hd":false}],"ip":1,"op":844,"st":0,"ct":1,"bm":0},{"ddd":0,"ind":5,"ty":4,"nm":"Paper-middle","sr":1,"ks":{"o":{"a":0,"k":100,"ix":11},"r":{"a":0,"k":0,"ix":10},"p":{"a":0,"k":[215,215,0],"ix":2,"l":2},"a":{"a":0,"k":[250,250,0],"ix":1,"l":2},"s":{"a":0,"k":[100,100,100],"ix":6,"l":2}},"ao":0,"shapes":[{"ty":"gr","it":[{"ind":0,"ty":"sh","ix":1,"ks":{"a":1,"k":[{"i":{"x":0.252,"y":1},"o":{"x":0.333,"y":0},"t":25,"s":[{"i":[[0,0],[0,0],[0,0],[0,0],[0,0]],"o":[[0,0],[0,0],[0,0],[0,0],[0,0]],"v":[[155.456,-125.914],[155.456,-125.914],[155.456,-125.914],[155.456,-125.914],[155.456,-125.914]],"c":false}]},{"i":{"x":0.398,"y":1},"o":{"x":0.167,"y":0},"t":67,"s":[{"i":[[0,0],[0,0],[0,0],[0,0],[0,0]],"o":[[0,0],[0,0],[0,0],[0,0],[0,0]],"v":[[155.412,-250.204],[155.478,-70.836],[132.476,-55.679],[155.478,-39.909],[155.478,-13.792]],"c":false}]},{"t":90,"s":[{"i":[[0,0],[0,0],[0,0],[0,0],[0,0]],"o":[[0,0],[0,0],[0,0],[0,0],[0,0]],"v":[[155.478,-219.122],[155.478,-80.94],[132.476,-68.444],[155.478,-55.444],[155.478,-33.914]],"c":false}]}],"ix":2},"nm":"Path 2","mn":"ADBE Vector Shape - Group","hd":false},{"ind":1,"ty":"sh","ix":2,"ks":{"a":1,"k":[{"i":{"x":0.252,"y":1},"o":{"x":0.333,"y":0},"t":25,"s":[{"i":[[0,0],[0,0]],"o":[[0,0],[0,0]],"v":[[-86.483,-126.352],[-86.483,-126.289]],"c":false}]},{"i":{"x":0.398,"y":1},"o":{"x":0.167,"y":0},"t":67,"s":[{"i":[[0,0],[0,0]],"o":[[0,0],[0,0]],"v":[[-86.483,-3.664],[-86.496,-239.414]],"c":false}]},{"t":90,"s":[{"i":[[0,0],[0,0]],"o":[[0,0],[0,0]],"v":[[-86.496,-33.602],[-86.496,-219.914]],"c":false}]}],"ix":2},"nm":"Path 3","mn":"ADBE Vector Shape - Group","hd":false},{"ty":"st","c":{"a":0,"k":[0.071,0.075,0.192,1],"ix":3,"x":"var $bm_rt;\n$bm_rt = comp('wired-outline-1483-parchment').layer('control').effect('primary')('Color');"},"o":{"a":0,"k":100,"ix":4},"w":{"a":0,"k":12.04,"ix":5,"x":"var $bm_rt;\n$bm_rt = $bm_mul($bm_div(value, 2), comp('wired-outline-1483-parchment').layer('control').effect('stroke')('Menu'));"},"lc":2,"lj":2,"bm":0,"nm":".primary","mn":"ADBE Vector Graphic - Stroke","hd":false,"cl":"primary"},{"ty":"tr","p":{"a":0,"k":[215.509,376.414],"ix":2},"a":{"a":0,"k":[0,0],"ix":1},"s":{"a":0,"k":[100,100],"ix":3},"r":{"a":0,"k":0,"ix":6},"o":{"a":0,"k":100,"ix":7},"sk":{"a":0,"k":0,"ix":4},"sa":{"a":0,"k":0,"ix":5},"nm":"Transform"}],"nm":"Group 1","np":3,"cix":2,"bm":0,"ix":1,"mn":"ADBE Vector Group","hd":false},{"ty":"gr","it":[{"ty":"gr","it":[{"ind":0,"ty":"sh","ix":1,"ks":{"a":0,"k":{"i":[[0,0],[0,0]],"o":[[0,0],[0,0]],"v":[[-118.73,-84.124],[18.775,-84.124]],"c":false},"ix":2},"nm":"Path 4","mn":"ADBE Vector Shape - Group","hd":false},{"ty":"tm","s":{"a":0,"k":0,"ix":1},"e":{"a":1,"k":[{"i":{"x":[0.341],"y":[1]},"o":{"x":[0.167],"y":[0.167]},"t":40.023,"s":[0]},{"t":74,"s":[100]}],"ix":2},"o":{"a":0,"k":0,"ix":3},"m":1,"ix":2,"nm":"Trim Paths 1","mn":"ADBE Vector Filter - Trim","hd":false},{"ty":"st","c":{"a":0,"k":[0.031,0.659,0.541,1],"ix":3,"x":"var $bm_rt;\n$bm_rt = comp('wired-outline-1483-parchment').layer('control').effect('secondary')('Color');"},"o":{"a":0,"k":100,"ix":4},"w":{"a":0,"k":12.04,"ix":5,"x":"var $bm_rt;\n$bm_rt = $bm_mul($bm_div(value, 2), comp('wired-outline-1483-parchment').layer('control').effect('stroke')('Menu'));"},"lc":2,"lj":2,"bm":0,"nm":".secondary","mn":"ADBE Vector Graphic - Stroke","hd":false,"cl":"secondary"},{"ty":"tr","p":{"a":0,"k":[299.978,292.062],"ix":2},"a":{"a":0,"k":[0,0],"ix":1},"s":{"a":0,"k":[100,100],"ix":3},"r":{"a":0,"k":0,"ix":6},"o":{"a":0,"k":100,"ix":7},"sk":{"a":0,"k":0,"ix":4},"sa":{"a":0,"k":0,"ix":5},"nm":"Transform"}],"nm":"Group 5","np":3,"cix":2,"bm":0,"ix":1,"mn":"ADBE Vector Group","hd":false},{"ty":"gr","it":[{"ind":0,"ty":"sh","ix":1,"ks":{"a":0,"k":{"i":[[0,0],[0,0]],"o":[[0,0],[0,0]],"v":[[-118.73,-42.062],[18.775,-42.062]],"c":false},"ix":2},"nm":"Path 3","mn":"ADBE Vector Shape - Group","hd":false},{"ty":"st","c":{"a":0,"k":[0.031,0.659,0.541,1],"ix":3,"x":"var $bm_rt;\n$bm_rt = comp('wired-outline-1483-parchment').layer('control').effect('secondary')('Color');"},"o":{"a":0,"k":100,"ix":4},"w":{"a":0,"k":12.04,"ix":5,"x":"var $bm_rt;\n$bm_rt = $bm_mul($bm_div(value, 2), comp('wired-outline-1483-parchment').layer('control').effect('stroke')('Menu'));"},"lc":2,"lj":2,"bm":0,"nm":".secondary","mn":"ADBE Vector Graphic - Stroke","hd":false,"cl":"secondary"},{"ty":"tm","s":{"a":0,"k":0,"ix":1},"e":{"a":1,"k":[{"i":{"x":[0.667],"y":[1]},"o":{"x":[0.167],"y":[0.167]},"t":28.334,"s":[0]},{"t":74,"s":[100]}],"ix":2},"o":{"a":0,"k":0,"ix":3},"m":1,"ix":3,"nm":"Trim Paths 1","mn":"ADBE Vector Filter - Trim","hd":false},{"ty":"tr","p":{"a":0,"k":[299.978,292.062],"ix":2},"a":{"a":0,"k":[0,0],"ix":1},"s":{"a":0,"k":[100,100],"ix":3},"r":{"a":0,"k":0,"ix":6},"o":{"a":0,"k":100,"ix":7},"sk":{"a":0,"k":0,"ix":4},"sa":{"a":0,"k":0,"ix":5},"nm":"Transform"}],"nm":"Group 4","np":3,"cix":2,"bm":0,"ix":2,"mn":"ADBE Vector Group","hd":false},{"ty":"gr","it":[{"ind":0,"ty":"sh","ix":1,"ks":{"a":0,"k":{"i":[[0,0],[0,0]],"o":[[0,0],[0,0]],"v":[[-118.73,0],[-47.974,0]],"c":false},"ix":2},"nm":"Path 2","mn":"ADBE Vector Shape - Group","hd":false},{"ty":"st","c":{"a":0,"k":[0.031,0.659,0.541,1],"ix":3,"x":"var $bm_rt;\n$bm_rt = comp('wired-outline-1483-parchment').layer('control').effect('secondary')('Color');"},"o":{"a":0,"k":100,"ix":4},"w":{"a":0,"k":12.04,"ix":5,"x":"var $bm_rt;\n$bm_rt = $bm_mul($bm_div(value, 2), comp('wired-outline-1483-parchment').layer('control').effect('stroke')('Menu'));"},"lc":2,"lj":2,"bm":0,"nm":".secondary","mn":"ADBE Vector Graphic - Stroke","hd":false,"cl":"secondary"},{"ty":"tm","s":{"a":0,"k":0,"ix":1},"e":{"a":1,"k":[{"i":{"x":[0.833],"y":[0.833]},"o":{"x":[0.167],"y":[0.167]},"t":40.932,"s":[0]},{"i":{"x":[0.833],"y":[0.833]},"o":{"x":[0.167],"y":[0.167]},"t":57.16,"s":[100]},{"t":74,"s":[100]}],"ix":2},"o":{"a":0,"k":0,"ix":3},"m":1,"ix":3,"nm":"Trim Paths 1","mn":"ADBE Vector Filter - Trim","hd":false},{"ty":"tr","p":{"a":0,"k":[299.978,292.062],"ix":2},"a":{"a":0,"k":[0,0],"ix":1},"s":{"a":0,"k":[100,100],"ix":3},"r":{"a":0,"k":0,"ix":6},"o":{"a":0,"k":100,"ix":7},"sk":{"a":0,"k":0,"ix":4},"sa":{"a":0,"k":0,"ix":5},"nm":"Transform"}],"nm":"Group 3","np":3,"cix":2,"bm":0,"ix":3,"mn":"ADBE Vector Group","hd":false},{"ty":"gr","it":[{"ind":0,"ty":"sh","ix":1,"ks":{"a":0,"k":{"i":[[0,0],[0,0]],"o":[[0,0],[0,0]],"v":[[-18.775,0],[18.775,0]],"c":false},"ix":2},"nm":"Path 1","mn":"ADBE Vector Shape - Group","hd":false},{"ty":"st","c":{"a":0,"k":[0.031,0.659,0.541,1],"ix":3,"x":"var $bm_rt;\n$bm_rt = comp('wired-outline-1483-parchment').layer('control').effect('secondary')('Color');"},"o":{"a":0,"k":100,"ix":4},"w":{"a":0,"k":12.04,"ix":5,"x":"var $bm_rt;\n$bm_rt = $bm_mul($bm_div(value, 2), comp('wired-outline-1483-parchment').layer('control').effect('stroke')('Menu'));"},"lc":2,"lj":2,"bm":0,"nm":".secondary","mn":"ADBE Vector Graphic - Stroke","hd":false,"cl":"secondary"},{"ty":"tm","s":{"a":0,"k":0,"ix":1},"e":{"a":1,"k":[{"i":{"x":[0.41],"y":[0.656]},"o":{"x":[0.201],"y":[0.214]},"t":57.16,"s":[0]},{"i":{"x":[0.615],"y":[1]},"o":{"x":[0.285],"y":[0.232]},"t":66.348,"s":[62.622]},{"t":74,"s":[100]}],"ix":2},"o":{"a":0,"k":0,"ix":3},"m":1,"ix":3,"nm":"Trim Paths 1","mn":"ADBE Vector Filter - Trim","hd":false},{"ty":"tr","p":{"a":0,"k":[299.978,292.062],"ix":2},"a":{"a":0,"k":[0,0],"ix":1},"s":{"a":0,"k":[100,100],"ix":3},"r":{"a":0,"k":0,"ix":6},"o":{"a":0,"k":100,"ix":7},"sk":{"a":0,"k":0,"ix":4},"sa":{"a":0,"k":0,"ix":5},"nm":"Transform"}],"nm":"Group 2","np":3,"cix":2,"bm":0,"ix":4,"mn":"ADBE Vector Group","hd":false},{"ty":"tr","p":{"a":0,"k":[250,250],"ix":2},"a":{"a":0,"k":[250,250],"ix":1},"s":{"a":0,"k":[100,100],"ix":3},"r":{"a":0,"k":0,"ix":6},"o":{"a":0,"k":100,"ix":7},"sk":{"a":0,"k":0,"ix":4},"sa":{"a":0,"k":0,"ix":5},"nm":"Transform"}],"nm":"Group 2","np":4,"cix":2,"bm":0,"ix":2,"mn":"ADBE Vector Group","hd":false}],"ip":25,"op":844,"st":0,"ct":1,"bm":0}]},{"id":"comp_1","nm":"hover-pinch","fr":60,"layers":[{"ddd":0,"ind":1,"ty":4,"nm":"Up","parent":3,"sr":1,"ks":{"o":{"a":0,"k":100,"ix":11},"r":{"a":0,"k":0,"ix":10},"p":{"a":1,"k":[{"i":{"x":0.29,"y":1},"o":{"x":0.333,"y":0},"t":0,"s":[267.638,123.586,0],"to":[0,0,0],"ti":[0,0,0]},{"i":{"x":0.667,"y":1},"o":{"x":0.71,"y":0},"t":31,"s":[267.638,93.586,0],"to":[0,0,0],"ti":[0,0,0]},{"i":{"x":0.667,"y":1},"o":{"x":0.333,"y":0},"t":60,"s":[267.638,133.586,0],"to":[0,0,0],"ti":[0,0,0]},{"i":{"x":0.667,"y":1},"o":{"x":0.333,"y":0},"t":75,"s":[267.638,118.586,0],"to":[0,0,0],"ti":[0,0,0]},{"t":90,"s":[267.638,123.586,0]}],"ix":2,"l":2},"a":{"a":0,"k":[267.638,123.586,0],"ix":1,"l":2},"s":{"a":0,"k":[100,100,100],"ix":6,"l":2}},"ao":0,"shapes":[{"ty":"gr","it":[{"ind":0,"ty":"sh","ix":1,"ks":{"a":1,"k":[{"i":{"x":0.833,"y":0.833},"o":{"x":0.333,"y":0},"t":0,"s":[{"i":[[0,0],[0,0],[-18.611,0],[0,-18.611],[18.611,0]],"o":[[0,0],[0,-18.611],[18.611,0],[0,18.611],[0,0]],"v":[[-86.496,-219.914],[-86.496,-252.828],[-52.79,-286.533],[-19.085,-252.828],[-52.79,-219.122]],"c":false}]},{"i":{"x":0.29,"y":1},"o":{"x":0.167,"y":0.167},"t":10,"s":[{"i":[[0,0],[0,0],[-18.611,0],[-1.655,-15.226],[10.047,-8.233]],"o":[[0,0],[0,-18.611],[18.611,0],[1.116,13.772],[0,0]],"v":[[-86.496,-219.914],[-86.496,-252.828],[-52.79,-286.533],[-20.245,-259.998],[-33.055,-230.527]],"c":false}]},{"i":{"x":0.833,"y":0.833},"o":{"x":0.71,"y":0},"t":31,"s":[{"i":[[0,0],[0,0],[-18.611,0],[-3.924,-10.586],[0.031,-8.169]],"o":[[0,0],[0,-18.611],[18.611,0],[2.646,7.138],[0,0]],"v":[[-86.496,-219.914],[-86.496,-252.828],[-52.79,-286.533],[-21.835,-269.828],[-19.04,-246.245]],"c":false}]},{"i":{"x":0.667,"y":1},"o":{"x":0.167,"y":0.167},"t":46,"s":[{"i":[[0,0],[0,0],[-18.611,0],[-1.655,-15.226],[10.047,-8.233]],"o":[[0,0],[0,-18.611],[18.611,0],[1.116,13.772],[0,0]],"v":[[-86.496,-219.914],[-86.496,-252.828],[-52.79,-286.533],[-20.245,-259.998],[-33.056,-230.527]],"c":false}]},{"i":{"x":0.667,"y":1},"o":{"x":0.333,"y":0},"t":60,"s":[{"i":[[0,0],[0,0],[-18.611,0],[0,-20.325],[15.531,-6.75]],"o":[[0,0],[0,-18.611],[18.611,0],[0,20.325],[0,0]],"v":[[-86.496,-219.914],[-86.496,-252.828],[-52.79,-286.533],[-28.585,-249.894],[-52.79,-212.914]],"c":false}]},{"i":{"x":0.667,"y":1},"o":{"x":0.333,"y":0},"t":75,"s":[{"i":[[0,0],[0,0],[-18.611,0],[-1.084,-17.564],[15.896,-2.951]],"o":[[0,0],[0,-18.611],[18.611,0],[0.55,15.833],[0,0]],"v":[[-86.496,-219.914],[-86.496,-252.828],[-52.79,-286.533],[-19.514,-255.891],[-45.684,-222.308]],"c":false}]},{"t":90,"s":[{"i":[[0,0],[0,0],[-18.611,0],[0,-18.611],[18.611,0]],"o":[[0,0],[0,-18.611],[18.611,0],[0,18.611],[0,0]],"v":[[-86.496,-219.914],[-86.496,-252.828],[-52.79,-286.533],[-19.085,-252.828],[-52.79,-219.122]],"c":false}]}],"ix":2},"nm":"Path 3","mn":"ADBE Vector Shape - Group","hd":false},{"ind":1,"ty":"sh","ix":2,"ks":{"a":1,"k":[{"i":{"x":0.833,"y":0.833},"o":{"x":0.333,"y":0},"t":0,"s":[{"i":[[0,0],[0,0],[0,-18.611],[18.611,0],[0,0]],"o":[[0,0],[18.611,0],[0,18.611],[0,0],[0,0]],"v":[[-52.79,-286.533],[157.05,-286.533],[190.755,-252.828],[157.05,-219.122],[-52.79,-219.122]],"c":false}]},{"i":{"x":0.29,"y":1},"o":{"x":0.167,"y":0.167},"t":10,"s":[{"i":[[0,0],[0,0],[-2.259,-15.105],[8.957,-6.733],[0,0]],"o":[[0,0],[18.611,0],[1.681,13.994],[0,0],[0,0]],"v":[[-52.79,-286.533],[157.05,-286.533],[189.279,-259.998],[176.784,-230.527],[-33.055,-230.527]],"c":false}]},{"i":{"x":0.833,"y":0.833},"o":{"x":0.71,"y":0},"t":31,"s":[{"i":[[0,0],[0,0],[-5.357,-10.299],[-0.058,-7.791],[0,0]],"o":[[0,0],[18.611,0],[3.986,7.664],[0,0],[0,0]],"v":[[-52.79,-286.533],[157.05,-286.533],[187.255,-269.828],[190.8,-246.245],[-19.04,-246.245]],"c":false}]},{"i":{"x":0.667,"y":1},"o":{"x":0.167,"y":0.167},"t":46,"s":[{"i":[[0,0],[0,0],[-2.259,-15.105],[8.957,-6.733],[0,0]],"o":[[0,0],[18.611,0],[1.681,13.994],[0,0],[0,0]],"v":[[-52.79,-286.533],[157.05,-286.533],[189.279,-259.998],[176.784,-230.527],[-33.055,-230.527]],"c":false}]},{"i":{"x":0.667,"y":1},"o":{"x":0.333,"y":0},"t":60,"s":[{"i":[[0,0],[0,0],[0,-20.325],[11.191,-0.25],[0,0]],"o":[[0,0],[18.611,0],[0,20.325],[0,0],[0,0]],"v":[[-52.79,-286.533],[157.05,-286.533],[181.255,-249.894],[157.05,-212.914],[-52.79,-212.914]],"c":false}]},{"i":{"x":0.667,"y":1},"o":{"x":0.333,"y":0},"t":75,"s":[{"i":[[0,0],[0,0],[-0.8,-16.339],[15.752,-2.583],[0,0]],"o":[[0,0],[18.611,0],[0.954,16.78],[0,0],[0,0]],"v":[[-52.79,-286.533],[157.05,-286.533],[190.142,-255.891],[164.156,-222.308],[-45.684,-222.308]],"c":false}]},{"t":90,"s":[{"i":[[0,0],[0,0],[0,-18.611],[18.611,0],[0,0]],"o":[[0,0],[18.611,0],[0,18.611],[0,0],[0,0]],"v":[[-52.79,-286.533],[157.05,-286.533],[190.755,-252.828],[157.05,-219.122],[-52.79,-219.122]],"c":false}]}],"ix":2},"nm":"Path 4","mn":"ADBE Vector Shape - Group","hd":false},{"ty":"st","c":{"a":0,"k":[0.071,0.075,0.192,1],"ix":3,"x":"var $bm_rt;\n$bm_rt = comp('wired-outline-1483-parchment').layer('control').effect('primary')('Color');"},"o":{"a":0,"k":100,"ix":4},"w":{"a":0,"k":12.04,"ix":5,"x":"var $bm_rt;\n$bm_rt = $bm_mul($bm_div(value, 2), comp('wired-outline-1483-parchment').layer('control').effect('stroke')('Menu'));"},"lc":2,"lj":2,"bm":0,"nm":".primary","mn":"ADBE Vector Graphic - Stroke","hd":false,"cl":"primary"},{"ty":"tr","p":{"a":0,"k":[215.509,376.414],"ix":2},"a":{"a":0,"k":[0,0],"ix":1},"s":{"a":0,"k":[100,100],"ix":3},"r":{"a":0,"k":0,"ix":6},"o":{"a":0,"k":100,"ix":7},"sk":{"a":0,"k":0,"ix":4},"sa":{"a":0,"k":0,"ix":5},"nm":"Transform"}],"nm":"Group 1","np":3,"cix":2,"bm":0,"ix":1,"mn":"ADBE Vector Group","hd":false}],"ip":0,"op":844,"st":0,"ct":1,"bm":0},{"ddd":0,"ind":2,"ty":4,"nm":"Bottom","parent":3,"sr":1,"ks":{"o":{"a":0,"k":100,"ix":11},"r":{"a":0,"k":0,"ix":10},"p":{"a":1,"k":[{"i":{"x":0.31,"y":1},"o":{"x":0.333,"y":0},"t":0,"s":[232.362,376.31,0],"to":[0,0,0],"ti":[0,0,0]},{"i":{"x":0.667,"y":1},"o":{"x":0.69,"y":0},"t":31,"s":[232.362,406.31,0],"to":[0,0,0],"ti":[0,0,0]},{"i":{"x":0.667,"y":1},"o":{"x":0.333,"y":0},"t":60,"s":[232.362,366.31,0],"to":[0,0,0],"ti":[0,0,0]},{"i":{"x":0.667,"y":1},"o":{"x":0.333,"y":0},"t":75,"s":[232.362,381.31,0],"to":[0,0,0],"ti":[0,0,0]},{"t":90,"s":[232.362,376.31,0]}],"ix":2,"l":2},"a":{"a":0,"k":[267.638,123.586,0],"ix":1,"l":2},"s":{"a":0,"k":[-100,-100,100],"ix":6,"l":2}},"ao":0,"shapes":[{"ty":"gr","it":[{"ind":0,"ty":"sh","ix":1,"ks":{"a":1,"k":[{"i":{"x":0.833,"y":0.833},"o":{"x":0.333,"y":0},"t":0,"s":[{"i":[[0,0],[0,0],[-18.611,0],[0,-18.611],[18.611,0]],"o":[[0,0],[0,-18.611],[18.611,0],[0,18.611],[0,0]],"v":[[-86.496,-219.914],[-86.496,-252.828],[-52.79,-286.533],[-19.085,-252.828],[-52.79,-219.122]],"c":false}]},{"i":{"x":0.29,"y":1},"o":{"x":0.167,"y":0.167},"t":10,"s":[{"i":[[0,0],[0,0],[-18.611,0],[-1.655,-15.226],[10.047,-8.233]],"o":[[0,0],[0,-18.611],[18.611,0],[1.116,13.772],[0,0]],"v":[[-86.496,-219.914],[-86.496,-252.828],[-52.79,-286.533],[-20.245,-259.998],[-33.055,-230.527]],"c":false}]},{"i":{"x":0.833,"y":0.833},"o":{"x":0.71,"y":0},"t":31,"s":[{"i":[[0,0],[0,0],[-18.611,0],[-3.924,-10.586],[0.031,-8.169]],"o":[[0,0],[0,-18.611],[18.611,0],[2.646,7.138],[0,0]],"v":[[-86.496,-219.914],[-86.496,-252.828],[-52.79,-286.533],[-21.835,-269.828],[-19.04,-246.245]],"c":false}]},{"i":{"x":0.667,"y":1},"o":{"x":0.167,"y":0.167},"t":46,"s":[{"i":[[0,0],[0,0],[-18.611,0],[-1.655,-15.226],[10.047,-8.233]],"o":[[0,0],[0,-18.611],[18.611,0],[1.116,13.772],[0,0]],"v":[[-86.496,-219.914],[-86.496,-252.828],[-52.79,-286.533],[-20.245,-259.998],[-33.056,-230.527]],"c":false}]},{"i":{"x":0.667,"y":1},"o":{"x":0.333,"y":0},"t":60,"s":[{"i":[[0,0],[0,0],[-18.611,0],[0,-20.325],[15.531,-6.75]],"o":[[0,0],[0,-18.611],[18.611,0],[0,20.325],[0,0]],"v":[[-86.496,-219.914],[-86.496,-252.828],[-52.79,-286.533],[-28.585,-249.894],[-52.79,-212.914]],"c":false}]},{"i":{"x":0.667,"y":1},"o":{"x":0.333,"y":0},"t":75,"s":[{"i":[[0,0],[0,0],[-18.611,0],[-1.084,-17.564],[15.896,-2.951]],"o":[[0,0],[0,-18.611],[18.611,0],[0.55,15.833],[0,0]],"v":[[-86.496,-219.914],[-86.496,-252.828],[-52.79,-286.533],[-19.514,-255.891],[-45.684,-222.308]],"c":false}]},{"t":90,"s":[{"i":[[0,0],[0,0],[-18.611,0],[0,-18.611],[18.611,0]],"o":[[0,0],[0,-18.611],[18.611,0],[0,18.611],[0,0]],"v":[[-86.496,-219.914],[-86.496,-252.828],[-52.79,-286.533],[-19.085,-252.828],[-52.79,-219.122]],"c":false}]}],"ix":2},"nm":"Path 3","mn":"ADBE Vector Shape - Group","hd":false},{"ind":1,"ty":"sh","ix":2,"ks":{"a":1,"k":[{"i":{"x":0.833,"y":0.833},"o":{"x":0.333,"y":0},"t":0,"s":[{"i":[[0,0],[0,0],[0,-18.611],[18.611,0],[0,0]],"o":[[0,0],[18.611,0],[0,18.611],[0,0],[0,0]],"v":[[-52.79,-286.533],[157.05,-286.533],[190.755,-252.828],[157.05,-219.122],[-52.79,-219.122]],"c":false}]},{"i":{"x":0.29,"y":1},"o":{"x":0.167,"y":0.167},"t":10,"s":[{"i":[[0,0],[0,0],[-2.259,-15.105],[8.957,-6.733],[0,0]],"o":[[0,0],[18.611,0],[1.681,13.994],[0,0],[0,0]],"v":[[-52.79,-286.533],[157.05,-286.533],[189.279,-259.998],[176.784,-230.527],[-33.055,-230.527]],"c":false}]},{"i":{"x":0.833,"y":0.833},"o":{"x":0.71,"y":0},"t":31,"s":[{"i":[[0,0],[0,0],[-5.357,-10.299],[-0.058,-7.791],[0,0]],"o":[[0,0],[18.611,0],[3.986,7.664],[0,0],[0,0]],"v":[[-52.79,-286.533],[157.05,-286.533],[187.255,-269.828],[190.8,-246.245],[-19.04,-246.245]],"c":false}]},{"i":{"x":0.667,"y":1},"o":{"x":0.167,"y":0.167},"t":46,"s":[{"i":[[0,0],[0,0],[-2.259,-15.105],[8.957,-6.733],[0,0]],"o":[[0,0],[18.611,0],[1.681,13.994],[0,0],[0,0]],"v":[[-52.79,-286.533],[157.05,-286.533],[189.279,-259.998],[176.784,-230.527],[-33.055,-230.527]],"c":false}]},{"i":{"x":0.667,"y":1},"o":{"x":0.333,"y":0},"t":60,"s":[{"i":[[0,0],[0,0],[0,-20.325],[11.191,-0.25],[0,0]],"o":[[0,0],[18.611,0],[0,20.325],[0,0],[0,0]],"v":[[-52.79,-286.533],[157.05,-286.533],[181.255,-249.894],[157.05,-212.914],[-52.79,-212.914]],"c":false}]},{"i":{"x":0.667,"y":1},"o":{"x":0.333,"y":0},"t":75,"s":[{"i":[[0,0],[0,0],[-0.8,-16.339],[15.752,-2.583],[0,0]],"o":[[0,0],[18.611,0],[0.954,16.78],[0,0],[0,0]],"v":[[-52.79,-286.533],[157.05,-286.533],[190.142,-255.891],[164.156,-222.308],[-45.684,-222.308]],"c":false}]},{"t":90,"s":[{"i":[[0,0],[0,0],[0,-18.611],[18.611,0],[0,0]],"o":[[0,0],[18.611,0],[0,18.611],[0,0],[0,0]],"v":[[-52.79,-286.533],[157.05,-286.533],[190.755,-252.828],[157.05,-219.122],[-52.79,-219.122]],"c":false}]}],"ix":2},"nm":"Path 4","mn":"ADBE Vector Shape - Group","hd":false},{"ty":"st","c":{"a":0,"k":[0.071,0.075,0.192,1],"ix":3,"x":"var $bm_rt;\n$bm_rt = comp('wired-outline-1483-parchment').layer('control').effect('primary')('Color');"},"o":{"a":0,"k":100,"ix":4},"w":{"a":0,"k":12.04,"ix":5,"x":"var $bm_rt;\n$bm_rt = $bm_mul($bm_div(value, 2), comp('wired-outline-1483-parchment').layer('control').effect('stroke')('Menu'));"},"lc":2,"lj":2,"bm":0,"nm":".primary","mn":"ADBE Vector Graphic - Stroke","hd":false,"cl":"primary"},{"ty":"tr","p":{"a":0,"k":[215.509,376.414],"ix":2},"a":{"a":0,"k":[0,0],"ix":1},"s":{"a":0,"k":[100,100],"ix":3},"r":{"a":0,"k":0,"ix":6},"o":{"a":0,"k":100,"ix":7},"sk":{"a":0,"k":0,"ix":4},"sa":{"a":0,"k":0,"ix":5},"nm":"Transform"}],"nm":"Group 1","np":3,"cix":2,"bm":0,"ix":1,"mn":"ADBE Vector Group","hd":false}],"ip":0,"op":844,"st":0,"ct":1,"bm":0},{"ddd":0,"ind":3,"ty":4,"nm":"Paper-middle","sr":1,"ks":{"o":{"a":0,"k":100,"ix":11},"r":{"a":1,"k":[{"i":{"x":[0.29],"y":[1]},"o":{"x":[0.333],"y":[0]},"t":0,"s":[0]},{"i":{"x":[0.667],"y":[1]},"o":{"x":[0.71],"y":[0]},"t":31,"s":[9]},{"i":{"x":[0.667],"y":[1]},"o":{"x":[0.333],"y":[0]},"t":60,"s":[-4]},{"t":75,"s":[0]}],"ix":10},"p":{"a":1,"k":[{"i":{"x":0.29,"y":1},"o":{"x":0.333,"y":0},"t":0,"s":[215,215,0],"to":[0.167,0.333,0],"ti":[0,0,0]},{"i":{"x":0.667,"y":1},"o":{"x":0.71,"y":0},"t":31,"s":[216,217,0],"to":[0,0,0],"ti":[0.167,0.333,0]},{"t":60,"s":[215,215,0]}],"ix":2,"l":2},"a":{"a":0,"k":[250,250,0],"ix":1,"l":2},"s":{"a":0,"k":[100,100,100],"ix":6,"l":2}},"ao":0,"shapes":[{"ty":"gr","it":[{"ind":0,"ty":"sh","ix":1,"ks":{"a":1,"k":[{"i":{"x":0.833,"y":0.833},"o":{"x":0.71,"y":0},"t":0,"s":[{"i":[[0,0],[0,0],[0,0],[0,0],[0,0]],"o":[[0,0],[0,0],[0,0],[0,0],[0,0]],"v":[[155.478,-219.122],[155.478,-80.94],[132.476,-68.444],[155.478,-55.444],[155.478,-33.914]],"c":false}]},{"i":{"x":0.29,"y":1},"o":{"x":0.167,"y":0.167},"t":10,"s":[{"i":[[0,0],[0,0],[0,0],[0,0],[0,0]],"o":[[0,0],[0,0],[0,0],[0,0],[0,0]],"v":[[155.429,-241.652],[155.478,-80.94],[132.476,-68.444],[155.478,-55.444],[155.457,-22.649]],"c":false}]},{"i":{"x":0.833,"y":0.833},"o":{"x":0.71,"y":0},"t":31,"s":[{"i":[[0,0],[0,0],[0,0],[0,0],[0,0]],"o":[[0,0],[0,0],[0,0],[0,0],[0,0]],"v":[[155.465,-274.622],[155.478,-80.94],[132.476,-68.444],[155.478,-55.444],[155.482,-1.914]],"c":false}]},{"i":{"x":0.667,"y":1},"o":{"x":0.167,"y":0.167},"t":46,"s":[{"i":[[0,0],[0,0],[0,0],[0,0],[0,0]],"o":[[0,0],[0,0],[0,0],[0,0],[0,0]],"v":[[155.358,-247.652],[155.478,-80.94],[132.476,-68.444],[155.478,-55.444],[155.414,-15.149]],"c":false}]},{"i":{"x":0.667,"y":1},"o":{"x":0.333,"y":0},"t":60,"s":[{"i":[[0,0],[0,0],[0,0],[0,0],[0,0]],"o":[[0,0],[0,0],[0,0],[0,0],[0,0]],"v":[[155.456,-203.122],[155.478,-80.94],[132.476,-68.444],[155.478,-55.444],[155.478,-33.914]],"c":false}]},{"i":{"x":0.667,"y":1},"o":{"x":0.333,"y":0},"t":75,"s":[{"i":[[0,0],[0,0],[0,0],[0,0],[0,0]],"o":[[0,0],[0,0],[0,0],[0,0],[0,0]],"v":[[155.456,-225.622],[155.478,-80.94],[132.476,-68.444],[155.478,-55.444],[155.478,-33.914]],"c":false}]},{"t":90,"s":[{"i":[[0,0],[0,0],[0,0],[0,0],[0,0]],"o":[[0,0],[0,0],[0,0],[0,0],[0,0]],"v":[[155.478,-219.122],[155.478,-80.94],[132.476,-68.444],[155.478,-55.444],[155.478,-33.914]],"c":false}]}],"ix":2},"nm":"Path 2","mn":"ADBE Vector Shape - Group","hd":false},{"ind":1,"ty":"sh","ix":2,"ks":{"a":1,"k":[{"i":{"x":0.833,"y":0.833},"o":{"x":0.71,"y":0},"t":0,"s":[{"i":[[0,0],[0,0]],"o":[[0,0],[0,0]],"v":[[-86.496,-33.602],[-86.496,-219.914]],"c":false}]},{"i":{"x":0.29,"y":1},"o":{"x":0.167,"y":0.167},"t":10,"s":[{"i":[[0,0],[0,0]],"o":[[0,0],[0,0]],"v":[[-86.477,-20.073],[-86.483,-231.031]],"c":false}]},{"i":{"x":0.833,"y":0.833},"o":{"x":0.71,"y":0},"t":31,"s":[{"i":[[0,0],[0,0]],"o":[[0,0],[0,0]],"v":[[-86.483,21.898],[-86.491,-246.414]],"c":false}]},{"i":{"x":0.667,"y":1},"o":{"x":0.167,"y":0.167},"t":46,"s":[{"i":[[0,0],[0,0]],"o":[[0,0],[0,0]],"v":[[-86.453,-6.073],[-86.467,-239.031]],"c":false}]},{"i":{"x":0.667,"y":1},"o":{"x":0.333,"y":0},"t":60,"s":[{"i":[[0,0],[0,0]],"o":[[0,0],[0,0]],"v":[[-86.491,-50.602],[-86.496,-219.914]],"c":false}]},{"i":{"x":0.667,"y":1},"o":{"x":0.333,"y":0},"t":75,"s":[{"i":[[0,0],[0,0]],"o":[[0,0],[0,0]],"v":[[-86.491,-27.102],[-86.496,-219.914]],"c":false}]},{"t":90,"s":[{"i":[[0,0],[0,0]],"o":[[0,0],[0,0]],"v":[[-86.496,-33.602],[-86.496,-219.914]],"c":false}]}],"ix":2},"nm":"Path 3","mn":"ADBE Vector Shape - Group","hd":false},{"ty":"st","c":{"a":0,"k":[0.071,0.075,0.192,1],"ix":3,"x":"var $bm_rt;\n$bm_rt = comp('wired-outline-1483-parchment').layer('control').effect('primary')('Color');"},"o":{"a":0,"k":100,"ix":4},"w":{"a":0,"k":12.04,"ix":5,"x":"var $bm_rt;\n$bm_rt = $bm_mul($bm_div(value, 2), comp('wired-outline-1483-parchment').layer('control').effect('stroke')('Menu'));"},"lc":2,"lj":2,"bm":0,"nm":".primary","mn":"ADBE Vector Graphic - Stroke","hd":false,"cl":"primary"},{"ty":"tr","p":{"a":0,"k":[215.509,376.414],"ix":2},"a":{"a":0,"k":[0,0],"ix":1},"s":{"a":0,"k":[100,100],"ix":3},"r":{"a":0,"k":0,"ix":6},"o":{"a":0,"k":100,"ix":7},"sk":{"a":0,"k":0,"ix":4},"sa":{"a":0,"k":0,"ix":5},"nm":"Transform"}],"nm":"Group 1","np":3,"cix":2,"bm":0,"ix":1,"mn":"ADBE Vector Group","hd":false},{"ty":"gr","it":[{"ind":0,"ty":"sh","ix":1,"ks":{"a":0,"k":{"i":[[0,0],[0,0]],"o":[[0,0],[0,0]],"v":[[18.775,0],[-18.775,0]],"c":false},"ix":2},"nm":"Path 1","mn":"ADBE Vector Shape - Group","hd":false},{"ind":1,"ty":"sh","ix":2,"ks":{"a":0,"k":{"i":[[0,0],[0,0]],"o":[[0,0],[0,0]],"v":[[-47.974,0],[-118.73,0]],"c":false},"ix":2},"nm":"Path 2","mn":"ADBE Vector Shape - Group","hd":false},{"ind":2,"ty":"sh","ix":3,"ks":{"a":0,"k":{"i":[[0,0],[0,0]],"o":[[0,0],[0,0]],"v":[[18.775,-42.062],[-118.73,-42.062]],"c":false},"ix":2},"nm":"Path 3","mn":"ADBE Vector Shape - Group","hd":false},{"ind":3,"ty":"sh","ix":4,"ks":{"a":0,"k":{"i":[[0,0],[0,0]],"o":[[0,0],[0,0]],"v":[[18.775,-84.124],[-118.73,-84.124]],"c":false},"ix":2},"nm":"Path 4","mn":"ADBE Vector Shape - Group","hd":false},{"ty":"st","c":{"a":0,"k":[0.031,0.659,0.541,1],"ix":3,"x":"var $bm_rt;\n$bm_rt = comp('wired-outline-1483-parchment').layer('control').effect('secondary')('Color');"},"o":{"a":0,"k":100,"ix":4},"w":{"a":0,"k":12.04,"ix":5,"x":"var $bm_rt;\n$bm_rt = $bm_mul($bm_div(value, 2), comp('wired-outline-1483-parchment').layer('control').effect('stroke')('Menu'));"},"lc":2,"lj":2,"bm":0,"nm":".secondary","mn":"ADBE Vector Graphic - Stroke","hd":false,"cl":"secondary"},{"ty":"tr","p":{"a":0,"k":[299.978,292.062],"ix":2},"a":{"a":0,"k":[0,0],"ix":1},"s":{"a":0,"k":[100,100],"ix":3},"r":{"a":0,"k":0,"ix":6},"o":{"a":0,"k":100,"ix":7},"sk":{"a":0,"k":0,"ix":4},"sa":{"a":0,"k":0,"ix":5},"nm":"Transform"}],"nm":"Group 2","np":5,"cix":2,"bm":0,"ix":2,"mn":"ADBE Vector Group","hd":false}],"ip":0,"op":844,"st":0,"ct":1,"bm":0}]}],"layers":[{"ddd":0,"ind":1,"ty":3,"nm":"control","sr":1,"ks":{"o":{"a":0,"k":0,"ix":11},"r":{"a":0,"k":0,"ix":10},"p":{"a":0,"k":[0,0],"ix":2,"l":2},"a":{"a":0,"k":[0,0,0],"ix":1,"l":2},"s":{"a":0,"k":[100,100,100],"ix":6,"l":2}},"ao":0,"ef":[{"ty":5,"nm":"stroke","np":3,"mn":"Pseudo/@@xJKamB0yR0WtOJow630uvA","ix":1,"en":1,"ef":[{"ty":7,"nm":"Menu","mn":"Pseudo/@@xJKamB0yR0WtOJow630uvA-0001","ix":1,"v":{"a":0,"k":2,"ix":1}}]},{"ty":5,"nm":"primary","np":3,"mn":"ADBE Color Control","ix":2,"en":1,"ef":[{"ty":2,"nm":"Color","mn":"ADBE Color Control-0001","ix":1,"v":{"a":0,"k":[0.071,0.075,0.192],"ix":1}}]},{"ty":5,"nm":"secondary","np":3,"mn":"ADBE Color Control","ix":3,"en":1,"ef":[{"ty":2,"nm":"Color","mn":"ADBE Color Control-0001","ix":1,"v":{"a":0,"k":[0.031,0.659,0.541],"ix":1}}]}],"ip":0,"op":191,"st":0,"bm":0},{"ddd":0,"ind":2,"ty":0,"nm":"in-reveal","refId":"comp_0","sr":1,"ks":{"o":{"a":0,"k":100,"ix":11},"r":{"a":0,"k":0,"ix":10},"p":{"a":0,"k":[215,215,0],"ix":2,"l":2},"a":{"a":0,"k":[215,215,0],"ix":1,"l":2},"s":{"a":0,"k":[100,100,100],"ix":6,"l":2}},"ao":0,"w":430,"h":430,"ip":0,"op":100,"st":0,"bm":0},{"ddd":0,"ind":3,"ty":0,"nm":"hover-pinch","refId":"comp_1","sr":1,"ks":{"o":{"a":0,"k":100,"ix":11},"r":{"a":0,"k":0,"ix":10},"p":{"a":0,"k":[215,215,0],"ix":2,"l":2},"a":{"a":0,"k":[215,215,0],"ix":1,"l":2},"s":{"a":0,"k":[100,100,100],"ix":6,"l":2}},"ao":0,"w":430,"h":430,"ip":100,"op":200,"st":100,"bm":0}],"markers":[{"tm":0,"cm":"in-reveal","dr":90},{"tm":100,"cm":"default:hover-pinch","dr":90}],"props":{}}