{"v":"5.12.1","fr":60,"ip":100,"op":220,"w":430,"h":430,"nm":"wired-outline-994-sticky-notes","ddd":0,"assets":[{"id":"comp_0","nm":"in-reveal","fr":60,"layers":[{"ddd":0,"ind":1,"ty":4,"nm":"Sticky-note-1","sr":1,"ks":{"o":{"a":0,"k":100,"ix":11},"r":{"a":0,"k":6,"ix":10},"p":{"a":0,"k":[163.646,62.449,0],"ix":2,"l":2},"a":{"a":0,"k":[189.646,97.449,0],"ix":1,"l":2},"s":{"a":1,"k":[{"i":{"x":[0.444,0.433,0.667],"y":[1,1,1]},"o":{"x":[0.333,0.333,0.333],"y":[0,0,0]},"t":25.809,"s":[100,100,100]},{"i":{"x":[0.667,0.667,0.667],"y":[1,1,1]},"o":{"x":[0.333,0.333,0.333],"y":[0,0,0]},"t":44.531,"s":[99,106,100]},{"i":{"x":[0.667,0.667,0.667],"y":[1,1,1]},"o":{"x":[0.167,0.167,0.167],"y":[0,0,0]},"t":76.627,"s":[100,99,100]},{"t":90,"s":[100,100,100]}],"ix":6,"l":2}},"ao":0,"shapes":[{"ty":"gr","it":[{"ty":"gr","it":[{"ty":"gr","it":[{"ind":0,"ty":"sh","ix":1,"ks":{"a":0,"k":{"i":[[0,0],[0,0]],"o":[[0,0],[0,0]],"v":[[-44.725,-4.419],[44.725,4.419]],"c":false},"ix":2},"nm":"Path 1","mn":"ADBE Vector Shape - Group","hd":false},{"ty":"tm","s":{"a":0,"k":0,"ix":1},"e":{"a":1,"k":[{"i":{"x":[0.515],"y":[1]},"o":{"x":[0.167],"y":[0.167]},"t":31.158,"s":[0]},{"t":57.904296875,"s":[100]}],"ix":2},"o":{"a":0,"k":0,"ix":3},"m":1,"ix":2,"nm":"Trim Paths 1","mn":"ADBE Vector Filter - Trim","hd":false},{"ty":"st","c":{"a":0,"k":[0.071,0.075,0.192,1],"ix":3,"x":"var $bm_rt;\n$bm_rt = comp('wired-outline-994-sticky-notes').layer('control').effect('primary')('Color');"},"o":{"a":0,"k":100,"ix":4},"w":{"a":0,"k":12.04,"ix":5,"x":"var $bm_rt;\n$bm_rt = $bm_mul($bm_div(value, 2), comp('wired-outline-994-sticky-notes').layer('control').effect('stroke')('Menu'));"},"lc":2,"lj":2,"bm":0,"nm":".primary","mn":"ADBE Vector Graphic - Stroke","hd":false,"cl":"primary"},{"ty":"tr","p":{"a":0,"k":[191.876,190.33],"ix":2},"a":{"a":0,"k":[0,0],"ix":1},"s":{"a":0,"k":[100,100],"ix":3},"r":{"a":0,"k":0,"ix":6},"o":{"a":0,"k":100,"ix":7},"sk":{"a":0,"k":0,"ix":4},"sa":{"a":0,"k":0,"ix":5},"nm":"Transform"}],"nm":"Group 2","np":3,"cix":2,"bm":0,"ix":1,"mn":"ADBE Vector Group","hd":false},{"ty":"gr","it":[{"ind":0,"ty":"sh","ix":1,"ks":{"a":0,"k":{"i":[[0,0],[0,0]],"o":[[0,0],[0,0]],"v":[[-41.091,-41.2],[48.359,-32.362]],"c":false},"ix":2},"nm":"Path 2","mn":"ADBE Vector Shape - Group","hd":false},{"ty":"st","c":{"a":0,"k":[0.071,0.075,0.192,1],"ix":3,"x":"var $bm_rt;\n$bm_rt = comp('wired-outline-994-sticky-notes').layer('control').effect('primary')('Color');"},"o":{"a":0,"k":100,"ix":4},"w":{"a":0,"k":12.04,"ix":5,"x":"var $bm_rt;\n$bm_rt = $bm_mul($bm_div(value, 2), comp('wired-outline-994-sticky-notes').layer('control').effect('stroke')('Menu'));"},"lc":2,"lj":2,"bm":0,"nm":".primary","mn":"ADBE Vector Graphic - Stroke","hd":false,"cl":"primary"},{"ty":"tm","s":{"a":0,"k":0,"ix":1},"e":{"a":1,"k":[{"i":{"x":[0.515],"y":[1]},"o":{"x":[0.167],"y":[0.167]},"t":21.35,"s":[0]},{"t":48.095703125,"s":[100]}],"ix":2},"o":{"a":0,"k":0,"ix":3},"m":1,"ix":3,"nm":"Trim Paths 1","mn":"ADBE Vector Filter - Trim","hd":false},{"ty":"tr","p":{"a":0,"k":[191.876,190.33],"ix":2},"a":{"a":0,"k":[0,0],"ix":1},"s":{"a":0,"k":[100,100],"ix":3},"r":{"a":0,"k":0,"ix":6},"o":{"a":0,"k":100,"ix":7},"sk":{"a":0,"k":0,"ix":4},"sa":{"a":0,"k":0,"ix":5},"nm":"Transform"}],"nm":"Group 1","np":3,"cix":2,"bm":0,"ix":2,"mn":"ADBE Vector Group","hd":false},{"ty":"tr","p":{"a":0,"k":[195.51,153.549],"ix":2},"a":{"a":0,"k":[195.51,153.549],"ix":1},"s":{"a":0,"k":[100,100],"ix":3},"r":{"a":0,"k":0,"ix":6},"o":{"a":0,"k":100,"ix":7},"sk":{"a":0,"k":0,"ix":4},"sa":{"a":0,"k":0,"ix":5},"nm":"Transform"}],"nm":"Group 1","np":2,"cix":2,"bm":0,"ix":1,"mn":"ADBE Vector Group","hd":false},{"ty":"gr","it":[{"ty":"gr","it":[{"ind":0,"ty":"sh","ix":1,"ks":{"a":1,"k":[{"i":{"x":0.833,"y":0.833},"o":{"x":0.167,"y":0.167},"t":16,"s":[{"i":[[0,0],[-1.007,-0.116],[0,0],[0,0]],"o":[[0,0],[46.769,4.916],[-0.273,-0.036],[0,0]],"v":[[-83.819,-100.982],[-82.659,-100.829],[102.436,-81.375],[102.383,-81.411]],"c":true}]},{"i":{"x":0.276,"y":1},"o":{"x":0.109,"y":0.122},"t":24.023,"s":[{"i":[[0,0],[2.063,-29.323],[0,0],[0,0]],"o":[[0,0],[46.754,5.057],[2.519,-20.023],[0,0]],"v":[[-83.875,-100.453],[-91.638,-15.404],[93.502,3.625],[102.383,-81.411]],"c":true}]},{"i":{"x":0.379,"y":1},"o":{"x":0.167,"y":0},"t":42.746,"s":[{"i":[[0,0],[20.528,-54.816],[0,0],[0,0]],"o":[[0,0],[44.56,9.782],[19.03,-46.517],[0,0]],"v":[[-83.941,-99.821],[-117.496,73.109],[64.82,107.354],[102.383,-81.411]],"c":true}]},{"t":87.326171875,"s":[{"i":[[0,0],[5.737,-64.275],[0,0],[0,0]],"o":[[0,0],[46.737,5.225],[5.86,-43.942],[0,0]],"v":[[-83.941,-99.821],[-102.383,86.826],[82.811,105.348],[102.383,-81.411]],"c":true}]}],"ix":2},"nm":"Path 1","mn":"ADBE Vector Shape - Group","hd":false},{"ty":"tm","s":{"a":0,"k":0,"ix":1},"e":{"a":1,"k":[{"t":37.396,"s":[100],"h":1},{"t":42.74609375,"s":[85.4],"h":1}],"ix":2},"o":{"a":0,"k":206,"ix":3},"m":1,"ix":2,"nm":"Trim Paths 1","mn":"ADBE Vector Filter - Trim","hd":false},{"ty":"st","c":{"a":0,"k":[0.031,0.659,0.541,1],"ix":3,"x":"var $bm_rt;\n$bm_rt = comp('wired-outline-994-sticky-notes').layer('control').effect('secondary')('Color');"},"o":{"a":0,"k":100,"ix":4},"w":{"a":0,"k":12.04,"ix":5,"x":"var $bm_rt;\n$bm_rt = $bm_mul($bm_div(value, 2), comp('wired-outline-994-sticky-notes').layer('control').effect('stroke')('Menu'));"},"lc":2,"lj":2,"bm":0,"nm":".secondary","mn":"ADBE Vector Graphic - Stroke","hd":false,"cl":"secondary"},{"ty":"tr","p":{"a":0,"k":[191.646,189.949],"ix":2},"a":{"a":0,"k":[0,0],"ix":1},"s":{"a":0,"k":[100,100],"ix":3},"r":{"a":0,"k":0,"ix":6},"o":{"a":0,"k":100,"ix":7},"sk":{"a":0,"k":0,"ix":4},"sa":{"a":0,"k":0,"ix":5},"nm":"Transform"}],"nm":"Group 2","np":3,"cix":2,"bm":0,"ix":1,"mn":"ADBE Vector Group","hd":false},{"ty":"gr","it":[{"ind":0,"ty":"sh","ix":1,"ks":{"a":1,"k":[{"i":{"x":0.833,"y":0.833},"o":{"x":0.333,"y":0},"t":43,"s":[{"i":[[0,0],[-0.008,-0.007],[31.999,4.415]],"o":[[-4.585,30.428],[-0.008,-0.007],[0,0]],"v":[[21.445,-24.259],[5.67,35.176],[-42.047,26.944]],"c":false}]},{"i":{"x":0.349,"y":1},"o":{"x":0.167,"y":0.167},"t":57.904,"s":[{"i":[[0,0],[0.003,0.004],[9.407,-7.967]],"o":[[-15.704,12.565],[-0.003,-0.004],[0,0]],"v":[[24.821,-21.994],[-6.793,7.438],[-31.32,27.603]],"c":false}]},{"t":73.951171875,"s":[{"i":[[0,0],[0,0],[0,0]],"o":[[0,0],[0,0],[0,0]],"v":[[29.919,-21.964],[-24.693,-27.401],[-30.108,27.401]],"c":false}]}],"ix":2},"nm":"Path 1","mn":"ADBE Vector Shape - Group","hd":false},{"ty":"st","c":{"a":0,"k":[0.031,0.659,0.541,1],"ix":3,"x":"var $bm_rt;\n$bm_rt = comp('wired-outline-994-sticky-notes').layer('control').effect('secondary')('Color');"},"o":{"a":0,"k":100,"ix":4},"w":{"a":0,"k":12.04,"ix":5,"x":"var $bm_rt;\n$bm_rt = $bm_mul($bm_div(value, 2), comp('wired-outline-994-sticky-notes').layer('control').effect('stroke')('Menu'));"},"lc":2,"lj":2,"bm":0,"nm":".secondary","mn":"ADBE Vector Graphic - Stroke","hd":false,"cl":"secondary"},{"ty":"tr","p":{"a":0,"k":[250.894,262.369],"ix":2},"a":{"a":0,"k":[0,0],"ix":1},"s":{"a":0,"k":[100,100],"ix":3},"r":{"a":0,"k":0,"ix":6},"o":{"a":1,"k":[{"t":37.396,"s":[0],"h":1},{"t":42.74609375,"s":[100],"h":1}],"ix":7},"sk":{"a":0,"k":0,"ix":4},"sa":{"a":0,"k":0,"ix":5},"nm":"Transform"}],"nm":"Group 3","np":2,"cix":2,"bm":0,"ix":2,"mn":"ADBE Vector Group","hd":false},{"ty":"gr","it":[{"ind":0,"ty":"sh","ix":1,"ks":{"a":1,"k":[{"i":{"x":0.833,"y":0.833},"o":{"x":0.333,"y":0},"t":42.746,"s":[{"i":[[0,0],[0,0]],"o":[[0,0],[0,0]],"v":[[-33.718,27.434],[25.48,-24.466]],"c":false}]},{"i":{"x":0.349,"y":1},"o":{"x":0.167,"y":0.167},"t":57.904,"s":[{"i":[[0,0],[0,0]],"o":[[0,0],[0,0]],"v":[[-31.313,27.586],[24.814,-21.996]],"c":false}]},{"t":73.951171875,"s":[{"i":[[0,0],[0,0]],"o":[[0,0],[0,0]],"v":[[-29.969,26.949],[29.867,-21.961]],"c":false}]}],"ix":2},"nm":"Path 1","mn":"ADBE Vector Shape - Group","hd":false},{"ty":"st","c":{"a":0,"k":[0.031,0.659,0.541,1],"ix":3,"x":"var $bm_rt;\n$bm_rt = comp('wired-outline-994-sticky-notes').layer('control').effect('secondary')('Color');"},"o":{"a":0,"k":100,"ix":4},"w":{"a":0,"k":12.04,"ix":5,"x":"var $bm_rt;\n$bm_rt = $bm_mul($bm_div(value, 2), comp('wired-outline-994-sticky-notes').layer('control').effect('stroke')('Menu'));"},"lc":2,"lj":2,"bm":0,"nm":".secondary","mn":"ADBE Vector Graphic - Stroke","hd":false,"cl":"secondary"},{"ty":"tr","p":{"a":0,"k":[250.894,262.369],"ix":2},"a":{"a":0,"k":[0,0],"ix":1},"s":{"a":0,"k":[100,100],"ix":3},"r":{"a":0,"k":0,"ix":6},"o":{"a":1,"k":[{"t":37.396,"s":[0],"h":1},{"t":57.904296875,"s":[100],"h":1}],"ix":7},"sk":{"a":0,"k":0,"ix":4},"sa":{"a":0,"k":0,"ix":5},"nm":"Transform"}],"nm":"Group 1","np":2,"cix":2,"bm":0,"ix":3,"mn":"ADBE Vector Group","hd":false},{"ty":"tr","p":{"a":0,"k":[191.646,189.949],"ix":2},"a":{"a":0,"k":[191.646,189.949],"ix":1},"s":{"a":0,"k":[100,100],"ix":3},"r":{"a":0,"k":0,"ix":6},"o":{"a":0,"k":100,"ix":7},"sk":{"a":0,"k":0,"ix":4},"sa":{"a":0,"k":0,"ix":5},"nm":"Transform"}],"nm":"Group 2","np":3,"cix":2,"bm":0,"ix":2,"mn":"ADBE Vector Group","hd":false},{"ty":"tr","p":{"a":0,"k":[191.646,189.949],"ix":2},"a":{"a":0,"k":[191.646,189.949],"ix":1},"s":{"a":0,"k":[100,100],"ix":3},"r":{"a":0,"k":-6,"ix":6},"o":{"a":0,"k":100,"ix":7},"sk":{"a":0,"k":0,"ix":4},"sa":{"a":0,"k":0,"ix":5},"nm":"Transform"}],"nm":"Group 1","np":2,"cix":2,"bm":0,"ix":1,"mn":"ADBE Vector Group","hd":false}],"ip":17,"op":860,"st":16,"ct":1,"bm":0},{"ddd":0,"ind":2,"ty":4,"nm":"mask-1","td":1,"sr":1,"ks":{"o":{"a":0,"k":100,"ix":11},"r":{"a":0,"k":6,"ix":10},"p":{"a":0,"k":[163.646,62.449,0],"ix":2,"l":2},"a":{"a":0,"k":[189.646,97.449,0],"ix":1,"l":2},"s":{"a":1,"k":[{"i":{"x":[0.444,0.433,0.667],"y":[1,1,1]},"o":{"x":[0.333,0.333,0.333],"y":[0,0,0]},"t":25.809,"s":[100,100,100]},{"i":{"x":[0.667,0.667,0.667],"y":[1,1,1]},"o":{"x":[0.333,0.333,0.333],"y":[0,0,0]},"t":44.531,"s":[99,106,100]},{"i":{"x":[0.667,0.667,0.667],"y":[1,1,1]},"o":{"x":[0.167,0.167,0.167],"y":[0,0,0]},"t":76.627,"s":[100,99,100]},{"t":90,"s":[100,100,100]}],"ix":6,"l":2}},"ao":0,"shapes":[{"ty":"gr","it":[{"ty":"gr","it":[{"ty":"gr","it":[{"ind":0,"ty":"sh","ix":1,"ks":{"a":1,"k":[{"i":{"x":0.833,"y":0.833},"o":{"x":0.167,"y":0.167},"t":16,"s":[{"i":[[0,0],[-1.007,-0.116],[0,0],[0,0]],"o":[[0,0],[46.769,4.916],[-0.273,-0.036],[0,0]],"v":[[-83.819,-100.982],[-82.659,-100.829],[102.436,-81.375],[102.383,-81.411]],"c":true}]},{"i":{"x":0.276,"y":1},"o":{"x":0.109,"y":0.122},"t":24.023,"s":[{"i":[[0,0],[2.063,-29.323],[0,0],[0,0]],"o":[[0,0],[46.754,5.057],[2.519,-20.023],[0,0]],"v":[[-83.875,-100.453],[-91.638,-15.404],[93.502,3.625],[102.383,-81.411]],"c":true}]},{"i":{"x":0.379,"y":1},"o":{"x":0.167,"y":0},"t":42.746,"s":[{"i":[[0,0],[20.528,-54.816],[0,0],[0,0]],"o":[[0,0],[44.56,9.782],[19.03,-46.517],[0,0]],"v":[[-83.941,-99.821],[-117.496,73.109],[64.82,107.354],[102.383,-81.411]],"c":true}]},{"t":87.326171875,"s":[{"i":[[0,0],[5.737,-64.275],[0,0],[0,0]],"o":[[0,0],[46.737,5.225],[5.86,-43.942],[0,0]],"v":[[-83.941,-99.821],[-102.383,86.826],[82.811,105.348],[102.383,-81.411]],"c":true}]}],"ix":2},"nm":"Path 1","mn":"ADBE Vector Shape - Group","hd":false},{"ty":"tm","s":{"a":0,"k":0,"ix":1},"e":{"a":1,"k":[{"t":37.396,"s":[100],"h":1},{"t":56.119,"s":[90],"h":1},{"t":59.685546875,"s":[85.4],"h":1}],"ix":2},"o":{"a":0,"k":206,"ix":3},"m":1,"ix":2,"nm":"Trim Paths 1","mn":"ADBE Vector Filter - Trim","hd":false},{"ty":"tr","p":{"a":0,"k":[191.646,189.949],"ix":2},"a":{"a":0,"k":[0,0],"ix":1},"s":{"a":0,"k":[100,100],"ix":3},"r":{"a":0,"k":0,"ix":6},"o":{"a":0,"k":100,"ix":7},"sk":{"a":0,"k":0,"ix":4},"sa":{"a":0,"k":0,"ix":5},"nm":"Transform"}],"nm":"Group 2","np":2,"cix":2,"bm":0,"ix":1,"mn":"ADBE Vector Group","hd":false},{"ty":"gr","it":[{"ind":0,"ty":"sh","ix":1,"ks":{"a":1,"k":[{"t":16,"s":[{"i":[[0,0],[-0.007,-0.008],[-4.585,30.428]],"o":[[34.026,4.909],[0.007,0.008],[0,0]],"v":[[-362.834,-7.173],[-315.367,-0.422],[-303.763,-58.653]],"c":false}],"h":1},{"i":{"x":0.833,"y":0.833},"o":{"x":0.333,"y":0},"t":56.119,"s":[{"i":[[0,0],[-0.007,-0.008],[-4.585,30.428]],"o":[[34.026,4.909],[-0.007,-0.008],[0,0]],"v":[[-38.012,26.735],[13.736,34.168],[25.34,-24.063]],"c":false}]},{"i":{"x":0.349,"y":1},"o":{"x":0.167,"y":0.167},"t":71.277,"s":[{"i":[[0,0],[-0.004,-0.004],[-16.806,12.345]],"o":[[10.063,-7.832],[-0.004,-0.004],[0,0]],"v":[[-31.32,27.603],[-5.077,7.785],[28.717,-21.177]],"c":false}]},{"t":87.326171875,"s":[{"i":[[0,0],[0,0],[0,0]],"o":[[0,0],[0,0],[0,0]],"v":[[-30.108,27.401],[-24.693,-27.401],[29.919,-21.964]],"c":false}]}],"ix":2},"nm":"Path 1","mn":"ADBE Vector Shape - Group","hd":false},{"ty":"tr","p":{"a":0,"k":[250.894,262.369],"ix":2},"a":{"a":0,"k":[0,0],"ix":1},"s":{"a":0,"k":[100,100],"ix":3},"r":{"a":0,"k":0,"ix":6},"o":{"a":1,"k":[{"t":37.396,"s":[0],"h":1},{"t":56.119140625,"s":[100],"h":1}],"ix":7},"sk":{"a":0,"k":0,"ix":4},"sa":{"a":0,"k":0,"ix":5},"nm":"Transform"}],"nm":"Group 3","np":1,"cix":2,"bm":0,"ix":2,"mn":"ADBE Vector Group","hd":false},{"ty":"tr","p":{"a":0,"k":[191.646,189.949],"ix":2},"a":{"a":0,"k":[191.646,189.949],"ix":1},"s":{"a":0,"k":[100,100],"ix":3},"r":{"a":0,"k":0,"ix":6},"o":{"a":0,"k":100,"ix":7},"sk":{"a":0,"k":0,"ix":4},"sa":{"a":0,"k":0,"ix":5},"nm":"Transform"}],"nm":"Group 2","np":2,"cix":2,"bm":0,"ix":1,"mn":"ADBE Vector Group","hd":false},{"ty":"fl","c":{"a":0,"k":[1,0,0,1],"ix":4},"o":{"a":0,"k":100,"ix":5},"r":1,"bm":0,"nm":"Fill 1","mn":"ADBE Vector Graphic - Fill","hd":false},{"ty":"tr","p":{"a":0,"k":[191.646,189.949],"ix":2},"a":{"a":0,"k":[191.646,189.949],"ix":1},"s":{"a":0,"k":[100,100],"ix":3},"r":{"a":0,"k":-6,"ix":6},"o":{"a":0,"k":100,"ix":7},"sk":{"a":0,"k":0,"ix":4},"sa":{"a":0,"k":0,"ix":5},"nm":"Transform"}],"nm":"Group 1","np":2,"cix":2,"bm":0,"ix":1,"mn":"ADBE Vector Group","hd":false}],"ip":16,"op":860,"st":16,"ct":1,"bm":0},{"ddd":0,"ind":3,"ty":4,"nm":"Sticky-note-3","tt":2,"tp":2,"sr":1,"ks":{"o":{"a":0,"k":100,"ix":11},"r":{"a":0,"k":-4.7,"ix":10},"p":{"a":0,"k":[269.646,178.949,0],"ix":2,"l":2},"a":{"a":0,"k":[189.646,97.449,0],"ix":1,"l":2},"s":{"a":1,"k":[{"i":{"x":[0.444,0.433,0.667],"y":[1,1,1]},"o":{"x":[0.333,0.333,0.333],"y":[0,0,0]},"t":13.734,"s":[-100,100,100]},{"i":{"x":[0.667,0.667,0.667],"y":[1,1,1]},"o":{"x":[0.333,0.333,0.333],"y":[0,0,0]},"t":27.229,"s":[-99,106,100]},{"i":{"x":[0.667,0.667,0.667],"y":[1,1,1]},"o":{"x":[0.167,0.167,0.167],"y":[0,0,0]},"t":50.361,"s":[-100,99,100]},{"t":60,"s":[-100,100,100]}],"ix":6,"l":2}},"ao":0,"shapes":[{"ty":"gr","it":[{"ty":"gr","it":[{"ty":"gr","it":[{"ind":0,"ty":"sh","ix":1,"ks":{"a":1,"k":[{"i":{"x":0.833,"y":0.833},"o":{"x":0.167,"y":0.167},"t":6.666,"s":[{"i":[[0,0],[-1.007,-0.116],[0,0],[0,0]],"o":[[0,0],[46.769,4.916],[-0.273,-0.036],[0,0]],"v":[[-83.819,-100.982],[-82.659,-100.829],[102.436,-81.375],[102.383,-81.411]],"c":true}]},{"i":{"x":0.276,"y":1},"o":{"x":0.109,"y":0.17},"t":12.449,"s":[{"i":[[0,0],[2.063,-29.323],[0,0],[0,0]],"o":[[0,0],[46.754,5.057],[2.519,-20.023],[0,0]],"v":[[-83.875,-100.453],[-91.638,-15.404],[93.502,3.625],[102.383,-81.411]],"c":true}]},{"i":{"x":0.379,"y":1},"o":{"x":0.167,"y":0},"t":25.943,"s":[{"i":[[0,0],[20.528,-54.816],[0,0],[0,0]],"o":[[0,0],[44.56,9.782],[19.03,-46.517],[0,0]],"v":[[-83.941,-99.821],[-117.496,73.109],[64.82,107.354],[102.383,-81.411]],"c":true}]},{"t":58.072265625,"s":[{"i":[[0,0],[6.817,-64.177],[0,0],[0,0]],"o":[[0,0],[46.737,5.225],[4.545,-44.146],[0,0]],"v":[[-84.094,-99.981],[-102.871,86.314],[83.319,104.984],[102.226,-81.415]],"c":true}]}],"ix":2},"nm":"Path 1","mn":"ADBE Vector Shape - Group","hd":false},{"ty":"tm","s":{"a":0,"k":0,"ix":1},"e":{"a":0,"k":100,"ix":2},"o":{"a":0,"k":206,"ix":3},"m":1,"ix":2,"nm":"Trim Paths 1","mn":"ADBE Vector Filter - Trim","hd":false},{"ty":"st","c":{"a":0,"k":[0.071,0.075,0.192,1],"ix":3,"x":"var $bm_rt;\n$bm_rt = comp('wired-outline-994-sticky-notes').layer('control').effect('primary')('Color');"},"o":{"a":0,"k":100,"ix":4},"w":{"a":0,"k":12.04,"ix":5,"x":"var $bm_rt;\n$bm_rt = $bm_mul($bm_div(value, 2), comp('wired-outline-994-sticky-notes').layer('control').effect('stroke')('Menu'));"},"lc":2,"lj":2,"bm":0,"nm":".primary","mn":"ADBE Vector Graphic - Stroke","hd":false,"cl":"primary"},{"ty":"tr","p":{"a":0,"k":[191.646,189.949],"ix":2},"a":{"a":0,"k":[0,0],"ix":1},"s":{"a":0,"k":[100,100],"ix":3},"r":{"a":0,"k":0,"ix":6},"o":{"a":0,"k":100,"ix":7},"sk":{"a":0,"k":0,"ix":4},"sa":{"a":0,"k":0,"ix":5},"nm":"Transform"}],"nm":"Group 2","np":3,"cix":2,"bm":0,"ix":1,"mn":"ADBE Vector Group","hd":false},{"ty":"tr","p":{"a":0,"k":[191.646,189.949],"ix":2},"a":{"a":0,"k":[191.646,189.949],"ix":1},"s":{"a":0,"k":[100,100],"ix":3},"r":{"a":0,"k":0,"ix":6},"o":{"a":0,"k":100,"ix":7},"sk":{"a":0,"k":0,"ix":4},"sa":{"a":0,"k":0,"ix":5},"nm":"Transform"}],"nm":"Group 2","np":1,"cix":2,"bm":0,"ix":1,"mn":"ADBE Vector Group","hd":false},{"ty":"tr","p":{"a":0,"k":[191.646,189.949],"ix":2},"a":{"a":0,"k":[191.646,189.949],"ix":1},"s":{"a":0,"k":[100,100],"ix":3},"r":{"a":0,"k":-6,"ix":6},"o":{"a":0,"k":100,"ix":7},"sk":{"a":0,"k":0,"ix":4},"sa":{"a":0,"k":0,"ix":5},"nm":"Transform"}],"nm":"Group 1","np":1,"cix":2,"bm":0,"ix":1,"mn":"ADBE Vector Group","hd":false}],"ip":7,"op":844,"st":0,"ct":1,"bm":0},{"ddd":0,"ind":4,"ty":4,"nm":"mask-2","td":1,"sr":1,"ks":{"o":{"a":0,"k":100,"ix":11},"r":{"a":0,"k":6,"ix":10},"p":{"a":0,"k":[163.646,62.449,0],"ix":2,"l":2},"a":{"a":0,"k":[189.646,97.449,0],"ix":1,"l":2},"s":{"a":1,"k":[{"i":{"x":[0.444,0.433,0.667],"y":[1,1,1]},"o":{"x":[0.333,0.333,0.333],"y":[0,0,0]},"t":25.809,"s":[100,100,100]},{"i":{"x":[0.667,0.667,0.667],"y":[1,1,1]},"o":{"x":[0.333,0.333,0.333],"y":[0,0,0]},"t":44.531,"s":[99,106,100]},{"i":{"x":[0.667,0.667,0.667],"y":[1,1,1]},"o":{"x":[0.167,0.167,0.167],"y":[0,0,0]},"t":76.627,"s":[100,99,100]},{"t":90,"s":[100,100,100]}],"ix":6,"l":2}},"ao":0,"shapes":[{"ty":"gr","it":[{"ty":"gr","it":[{"ty":"gr","it":[{"ind":0,"ty":"sh","ix":1,"ks":{"a":1,"k":[{"i":{"x":0.833,"y":0.833},"o":{"x":0.167,"y":0.167},"t":16,"s":[{"i":[[0,0],[-1.007,-0.116],[0,0],[0,0]],"o":[[0,0],[46.769,4.916],[-0.273,-0.036],[0,0]],"v":[[-83.819,-100.982],[-82.659,-100.829],[102.436,-81.375],[102.383,-81.411]],"c":true}]},{"i":{"x":0.276,"y":1},"o":{"x":0.109,"y":0.122},"t":24.023,"s":[{"i":[[0,0],[2.063,-29.323],[0,0],[0,0]],"o":[[0,0],[46.754,5.057],[2.519,-20.023],[0,0]],"v":[[-83.875,-100.453],[-91.638,-15.404],[93.502,3.625],[102.383,-81.411]],"c":true}]},{"i":{"x":0.379,"y":1},"o":{"x":0.167,"y":0},"t":42.746,"s":[{"i":[[0,0],[20.528,-54.816],[0,0],[0,0]],"o":[[0,0],[44.56,9.782],[19.03,-46.517],[0,0]],"v":[[-83.941,-99.821],[-117.496,73.109],[64.82,107.354],[102.383,-81.411]],"c":true}]},{"t":87.326171875,"s":[{"i":[[0,0],[5.737,-64.275],[0,0],[0,0]],"o":[[0,0],[46.737,5.225],[5.86,-43.942],[0,0]],"v":[[-83.941,-99.821],[-102.383,86.826],[82.811,105.348],[102.383,-81.411]],"c":true}]}],"ix":2},"nm":"Path 1","mn":"ADBE Vector Shape - Group","hd":false},{"ty":"tm","s":{"a":0,"k":0,"ix":1},"e":{"a":1,"k":[{"t":37.396,"s":[100],"h":1},{"t":42.793,"s":[90],"h":1},{"t":46.359375,"s":[85.4],"h":1}],"ix":2},"o":{"a":0,"k":206,"ix":3},"m":1,"ix":2,"nm":"Trim Paths 1","mn":"ADBE Vector Filter - Trim","hd":false},{"ty":"tr","p":{"a":0,"k":[191.646,189.949],"ix":2},"a":{"a":0,"k":[0,0],"ix":1},"s":{"a":0,"k":[100,100],"ix":3},"r":{"a":0,"k":0,"ix":6},"o":{"a":0,"k":100,"ix":7},"sk":{"a":0,"k":0,"ix":4},"sa":{"a":0,"k":0,"ix":5},"nm":"Transform"}],"nm":"Group 2","np":2,"cix":2,"bm":0,"ix":1,"mn":"ADBE Vector Group","hd":false},{"ty":"gr","it":[{"ind":0,"ty":"sh","ix":1,"ks":{"a":1,"k":[{"t":16,"s":[{"i":[[0,0],[-0.007,-0.008],[-4.585,30.428]],"o":[[34.026,4.909],[0.007,0.008],[0,0]],"v":[[-362.834,-7.173],[-315.367,-0.422],[-303.763,-58.653]],"c":false}],"h":1},{"i":{"x":0.833,"y":0.833},"o":{"x":0.333,"y":0},"t":43,"s":[{"i":[[0,0],[-0.008,-0.008],[-6.425,30.443]],"o":[[34.159,6.172],[-0.008,-0.008],[0,0]],"v":[[-45.839,25.502],[5.655,34.337],[21.058,-23.382]],"c":false}]},{"i":{"x":0.349,"y":1},"o":{"x":0.167,"y":0.167},"t":57.951,"s":[{"i":[[0,0],[-0.004,-0.004],[-16.806,12.345]],"o":[[10.063,-7.832],[-0.004,-0.004],[0,0]],"v":[[-31.32,27.603],[-5.077,7.785],[28.717,-21.177]],"c":false}]},{"t":74,"s":[{"i":[[0,0],[0,0],[0,0]],"o":[[0,0],[0,0],[0,0]],"v":[[-30.108,27.401],[-24.693,-27.401],[29.919,-21.964]],"c":false}]}],"ix":2},"nm":"Path 1","mn":"ADBE Vector Shape - Group","hd":false},{"ty":"tr","p":{"a":0,"k":[250.894,262.369],"ix":2},"a":{"a":0,"k":[0,0],"ix":1},"s":{"a":0,"k":[100,100],"ix":3},"r":{"a":0,"k":0,"ix":6},"o":{"a":1,"k":[{"t":37.396,"s":[0],"h":1},{"t":42.79296875,"s":[100],"h":1}],"ix":7},"sk":{"a":0,"k":0,"ix":4},"sa":{"a":0,"k":0,"ix":5},"nm":"Transform"}],"nm":"Group 3","np":1,"cix":2,"bm":0,"ix":2,"mn":"ADBE Vector Group","hd":false},{"ty":"tr","p":{"a":0,"k":[191.646,189.949],"ix":2},"a":{"a":0,"k":[191.646,189.949],"ix":1},"s":{"a":0,"k":[100,100],"ix":3},"r":{"a":0,"k":0,"ix":6},"o":{"a":0,"k":100,"ix":7},"sk":{"a":0,"k":0,"ix":4},"sa":{"a":0,"k":0,"ix":5},"nm":"Transform"}],"nm":"Group 2","np":2,"cix":2,"bm":0,"ix":1,"mn":"ADBE Vector Group","hd":false},{"ty":"fl","c":{"a":0,"k":[1,0,0,1],"ix":4},"o":{"a":0,"k":100,"ix":5},"r":1,"bm":0,"nm":"Fill 1","mn":"ADBE Vector Graphic - Fill","hd":false},{"ty":"tr","p":{"a":0,"k":[191.646,189.949],"ix":2},"a":{"a":0,"k":[191.646,189.949],"ix":1},"s":{"a":0,"k":[100,100],"ix":3},"r":{"a":0,"k":-6,"ix":6},"o":{"a":0,"k":100,"ix":7},"sk":{"a":0,"k":0,"ix":4},"sa":{"a":0,"k":0,"ix":5},"nm":"Transform"}],"nm":"Group 1","np":2,"cix":2,"bm":0,"ix":1,"mn":"ADBE Vector Group","hd":false}],"ip":16,"op":860,"st":16,"ct":1,"bm":0},{"ddd":0,"ind":5,"ty":4,"nm":"Sticky-note-2","parent":3,"tt":2,"tp":4,"sr":1,"ks":{"o":{"a":0,"k":100,"ix":11},"r":{"a":0,"k":-4.7,"ix":10},"p":{"a":0,"k":[186.795,98.954,0],"ix":2,"l":2},"a":{"a":0,"k":[307.611,215.216,0],"ix":1,"l":2},"s":{"a":0,"k":[-100,100,100],"ix":6,"l":2}},"ao":0,"shapes":[{"ty":"gr","it":[{"ind":0,"ty":"sh","ix":1,"ks":{"a":0,"k":{"i":[[0,0],[0,0]],"o":[[0,0],[0,0]],"v":[[-47.315,-28.631],[42.298,-35.627]],"c":false},"ix":2},"nm":"Path 4","mn":"ADBE Vector Shape - Group","hd":false},{"ty":"tm","s":{"a":0,"k":0,"ix":1},"e":{"a":1,"k":[{"i":{"x":[0.667],"y":[1]},"o":{"x":[0.167],"y":[0.167]},"t":12,"s":[0]},{"t":37.333984375,"s":[100]}],"ix":2},"o":{"a":0,"k":0,"ix":3},"m":1,"ix":2,"nm":"Trim Paths 1","mn":"ADBE Vector Filter - Trim","hd":false},{"ty":"st","c":{"a":0,"k":[0.071,0.075,0.192,1],"ix":3,"x":"var $bm_rt;\n$bm_rt = comp('wired-outline-994-sticky-notes').layer('control').effect('primary')('Color');"},"o":{"a":0,"k":100,"ix":4},"w":{"a":0,"k":12.04,"ix":5,"x":"var $bm_rt;\n$bm_rt = $bm_mul($bm_div(value, 2), comp('wired-outline-994-sticky-notes').layer('control').effect('stroke')('Menu'));"},"lc":2,"lj":2,"bm":0,"nm":".primary","mn":"ADBE Vector Graphic - Stroke","hd":false,"cl":"primary"},{"ty":"tr","p":{"a":0,"k":[310.611,308.716],"ix":2},"a":{"a":0,"k":[0,0],"ix":1},"s":{"a":0,"k":[100,100],"ix":3},"r":{"a":0,"k":0,"ix":6},"o":{"a":0,"k":100,"ix":7},"sk":{"a":0,"k":0,"ix":4},"sa":{"a":0,"k":0,"ix":5},"nm":"Transform"}],"nm":"Group 4","np":3,"cix":2,"bm":0,"ix":1,"mn":"ADBE Vector Group","hd":false},{"ty":"gr","it":[{"ind":0,"ty":"sh","ix":1,"ks":{"a":0,"k":{"i":[[0,0],[0,0]],"o":[[0,0],[0,0]],"v":[[-44.438,8.217],[45.175,1.221]],"c":false},"ix":2},"nm":"Path 3","mn":"ADBE Vector Shape - Group","hd":false},{"ty":"st","c":{"a":0,"k":[0.071,0.075,0.192,1],"ix":3,"x":"var $bm_rt;\n$bm_rt = comp('wired-outline-994-sticky-notes').layer('control').effect('primary')('Color');"},"o":{"a":0,"k":100,"ix":4},"w":{"a":0,"k":12.04,"ix":5,"x":"var $bm_rt;\n$bm_rt = $bm_mul($bm_div(value, 2), comp('wired-outline-994-sticky-notes').layer('control').effect('stroke')('Menu'));"},"lc":2,"lj":2,"bm":0,"nm":".primary","mn":"ADBE Vector Graphic - Stroke","hd":false,"cl":"primary"},{"ty":"tm","s":{"a":0,"k":0,"ix":1},"e":{"a":1,"k":[{"i":{"x":[0.667],"y":[1]},"o":{"x":[0.167],"y":[0.167]},"t":14,"s":[0]},{"t":40.666015625,"s":[100]}],"ix":2},"o":{"a":0,"k":0,"ix":3},"m":1,"ix":3,"nm":"Trim Paths 1","mn":"ADBE Vector Filter - Trim","hd":false},{"ty":"tr","p":{"a":0,"k":[310.611,308.716],"ix":2},"a":{"a":0,"k":[0,0],"ix":1},"s":{"a":0,"k":[100,100],"ix":3},"r":{"a":0,"k":0,"ix":6},"o":{"a":0,"k":100,"ix":7},"sk":{"a":0,"k":0,"ix":4},"sa":{"a":0,"k":0,"ix":5},"nm":"Transform"}],"nm":"Group 3","np":3,"cix":2,"bm":0,"ix":2,"mn":"ADBE Vector Group","hd":false},{"ty":"gr","it":[{"ind":0,"ty":"sh","ix":1,"ks":{"a":0,"k":{"i":[[0,0],[0,0]],"o":[[0,0],[0,0]],"v":[[-41.721,43.021],[3.085,39.523]],"c":false},"ix":2},"nm":"Path 2","mn":"ADBE Vector Shape - Group","hd":false},{"ty":"st","c":{"a":0,"k":[0.071,0.075,0.192,1],"ix":3,"x":"var $bm_rt;\n$bm_rt = comp('wired-outline-994-sticky-notes').layer('control').effect('primary')('Color');"},"o":{"a":0,"k":100,"ix":4},"w":{"a":0,"k":12.04,"ix":5,"x":"var $bm_rt;\n$bm_rt = $bm_mul($bm_div(value, 2), comp('wired-outline-994-sticky-notes').layer('control').effect('stroke')('Menu'));"},"lc":2,"lj":2,"bm":0,"nm":".primary","mn":"ADBE Vector Graphic - Stroke","hd":false,"cl":"primary"},{"ty":"tm","s":{"a":0,"k":0,"ix":1},"e":{"a":1,"k":[{"i":{"x":[0.667],"y":[1]},"o":{"x":[0.167],"y":[0.167]},"t":16,"s":[0]},{"t":44.666015625,"s":[100]}],"ix":2},"o":{"a":0,"k":0,"ix":3},"m":1,"ix":3,"nm":"Trim Paths 1","mn":"ADBE Vector Filter - Trim","hd":false},{"ty":"tr","p":{"a":0,"k":[310.611,308.716],"ix":2},"a":{"a":0,"k":[0,0],"ix":1},"s":{"a":0,"k":[100,100],"ix":3},"r":{"a":0,"k":0,"ix":6},"o":{"a":0,"k":100,"ix":7},"sk":{"a":0,"k":0,"ix":4},"sa":{"a":0,"k":0,"ix":5},"nm":"Transform"}],"nm":"Group 2","np":3,"cix":2,"bm":0,"ix":3,"mn":"ADBE Vector Group","hd":false}],"ip":0,"op":844,"st":0,"ct":1,"bm":0}]},{"id":"comp_1","nm":"hover-pinch","fr":60,"layers":[{"ddd":0,"ind":1,"ty":4,"nm":"Sticky-note-1","sr":1,"ks":{"o":{"a":0,"k":100,"ix":11},"r":{"a":0,"k":6,"ix":10},"p":{"a":0,"k":[163.646,62.449,0],"ix":2,"l":2},"a":{"a":0,"k":[189.646,97.449,0],"ix":1,"l":2},"s":{"a":1,"k":[{"i":{"x":[0.667,0.667,0.667],"y":[1,1,1]},"o":{"x":[0.333,0.333,0.333],"y":[0,0,0]},"t":0,"s":[100,100,100]},{"i":{"x":[0.667,0.667,0.667],"y":[1,1,1]},"o":{"x":[0.333,0.333,0.333],"y":[0,0,0]},"t":20,"s":[99,105,100]},{"i":{"x":[0.667,0.667,0.667],"y":[1,1,1]},"o":{"x":[0.333,0.333,0.333],"y":[0,0,0]},"t":40,"s":[100,100,100]},{"i":{"x":[0.667,0.667,0.667],"y":[1,1,1]},"o":{"x":[0.333,0.333,0.333],"y":[0,0,0]},"t":60,"s":[99,105,100]},{"i":{"x":[0.667,0.667,0.667],"y":[1,1,1]},"o":{"x":[0.333,0.333,0.333],"y":[0,0,0]},"t":80,"s":[100,100,100]},{"i":{"x":[0.667,0.667,0.667],"y":[1,1,1]},"o":{"x":[0.333,0.333,0.333],"y":[0,0,0]},"t":100,"s":[99,105,100]},{"t":120,"s":[100,100,100]}],"ix":6,"l":2}},"ao":0,"shapes":[{"ty":"gr","it":[{"ty":"gr","it":[{"ty":"gr","it":[{"ind":0,"ty":"sh","ix":1,"ks":{"a":1,"k":[{"i":{"x":0.667,"y":1},"o":{"x":0.333,"y":0},"t":0,"s":[{"i":[[0,0],[0,0]],"o":[[0,0],[0,0]],"v":[[-44.725,-4.419],[44.725,4.419]],"c":false}]},{"i":{"x":0.667,"y":1},"o":{"x":0.333,"y":0},"t":16,"s":[{"i":[[0,0],[0,0]],"o":[[0,0],[0,0]],"v":[[-52.118,-9.679],[36.179,7.144]],"c":false}]},{"i":{"x":0.667,"y":1},"o":{"x":0.333,"y":0},"t":36,"s":[{"i":[[0,0],[0,0]],"o":[[0,0],[0,0]],"v":[[-40.897,-2.039],[48.87,2.57]],"c":false}]},{"i":{"x":0.667,"y":1},"o":{"x":0.333,"y":0},"t":56,"s":[{"i":[[0,0],[0,0]],"o":[[0,0],[0,0]],"v":[[-52.118,-9.679],[36.179,7.144]],"c":false}]},{"i":{"x":0.667,"y":1},"o":{"x":0.333,"y":0},"t":76,"s":[{"i":[[0,0],[0,0]],"o":[[0,0],[0,0]],"v":[[-40.897,-2.039],[48.87,2.57]],"c":false}]},{"i":{"x":0.667,"y":1},"o":{"x":0.167,"y":0},"t":96,"s":[{"i":[[0,0],[0,0]],"o":[[0,0],[0,0]],"v":[[-52.118,-9.679],[36.179,7.144]],"c":false}]},{"t":120,"s":[{"i":[[0,0],[0,0]],"o":[[0,0],[0,0]],"v":[[-44.725,-4.419],[44.725,4.419]],"c":false}]}],"ix":2},"nm":"Path 1","mn":"ADBE Vector Shape - Group","hd":false},{"ind":1,"ty":"sh","ix":2,"ks":{"a":1,"k":[{"i":{"x":0.667,"y":1},"o":{"x":0.333,"y":0},"t":0,"s":[{"i":[[0,0],[0,0]],"o":[[0,0],[0,0]],"v":[[-41.091,-41.2],[48.359,-32.362]],"c":false}]},{"i":{"x":0.667,"y":1},"o":{"x":0.333,"y":0},"t":16,"s":[{"i":[[0,0],[0,0]],"o":[[0,0],[0,0]],"v":[[-44.091,-42.2],[44.859,-31.362]],"c":false}]},{"i":{"x":0.667,"y":1},"o":{"x":0.333,"y":0},"t":36,"s":[{"i":[[0,0],[0,0]],"o":[[0,0],[0,0]],"v":[[-41.091,-41.2],[48.859,-33.862]],"c":false}]},{"i":{"x":0.667,"y":1},"o":{"x":0.333,"y":0},"t":56,"s":[{"i":[[0,0],[0,0]],"o":[[0,0],[0,0]],"v":[[-44.091,-42.2],[44.859,-31.362]],"c":false}]},{"i":{"x":0.667,"y":1},"o":{"x":0.333,"y":0},"t":76,"s":[{"i":[[0,0],[0,0]],"o":[[0,0],[0,0]],"v":[[-41.091,-41.2],[48.859,-33.862]],"c":false}]},{"i":{"x":0.667,"y":1},"o":{"x":0.167,"y":0},"t":96,"s":[{"i":[[0,0],[0,0]],"o":[[0,0],[0,0]],"v":[[-44.091,-42.2],[44.859,-31.362]],"c":false}]},{"t":120,"s":[{"i":[[0,0],[0,0]],"o":[[0,0],[0,0]],"v":[[-41.091,-41.2],[48.359,-32.362]],"c":false}]}],"ix":2},"nm":"Path 2","mn":"ADBE Vector Shape - Group","hd":false},{"ty":"st","c":{"a":0,"k":[0.071,0.075,0.192,1],"ix":3,"x":"var $bm_rt;\n$bm_rt = comp('wired-outline-994-sticky-notes').layer('control').effect('primary')('Color');"},"o":{"a":0,"k":100,"ix":4},"w":{"a":0,"k":12.04,"ix":5,"x":"var $bm_rt;\n$bm_rt = $bm_mul($bm_div(value, 2), comp('wired-outline-994-sticky-notes').layer('control').effect('stroke')('Menu'));"},"lc":2,"lj":2,"bm":0,"nm":".primary","mn":"ADBE Vector Graphic - Stroke","hd":false,"cl":"primary"},{"ty":"tr","p":{"a":0,"k":[191.876,190.33],"ix":2},"a":{"a":0,"k":[0,0],"ix":1},"s":{"a":0,"k":[100,100],"ix":3},"r":{"a":0,"k":0,"ix":6},"o":{"a":0,"k":100,"ix":7},"sk":{"a":0,"k":0,"ix":4},"sa":{"a":0,"k":0,"ix":5},"nm":"Transform"}],"nm":"Group 1","np":3,"cix":2,"bm":0,"ix":1,"mn":"ADBE Vector Group","hd":false},{"ty":"tr","p":{"a":0,"k":[195.51,153.549],"ix":2},"a":{"a":0,"k":[195.51,153.549],"ix":1},"s":{"a":0,"k":[100,100],"ix":3},"r":{"a":0,"k":0,"ix":6},"o":{"a":0,"k":100,"ix":7},"sk":{"a":0,"k":0,"ix":4},"sa":{"a":0,"k":0,"ix":5},"nm":"Transform"}],"nm":"Group 1","np":1,"cix":2,"bm":0,"ix":1,"mn":"ADBE Vector Group","hd":false},{"ty":"gr","it":[{"ty":"gr","it":[{"ind":0,"ty":"sh","ix":1,"ks":{"a":1,"k":[{"i":{"x":0.667,"y":1},"o":{"x":0.333,"y":0},"t":0,"s":[{"i":[[0,0],[0,0],[0,0]],"o":[[0,0],[0,0],[0,0]],"v":[[30.108,-21.986],[-24.693,-27.401],[-30.108,27.401]],"c":true}]},{"i":{"x":0.667,"y":1},"o":{"x":0.333,"y":0},"t":16,"s":[{"i":[[0,0],[0,0],[0,0]],"o":[[0,0],[0,0],[0,0]],"v":[[17.291,-15.464],[-36.804,-25.77],[-47.11,28.325]],"c":true}]},{"i":{"x":0.667,"y":1},"o":{"x":0.333,"y":0},"t":36,"s":[{"i":[[0,0],[0,0],[0,0]],"o":[[0,0],[0,0],[0,0]],"v":[[36.356,-25.98],[-18.639,-28.804],[-21.463,26.192]],"c":true}]},{"i":{"x":0.667,"y":1},"o":{"x":0.333,"y":0},"t":56,"s":[{"i":[[0,0],[0,0],[0,0]],"o":[[0,0],[0,0],[0,0]],"v":[[17.291,-15.464],[-36.804,-25.77],[-47.11,28.325]],"c":true}]},{"i":{"x":0.667,"y":1},"o":{"x":0.333,"y":0},"t":76,"s":[{"i":[[0,0],[0,0],[0,0]],"o":[[0,0],[0,0],[0,0]],"v":[[36.356,-25.98],[-18.639,-28.804],[-21.463,26.192]],"c":true}]},{"i":{"x":0.667,"y":1},"o":{"x":0.167,"y":0},"t":96,"s":[{"i":[[0,0],[0,0],[0,0]],"o":[[0,0],[0,0],[0,0]],"v":[[17.291,-15.464],[-36.804,-25.77],[-47.11,28.325]],"c":true}]},{"t":120,"s":[{"i":[[0,0],[0,0],[0,0]],"o":[[0,0],[0,0],[0,0]],"v":[[30.108,-21.986],[-24.693,-27.401],[-30.108,27.401]],"c":true}]}],"ix":2},"nm":"Path 1","mn":"ADBE Vector Shape - Group","hd":false},{"ty":"st","c":{"a":0,"k":[0.031,0.659,0.541,1],"ix":3,"x":"var $bm_rt;\n$bm_rt = comp('wired-outline-994-sticky-notes').layer('control').effect('secondary')('Color');"},"o":{"a":0,"k":100,"ix":4},"w":{"a":0,"k":12.04,"ix":5,"x":"var $bm_rt;\n$bm_rt = $bm_mul($bm_div(value, 2), comp('wired-outline-994-sticky-notes').layer('control').effect('stroke')('Menu'));"},"lc":2,"lj":2,"bm":0,"nm":".secondary","mn":"ADBE Vector Graphic - Stroke","hd":false,"cl":"secondary"},{"ty":"tr","p":{"a":0,"k":[250.894,262.369],"ix":2},"a":{"a":0,"k":[0,0],"ix":1},"s":{"a":0,"k":[100,100],"ix":3},"r":{"a":0,"k":0,"ix":6},"o":{"a":0,"k":100,"ix":7},"sk":{"a":0,"k":0,"ix":4},"sa":{"a":0,"k":0,"ix":5},"nm":"Transform"}],"nm":"Group 1","np":3,"cix":2,"bm":0,"ix":1,"mn":"ADBE Vector Group","hd":false},{"ty":"gr","it":[{"ind":0,"ty":"sh","ix":1,"ks":{"a":1,"k":[{"i":{"x":0.667,"y":1},"o":{"x":0.333,"y":0},"t":0,"s":[{"i":[[0,0],[0,0],[0,0],[5.737,-64.275],[0,0]],"o":[[4.342,-43.949],[0,0],[0,0],[46.737,5.225],[0,0]],"v":[[89.356,50.435],[102.383,-81.411],[-83.941,-99.821],[-102.383,86.826],[29.14,99.821]],"c":false}]},{"i":{"x":0.667,"y":1},"o":{"x":0.333,"y":0},"t":16,"s":[{"i":[[0,0],[0,0],[0,0],[20.044,-62.458],[0,0]],"o":[[16.315,-48.906],[0,0],[0,0],[46.08,9.395],[0,0]],"v":[[76.539,56.957],[102.383,-81.411],[-83.941,-99.821],[-117.69,76.009],[12.138,100.745]],"c":false}]},{"i":{"x":0.667,"y":1},"o":{"x":0.333,"y":0},"t":36,"s":[{"i":[[0,0],[0,0],[0,0],[-1.442,-70.285],[0,0]],"o":[[-1.75,-47.889],[0,0],[0,0],[46.931,3.015],[0,0]],"v":[[95.604,46.441],[102.383,-81.411],[-83.941,-99.821],[-94.204,91.836],[37.785,98.612]],"c":false}]},{"i":{"x":0.667,"y":1},"o":{"x":0.333,"y":0},"t":56,"s":[{"i":[[0,0],[0,0],[0,0],[20.044,-62.458],[0,0]],"o":[[16.315,-48.906],[0,0],[0,0],[46.08,9.395],[0,0]],"v":[[76.539,56.957],[102.383,-81.411],[-83.941,-99.821],[-117.69,76.009],[12.138,100.745]],"c":false}]},{"i":{"x":0.667,"y":1},"o":{"x":0.333,"y":0},"t":76,"s":[{"i":[[0,0],[0,0],[0,0],[-1.442,-70.285],[0,0]],"o":[[-1.75,-47.889],[0,0],[0,0],[46.931,3.015],[0,0]],"v":[[95.604,46.441],[102.383,-81.411],[-83.941,-99.821],[-94.204,91.836],[37.785,98.612]],"c":false}]},{"i":{"x":0.667,"y":1},"o":{"x":0.167,"y":0},"t":96,"s":[{"i":[[0,0],[0,0],[0,0],[20.044,-62.458],[0,0]],"o":[[16.315,-48.906],[0,0],[0,0],[46.08,9.395],[0,0]],"v":[[76.539,56.957],[102.383,-81.411],[-83.941,-99.821],[-117.69,76.009],[12.138,100.745]],"c":false}]},{"t":120,"s":[{"i":[[0,0],[0,0],[0,0],[5.737,-64.275],[0,0]],"o":[[4.342,-43.949],[0,0],[0,0],[46.737,5.225],[0,0]],"v":[[89.356,50.435],[102.383,-81.411],[-83.941,-99.821],[-102.383,86.826],[29.14,99.821]],"c":false}]}],"ix":2},"nm":"Path 1","mn":"ADBE Vector Shape - Group","hd":false},{"ty":"st","c":{"a":0,"k":[0.031,0.659,0.541,1],"ix":3,"x":"var $bm_rt;\n$bm_rt = comp('wired-outline-994-sticky-notes').layer('control').effect('secondary')('Color');"},"o":{"a":0,"k":100,"ix":4},"w":{"a":0,"k":12.04,"ix":5,"x":"var $bm_rt;\n$bm_rt = $bm_mul($bm_div(value, 2), comp('wired-outline-994-sticky-notes').layer('control').effect('stroke')('Menu'));"},"lc":2,"lj":2,"bm":0,"nm":".secondary","mn":"ADBE Vector Graphic - Stroke","hd":false,"cl":"secondary"},{"ty":"tr","p":{"a":0,"k":[191.646,189.949],"ix":2},"a":{"a":0,"k":[0,0],"ix":1},"s":{"a":0,"k":[100,100],"ix":3},"r":{"a":0,"k":0,"ix":6},"o":{"a":0,"k":100,"ix":7},"sk":{"a":0,"k":0,"ix":4},"sa":{"a":0,"k":0,"ix":5},"nm":"Transform"}],"nm":"Group 2","np":3,"cix":2,"bm":0,"ix":2,"mn":"ADBE Vector Group","hd":false},{"ty":"tr","p":{"a":0,"k":[191.646,189.949],"ix":2},"a":{"a":0,"k":[191.646,189.949],"ix":1},"s":{"a":0,"k":[100,100],"ix":3},"r":{"a":0,"k":0,"ix":6},"o":{"a":0,"k":100,"ix":7},"sk":{"a":0,"k":0,"ix":4},"sa":{"a":0,"k":0,"ix":5},"nm":"Transform"}],"nm":"Group 2","np":2,"cix":2,"bm":0,"ix":2,"mn":"ADBE Vector Group","hd":false},{"ty":"tr","p":{"a":0,"k":[191.646,189.949],"ix":2},"a":{"a":0,"k":[191.646,189.949],"ix":1},"s":{"a":0,"k":[100,100],"ix":3},"r":{"a":0,"k":-6,"ix":6},"o":{"a":0,"k":100,"ix":7},"sk":{"a":0,"k":0,"ix":4},"sa":{"a":0,"k":0,"ix":5},"nm":"Transform"}],"nm":"Group 1","np":2,"cix":2,"bm":0,"ix":1,"mn":"ADBE Vector Group","hd":false}],"ip":0,"op":844,"st":0,"ct":1,"bm":0},{"ddd":0,"ind":2,"ty":4,"nm":"mask","td":1,"sr":1,"ks":{"o":{"a":0,"k":100,"ix":11},"r":{"a":0,"k":6,"ix":10},"p":{"a":0,"k":[163.646,62.449,0],"ix":2,"l":2},"a":{"a":0,"k":[189.646,97.449,0],"ix":1,"l":2},"s":{"a":1,"k":[{"i":{"x":[0.667,0.667,0.667],"y":[1,1,1]},"o":{"x":[0.333,0.333,0.333],"y":[0,0,0]},"t":0,"s":[100,100,100]},{"i":{"x":[0.667,0.667,0.667],"y":[1,1,1]},"o":{"x":[0.333,0.333,0.333],"y":[0,0,0]},"t":20,"s":[99,105,100]},{"i":{"x":[0.667,0.667,0.667],"y":[1,1,1]},"o":{"x":[0.333,0.333,0.333],"y":[0,0,0]},"t":40,"s":[100,100,100]},{"i":{"x":[0.667,0.667,0.667],"y":[1,1,1]},"o":{"x":[0.333,0.333,0.333],"y":[0,0,0]},"t":60,"s":[99,105,100]},{"i":{"x":[0.667,0.667,0.667],"y":[1,1,1]},"o":{"x":[0.333,0.333,0.333],"y":[0,0,0]},"t":80,"s":[100,100,100]},{"i":{"x":[0.667,0.667,0.667],"y":[1,1,1]},"o":{"x":[0.333,0.333,0.333],"y":[0,0,0]},"t":100,"s":[99,105,100]},{"t":120,"s":[100,100,100]}],"ix":6,"l":2}},"ao":0,"shapes":[{"ty":"gr","it":[{"ty":"gr","it":[{"ty":"gr","it":[{"ind":0,"ty":"sh","ix":1,"ks":{"a":1,"k":[{"i":{"x":0.667,"y":1},"o":{"x":0.333,"y":0},"t":0,"s":[{"i":[[0,0],[0,0],[0,0]],"o":[[0,0],[0,0],[0,0]],"v":[[30.108,-21.986],[-24.693,-27.401],[-30.108,27.401]],"c":true}]},{"i":{"x":0.667,"y":1},"o":{"x":0.333,"y":0},"t":16,"s":[{"i":[[0,0],[0,0],[0,0]],"o":[[0,0],[0,0],[0,0]],"v":[[17.291,-15.464],[-36.804,-25.77],[-47.11,28.325]],"c":true}]},{"i":{"x":0.667,"y":1},"o":{"x":0.333,"y":0},"t":36,"s":[{"i":[[0,0],[0,0],[0,0]],"o":[[0,0],[0,0],[0,0]],"v":[[36.356,-25.98],[-18.639,-28.804],[-21.463,26.192]],"c":true}]},{"i":{"x":0.667,"y":1},"o":{"x":0.333,"y":0},"t":56,"s":[{"i":[[0,0],[0,0],[0,0]],"o":[[0,0],[0,0],[0,0]],"v":[[17.291,-15.464],[-36.804,-25.77],[-47.11,28.325]],"c":true}]},{"i":{"x":0.667,"y":1},"o":{"x":0.333,"y":0},"t":76,"s":[{"i":[[0,0],[0,0],[0,0]],"o":[[0,0],[0,0],[0,0]],"v":[[36.356,-25.98],[-18.639,-28.804],[-21.463,26.192]],"c":true}]},{"i":{"x":0.667,"y":1},"o":{"x":0.167,"y":0},"t":96,"s":[{"i":[[0,0],[0,0],[0,0]],"o":[[0,0],[0,0],[0,0]],"v":[[17.291,-15.464],[-36.804,-25.77],[-47.11,28.325]],"c":true}]},{"t":120,"s":[{"i":[[0,0],[0,0],[0,0]],"o":[[0,0],[0,0],[0,0]],"v":[[30.108,-21.986],[-24.693,-27.401],[-30.108,27.401]],"c":true}]}],"ix":2},"nm":"Path 1","mn":"ADBE Vector Shape - Group","hd":false},{"ty":"fl","c":{"a":0,"k":[1,1,1,1],"ix":4},"o":{"a":0,"k":100,"ix":5},"r":1,"bm":0,"nm":"Fill 1","mn":"ADBE Vector Graphic - Fill","hd":false},{"ty":"tr","p":{"a":0,"k":[250.894,262.369],"ix":2},"a":{"a":0,"k":[0,0],"ix":1},"s":{"a":0,"k":[100,100],"ix":3},"r":{"a":0,"k":0,"ix":6},"o":{"a":0,"k":100,"ix":7},"sk":{"a":0,"k":0,"ix":4},"sa":{"a":0,"k":0,"ix":5},"nm":"Transform"}],"nm":"Group 1","np":2,"cix":2,"bm":0,"ix":1,"mn":"ADBE Vector Group","hd":false},{"ty":"gr","it":[{"ind":0,"ty":"sh","ix":1,"ks":{"a":1,"k":[{"i":{"x":0.667,"y":1},"o":{"x":0.333,"y":0},"t":0,"s":[{"i":[[0,0],[0,0],[0,0],[5.737,-64.275],[0,0]],"o":[[4.342,-43.949],[0,0],[0,0],[46.737,5.225],[0,0]],"v":[[89.356,50.435],[102.383,-81.411],[-83.941,-99.821],[-102.383,86.826],[29.14,99.821]],"c":false}]},{"i":{"x":0.667,"y":1},"o":{"x":0.333,"y":0},"t":16,"s":[{"i":[[0,0],[0,0],[0,0],[20.044,-62.458],[0,0]],"o":[[16.315,-48.906],[0,0],[0,0],[46.08,9.395],[0,0]],"v":[[76.539,56.957],[102.383,-81.411],[-83.941,-99.821],[-117.69,76.009],[12.138,100.745]],"c":false}]},{"i":{"x":0.667,"y":1},"o":{"x":0.333,"y":0},"t":36,"s":[{"i":[[0,0],[0,0],[0,0],[-1.442,-70.285],[0,0]],"o":[[-1.75,-47.889],[0,0],[0,0],[46.931,3.015],[0,0]],"v":[[95.604,46.441],[102.383,-81.411],[-83.941,-99.821],[-94.204,91.836],[37.785,98.612]],"c":false}]},{"i":{"x":0.667,"y":1},"o":{"x":0.333,"y":0},"t":56,"s":[{"i":[[0,0],[0,0],[0,0],[20.044,-62.458],[0,0]],"o":[[16.315,-48.906],[0,0],[0,0],[46.08,9.395],[0,0]],"v":[[76.539,56.957],[102.383,-81.411],[-83.941,-99.821],[-117.69,76.009],[12.138,100.745]],"c":false}]},{"i":{"x":0.667,"y":1},"o":{"x":0.333,"y":0},"t":76,"s":[{"i":[[0,0],[0,0],[0,0],[-1.442,-70.285],[0,0]],"o":[[-1.75,-47.889],[0,0],[0,0],[46.931,3.015],[0,0]],"v":[[95.604,46.441],[102.383,-81.411],[-83.941,-99.821],[-94.204,91.836],[37.785,98.612]],"c":false}]},{"i":{"x":0.667,"y":1},"o":{"x":0.167,"y":0},"t":96,"s":[{"i":[[0,0],[0,0],[0,0],[20.044,-62.458],[0,0]],"o":[[16.315,-48.906],[0,0],[0,0],[46.08,9.395],[0,0]],"v":[[76.539,56.957],[102.383,-81.411],[-83.941,-99.821],[-117.69,76.009],[12.138,100.745]],"c":false}]},{"t":120,"s":[{"i":[[0,0],[0,0],[0,0],[5.737,-64.275],[0,0]],"o":[[4.342,-43.949],[0,0],[0,0],[46.737,5.225],[0,0]],"v":[[89.356,50.435],[102.383,-81.411],[-83.941,-99.821],[-102.383,86.826],[29.14,99.821]],"c":false}]}],"ix":2},"nm":"Path 1","mn":"ADBE Vector Shape - Group","hd":false},{"ty":"fl","c":{"a":0,"k":[1,1,1,1],"ix":4},"o":{"a":0,"k":100,"ix":5},"r":1,"bm":0,"nm":"Fill 1","mn":"ADBE Vector Graphic - Fill","hd":false},{"ty":"tr","p":{"a":0,"k":[191.646,189.949],"ix":2},"a":{"a":0,"k":[0,0],"ix":1},"s":{"a":0,"k":[100,100],"ix":3},"r":{"a":0,"k":0,"ix":6},"o":{"a":0,"k":100,"ix":7},"sk":{"a":0,"k":0,"ix":4},"sa":{"a":0,"k":0,"ix":5},"nm":"Transform"}],"nm":"Group 2","np":2,"cix":2,"bm":0,"ix":2,"mn":"ADBE Vector Group","hd":false},{"ty":"tr","p":{"a":0,"k":[191.646,189.949],"ix":2},"a":{"a":0,"k":[191.646,189.949],"ix":1},"s":{"a":0,"k":[100,100],"ix":3},"r":{"a":0,"k":0,"ix":6},"o":{"a":0,"k":100,"ix":7},"sk":{"a":0,"k":0,"ix":4},"sa":{"a":0,"k":0,"ix":5},"nm":"Transform"}],"nm":"Group 2","np":2,"cix":2,"bm":0,"ix":1,"mn":"ADBE Vector Group","hd":false},{"ty":"tr","p":{"a":0,"k":[191.646,189.949],"ix":2},"a":{"a":0,"k":[191.646,189.949],"ix":1},"s":{"a":0,"k":[100,100],"ix":3},"r":{"a":0,"k":-6,"ix":6},"o":{"a":0,"k":100,"ix":7},"sk":{"a":0,"k":0,"ix":4},"sa":{"a":0,"k":0,"ix":5},"nm":"Transform"}],"nm":"Group 1","np":1,"cix":2,"bm":0,"ix":1,"mn":"ADBE Vector Group","hd":false}],"ip":0,"op":844,"st":0,"ct":1,"bm":0},{"ddd":0,"ind":3,"ty":4,"nm":"Sticky-note-2","tt":2,"tp":2,"sr":1,"ks":{"o":{"a":0,"k":100,"ix":11},"r":{"a":0,"k":0,"ix":10},"p":{"a":0,"k":[272.611,180.216,0],"ix":2,"l":2},"a":{"a":0,"k":[307.611,215.216,0],"ix":1,"l":2},"s":{"a":1,"k":[{"i":{"x":[0.667,0.667,0.667],"y":[1,1,1]},"o":{"x":[0.333,0.333,0.333],"y":[0,0,0]},"t":0,"s":[100,100,100]},{"i":{"x":[0.667,0.667,0.667],"y":[1,1,1]},"o":{"x":[0.333,0.333,0.333],"y":[0,0,0]},"t":20,"s":[99,105,100]},{"i":{"x":[0.667,0.667,0.667],"y":[1,1,1]},"o":{"x":[0.333,0.333,0.333],"y":[0,0,0]},"t":40,"s":[100,100,100]},{"i":{"x":[0.667,0.667,0.667],"y":[1,1,1]},"o":{"x":[0.333,0.333,0.333],"y":[0,0,0]},"t":60,"s":[99,105,100]},{"i":{"x":[0.667,0.667,0.667],"y":[1,1,1]},"o":{"x":[0.333,0.333,0.333],"y":[0,0,0]},"t":80,"s":[100,100,100]},{"i":{"x":[0.667,0.667,0.667],"y":[1,1,1]},"o":{"x":[0.333,0.333,0.333],"y":[0,0,0]},"t":100,"s":[99,105,100]},{"t":120,"s":[100,100,100]}],"ix":6,"l":2}},"ao":0,"shapes":[{"ty":"gr","it":[{"ind":0,"ty":"sh","ix":1,"ks":{"a":1,"k":[{"i":{"x":0.667,"y":1},"o":{"x":0.333,"y":0},"t":0,"s":[{"i":[[0,0],[0,0],[-4.565,-52.333],[-49.728,4.239]],"o":[[0,0],[0,0],[55.935,-3.833],[-4.728,-51.261]],"v":[[86.046,-100.617],[-100.617,-86.046],[-86.046,100.617],[100.617,86.046]],"c":true}]},{"i":{"x":0.667,"y":1},"o":{"x":0.333,"y":0},"t":16,"s":[{"i":[[0,0],[0,0],[-23.916,-69.413],[-49.28,7.898]],"o":[[0,0],[0,0],[55.499,-7.951],[-19.294,-75.081]],"v":[[86.046,-100.617],[-100.617,-86.046],[-71.523,105.875],[113.555,77.565]],"c":true}]},{"i":{"x":0.667,"y":1},"o":{"x":0.333,"y":0},"t":36,"s":[{"i":[[0,0],[0,0],[7.878,-57.169],[-49.89,1.342]],"o":[[0,0],[0,0],[56.063,-0.576],[3.874,-61.428]],"v":[[86.046,-100.617],[-100.617,-86.046],[-97.078,95.269],[90.117,91.57]],"c":true}]},{"i":{"x":0.667,"y":1},"o":{"x":0.333,"y":0},"t":56,"s":[{"i":[[0,0],[0,0],[-23.916,-69.413],[-49.28,7.898]],"o":[[0,0],[0,0],[55.499,-7.951],[-19.294,-75.081]],"v":[[86.046,-100.617],[-100.617,-86.046],[-71.523,105.875],[113.555,77.565]],"c":true}]},{"i":{"x":0.667,"y":1},"o":{"x":0.333,"y":0},"t":76,"s":[{"i":[[0,0],[0,0],[7.878,-57.169],[-49.89,1.342]],"o":[[0,0],[0,0],[56.063,-0.576],[3.874,-61.428]],"v":[[86.046,-100.617],[-100.617,-86.046],[-97.078,95.269],[90.117,91.57]],"c":true}]},{"i":{"x":0.667,"y":1},"o":{"x":0.333,"y":0},"t":96,"s":[{"i":[[0,0],[0,0],[-23.916,-69.413],[-49.28,7.898]],"o":[[0,0],[0,0],[55.499,-7.951],[-19.294,-75.081]],"v":[[86.046,-100.617],[-100.617,-86.046],[-71.523,105.875],[113.555,77.565]],"c":true}]},{"t":120,"s":[{"i":[[0,0],[0,0],[-4.565,-52.333],[-49.728,4.239]],"o":[[0,0],[0,0],[55.935,-3.833],[-4.728,-51.261]],"v":[[86.046,-100.617],[-100.617,-86.046],[-86.046,100.617],[100.617,86.046]],"c":true}]}],"ix":2},"nm":"Path 1","mn":"ADBE Vector Shape - Group","hd":false},{"ind":1,"ty":"sh","ix":2,"ks":{"a":1,"k":[{"i":{"x":0.667,"y":1},"o":{"x":0.333,"y":0},"t":0,"s":[{"i":[[0,0],[0,0]],"o":[[0,0],[0,0]],"v":[[-41.721,43.021],[3.085,39.523]],"c":false}]},{"i":{"x":0.667,"y":1},"o":{"x":0.333,"y":0},"t":16,"s":[{"i":[[0,0],[0,0]],"o":[[0,0],[0,0]],"v":[[-31.571,45.164],[12.855,38.369]],"c":false}]},{"i":{"x":0.667,"y":1},"o":{"x":0.333,"y":0},"t":36,"s":[{"i":[[0,0],[0,0]],"o":[[0,0],[0,0]],"v":[[-48.98,38.356],[-4.547,39.458]],"c":false}]},{"i":{"x":0.667,"y":1},"o":{"x":0.333,"y":0},"t":56,"s":[{"i":[[0,0],[0,0]],"o":[[0,0],[0,0]],"v":[[-31.571,45.164],[12.855,38.369]],"c":false}]},{"i":{"x":0.667,"y":1},"o":{"x":0.333,"y":0},"t":76,"s":[{"i":[[0,0],[0,0]],"o":[[0,0],[0,0]],"v":[[-48.98,38.356],[-4.547,39.458]],"c":false}]},{"i":{"x":0.667,"y":1},"o":{"x":0.333,"y":0},"t":96,"s":[{"i":[[0,0],[0,0]],"o":[[0,0],[0,0]],"v":[[-31.571,45.164],[12.855,38.369]],"c":false}]},{"t":120,"s":[{"i":[[0,0],[0,0]],"o":[[0,0],[0,0]],"v":[[-41.721,43.021],[3.085,39.523]],"c":false}]}],"ix":2},"nm":"Path 2","mn":"ADBE Vector Shape - Group","hd":false},{"ind":2,"ty":"sh","ix":3,"ks":{"a":1,"k":[{"i":{"x":0.667,"y":1},"o":{"x":0.333,"y":0},"t":0,"s":[{"i":[[0,0],[0,0]],"o":[[0,0],[0,0]],"v":[[-44.438,8.217],[45.175,1.221]],"c":false}]},{"i":{"x":0.667,"y":1},"o":{"x":0.333,"y":0},"t":16,"s":[{"i":[[0,0],[0,0]],"o":[[0,0],[0,0]],"v":[[-37.354,7.306],[52.002,-2.936]],"c":false}]},{"i":{"x":0.667,"y":1},"o":{"x":0.333,"y":0},"t":36,"s":[{"i":[[0,0],[0,0]],"o":[[0,0],[0,0]],"v":[[-50.171,5.443],[39.698,3.667]],"c":false}]},{"i":{"x":0.667,"y":1},"o":{"x":0.333,"y":0},"t":56,"s":[{"i":[[0,0],[0,0]],"o":[[0,0],[0,0]],"v":[[-37.354,7.306],[52.002,-2.936]],"c":false}]},{"i":{"x":0.667,"y":1},"o":{"x":0.333,"y":0},"t":76,"s":[{"i":[[0,0],[0,0]],"o":[[0,0],[0,0]],"v":[[-50.171,5.443],[39.698,3.667]],"c":false}]},{"i":{"x":0.667,"y":1},"o":{"x":0.333,"y":0},"t":96,"s":[{"i":[[0,0],[0,0]],"o":[[0,0],[0,0]],"v":[[-37.354,7.306],[52.002,-2.936]],"c":false}]},{"t":120,"s":[{"i":[[0,0],[0,0]],"o":[[0,0],[0,0]],"v":[[-44.438,8.217],[45.175,1.221]],"c":false}]}],"ix":2},"nm":"Path 3","mn":"ADBE Vector Shape - Group","hd":false},{"ind":3,"ty":"sh","ix":4,"ks":{"a":1,"k":[{"i":{"x":0.667,"y":1},"o":{"x":0.333,"y":0},"t":0,"s":[{"i":[[0,0],[0,0]],"o":[[0,0],[0,0]],"v":[[-47.315,-28.631],[42.298,-35.627]],"c":false}]},{"i":{"x":0.667,"y":1},"o":{"x":0.333,"y":0},"t":16,"s":[{"i":[[0,0],[0,0]],"o":[[0,0],[0,0]],"v":[[-43.448,-30.666],[46.414,-39.471]],"c":false}]},{"i":{"x":0.667,"y":1},"o":{"x":0.333,"y":0},"t":36,"s":[{"i":[[0,0],[0,0]],"o":[[0,0],[0,0]],"v":[[-50.901,-27.531],[38.967,-33.286]],"c":false}]},{"i":{"x":0.667,"y":1},"o":{"x":0.333,"y":0},"t":56,"s":[{"i":[[0,0],[0,0]],"o":[[0,0],[0,0]],"v":[[-43.448,-30.666],[46.414,-39.471]],"c":false}]},{"i":{"x":0.667,"y":1},"o":{"x":0.333,"y":0},"t":76,"s":[{"i":[[0,0],[0,0]],"o":[[0,0],[0,0]],"v":[[-50.901,-27.531],[38.967,-33.286]],"c":false}]},{"i":{"x":0.667,"y":1},"o":{"x":0.333,"y":0},"t":96,"s":[{"i":[[0,0],[0,0]],"o":[[0,0],[0,0]],"v":[[-43.448,-30.666],[46.414,-39.471]],"c":false}]},{"t":120,"s":[{"i":[[0,0],[0,0]],"o":[[0,0],[0,0]],"v":[[-47.315,-28.631],[42.298,-35.627]],"c":false}]}],"ix":2},"nm":"Path 4","mn":"ADBE Vector Shape - Group","hd":false},{"ty":"st","c":{"a":0,"k":[0.071,0.075,0.192,1],"ix":3,"x":"var $bm_rt;\n$bm_rt = comp('wired-outline-994-sticky-notes').layer('control').effect('primary')('Color');"},"o":{"a":0,"k":100,"ix":4},"w":{"a":0,"k":12.04,"ix":5,"x":"var $bm_rt;\n$bm_rt = $bm_mul($bm_div(value, 2), comp('wired-outline-994-sticky-notes').layer('control').effect('stroke')('Menu'));"},"lc":2,"lj":2,"bm":0,"nm":".primary","mn":"ADBE Vector Graphic - Stroke","hd":false,"cl":"primary"},{"ty":"tr","p":{"a":0,"k":[310.611,308.716],"ix":2},"a":{"a":0,"k":[0,0],"ix":1},"s":{"a":0,"k":[100,100],"ix":3},"r":{"a":0,"k":0,"ix":6},"o":{"a":0,"k":100,"ix":7},"sk":{"a":0,"k":0,"ix":4},"sa":{"a":0,"k":0,"ix":5},"nm":"Transform"}],"nm":"Group 1","np":5,"cix":2,"bm":0,"ix":1,"mn":"ADBE Vector Group","hd":false}],"ip":0,"op":844,"st":0,"ct":1,"bm":0}]}],"layers":[{"ddd":0,"ind":1,"ty":3,"nm":"control","sr":1,"ks":{"o":{"a":0,"k":0,"ix":11},"r":{"a":0,"k":0,"ix":10},"p":{"a":0,"k":[0,0],"ix":2,"l":2},"a":{"a":0,"k":[0,0,0],"ix":1,"l":2},"s":{"a":0,"k":[100,100,100],"ix":6,"l":2}},"ao":0,"ef":[{"ty":5,"nm":"stroke","np":3,"mn":"Pseudo/@@kaqqKA+wTcKHCQfFsOKQ5A","ix":1,"en":1,"ef":[{"ty":7,"nm":"Menu","mn":"Pseudo/@@kaqqKA+wTcKHCQfFsOKQ5A-0001","ix":1,"v":{"a":0,"k":2,"ix":1}}]},{"ty":5,"nm":"primary","np":3,"mn":"ADBE Color Control","ix":2,"en":1,"ef":[{"ty":2,"nm":"Color","mn":"ADBE Color Control-0001","ix":1,"v":{"a":0,"k":[0.071,0.075,0.192],"ix":1}}]},{"ty":5,"nm":"secondary","np":3,"mn":"ADBE Color Control","ix":3,"en":1,"ef":[{"ty":2,"nm":"Color","mn":"ADBE Color Control-0001","ix":1,"v":{"a":0,"k":[0.031,0.659,0.541],"ix":1}}]}],"ip":0,"op":221,"st":0,"bm":0},{"ddd":0,"ind":2,"ty":0,"nm":"in-reveal","refId":"comp_0","sr":1,"ks":{"o":{"a":0,"k":100,"ix":11},"r":{"a":0,"k":0,"ix":10},"p":{"a":0,"k":[215,215,0],"ix":2,"l":2},"a":{"a":0,"k":[215,215,0],"ix":1,"l":2},"s":{"a":0,"k":[100,100,100],"ix":6,"l":2}},"ao":0,"w":430,"h":430,"ip":0,"op":100,"st":0,"bm":0},{"ddd":0,"ind":3,"ty":0,"nm":"hover-pinch","refId":"comp_1","sr":1,"ks":{"o":{"a":0,"k":100,"ix":11},"r":{"a":0,"k":0,"ix":10},"p":{"a":0,"k":[215,215,0],"ix":2,"l":2},"a":{"a":0,"k":[215,215,0],"ix":1,"l":2},"s":{"a":0,"k":[100,100,100],"ix":6,"l":2}},"ao":0,"w":430,"h":430,"ip":100,"op":230,"st":100,"bm":0}],"markers":[{"tm":0,"cm":"in-reveal","dr":90},{"tm":100,"cm":"default:hover-pinch","dr":120}],"props":{}}