{"v":"5.12.1","fr":60,"ip":100,"op":208,"w":430,"h":430,"nm":"wired-outline-694-intern-male","ddd":0,"assets":[{"id":"comp_0","nm":"in-reveal","fr":60,"layers":[{"ddd":0,"ind":1,"ty":4,"nm":"Glasses","parent":3,"sr":1,"ks":{"o":{"a":0,"k":100,"ix":11},"r":{"a":0,"k":0,"ix":10},"p":{"a":1,"k":[{"i":{"x":0.667,"y":1},"o":{"x":0.333,"y":0},"t":24,"s":[0.017,-61.574,0],"to":[0,0,0],"ti":[0,0,0]},{"i":{"x":0.667,"y":1},"o":{"x":0.333,"y":0},"t":43,"s":[0.017,-56.107,0],"to":[0,0,0],"ti":[0,0,0]},{"i":{"x":0.667,"y":1},"o":{"x":0.333,"y":0},"t":66,"s":[0.017,-71.574,0],"to":[0,0,0],"ti":[0,0,0]},{"t":90,"s":[0.017,-61.574,0]}],"ix":2,"l":2},"a":{"a":0,"k":[250,188.231,0],"ix":1,"l":2},"s":{"a":0,"k":[100,100,100],"ix":6,"l":2}},"ao":0,"shapes":[{"ty":"gr","it":[{"ind":0,"ty":"sh","ix":1,"ks":{"a":1,"k":[{"i":{"x":0,"y":1},"o":{"x":0.086,"y":0.127},"t":0,"s":[{"i":[[0,0],[0,0]],"o":[[0,0],[0,0]],"v":[[0.226,7.033],[-0.22,7.033]],"c":false}]},{"t":34,"s":[{"i":[[0,0],[0,0]],"o":[[0,0],[0,0]],"v":[[11.619,0],[-11.619,0]],"c":false}]}],"ix":2},"nm":"Path 1","mn":"ADBE Vector Shape - Group","hd":false},{"ty":"st","c":{"a":0,"k":[0.071,0.075,0.192,1],"ix":3,"x":"var $bm_rt;\n$bm_rt = comp('wired-outline-694-intern-male').layer('control').effect('primary')('Color');"},"o":{"a":0,"k":100,"ix":4},"w":{"a":0,"k":12.04,"ix":5,"x":"var $bm_rt;\n$bm_rt = $bm_mul($bm_div(value, 2), comp('wired-outline-694-intern-male').layer('control').effect('stroke')('Menu'));"},"lc":2,"lj":2,"bm":0,"nm":".primary","mn":"ADBE Vector Graphic - Stroke","hd":false,"cl":"primary"},{"ty":"tr","p":{"a":0,"k":[249.997,181.061],"ix":2},"a":{"a":0,"k":[0,0],"ix":1},"s":{"a":0,"k":[100,100],"ix":3},"r":{"a":0,"k":0,"ix":6},"o":{"a":0,"k":100,"ix":7},"sk":{"a":0,"k":0,"ix":4},"sa":{"a":0,"k":0,"ix":5},"nm":"Transform"}],"nm":"Group 1","np":2,"cix":2,"bm":0,"ix":1,"mn":"ADBE Vector Group","hd":false},{"ty":"gr","it":[{"ind":0,"ty":"sh","ix":1,"ks":{"a":1,"k":[{"i":{"x":0,"y":1},"o":{"x":0.086,"y":0.127},"t":0,"s":[{"i":[[0.069,0],[0,0],[0.014,0.069],[0,0],[-0.091,0],[0,0],[0.018,-0.092],[0,0]],"o":[[0,0],[-0.069,0],[0,0],[-0.018,-0.092],[0,0],[0.091,0],[0,0],[-0.014,0.069]],"v":[[-36.236,0.374],[-36.78,0.374],[-36.921,0.255],[-37.01,-0.196],[-36.868,-0.374],[-36.147,-0.374],[-36.006,-0.196],[-36.094,0.255]],"c":true}]},{"t":34,"s":[{"i":[[3.582,0],[0,0],[0.71,3.604],[0,0],[-4.756,0],[0,0],[0.942,-4.785],[0,0]],"o":[[0,0],[-3.582,0],[0,0],[-0.942,-4.785],[0,0],[4.756,0],[0,0],[-0.71,3.604]],"v":[[14.191,19.513],[-14.191,19.513],[-21.568,13.319],[-26.211,-10.257],[-18.834,-19.513],[18.834,-19.513],[26.211,-10.257],[21.568,13.319]],"c":true}]}],"ix":2},"nm":"Path 1","mn":"ADBE Vector Shape - Group","hd":false},{"ty":"st","c":{"a":0,"k":[0.071,0.075,0.192,1],"ix":3,"x":"var $bm_rt;\n$bm_rt = comp('wired-outline-694-intern-male').layer('control').effect('primary')('Color');"},"o":{"a":0,"k":100,"ix":4},"w":{"a":0,"k":12.04,"ix":5,"x":"var $bm_rt;\n$bm_rt = $bm_mul($bm_div(value, 2), comp('wired-outline-694-intern-male').layer('control').effect('stroke')('Menu'));"},"lc":2,"lj":2,"bm":0,"nm":".primary","mn":"ADBE Vector Graphic - Stroke","hd":false,"cl":"primary"},{"ty":"tr","p":{"a":0,"k":[287.221,188.231],"ix":2},"a":{"a":0,"k":[0,0],"ix":1},"s":{"a":0,"k":[100,100],"ix":3},"r":{"a":0,"k":0,"ix":6},"o":{"a":0,"k":100,"ix":7},"sk":{"a":0,"k":0,"ix":4},"sa":{"a":0,"k":0,"ix":5},"nm":"Transform"}],"nm":"Group 2","np":2,"cix":2,"bm":0,"ix":2,"mn":"ADBE Vector Group","hd":false},{"ty":"gr","it":[{"ind":0,"ty":"sh","ix":1,"ks":{"a":1,"k":[{"i":{"x":0,"y":1},"o":{"x":0.086,"y":0.127},"t":0,"s":[{"i":[[0.069,0],[0,0],[0.014,0.069],[0,0],[-0.091,0],[0,0],[0.018,-0.092],[0,0]],"o":[[0,0],[-0.069,0],[0,0],[-0.018,-0.092],[0,0],[0.091,0],[0,0],[-0.014,0.069]],"v":[[36.78,0.374],[36.236,0.374],[36.095,0.255],[36.006,-0.196],[36.147,-0.374],[36.868,-0.374],[37.01,-0.196],[36.921,0.255]],"c":true}]},{"t":34,"s":[{"i":[[3.582,0],[0,0],[0.71,3.604],[0,0],[-4.756,0],[0,0],[0.942,-4.785],[0,0]],"o":[[0,0],[-3.582,0],[0,0],[-0.942,-4.785],[0,0],[4.756,0],[0,0],[-0.71,3.604]],"v":[[14.191,19.513],[-14.191,19.513],[-21.568,13.319],[-26.211,-10.257],[-18.834,-19.513],[18.834,-19.513],[26.211,-10.257],[21.568,13.319]],"c":true}]}],"ix":2},"nm":"Path 1","mn":"ADBE Vector Shape - Group","hd":false},{"ty":"st","c":{"a":0,"k":[0.071,0.075,0.192,1],"ix":3,"x":"var $bm_rt;\n$bm_rt = comp('wired-outline-694-intern-male').layer('control').effect('primary')('Color');"},"o":{"a":0,"k":100,"ix":4},"w":{"a":0,"k":12.04,"ix":5,"x":"var $bm_rt;\n$bm_rt = $bm_mul($bm_div(value, 2), comp('wired-outline-694-intern-male').layer('control').effect('stroke')('Menu'));"},"lc":2,"lj":2,"bm":0,"nm":".primary","mn":"ADBE Vector Graphic - Stroke","hd":false,"cl":"primary"},{"ty":"tr","p":{"a":0,"k":[212.779,188.231],"ix":2},"a":{"a":0,"k":[0,0],"ix":1},"s":{"a":0,"k":[100,100],"ix":3},"r":{"a":0,"k":0,"ix":6},"o":{"a":0,"k":100,"ix":7},"sk":{"a":0,"k":0,"ix":4},"sa":{"a":0,"k":0,"ix":5},"nm":"Transform"}],"nm":"Group 3","np":2,"cix":2,"bm":0,"ix":3,"mn":"ADBE Vector Group","hd":false}],"ip":1,"op":844,"st":0,"ct":1,"bm":0},{"ddd":0,"ind":2,"ty":4,"nm":"mask","parent":3,"td":1,"sr":1,"ks":{"o":{"a":0,"k":100,"ix":11},"r":{"a":0,"k":0,"ix":10},"p":{"a":1,"k":[{"i":{"x":0.667,"y":1},"o":{"x":0.333,"y":0},"t":24,"s":[0.017,-61.574,0],"to":[0,0,0],"ti":[0,0,0]},{"i":{"x":0.667,"y":1},"o":{"x":0.333,"y":0},"t":43,"s":[0.017,-56.107,0],"to":[0,0,0],"ti":[0,0,0]},{"i":{"x":0.667,"y":1},"o":{"x":0.333,"y":0},"t":66,"s":[0.017,-71.574,0],"to":[0,0,0],"ti":[0,0,0]},{"t":90,"s":[0.017,-61.574,0]}],"ix":2,"l":2},"a":{"a":0,"k":[250,188.231,0],"ix":1,"l":2},"s":{"a":0,"k":[100,100,100],"ix":6,"l":2}},"ao":0,"shapes":[{"ty":"gr","it":[{"ind":0,"ty":"sh","ix":1,"ks":{"a":1,"k":[{"i":{"x":0,"y":1},"o":{"x":0.086,"y":0.127},"t":0,"s":[{"i":[[0.069,0],[0,0],[0.014,0.069],[0,0],[-0.091,0],[0,0],[0.018,-0.092],[0,0]],"o":[[0,0],[-0.069,0],[0,0],[-0.018,-0.092],[0,0],[0.091,0],[0,0],[-0.014,0.069]],"v":[[-36.236,0.374],[-36.78,0.374],[-36.921,0.255],[-37.01,-0.196],[-36.868,-0.374],[-36.147,-0.374],[-36.006,-0.196],[-36.094,0.255]],"c":true}]},{"t":34,"s":[{"i":[[3.582,0],[0,0],[0.71,3.604],[0,0],[-4.756,0],[0,0],[0.942,-4.785],[0,0]],"o":[[0,0],[-3.582,0],[0,0],[-0.942,-4.785],[0,0],[4.756,0],[0,0],[-0.71,3.604]],"v":[[14.191,19.513],[-14.191,19.513],[-21.568,13.319],[-26.211,-10.257],[-18.834,-19.513],[18.834,-19.513],[26.211,-10.257],[21.568,13.319]],"c":true}]}],"ix":2},"nm":"Path 1","mn":"ADBE Vector Shape - Group","hd":false},{"ty":"tr","p":{"a":0,"k":[287.221,188.231],"ix":2},"a":{"a":0,"k":[0,0],"ix":1},"s":{"a":0,"k":[100,100],"ix":3},"r":{"a":0,"k":0,"ix":6},"o":{"a":0,"k":100,"ix":7},"sk":{"a":0,"k":0,"ix":4},"sa":{"a":0,"k":0,"ix":5},"nm":"Transform"}],"nm":"Group 2","np":1,"cix":2,"bm":0,"ix":1,"mn":"ADBE Vector Group","hd":false},{"ty":"gr","it":[{"ind":0,"ty":"sh","ix":1,"ks":{"a":1,"k":[{"i":{"x":0,"y":1},"o":{"x":0.086,"y":0.127},"t":0,"s":[{"i":[[0.069,0],[0,0],[0.014,0.069],[0,0],[-0.091,0],[0,0],[0.018,-0.092],[0,0]],"o":[[0,0],[-0.069,0],[0,0],[-0.018,-0.092],[0,0],[0.091,0],[0,0],[-0.014,0.069]],"v":[[36.78,0.374],[36.236,0.374],[36.095,0.255],[36.006,-0.196],[36.147,-0.374],[36.868,-0.374],[37.01,-0.196],[36.921,0.255]],"c":true}]},{"t":34,"s":[{"i":[[3.582,0],[0,0],[0.71,3.604],[0,0],[-4.756,0],[0,0],[0.942,-4.785],[0,0]],"o":[[0,0],[-3.582,0],[0,0],[-0.942,-4.785],[0,0],[4.756,0],[0,0],[-0.71,3.604]],"v":[[14.191,19.513],[-14.191,19.513],[-21.568,13.319],[-26.211,-10.257],[-18.834,-19.513],[18.834,-19.513],[26.211,-10.257],[21.568,13.319]],"c":true}]}],"ix":2},"nm":"Path 1","mn":"ADBE Vector Shape - Group","hd":false},{"ty":"tr","p":{"a":0,"k":[212.779,188.231],"ix":2},"a":{"a":0,"k":[0,0],"ix":1},"s":{"a":0,"k":[100,100],"ix":3},"r":{"a":0,"k":0,"ix":6},"o":{"a":0,"k":100,"ix":7},"sk":{"a":0,"k":0,"ix":4},"sa":{"a":0,"k":0,"ix":5},"nm":"Transform"}],"nm":"Group 3","np":1,"cix":2,"bm":0,"ix":2,"mn":"ADBE Vector Group","hd":false},{"ty":"fl","c":{"a":0,"k":[1,0,0,1],"ix":4},"o":{"a":0,"k":100,"ix":5},"r":1,"bm":0,"nm":"Fill 1","mn":"ADBE Vector Graphic - Fill","hd":false}],"ip":1,"op":177,"st":0,"ct":1,"bm":0},{"ddd":0,"ind":3,"ty":4,"nm":"Head 3","tt":2,"tp":2,"sr":1,"ks":{"o":{"a":0,"k":100,"ix":11},"r":{"a":0,"k":0,"ix":10},"p":{"a":1,"k":[{"i":{"x":0.515,"y":1},"o":{"x":0.598,"y":0},"t":30,"s":[215,341.85,0],"to":[0,0,0],"ti":[0,0,0]},{"i":{"x":0.357,"y":1},"o":{"x":0.333,"y":0},"t":60,"s":[215,184.85,0],"to":[0,0,0],"ti":[0,0,0]},{"t":90,"s":[215,208.1,0]}],"ix":2,"l":2},"a":{"a":0,"k":[0,-7,0],"ix":1,"l":2},"s":{"a":0,"k":[100,100,100],"ix":6,"l":2}},"ao":0,"shapes":[{"ty":"gr","it":[{"ind":0,"ty":"sh","ix":1,"ks":{"a":1,"k":[{"i":{"x":0,"y":1},"o":{"x":0.103,"y":0.103},"t":0,"s":[{"i":[[0,0],[-0.545,1.28],[-0.222,-0.739],[0.424,0.505],[0,0],[0.407,-0.081],[0.206,-0.077],[0,0],[0.178,-0.15],[0.098,-0.3],[0,0]],"o":[[1.465,-0.061],[1.229,0.876],[0.1,-1.493],[-0.306,-0.364],[-0.629,-0.259],[-0.12,0.024],[0,0],[-0.196,0.117],[-0.272,0.228],[-0.2,0.617],[0,0]],"v":[[1.222,67.878],[4.402,65.625],[5.787,68.006],[5.215,65.179],[4.506,64.659],[2.952,64.507],[2.603,64.615],[2.368,64.725],[1.907,65.056],[1.313,65.976],[1.226,67.873]],"c":false}]},{"i":{"x":0,"y":1},"o":{"x":0.333,"y":0},"t":30,"s":[{"i":[[0,0],[-14.193,33.322],[-5.785,-19.226],[11.03,13.132],[0,0],[10.592,-2.112],[5.369,-1.994],[0,0],[4.643,-3.899],[2.538,-7.819],[0,0]],"o":[[38.121,-1.59],[31.982,22.787],[2.614,-38.857],[-7.958,-9.474],[-16.364,-6.743],[-3.116,0.621],[0,0],[-5.114,3.053],[-7.076,5.942],[-5.212,16.058],[0,0]],"v":[[-55.787,72.762],[26.962,14.137],[63.011,76.109],[48.132,2.538],[29.68,-10.996],[-10.75,-14.957],[-19.854,-12.148],[-25.954,-9.27],[-37.967,-0.672],[-53.413,23.267],[-55.683,72.652]],"c":false}]},{"i":{"x":0.396,"y":1},"o":{"x":0.333,"y":0},"t":43,"s":[{"i":[[0,0],[-14.193,33.322],[-5.785,-19.226],[11.03,13.132],[0,0],[10.592,-2.112],[5.369,-1.994],[0,0],[4.643,-3.899],[2.538,-7.819],[0,0]],"o":[[38.121,-1.59],[31.982,22.787],[2.614,-38.857],[-7.958,-9.474],[-16.364,-6.743],[-3.116,0.621],[0,0],[-5.114,3.053],[-7.076,5.942],[-5.212,16.058],[0,0]],"v":[[-55.787,68.012],[26.962,9.387],[63.011,71.359],[48.132,-2.212],[29.68,-15.746],[-10.75,-19.707],[-19.854,-16.898],[-25.954,-14.02],[-37.967,-5.422],[-53.413,18.517],[-55.683,67.902]],"c":false}]},{"i":{"x":0.667,"y":1},"o":{"x":0.167,"y":0},"t":66,"s":[{"i":[[0,0],[-14.55,34.16],[-5.93,-19.71],[10.064,15.425],[0,0],[11.053,-5.813],[4.096,3.427],[0,0],[4.215,-7.133],[2.097,-16.377],[0,0]],"o":[[39.08,-1.63],[32.787,23.36],[14.38,-19.646],[-8.376,-12.838],[-21.792,-5.284],[-4.592,2.415],[0,0],[-5.933,-5.19],[-5.394,9.128],[-4.935,38.539],[0,0]],"v":[[-57.091,50.553],[27.739,-9.547],[64.695,53.984],[66.192,-20.187],[42.526,-37.187],[-12.717,-35.689],[-26.738,-37.295],[-42.508,-54.328],[-61.072,-50.773],[-73.891,-11.6],[-56.984,50.441]],"c":false}]},{"t":90,"s":[{"i":[[0,0],[-14.55,34.16],[-5.93,-19.71],[10.064,15.425],[0,0],[11.053,-4.959],[4.096,2.923],[0,0],[4.215,-6.085],[2.097,-13.97],[0,0]],"o":[[39.08,-1.63],[32.787,23.36],[11.969,-18.584],[-8.376,-12.838],[-21.792,-5.284],[-4.592,2.06],[0,0],[-5.933,-4.428],[-5.394,7.786],[-4.935,32.876],[0,0]],"v":[[-57.181,43.303],[27.739,-14.047],[64.656,43.234],[66.192,-24.687],[42.526,-41.687],[-12.609,-34.185],[-26.629,-35.555],[-42.508,-46.886],[-61.072,-43.853],[-73.891,-10.437],[-57.075,43.191]],"c":false}]}],"ix":2},"nm":"Path 1","mn":"ADBE Vector Shape - Group","hd":false},{"ty":"st","c":{"a":0,"k":[0.031,0.659,0.541,1],"ix":3,"x":"var $bm_rt;\n$bm_rt = comp('wired-outline-694-intern-male').layer('control').effect('secondary')('Color');"},"o":{"a":0,"k":100,"ix":4},"w":{"a":0,"k":12.04,"ix":5,"x":"var $bm_rt;\n$bm_rt = $bm_mul($bm_div(value, 2), comp('wired-outline-694-intern-male').layer('control').effect('stroke')('Menu'));"},"lc":2,"lj":2,"bm":0,"nm":".secondary","mn":"ADBE Vector Graphic - Stroke","hd":false,"cl":"secondary"},{"ty":"tr","p":{"a":0,"k":[-3.875,-125.25],"ix":2},"a":{"a":0,"k":[0,0],"ix":1},"s":{"a":0,"k":[100,100],"ix":3},"r":{"a":0,"k":0,"ix":6},"o":{"a":0,"k":100,"ix":7},"sk":{"a":0,"k":0,"ix":4},"sa":{"a":0,"k":0,"ix":5},"nm":"Transform"}],"nm":"Group 2","np":2,"cix":2,"bm":0,"ix":1,"mn":"ADBE Vector Group","hd":false},{"ty":"gr","it":[{"ind":1,"ty":"sh","ix":2,"ks":{"a":1,"k":[{"i":{"x":0,"y":1},"o":{"x":0.103,"y":0.103},"t":0,"s":[{"i":[[0.044,-1.264],[0,0],[1.234,0],[0,0],[0.043,1.233],[0,0]],"o":[[0,0],[-0.043,1.233],[0,0],[-1.234,0],[0,0],[-0.044,-1.264]],"v":[[1.915,-57.276],[1.928,-57.225],[-0.361,-55.015],[-0.361,-55.015],[-2.65,-57.225],[-2.641,-57.39]],"c":false}]},{"i":{"x":0.667,"y":1},"o":{"x":0.613,"y":0},"t":30,"s":[{"i":[[1.173,-33.713],[0,0],[32.115,0],[0,0],[1.116,32.095],[0,0]],"o":[[0,0],[-1.116,32.095],[0,0],[-32.115,0],[0,0],[-1.173,-33.713]],"v":[[59.155,-49.132],[59.574,-39.537],[0,18],[0,18],[-59.574,-39.537],[-59.618,-52.537]],"c":false}]},{"i":{"x":0.833,"y":1},"o":{"x":0.167,"y":0},"t":60,"s":[{"i":[[1.173,-33.713],[0,0],[32.115,0],[0,0],[1.116,32.095],[0,0]],"o":[[0,0],[-1.116,32.095],[0,0],[-32.115,0],[0,0],[-1.173,-33.713]],"v":[[60.921,-70.132],[59.574,-39.537],[0,18],[0,18],[-59.574,-39.537],[-60.664,-73.162]],"c":false}]},{"t":90,"s":[{"i":[[1.173,-33.713],[0,0],[32.115,0],[0,0],[1.116,32.095],[0,0]],"o":[[0,0],[-1.116,32.095],[0,0],[-32.115,0],[0,0],[-1.173,-33.713]],"v":[[60.898,-76.632],[59.574,-39.537],[0,18],[0,18],[-59.574,-39.537],[-60.644,-79.662]],"c":false}]}],"ix":2},"nm":"Path 2","mn":"ADBE Vector Shape - Group","hd":false},{"ty":"st","c":{"a":0,"k":[0.071,0.075,0.192,1],"ix":3,"x":"var $bm_rt;\n$bm_rt = comp('wired-outline-694-intern-male').layer('control').effect('primary')('Color');"},"o":{"a":0,"k":100,"ix":4},"w":{"a":0,"k":12.04,"ix":5,"x":"var $bm_rt;\n$bm_rt = $bm_mul($bm_div(value, 2), comp('wired-outline-694-intern-male').layer('control').effect('stroke')('Menu'));"},"lc":2,"lj":2,"bm":0,"nm":".primary","mn":"ADBE Vector Graphic - Stroke","hd":false,"cl":"primary"},{"ty":"tr","p":{"a":0,"k":[0,0],"ix":2},"a":{"a":0,"k":[0,0],"ix":1},"s":{"a":0,"k":[100,100],"ix":3},"r":{"a":0,"k":0,"ix":6},"o":{"a":0,"k":100,"ix":7},"sk":{"a":0,"k":0,"ix":4},"sa":{"a":0,"k":0,"ix":5},"nm":"Transform"}],"nm":"Group 1","np":3,"cix":2,"bm":0,"ix":2,"mn":"ADBE Vector Group","hd":false}],"ip":1,"op":300.3003003003,"st":0,"ct":1,"bm":0},{"ddd":0,"ind":4,"ty":4,"nm":"Body","sr":1,"ks":{"o":{"a":0,"k":100,"ix":11},"r":{"a":0,"k":0,"ix":10},"p":{"a":1,"k":[{"i":{"x":0.667,"y":1},"o":{"x":0.333,"y":0},"t":37,"s":[215,384.76,0],"to":[0,-0.833,0],"ti":[0,-0.667,0]},{"i":{"x":0.278,"y":1},"o":{"x":0.333,"y":0},"t":60,"s":[215,379.76,0],"to":[0,0.667,0],"ti":[0,-1.5,0]},{"t":90,"s":[215,388.76,0]}],"ix":2,"l":2},"a":{"a":0,"k":[0,173.66,0],"ix":1,"l":2},"s":{"a":1,"k":[{"i":{"x":[0.667,0.667,0.667],"y":[1,1,1]},"o":{"x":[0.167,0.167,0.167],"y":[0,0.167,0]},"t":37,"s":[100,100,100]},{"i":{"x":[0.335,0.353,0.667],"y":[1,1,1]},"o":{"x":[0.333,0.333,0.333],"y":[0,0,0]},"t":60,"s":[100,109,100]},{"t":90,"s":[100,100,100]}],"ix":6,"l":2}},"ao":0,"shapes":[{"ty":"gr","it":[{"ind":0,"ty":"sh","ix":1,"ks":{"a":1,"k":[{"i":{"x":0.833,"y":0.833},"o":{"x":0.167,"y":0.167},"t":37,"s":[{"i":[[0,0],[0,0],[0,-0.014],[0,0],[7.57,0],[0,0],[8.03,0],[20.11,0],[0.1,0],[19.84,0],[0,0],[8.065,0],[0,0],[0,0.004],[0,0],[-13.318,0],[0,0]],"o":[[0,0],[13.308,0],[0,0],[0,0.004],[0,0],[-9.055,0],[-20.494,0],[-0.1,0],[-20.1,0],[0,0],[-7.835,0],[0,0],[-7.57,0],[0,0],[0,-0.014],[0,0],[0,0]],"v":[[33.76,155.652],[111.192,155.655],[124.5,155.664],[124.5,155.664],[111.19,155.673],[82.172,155.673],[59.065,155.673],[0,155.673],[-0.3,155.673],[-59.465,155.673],[-59.665,155.673],[-83.693,155.673],[-111.19,155.673],[-124.5,155.664],[-124.5,155.664],[-111.182,155.652],[-33.99,155.652]],"c":false}]},{"i":{"x":0.417,"y":1},"o":{"x":0.167,"y":0.167},"t":42,"s":[{"i":[[0,0],[0,0],[0,-21.279],[0,0],[7.57,-0.87],[0,0],[8.03,-0.155],[20.11,-0.04],[0.1,0],[19.84,-0.153],[0,0],[8.065,-0.033],[0,0],[0,7.62],[0,0],[0.37,0],[0,0]],"o":[[0,0],[0.37,0],[0,0],[0,7.62],[0,0],[-9.055,0.143],[-20.494,0.396],[-0.1,0],[-20.1,0],[0,0],[-7.835,0.049],[0,0],[-7.57,-0.87],[0,0],[0,-20.898],[0,0],[0,0]],"v":[[33.76,111.084],[111.38,111.052],[124.5,132.74],[124.5,137.45],[111.19,155.277],[82.172,155.161],[59.065,155.276],[0,155.245],[-0.3,155.245],[-59.465,155.274],[-59.665,155.194],[-83.693,155.154],[-111.19,155.277],[-124.5,137.45],[-124.5,132.603],[-110.87,111.01],[-33.99,111.084]],"c":false}]},{"t":60,"s":[{"i":[[0,0],[0,0],[0,-45.84],[0,0],[7.57,-0.87],[0,0],[7.37,-3.08],[20.11,-0.04],[0.1,0],[18.92,7.87],[0,0],[8.28,0.96],[0,0],[0,7.62],[0,0],[-45.84,0],[0,0]],"o":[[0,0],[45.84,0],[0,0],[0,7.62],[0,0],[-7.94,0.92],[-18.91,7.91],[-0.1,0],[-20.1,0],[0,0],[-7.69,-3.2],[0,0],[-7.57,-0.87],[0,0],[0,-45.84],[0,0],[0,0]],"v":[[33.88,26.69],[41.5,26.69],[124.5,109.69],[124.5,137.45],[111.22,152.35],[82.18,155.71],[59.11,161.74],[0,173.66],[-0.3,173.66],[-59.42,161.86],[-59.62,161.78],[-83.69,155.52],[-111.22,152.35],[-124.5,137.45],[-124.5,109.69],[-41.5,26.69],[-33.87,26.69]],"c":false}]}],"ix":2},"nm":"Path 1","mn":"ADBE Vector Shape - Group","hd":false},{"ty":"st","c":{"a":0,"k":[0.071,0.075,0.192,1],"ix":3,"x":"var $bm_rt;\n$bm_rt = comp('wired-outline-694-intern-male').layer('control').effect('primary')('Color');"},"o":{"a":0,"k":100,"ix":4},"w":{"a":0,"k":12.04,"ix":5,"x":"var $bm_rt;\n$bm_rt = $bm_mul($bm_div(value, 2), comp('wired-outline-694-intern-male').layer('control').effect('stroke')('Menu'));"},"lc":2,"lj":2,"bm":0,"nm":".primary","mn":"ADBE Vector Graphic - Stroke","hd":false,"cl":"primary"},{"ty":"tr","p":{"a":0,"k":[0,0],"ix":2},"a":{"a":0,"k":[0,0],"ix":1},"s":{"a":0,"k":[100,100],"ix":3},"r":{"a":0,"k":0,"ix":6},"o":{"a":0,"k":100,"ix":7},"sk":{"a":0,"k":0,"ix":4},"sa":{"a":0,"k":0,"ix":5},"nm":"Transform"}],"nm":"Group 1","np":2,"cix":2,"bm":0,"ix":1,"mn":"ADBE Vector Group","hd":false},{"ty":"gr","it":[{"ind":0,"ty":"sh","ix":1,"ks":{"a":1,"k":[{"i":{"x":0.833,"y":0.833},"o":{"x":0.167,"y":0.167},"t":37,"s":[{"i":[[0,0],[0,0],[0,0],[0,0],[0,0]],"o":[[0,0],[0,0],[0,0],[0,0],[0,0]],"v":[[33.76,155.697],[33.88,155.696],[0,155.692],[-33.87,155.696],[-33.99,155.697]],"c":false}]},{"i":{"x":0.428,"y":1},"o":{"x":0.167,"y":0.167},"t":42,"s":[{"i":[[0,0],[0,0],[0,0],[0,0],[0,0]],"o":[[0,0],[0,0],[0,0],[0,0],[0,0]],"v":[[33.76,110.981],[33.88,121.384],[0,155.254],[-33.87,121.384],[-33.99,110.991]],"c":false}]},{"i":{"x":0.667,"y":1},"o":{"x":0.333,"y":0},"t":60,"s":[{"i":[[0,0],[0,0],[0,0],[0,0],[0,0]],"o":[[0,0],[0,0],[0,0],[0,0],[0,0]],"v":[[33.88,8.587],[33.88,26.38],[0,60.25],[-33.87,26.38],[-33.87,8.597]],"c":false}]},{"t":90,"s":[{"i":[[0,0],[0,0],[0,0],[0,0],[0,0]],"o":[[0,0],[0,0],[0,0],[0,0],[0,0]],"v":[[33.88,7.44],[33.88,26.38],[0,60.25],[-33.87,26.38],[-33.87,7.45]],"c":false}]}],"ix":2},"nm":"Triangle","mn":"ADBE Vector Shape - Group","hd":false},{"ty":"st","c":{"a":0,"k":[0.071,0.075,0.192,1],"ix":3,"x":"var $bm_rt;\n$bm_rt = comp('wired-outline-694-intern-male').layer('control').effect('primary')('Color');"},"o":{"a":0,"k":100,"ix":4},"w":{"a":0,"k":12.04,"ix":5,"x":"var $bm_rt;\n$bm_rt = $bm_mul($bm_div(value, 2), comp('wired-outline-694-intern-male').layer('control').effect('stroke')('Menu'));"},"lc":2,"lj":2,"bm":0,"nm":".primary","mn":"ADBE Vector Graphic - Stroke","hd":false,"cl":"primary"},{"ty":"tr","p":{"a":0,"k":[0,0],"ix":2},"a":{"a":0,"k":[0,0],"ix":1},"s":{"a":0,"k":[100,100],"ix":3},"r":{"a":0,"k":0,"ix":6},"o":{"a":0,"k":100,"ix":7},"sk":{"a":0,"k":0,"ix":4},"sa":{"a":0,"k":0,"ix":5},"nm":"Transform"}],"nm":"Group 4","np":2,"cix":2,"bm":0,"ix":2,"mn":"ADBE Vector Group","hd":false},{"ty":"gr","it":[{"ind":0,"ty":"sh","ix":1,"ks":{"a":1,"k":[{"i":{"x":0.833,"y":0.833},"o":{"x":0.167,"y":0.167},"t":37,"s":[{"i":[[0,0],[0,0],[0,0]],"o":[[0,0],[0,0],[0,0]],"v":[[-42.081,97.409],[-7.741,97.382],[30.259,97.462]],"c":false}]},{"i":{"x":0.417,"y":1},"o":{"x":0.167,"y":0.167},"t":42,"s":[{"i":[[0,0],[0,0],[0,0]],"o":[[0,0],[0,0],[0,0]],"v":[[-42.041,52.971],[-7.741,96.944],[30.259,97.025]],"c":false}]},{"i":{"x":0.667,"y":1},"o":{"x":0.333,"y":0},"t":60,"s":[{"i":[[0,0],[0,0],[0,0]],"o":[[0,0],[0,0],[0,0]],"v":[[-30.275,-29.06],[9.525,29.06],[30.275,2.31]],"c":false}]},{"t":90,"s":[{"i":[[0,0],[0,0],[0,0]],"o":[[0,0],[0,0],[0,0]],"v":[[-30.275,-29.06],[9.525,28.622],[30.275,2.31]],"c":false}]}],"ix":2},"nm":"Path 1","mn":"ADBE Vector Shape - Group","hd":false},{"ind":1,"ty":"sh","ix":2,"ks":{"a":1,"k":[{"i":{"x":0.833,"y":0.833},"o":{"x":0.167,"y":0.167},"t":37,"s":[{"i":[[0,0],[0,0],[0,0]],"o":[[0,0],[0,0],[0,0]],"v":[[30.229,97.432],[65.229,97.431],[101.979,97.434]],"c":false}]},{"i":{"x":0.417,"y":1},"o":{"x":0.167,"y":0.167},"t":42,"s":[{"i":[[0,0],[0,0],[0,0]],"o":[[0,0],[0,0],[0,0]],"v":[[30.229,96.988],[65.229,96.907],[101.739,53.34]],"c":false}]},{"i":{"x":0.667,"y":1},"o":{"x":0.333,"y":0},"t":60,"s":[{"i":[[0,0],[0,0],[0,0]],"o":[[0,0],[0,0],[0,0]],"v":[[30.245,2.273],[50.995,29.023],[90.755,-29.057]],"c":false}]},{"t":90,"s":[{"i":[[0,0],[0,0],[0,0]],"o":[[0,0],[0,0],[0,0]],"v":[[30.245,2.273],[50.995,28.585],[90.755,-29.057]],"c":false}]}],"ix":2},"nm":"Path 2","mn":"ADBE Vector Shape - Group","hd":false},{"ty":"st","c":{"a":0,"k":[0.071,0.075,0.192,1],"ix":3,"x":"var $bm_rt;\n$bm_rt = comp('wired-outline-694-intern-male').layer('control').effect('primary')('Color');"},"o":{"a":0,"k":100,"ix":4},"w":{"a":0,"k":12.04,"ix":5,"x":"var $bm_rt;\n$bm_rt = $bm_mul($bm_div(value, 2), comp('wired-outline-694-intern-male').layer('control').effect('stroke')('Menu'));"},"lc":2,"lj":2,"bm":0,"nm":".primary","mn":"ADBE Vector Graphic - Stroke","hd":false,"cl":"primary"},{"ty":"tr","p":{"a":0,"k":[-30.25,58.25],"ix":2},"a":{"a":0,"k":[0,0],"ix":1},"s":{"a":0,"k":[100,100],"ix":3},"r":{"a":0,"k":0,"ix":6},"o":{"a":0,"k":100,"ix":7},"sk":{"a":0,"k":0,"ix":4},"sa":{"a":0,"k":0,"ix":5},"nm":"Transform"}],"nm":"Group 5","np":3,"cix":2,"bm":0,"ix":3,"mn":"ADBE Vector Group","hd":false}],"ip":36,"op":300.3003003003,"st":0,"ct":1,"bm":0},{"ddd":0,"ind":5,"ty":4,"nm":"Pocket 2","parent":4,"sr":1,"ks":{"o":{"a":0,"k":100,"ix":11},"r":{"a":0,"k":0,"ix":10},"p":{"a":1,"k":[{"i":{"x":0.667,"y":1},"o":{"x":0.167,"y":0.167},"t":37,"s":[66.745,155.989,0],"to":[0,-9.417,0],"ti":[0,9.417,0]},{"t":60,"s":[66.745,99.489,0]}],"ix":2,"l":2},"a":{"a":0,"k":[14.25,-7.5,0],"ix":1,"l":2},"s":{"a":0,"k":[100,100,100],"ix":6,"l":2}},"ao":0,"shapes":[{"ty":"gr","it":[{"ind":0,"ty":"sh","ix":1,"ks":{"a":0,"k":{"i":[[0,0],[0,0]],"o":[[0,0],[0,0]],"v":[[29.446,-7.5],[-0.946,-7.5]],"c":false},"ix":2},"nm":"Path 2","mn":"ADBE Vector Shape - Group","hd":false},{"ty":"st","c":{"a":0,"k":[0.031,0.659,0.541,1],"ix":3,"x":"var $bm_rt;\n$bm_rt = comp('wired-outline-694-intern-male').layer('control').effect('secondary')('Color');"},"o":{"a":0,"k":100,"ix":4},"w":{"a":0,"k":12.04,"ix":5,"x":"var $bm_rt;\n$bm_rt = $bm_mul($bm_div(value, 2), comp('wired-outline-694-intern-male').layer('control').effect('stroke')('Menu'));"},"lc":2,"lj":2,"bm":0,"nm":".secondary","mn":"ADBE Vector Graphic - Stroke","hd":false,"cl":"secondary"},{"ty":"tr","p":{"a":0,"k":[0,0],"ix":2},"a":{"a":0,"k":[0,0],"ix":1},"s":{"a":0,"k":[100,100],"ix":3},"r":{"a":0,"k":0,"ix":6},"o":{"a":0,"k":100,"ix":7},"sk":{"a":0,"k":0,"ix":4},"sa":{"a":0,"k":0,"ix":5},"nm":"Transform"}],"nm":"Group 1","np":3,"cix":2,"bm":0,"ix":1,"mn":"ADBE Vector Group","hd":false}],"ip":37,"op":844,"st":0,"ct":1,"bm":0},{"ddd":0,"ind":6,"ty":4,"nm":"outline 24","parent":4,"sr":1,"ks":{"o":{"a":0,"k":100,"ix":11},"r":{"a":0,"k":0,"ix":10},"p":{"a":1,"k":[{"i":{"x":0.302,"y":1},"o":{"x":0.167,"y":0.167},"t":42,"s":[0.095,153.153,0],"to":[0,-15.5,0],"ti":[0,15.5,0]},{"i":{"x":0.667,"y":0.667},"o":{"x":0.167,"y":0.167},"t":60,"s":[0.095,60.153,0],"to":[0,0,0],"ti":[0,0,0]},{"t":90,"s":[0.095,60.153,0]}],"ix":2,"l":2},"a":{"a":0,"k":[0,0,0],"ix":1,"l":2},"s":{"a":0,"k":[100,100,100],"ix":6,"l":2}},"ao":0,"shapes":[{"ty":"gr","it":[{"ind":0,"ty":"sh","ix":1,"ks":{"a":0,"k":{"i":[[0,0],[0,0]],"o":[[0,0],[0,0]],"v":[[0.095,0],[-0.095,0]],"c":false},"ix":2},"nm":"Path 1","mn":"ADBE Vector Shape - Group","hd":false},{"ty":"tr","p":{"a":0,"k":[0,0],"ix":2},"a":{"a":0,"k":[0,0],"ix":1},"s":{"a":0,"k":[100,100],"ix":3},"r":{"a":0,"k":0,"ix":6},"o":{"a":0,"k":100,"ix":7},"sk":{"a":0,"k":0,"ix":4},"sa":{"a":0,"k":0,"ix":5},"nm":"Transform"}],"nm":"Group 1","np":1,"cix":2,"bm":0,"ix":1,"mn":"ADBE Vector Group","hd":false}],"ip":1,"op":844,"st":0,"ct":1,"bm":0},{"ddd":0,"ind":7,"ty":4,"nm":"mask","td":1,"sr":1,"ks":{"o":{"a":0,"k":100,"ix":11},"r":{"a":0,"k":0,"ix":10},"p":{"a":1,"k":[{"i":{"x":0.667,"y":1},"o":{"x":0.333,"y":0},"t":37,"s":[215,384.76,0],"to":[0,-0.833,0],"ti":[0,-0.667,0]},{"i":{"x":0.278,"y":1},"o":{"x":0.333,"y":0},"t":60,"s":[215,379.76,0],"to":[0,0.667,0],"ti":[0,-1.5,0]},{"t":90,"s":[215,388.76,0]}],"ix":2,"l":2},"a":{"a":0,"k":[0,173.66,0],"ix":1,"l":2},"s":{"a":1,"k":[{"i":{"x":[0.667,0.667,0.667],"y":[1,1,1]},"o":{"x":[0.167,0.167,0.167],"y":[0,0.167,0]},"t":37,"s":[100,100,100]},{"i":{"x":[0.335,0.353,0.667],"y":[1,1,1]},"o":{"x":[0.333,0.333,0.333],"y":[0,0,0]},"t":60,"s":[100,109,100]},{"t":90,"s":[100,100,100]}],"ix":6,"l":2}},"ao":0,"shapes":[{"ty":"gr","it":[{"ind":0,"ty":"sh","ix":1,"ks":{"a":1,"k":[{"i":{"x":0.833,"y":0.833},"o":{"x":0.167,"y":0.167},"t":37,"s":[{"i":[[0,0],[0,0],[0,-0.014],[0,0],[7.57,0],[0,0],[8.03,0],[20.11,0],[0.1,0],[19.84,0],[0,0],[8.065,0],[0,0],[0,0.004],[0,0],[-13.318,0],[0,0]],"o":[[0,0],[13.308,0],[0,0],[0,0.004],[0,0],[-9.055,0],[-20.494,0],[-0.1,0],[-20.1,0],[0,0],[-7.835,0],[0,0],[-7.57,0],[0,0],[0,-0.014],[0,0],[0,0]],"v":[[33.76,155.652],[111.192,155.655],[124.5,155.664],[124.5,155.664],[111.19,155.673],[82.172,155.673],[59.065,155.673],[0,155.673],[-0.3,155.673],[-59.465,155.673],[-59.665,155.673],[-83.693,155.673],[-111.19,155.673],[-124.5,155.664],[-124.5,155.664],[-111.182,155.652],[-33.99,155.652]],"c":false}]},{"i":{"x":0.417,"y":1},"o":{"x":0.167,"y":0.167},"t":42,"s":[{"i":[[0,0],[0,0],[0,-21.279],[0,0],[7.57,-0.87],[0,0],[8.03,-0.155],[20.11,-0.04],[0.1,0],[19.84,-0.153],[0,0],[8.065,-0.033],[0,0],[0,7.62],[0,0],[0.37,0],[0,0]],"o":[[0,0],[0.37,0],[0,0],[0,7.62],[0,0],[-9.055,0.143],[-20.494,0.396],[-0.1,0],[-20.1,0],[0,0],[-7.835,0.049],[0,0],[-7.57,-0.87],[0,0],[0,-20.898],[0,0],[0,0]],"v":[[33.76,111.084],[111.38,111.052],[124.5,132.74],[124.5,137.45],[111.19,155.277],[82.172,155.161],[59.065,155.276],[0,155.245],[-0.3,155.245],[-59.465,155.274],[-59.665,155.194],[-83.693,155.154],[-111.19,155.277],[-124.5,137.45],[-124.5,132.603],[-110.87,111.01],[-33.99,111.084]],"c":false}]},{"t":60,"s":[{"i":[[0,0],[0,0],[0,-45.84],[0,0],[7.57,-0.87],[0,0],[7.37,-3.08],[20.11,-0.04],[0.1,0],[18.92,7.87],[0,0],[8.28,0.96],[0,0],[0,7.62],[0,0],[-45.84,0],[0,0]],"o":[[0,0],[45.84,0],[0,0],[0,7.62],[0,0],[-7.94,0.92],[-18.91,7.91],[-0.1,0],[-20.1,0],[0,0],[-7.69,-3.2],[0,0],[-7.57,-0.87],[0,0],[0,-45.84],[0,0],[0,0]],"v":[[33.88,26.69],[41.5,26.69],[124.5,109.69],[124.5,137.45],[111.22,152.35],[82.18,155.71],[59.11,161.74],[0,173.66],[-0.3,173.66],[-59.42,161.86],[-59.62,161.78],[-83.69,155.52],[-111.22,152.35],[-124.5,137.45],[-124.5,109.69],[-41.5,26.69],[-33.87,26.69]],"c":false}]}],"ix":2},"nm":"Path 1","mn":"ADBE Vector Shape - Group","hd":false},{"ty":"tr","p":{"a":0,"k":[0,0],"ix":2},"a":{"a":0,"k":[0,0],"ix":1},"s":{"a":0,"k":[100,100],"ix":3},"r":{"a":0,"k":0,"ix":6},"o":{"a":0,"k":100,"ix":7},"sk":{"a":0,"k":0,"ix":4},"sa":{"a":0,"k":0,"ix":5},"nm":"Transform"}],"nm":"Group 1","np":1,"cix":2,"bm":0,"ix":1,"mn":"ADBE Vector Group","hd":false},{"ty":"fl","c":{"a":0,"k":[1,0,0,1],"ix":4},"o":{"a":0,"k":100,"ix":5},"r":1,"bm":0,"nm":"Fill 1","mn":"ADBE Vector Graphic - Fill","hd":false}],"ip":36,"op":300.3003003003,"st":0,"ct":1,"bm":0},{"ddd":0,"ind":8,"ty":4,"nm":"tie","parent":6,"tt":1,"tp":7,"sr":1,"ks":{"o":{"a":0,"k":100,"ix":11},"r":{"a":0,"k":0,"ix":10},"p":{"a":0,"k":[-13.18,61.705,0],"ix":2,"l":2},"a":{"a":0,"k":[0,0,0],"ix":1,"l":2},"s":{"a":0,"k":[100,100,100],"ix":6,"l":2}},"ao":0,"shapes":[{"ty":"gr","it":[{"ind":0,"ty":"sh","ix":1,"ks":{"a":1,"k":[{"i":{"x":0.833,"y":1},"o":{"x":0.167,"y":0.167},"t":37,"s":[{"i":[[0,0],[0,0],[0,0],[0,0],[0,0]],"o":[[0,0],[0,0],[0,0],[0,0],[0,0]],"v":[[5.21,-54.518],[-5.165,51.04],[14.585,80.542],[31.065,50.708],[21.935,-50.562]],"c":false}]},{"i":{"x":0.833,"y":1},"o":{"x":0.333,"y":0},"t":51,"s":[{"i":[[0,0],[0,0],[0,0],[0,0],[0,0]],"o":[[0,0],[0,0],[0,0],[0,0],[0,0]],"v":[[5.085,-48.667],[-5.165,67.682],[14.585,101.836],[31.065,67.298],[21.81,-48.768]],"c":false}]},{"i":{"x":0.833,"y":1},"o":{"x":0.333,"y":0},"t":69,"s":[{"i":[[0,0],[0,0],[0,0],[0,0],[0,0]],"o":[[0,0],[0,0],[0,0],[0,0],[0,0]],"v":[[5.085,-49.094],[-5.165,29.185],[14.585,52.58],[31.065,28.922],[22.035,-49.495]],"c":false}]},{"t":90,"s":[{"i":[[0,0],[0,0],[0,0],[0,0],[0,0]],"o":[[0,0],[0,0],[0,0],[0,0],[0,0]],"v":[[4.585,-50.078],[-4.665,51.037],[14.585,80.542],[31.065,50.708],[21.935,-50.562]],"c":false}]}],"ix":2},"nm":"Path 2","mn":"ADBE Vector Shape - Group","hd":false},{"ty":"st","c":{"a":0,"k":[0.031,0.659,0.541,1],"ix":3,"x":"var $bm_rt;\n$bm_rt = comp('wired-outline-694-intern-male').layer('control').effect('secondary')('Color');"},"o":{"a":0,"k":100,"ix":4},"w":{"a":0,"k":12.04,"ix":5,"x":"var $bm_rt;\n$bm_rt = $bm_mul($bm_div(value, 2), comp('wired-outline-694-intern-male').layer('control').effect('stroke')('Menu'));"},"lc":2,"lj":2,"bm":0,"nm":".secondary","mn":"ADBE Vector Graphic - Stroke","hd":false,"cl":"secondary"},{"ty":"tr","p":{"a":0,"k":[0,0],"ix":2},"a":{"a":0,"k":[0,0],"ix":1},"s":{"a":0,"k":[100,100],"ix":3},"r":{"a":0,"k":0,"ix":6},"o":{"a":0,"k":100,"ix":7},"sk":{"a":0,"k":0,"ix":4},"sa":{"a":0,"k":0,"ix":5},"nm":"Transform"}],"nm":"Group 1","np":2,"cix":2,"bm":0,"ix":1,"mn":"ADBE Vector Group","hd":false}],"ip":36,"op":844,"st":0,"ct":1,"bm":0}]},{"id":"comp_1","nm":"hover-pinch","fr":60,"layers":[{"ddd":0,"ind":1,"ty":4,"nm":"Glasses","parent":2,"sr":1,"ks":{"o":{"a":0,"k":100,"ix":11},"r":{"a":0,"k":0,"ix":10},"p":{"a":1,"k":[{"i":{"x":0.667,"y":0.667},"o":{"x":0.333,"y":0.333},"t":0,"s":[0.017,-61.474,0],"to":[0,0,0],"ti":[0,0,0]},{"i":{"x":0.667,"y":1},"o":{"x":0.333,"y":0},"t":2,"s":[0.017,-61.474,0],"to":[0,5.017,0],"ti":[0,2.4,0]},{"i":{"x":0.667,"y":1},"o":{"x":0.333,"y":0},"t":6,"s":[0.017,-31.373,0],"to":[0,-2.4,0],"ti":[0,0,0]},{"i":{"x":0.667,"y":1},"o":{"x":0.333,"y":0},"t":24,"s":[0.017,-75.873,0],"to":[0,0,0],"ti":[0,-2.4,0]},{"i":{"x":0.667,"y":1},"o":{"x":0.333,"y":0},"t":42,"s":[0.017,-31.373,0],"to":[0,2.4,0],"ti":[0,5.017,0]},{"t":52,"s":[0.017,-61.474,0]}],"ix":2,"l":2},"a":{"a":0,"k":[250,188.231,0],"ix":1,"l":2},"s":{"a":0,"k":[100,100,100],"ix":6,"l":2}},"ao":0,"shapes":[{"ty":"gr","it":[{"ind":0,"ty":"sh","ix":1,"ks":{"a":0,"k":{"i":[[0,0],[0,0]],"o":[[0,0],[0,0]],"v":[[11.619,0],[-11.619,0]],"c":false},"ix":2},"nm":"Path 1","mn":"ADBE Vector Shape - Group","hd":false},{"ty":"st","c":{"a":0,"k":[0.071,0.075,0.192,1],"ix":3,"x":"var $bm_rt;\n$bm_rt = comp('wired-outline-694-intern-male').layer('control').effect('primary')('Color');"},"o":{"a":0,"k":100,"ix":4},"w":{"a":0,"k":12.04,"ix":5,"x":"var $bm_rt;\n$bm_rt = $bm_mul($bm_div(value, 2), comp('wired-outline-694-intern-male').layer('control').effect('stroke')('Menu'));"},"lc":2,"lj":2,"bm":0,"nm":".primary","mn":"ADBE Vector Graphic - Stroke","hd":false,"cl":"primary"},{"ty":"tr","p":{"a":0,"k":[249.997,181.061],"ix":2},"a":{"a":0,"k":[0,0],"ix":1},"s":{"a":0,"k":[100,100],"ix":3},"r":{"a":0,"k":0,"ix":6},"o":{"a":0,"k":100,"ix":7},"sk":{"a":0,"k":0,"ix":4},"sa":{"a":0,"k":0,"ix":5},"nm":"Transform"}],"nm":"Group 1","np":3,"cix":2,"bm":0,"ix":1,"mn":"ADBE Vector Group","hd":false},{"ty":"gr","it":[{"ind":0,"ty":"sh","ix":1,"ks":{"a":0,"k":{"i":[[3.582,0],[0,0],[0.71,3.604],[0,0],[-4.756,0],[0,0],[0.942,-4.785],[0,0]],"o":[[0,0],[-3.582,0],[0,0],[-0.942,-4.785],[0,0],[4.756,0],[0,0],[-0.71,3.604]],"v":[[14.191,19.513],[-14.191,19.513],[-21.568,13.319],[-26.211,-10.257],[-18.834,-19.513],[18.834,-19.513],[26.211,-10.257],[21.568,13.319]],"c":true},"ix":2},"nm":"Path 1","mn":"ADBE Vector Shape - Group","hd":false},{"ty":"st","c":{"a":0,"k":[0.071,0.075,0.192,1],"ix":3,"x":"var $bm_rt;\n$bm_rt = comp('wired-outline-694-intern-male').layer('control').effect('primary')('Color');"},"o":{"a":0,"k":100,"ix":4},"w":{"a":0,"k":12.04,"ix":5,"x":"var $bm_rt;\n$bm_rt = $bm_mul($bm_div(value, 2), comp('wired-outline-694-intern-male').layer('control').effect('stroke')('Menu'));"},"lc":2,"lj":2,"bm":0,"nm":".primary","mn":"ADBE Vector Graphic - Stroke","hd":false,"cl":"primary"},{"ty":"tr","p":{"a":0,"k":[287.221,188.231],"ix":2},"a":{"a":0,"k":[0,0],"ix":1},"s":{"a":0,"k":[100,100],"ix":3},"r":{"a":0,"k":0,"ix":6},"o":{"a":0,"k":100,"ix":7},"sk":{"a":0,"k":0,"ix":4},"sa":{"a":0,"k":0,"ix":5},"nm":"Transform"}],"nm":"Group 2","np":3,"cix":2,"bm":0,"ix":2,"mn":"ADBE Vector Group","hd":false},{"ty":"gr","it":[{"ind":0,"ty":"sh","ix":1,"ks":{"a":0,"k":{"i":[[3.582,0],[0,0],[0.71,3.604],[0,0],[-4.756,0],[0,0],[0.942,-4.785],[0,0]],"o":[[0,0],[-3.582,0],[0,0],[-0.942,-4.785],[0,0],[4.756,0],[0,0],[-0.71,3.604]],"v":[[14.191,19.513],[-14.191,19.513],[-21.568,13.319],[-26.211,-10.257],[-18.834,-19.513],[18.834,-19.513],[26.211,-10.257],[21.568,13.319]],"c":true},"ix":2},"nm":"Path 1","mn":"ADBE Vector Shape - Group","hd":false},{"ty":"st","c":{"a":0,"k":[0.071,0.075,0.192,1],"ix":3,"x":"var $bm_rt;\n$bm_rt = comp('wired-outline-694-intern-male').layer('control').effect('primary')('Color');"},"o":{"a":0,"k":100,"ix":4},"w":{"a":0,"k":12.04,"ix":5,"x":"var $bm_rt;\n$bm_rt = $bm_mul($bm_div(value, 2), comp('wired-outline-694-intern-male').layer('control').effect('stroke')('Menu'));"},"lc":2,"lj":2,"bm":0,"nm":".primary","mn":"ADBE Vector Graphic - Stroke","hd":false,"cl":"primary"},{"ty":"tr","p":{"a":0,"k":[212.779,188.231],"ix":2},"a":{"a":0,"k":[0,0],"ix":1},"s":{"a":0,"k":[100,100],"ix":3},"r":{"a":0,"k":0,"ix":6},"o":{"a":0,"k":100,"ix":7},"sk":{"a":0,"k":0,"ix":4},"sa":{"a":0,"k":0,"ix":5},"nm":"Transform"}],"nm":"Group 3","np":3,"cix":2,"bm":0,"ix":3,"mn":"ADBE Vector Group","hd":false}],"ip":0,"op":844,"st":0,"ct":1,"bm":0},{"ddd":0,"ind":2,"ty":4,"nm":"Body 2","sr":1,"ks":{"o":{"a":0,"k":100,"ix":11},"r":{"a":0,"k":0,"ix":10},"p":{"a":1,"k":[{"i":{"x":0.667,"y":1},"o":{"x":0.333,"y":0},"t":0,"s":[215,388.66,0],"to":[0,1.667,0],"ti":[0,3.333,0]},{"i":{"x":0.49,"y":1},"o":{"x":0.333,"y":0},"t":4.004,"s":[215,398.66,0],"to":[0,-3.333,0],"ti":[0,0,0]},{"i":{"x":0.667,"y":1},"o":{"x":0.51,"y":0},"t":22,"s":[215,368.66,0],"to":[0,0,0],"ti":[0,-2.5,0]},{"i":{"x":0.667,"y":1},"o":{"x":0.333,"y":0},"t":40.041,"s":[215,398.66,0],"to":[0,2.5,0],"ti":[0,1.333,0]},{"i":{"x":0.667,"y":1},"o":{"x":0.333,"y":0},"t":50.051,"s":[215,383.66,0],"to":[0,-1.333,0],"ti":[0,-0.833,0]},{"i":{"x":0.667,"y":1},"o":{"x":0.333,"y":0},"t":60.061,"s":[215,390.66,0],"to":[0,0.833,0],"ti":[0,0.333,0]},{"t":70.0703125,"s":[215,388.66,0]}],"ix":2,"l":2},"a":{"a":0,"k":[0,173.66,0],"ix":1,"l":2},"s":{"a":1,"k":[{"i":{"x":[0.667,0.667,0.667],"y":[1,1,1]},"o":{"x":[0.333,0.333,0.333],"y":[0,0,0]},"t":0,"s":[100,100,100]},{"i":{"x":[0.667,0.667,0.667],"y":[1,1,1]},"o":{"x":[0.333,0.333,0.333],"y":[0,0,0]},"t":4.004,"s":[102,98,100]},{"i":{"x":[0.667,0.667,0.667],"y":[1,1,1]},"o":{"x":[0.167,0.167,0.167],"y":[0,0,0]},"t":8.008,"s":[100,100,100]},{"i":{"x":[0.667,0.667,0.667],"y":[1,1,1]},"o":{"x":[0.333,0.333,0.333],"y":[0,0,0]},"t":34.033,"s":[100,100,100]},{"i":{"x":[0.667,0.667,0.667],"y":[1,1,1]},"o":{"x":[0.333,0.333,0.333],"y":[0,0,0]},"t":40.041,"s":[103,97,100]},{"t":50.05078125,"s":[100,100,100]}],"ix":6,"l":2}},"ao":0,"shapes":[{"ty":"gr","it":[{"ind":0,"ty":"sh","ix":1,"ks":{"a":0,"k":{"i":[[0,0],[0,0],[0,-45.84],[0,0],[7.57,-0.87],[0,0],[7.37,-3.08],[20.11,-0.04],[0.1,0],[18.92,7.87],[0,0],[8.28,0.96],[0,0],[0,7.62],[0,0],[-45.84,0],[0,0]],"o":[[0,0],[45.84,0],[0,0],[0,7.62],[0,0],[-7.94,0.92],[-18.91,7.91],[-0.1,0],[-20.1,0],[0,0],[-7.69,-3.2],[0,0],[-7.57,-0.87],[0,0],[0,-45.84],[0,0],[0,0]],"v":[[33.88,26.69],[41.5,26.69],[124.5,109.69],[124.5,137.45],[111.22,152.35],[82.18,155.71],[59.11,161.74],[0,173.66],[-0.3,173.66],[-59.42,161.86],[-59.62,161.78],[-83.69,155.52],[-111.22,152.35],[-124.5,137.45],[-124.5,109.69],[-41.5,26.69],[-33.87,26.69]],"c":false},"ix":2},"nm":"Path 1","mn":"ADBE Vector Shape - Group","hd":false},{"ty":"st","c":{"a":0,"k":[0.071,0.075,0.192,1],"ix":3,"x":"var $bm_rt;\n$bm_rt = comp('wired-outline-694-intern-male').layer('control').effect('primary')('Color');"},"o":{"a":0,"k":100,"ix":4},"w":{"a":0,"k":12.04,"ix":5,"x":"var $bm_rt;\n$bm_rt = $bm_mul($bm_div(value, 2), comp('wired-outline-694-intern-male').layer('control').effect('stroke')('Menu'));"},"lc":2,"lj":2,"bm":0,"nm":".primary","mn":"ADBE Vector Graphic - Stroke","hd":false,"cl":"primary"},{"ty":"tr","p":{"a":0,"k":[0,0],"ix":2},"a":{"a":0,"k":[0,0],"ix":1},"s":{"a":0,"k":[100,100],"ix":3},"r":{"a":0,"k":0,"ix":6},"o":{"a":0,"k":100,"ix":7},"sk":{"a":0,"k":0,"ix":4},"sa":{"a":0,"k":0,"ix":5},"nm":"Transform"}],"nm":"Group 1","np":2,"cix":2,"bm":0,"ix":1,"mn":"ADBE Vector Group","hd":false}],"ip":0,"op":300.3003003003,"st":0,"ct":1,"bm":0},{"ddd":0,"ind":3,"ty":4,"nm":"Hair","parent":2,"sr":1,"ks":{"o":{"a":0,"k":100,"ix":11},"r":{"a":0,"k":0,"ix":10},"p":{"a":0,"k":[-3.859,-125.313,0],"ix":2,"l":2},"a":{"a":0,"k":[0,0,0],"ix":1,"l":2},"s":{"a":0,"k":[100,100,100],"ix":6,"l":2}},"ao":0,"shapes":[{"ty":"gr","it":[{"ind":0,"ty":"sh","ix":1,"ks":{"a":1,"k":[{"i":{"x":0.667,"y":1},"o":{"x":0.167,"y":0},"t":2,"s":[{"i":[[0,0],[-14.55,34.16],[-5.93,-19.71],[10.064,15.425],[0,0],[11.053,-4.959],[4.096,2.923],[0,0],[4.215,-6.085],[2.097,-13.97],[0,0]],"o":[[39.08,-1.63],[32.787,23.36],[11.578,-18.171],[-8.376,-12.838],[-21.792,-5.284],[-4.592,2.06],[0,0],[-5.933,-4.428],[-5.394,7.786],[-4.935,32.876],[0,0]],"v":[[-57.041,43.303],[27.739,-14.047],[64.781,43.984],[66.192,-24.687],[42.526,-41.687],[-12.609,-34.185],[-26.629,-35.555],[-42.508,-46.886],[-61.072,-43.853],[-73.891,-10.437],[-57.078,43.191]],"c":false}]},{"i":{"x":0.667,"y":1},"o":{"x":0.333,"y":0},"t":6,"s":[{"i":[[0,0],[-22.018,25.189],[-13.313,-11.068],[10.064,15.425],[0,0],[11.053,-4.959],[6.479,-0.144],[0,0],[4.215,-5.224],[1.866,-12.032],[0,0]],"o":[[39.08,-1.63],[14.119,14.078],[14.38,-19.646],[-8.376,-12.838],[-21.792,-5.284],[-4.592,2.06],[0,0],[-5.858,0.239],[-5.394,6.685],[-3.682,23.747],[0,0]],"v":[[-57.091,46.053],[27.363,12.217],[64.695,49.484],[66.192,-21.657],[42.526,-38.657],[-12.609,-34.185],[-27.867,-29.119],[-45.725,-28.998],[-65.775,-22.354],[-73.891,0.779],[-56.984,45.941]],"c":false}]},{"i":{"x":0.667,"y":1},"o":{"x":0.333,"y":0},"t":24,"s":[{"i":[[0,0],[-14.55,34.16],[-5.93,-19.71],[10.064,19.481],[0,0],[11.053,-3.489],[4.096,2.057],[0,0],[4.215,-7.685],[2.097,-13.97],[0,0]],"o":[[39.08,-1.63],[17.12,14.677],[9.578,-20.354],[-8.376,-16.214],[-21.792,-6.673],[-4.592,1.449],[0,0],[-5.933,-3.115],[-5.394,9.834],[-4.935,32.876],[0,0]],"v":[[-57.184,29.803],[27.739,-14.047],[64.781,31.234],[66.192,-28.743],[42.526,-50.212],[-12.609,-50.319],[-26.629,-51.283],[-42.508,-59.255],[-61.072,-52.948],[-73.891,-10.437],[-57.078,29.691]],"c":false}]},{"i":{"x":0.667,"y":1},"o":{"x":0.333,"y":0},"t":42,"s":[{"i":[[0,0],[-22.018,25.189],[-13.313,-11.068],[10.064,15.425],[0,0],[11.053,-4.959],[6.479,-0.144],[0,0],[4.215,-5.224],[1.866,-12.032],[0,0]],"o":[[39.08,-1.63],[14.119,14.078],[14.38,-19.646],[-8.376,-12.838],[-21.792,-5.284],[-4.592,2.06],[0,0],[-5.858,0.239],[-5.394,6.685],[-3.682,23.747],[0,0]],"v":[[-57.091,46.053],[27.363,12.217],[64.695,49.484],[66.192,-21.657],[42.526,-38.657],[-12.609,-34.185],[-27.867,-29.119],[-45.725,-28.998],[-65.775,-22.354],[-73.891,0.779],[-56.984,45.941]],"c":false}]},{"i":{"x":0.667,"y":1},"o":{"x":0.333,"y":0},"t":52,"s":[{"i":[[0,0],[-14.55,34.16],[-5.93,-19.71],[10.064,15.425],[0,0],[11.053,-5.247],[4.096,3.093],[0,0],[4.215,-6.439],[2.097,-14.782],[0,0]],"o":[[39.08,-1.63],[32.787,23.36],[14.38,-19.646],[-8.376,-12.838],[-21.792,-5.591],[-4.592,2.18],[0,0],[-5.933,-4.685],[-5.394,8.239],[-4.935,34.787],[0,0]],"v":[[-57.041,43.553],[27.739,-14.047],[64.631,45.984],[66.192,-24.687],[42.526,-45.415],[-12.609,-37.477],[-26.629,-38.927],[-42.508,-50.916],[-61.072,-47.707],[-73.891,-12.348],[-56.934,43.441]],"c":false}]},{"i":{"x":0.833,"y":1},"o":{"x":0.333,"y":0},"t":63,"s":[{"i":[[0,0],[-14.55,34.16],[-5.93,-19.71],[10.064,14.74],[0,0],[11.053,-4.739],[4.096,2.793],[0,0],[4.215,-5.815],[2.097,-13.35],[0,0]],"o":[[39.08,-1.63],[32.787,23.36],[14.38,-19.646],[-8.376,-12.268],[-21.792,-5.049],[-4.592,1.969],[0,0],[-5.933,-4.231],[-5.394,7.441],[-4.935,31.416],[0,0]],"v":[[-56.934,43.053],[27.739,-14.047],[64.852,46.484],[66.192,-22.595],[42.526,-38.84],[-12.609,-31.671],[-26.629,-32.98],[-42.508,-43.808],[-61.072,-40.91],[-73.891,-8.977],[-56.828,42.941]],"c":false}]},{"t":75,"s":[{"i":[[0,0],[-14.55,34.16],[-5.93,-19.71],[10.064,15.425],[0,0],[11.053,-4.959],[4.096,2.923],[0,0],[4.215,-6.085],[2.097,-13.97],[0,0]],"o":[[39.08,-1.63],[32.787,23.36],[11.578,-18.171],[-8.376,-12.838],[-21.792,-5.284],[-4.592,2.06],[0,0],[-5.933,-4.428],[-5.394,7.786],[-4.935,32.876],[0,0]],"v":[[-57.041,43.303],[27.739,-14.047],[64.781,43.984],[66.192,-24.687],[42.526,-41.687],[-12.609,-34.185],[-26.629,-35.555],[-42.508,-46.886],[-61.072,-43.853],[-73.891,-10.437],[-57.078,43.191]],"c":false}]}],"ix":2},"nm":"Path 1","mn":"ADBE Vector Shape - Group","hd":false},{"ty":"st","c":{"a":0,"k":[0.031,0.659,0.541,1],"ix":3,"x":"var $bm_rt;\n$bm_rt = comp('wired-outline-694-intern-male').layer('control').effect('secondary')('Color');"},"o":{"a":0,"k":100,"ix":4},"w":{"a":0,"k":12.04,"ix":5,"x":"var $bm_rt;\n$bm_rt = $bm_mul($bm_div(value, 2), comp('wired-outline-694-intern-male').layer('control').effect('stroke')('Menu'));"},"lc":2,"lj":2,"bm":0,"nm":".secondary","mn":"ADBE Vector Graphic - Stroke","hd":false,"cl":"secondary"},{"ty":"tr","p":{"a":0,"k":[0,0],"ix":2},"a":{"a":0,"k":[0,0],"ix":1},"s":{"a":0,"k":[100,100],"ix":3},"r":{"a":0,"k":0,"ix":6},"o":{"a":0,"k":100,"ix":7},"sk":{"a":0,"k":0,"ix":4},"sa":{"a":0,"k":0,"ix":5},"nm":"Transform"}],"nm":"Group 1","np":3,"cix":2,"bm":0,"ix":1,"mn":"ADBE Vector Group","hd":false}],"ip":0,"op":844,"st":0,"ct":1,"bm":0},{"ddd":0,"ind":4,"ty":4,"nm":"Pocket","parent":2,"sr":1,"ks":{"o":{"a":0,"k":100,"ix":11},"r":{"a":0,"k":0,"ix":10},"p":{"a":1,"k":[{"i":{"x":0.667,"y":1},"o":{"x":0.333,"y":0},"t":0,"s":[66.745,99.589,0],"to":[0,1.701,0],"ti":[0,1.799,0]},{"i":{"x":0.667,"y":1},"o":{"x":0.333,"y":0},"t":4,"s":[66.745,109.793,0],"to":[0,-1.799,0],"ti":[0,0,0]},{"i":{"x":0.667,"y":1},"o":{"x":0.333,"y":0},"t":22,"s":[66.745,88.793,0],"to":[0,0,0],"ti":[0,-1.799,0]},{"i":{"x":0.667,"y":1},"o":{"x":0.333,"y":0},"t":40,"s":[66.745,109.793,0],"to":[0,1.799,0],"ti":[0,1.701,0]},{"t":50,"s":[66.745,99.589,0]}],"ix":2,"l":2},"a":{"a":0,"k":[14.25,-7.5,0],"ix":1,"l":2},"s":{"a":0,"k":[100,100,100],"ix":6,"l":2}},"ao":0,"shapes":[{"ty":"gr","it":[{"ind":0,"ty":"sh","ix":1,"ks":{"a":0,"k":{"i":[[0,0],[0,0]],"o":[[0,0],[0,0]],"v":[[29.446,-7.5],[-0.946,-7.5]],"c":false},"ix":2},"nm":"Path 2","mn":"ADBE Vector Shape - Group","hd":false},{"ty":"st","c":{"a":0,"k":[0.031,0.659,0.541,1],"ix":3,"x":"var $bm_rt;\n$bm_rt = comp('wired-outline-694-intern-male').layer('control').effect('secondary')('Color');"},"o":{"a":0,"k":100,"ix":4},"w":{"a":0,"k":12.04,"ix":5,"x":"var $bm_rt;\n$bm_rt = $bm_mul($bm_div(value, 2), comp('wired-outline-694-intern-male').layer('control').effect('stroke')('Menu'));"},"lc":2,"lj":2,"bm":0,"nm":".secondary","mn":"ADBE Vector Graphic - Stroke","hd":false,"cl":"secondary"},{"ty":"tr","p":{"a":0,"k":[0,0],"ix":2},"a":{"a":0,"k":[0,0],"ix":1},"s":{"a":0,"k":[100,100],"ix":3},"r":{"a":0,"k":0,"ix":6},"o":{"a":0,"k":100,"ix":7},"sk":{"a":0,"k":0,"ix":4},"sa":{"a":0,"k":0,"ix":5},"nm":"Transform"}],"nm":"Group 1","np":3,"cix":2,"bm":0,"ix":1,"mn":"ADBE Vector Group","hd":false}],"ip":0,"op":844,"st":0,"ct":1,"bm":0},{"ddd":0,"ind":5,"ty":4,"nm":"mask","parent":12,"td":1,"sr":1,"ks":{"o":{"a":0,"k":100,"ix":11},"r":{"a":0,"k":0,"ix":10},"p":{"a":0,"k":[0,-7,0],"ix":2,"l":2},"a":{"a":0,"k":[0,-7,0],"ix":1,"l":2},"s":{"a":0,"k":[100,100,100],"ix":6,"l":2}},"ao":0,"shapes":[{"ty":"gr","it":[{"ind":0,"ty":"sh","ix":1,"ks":{"a":0,"k":{"i":[[-33.734,0],[0,0],[1.173,-33.713],[0,0],[32.115,0],[0,0],[1.116,32.095],[0,0]],"o":[[0,0],[33.734,0],[0,0],[-1.116,32.095],[0,0],[-32.115,0],[0,0],[-1.173,-33.713]],"v":[[-1.94,-157],[1.94,-157],[61.514,-95.318],[59.574,-39.537],[0,18],[0,18],[-59.574,-39.537],[-61.514,-95.318]],"c":true},"ix":2},"nm":"Path 1","mn":"ADBE Vector Shape - Group","hd":false},{"ty":"fl","c":{"a":0,"k":[1,0,0,1],"ix":4},"o":{"a":0,"k":100,"ix":5},"r":1,"bm":0,"nm":"Fill 1","mn":"ADBE Vector Graphic - Fill","hd":false},{"ty":"tr","p":{"a":0,"k":[0,0],"ix":2},"a":{"a":0,"k":[0,0],"ix":1},"s":{"a":0,"k":[100,100],"ix":3},"r":{"a":0,"k":0,"ix":6},"o":{"a":0,"k":100,"ix":7},"sk":{"a":0,"k":0,"ix":4},"sa":{"a":0,"k":0,"ix":5},"nm":"Transform"}],"nm":"Group 1","np":2,"cix":2,"bm":0,"ix":1,"mn":"ADBE Vector Group","hd":false}],"ip":0,"op":300.3003003003,"st":0,"ct":1,"bm":0},{"ddd":0,"ind":6,"ty":4,"nm":"Neck 2","parent":2,"tt":2,"tp":5,"sr":1,"ks":{"o":{"a":0,"k":100,"ix":11},"r":{"a":0,"k":0,"ix":10},"p":{"a":0,"k":[0,82.475,0],"ix":2,"l":2},"a":{"a":0,"k":[0,82.475,0],"ix":1,"l":2},"s":{"a":0,"k":[100,100,100],"ix":6,"l":2}},"ao":0,"shapes":[{"ty":"gr","it":[{"ind":0,"ty":"sh","ix":1,"ks":{"a":1,"k":[{"i":{"x":0.667,"y":1},"o":{"x":0.333,"y":0},"t":2.002,"s":[{"i":[[0,0],[0,0],[0,0],[0,0],[0,0]],"o":[[0,0],[0,0],[0,0],[0,0],[0,0]],"v":[[33.88,7.44],[33.88,26.38],[0,60.25],[-33.87,26.38],[-33.87,7.45]],"c":false}]},{"i":{"x":0.49,"y":1},"o":{"x":0.333,"y":0},"t":6,"s":[{"i":[[0,0],[0,0],[0,0],[0,0],[0,0]],"o":[[0,0],[0,0],[0,0],[0,0],[0,0]],"v":[[33.919,4.915],[33.88,26.38],[0,63.311],[-33.87,26.38],[-33.831,4.925]],"c":false}]},{"i":{"x":0.667,"y":1},"o":{"x":0.51,"y":0},"t":24.023,"s":[{"i":[[0,0],[0,0],[0,0],[0,0],[0,0]],"o":[[0,0],[0,0],[0,0],[0,0],[0,0]],"v":[[33.76,-8.56],[33.88,26.38],[0,51.25],[-33.87,26.38],[-33.99,-8.55]],"c":false}]},{"i":{"x":0.667,"y":1},"o":{"x":0.333,"y":0},"t":42.043,"s":[{"i":[[0,0],[0,0],[0,0],[0,0],[0,0]],"o":[[0,0],[0,0],[0,0],[0,0],[0,0]],"v":[[33.88,7.44],[33.88,26.38],[0,63.311],[-33.87,26.38],[-33.87,7.45]],"c":false}]},{"t":52.052734375,"s":[{"i":[[0,0],[0,0],[0,0],[0,0],[0,0]],"o":[[0,0],[0,0],[0,0],[0,0],[0,0]],"v":[[33.88,7.44],[33.88,26.38],[0,60.25],[-33.87,26.38],[-33.87,7.45]],"c":false}]}],"ix":2},"nm":"Triangle","mn":"ADBE Vector Shape - Group","hd":false},{"ty":"st","c":{"a":0,"k":[0.071,0.075,0.192,1],"ix":3,"x":"var $bm_rt;\n$bm_rt = comp('wired-outline-694-intern-male').layer('control').effect('primary')('Color');"},"o":{"a":0,"k":100,"ix":4},"w":{"a":0,"k":12.04,"ix":5,"x":"var $bm_rt;\n$bm_rt = $bm_mul($bm_div(value, 2), comp('wired-outline-694-intern-male').layer('control').effect('stroke')('Menu'));"},"lc":2,"lj":2,"bm":0,"nm":".primary","mn":"ADBE Vector Graphic - Stroke","hd":false,"cl":"primary"},{"ty":"tr","p":{"a":0,"k":[0,0],"ix":2},"a":{"a":0,"k":[0,0],"ix":1},"s":{"a":0,"k":[100,100],"ix":3},"r":{"a":0,"k":0,"ix":6},"o":{"a":0,"k":100,"ix":7},"sk":{"a":0,"k":0,"ix":4},"sa":{"a":0,"k":0,"ix":5},"nm":"Transform"}],"nm":"Group 3","np":2,"cix":2,"bm":0,"ix":1,"mn":"ADBE Vector Group","hd":false}],"ip":0,"op":300.3003003003,"st":0,"ct":1,"bm":0},{"ddd":0,"ind":7,"ty":4,"nm":"Collar","parent":2,"sr":1,"ks":{"o":{"a":0,"k":100,"ix":11},"r":{"a":0,"k":0,"ix":10},"p":{"a":0,"k":[-30.275,57.943,0],"ix":2,"l":2},"a":{"a":0,"k":[0,0,0],"ix":1,"l":2},"s":{"a":0,"k":[100,100,100],"ix":6,"l":2}},"ao":0,"shapes":[{"ty":"gr","it":[{"ind":0,"ty":"sh","ix":1,"ks":{"a":1,"k":[{"i":{"x":0.667,"y":1},"o":{"x":0.333,"y":0},"t":0,"s":[{"i":[[0,0],[0,0],[0,0]],"o":[[0,0],[0,0],[0,0]],"v":[[-30.275,-29.06],[9.525,29.06],[30.275,2.31]],"c":false}]},{"i":{"x":0.667,"y":1},"o":{"x":0.333,"y":0},"t":4,"s":[{"i":[[0,0],[0,0],[0,0]],"o":[[0,0],[0,0],[0,0]],"v":[[-30.275,-29.06],[9.525,39.264],[30.275,4.861]],"c":false}]},{"i":{"x":0.667,"y":1},"o":{"x":0.333,"y":0},"t":22,"s":[{"i":[[0,0],[0,0],[0,0]],"o":[[0,0],[0,0],[0,0]],"v":[[-30.275,-29.06],[9.525,12.06],[30.275,-6.94]],"c":false}]},{"i":{"x":0.667,"y":1},"o":{"x":0.333,"y":0},"t":40,"s":[{"i":[[0,0],[0,0],[0,0]],"o":[[0,0],[0,0],[0,0]],"v":[[-30.275,-29.06],[9.525,39.264],[30.275,4.861]],"c":false}]},{"t":50,"s":[{"i":[[0,0],[0,0],[0,0]],"o":[[0,0],[0,0],[0,0]],"v":[[-30.275,-29.06],[9.525,29.06],[30.275,2.31]],"c":false}]}],"ix":2},"nm":"Path 1","mn":"ADBE Vector Shape - Group","hd":false},{"ind":1,"ty":"sh","ix":2,"ks":{"a":1,"k":[{"i":{"x":0.667,"y":1},"o":{"x":0.333,"y":0},"t":0,"s":[{"i":[[0,0],[0,0],[0,0]],"o":[[0,0],[0,0],[0,0]],"v":[[30.245,2.273],[50.995,29.023],[90.755,-29.057]],"c":false}]},{"i":{"x":0.667,"y":1},"o":{"x":0.333,"y":0},"t":4,"s":[{"i":[[0,0],[0,0],[0,0]],"o":[[0,0],[0,0],[0,0]],"v":[[30.245,4.824],[50.995,39.227],[90.755,-29.057]],"c":false}]},{"i":{"x":0.667,"y":1},"o":{"x":0.333,"y":0},"t":22,"s":[{"i":[[0,0],[0,0],[0,0]],"o":[[0,0],[0,0],[0,0]],"v":[[30.245,-6.977],[50.995,12.023],[90.755,-29.057]],"c":false}]},{"i":{"x":0.667,"y":1},"o":{"x":0.333,"y":0},"t":40,"s":[{"i":[[0,0],[0,0],[0,0]],"o":[[0,0],[0,0],[0,0]],"v":[[30.245,4.824],[50.995,39.227],[90.755,-29.057]],"c":false}]},{"t":50,"s":[{"i":[[0,0],[0,0],[0,0]],"o":[[0,0],[0,0],[0,0]],"v":[[30.245,2.273],[50.995,29.023],[90.755,-29.057]],"c":false}]}],"ix":2},"nm":"Path 2","mn":"ADBE Vector Shape - Group","hd":false},{"ty":"st","c":{"a":0,"k":[0.071,0.075,0.192,1],"ix":3,"x":"var $bm_rt;\n$bm_rt = comp('wired-outline-694-intern-male').layer('control').effect('primary')('Color');"},"o":{"a":0,"k":100,"ix":4},"w":{"a":0,"k":12.04,"ix":5,"x":"var $bm_rt;\n$bm_rt = $bm_mul($bm_div(value, 2), comp('wired-outline-694-intern-male').layer('control').effect('stroke')('Menu'));"},"lc":2,"lj":2,"bm":0,"nm":".primary","mn":"ADBE Vector Graphic - Stroke","hd":false,"cl":"primary"},{"ty":"tr","p":{"a":0,"k":[0,0],"ix":2},"a":{"a":0,"k":[0,0],"ix":1},"s":{"a":0,"k":[100,100],"ix":3},"r":{"a":0,"k":0,"ix":6},"o":{"a":0,"k":100,"ix":7},"sk":{"a":0,"k":0,"ix":4},"sa":{"a":0,"k":0,"ix":5},"nm":"Transform"}],"nm":"Group 1","np":3,"cix":2,"bm":0,"ix":1,"mn":"ADBE Vector Group","hd":false}],"ip":0,"op":844,"st":0,"ct":1,"bm":0},{"ddd":0,"ind":8,"ty":4,"nm":"outline","parent":2,"sr":1,"ks":{"o":{"a":0,"k":100,"ix":11},"r":{"a":1,"k":[{"i":{"x":[0.667],"y":[1]},"o":{"x":[0.333],"y":[0]},"t":0,"s":[0]},{"i":{"x":[0.667],"y":[1]},"o":{"x":[0.333],"y":[0]},"t":7,"s":[-14]},{"i":{"x":[0.667],"y":[1]},"o":{"x":[0.333],"y":[0]},"t":33,"s":[28]},{"i":{"x":[0.667],"y":[1]},"o":{"x":[0.333],"y":[0]},"t":42,"s":[-27]},{"i":{"x":[0.667],"y":[1]},"o":{"x":[0.333],"y":[0]},"t":56,"s":[15]},{"i":{"x":[0.667],"y":[1]},"o":{"x":[0.333],"y":[0]},"t":68,"s":[-11]},{"i":{"x":[0.667],"y":[1]},"o":{"x":[0.333],"y":[0]},"t":80,"s":[8]},{"i":{"x":[0.667],"y":[1]},"o":{"x":[0.333],"y":[0]},"t":93,"s":[-3]},{"t":108,"s":[0]}],"ix":10},"p":{"a":1,"k":[{"i":{"x":0.667,"y":1},"o":{"x":0.333,"y":0},"t":0,"s":[0.095,60.253,0],"to":[0,1.701,0],"ti":[0,1.667,0]},{"i":{"x":0.667,"y":1},"o":{"x":0.333,"y":0},"t":4,"s":[0.095,70.457,0],"to":[0,-1.667,0],"ti":[0,0,0]},{"i":{"x":0.667,"y":1},"o":{"x":0.333,"y":0},"t":22,"s":[0.095,50.253,0],"to":[0,0,0],"ti":[0,-1.667,0]},{"i":{"x":0.667,"y":1},"o":{"x":0.333,"y":0},"t":40,"s":[0.095,70.457,0],"to":[0,1.667,0],"ti":[0,1.701,0]},{"t":50,"s":[0.095,60.253,0]}],"ix":2,"l":2},"a":{"a":0,"k":[0,0,0],"ix":1,"l":2},"s":{"a":0,"k":[100,100,100],"ix":6,"l":2}},"ao":0,"shapes":[{"ty":"gr","it":[{"ind":0,"ty":"sh","ix":1,"ks":{"a":0,"k":{"i":[[0,0],[0,0]],"o":[[0,0],[0,0]],"v":[[0.095,0],[-0.095,0]],"c":false},"ix":2},"nm":"Path 1","mn":"ADBE Vector Shape - Group","hd":false},{"ty":"st","c":{"a":0,"k":[0.031,0.659,0.541,1],"ix":3,"x":"var $bm_rt;\n$bm_rt = comp('wired-outline-694-intern-male').layer('control').effect('secondary')('Color');"},"o":{"a":0,"k":100,"ix":4},"w":{"a":0,"k":12.04,"ix":5,"x":"var $bm_rt;\n$bm_rt = $bm_mul($bm_div(value, 2), comp('wired-outline-694-intern-male').layer('control').effect('stroke')('Menu'));"},"lc":2,"lj":2,"bm":0,"nm":".secondary","mn":"ADBE Vector Graphic - Stroke","hd":false,"cl":"secondary"},{"ty":"tr","p":{"a":0,"k":[0,0],"ix":2},"a":{"a":0,"k":[0,0],"ix":1},"s":{"a":0,"k":[100,100],"ix":3},"r":{"a":0,"k":0,"ix":6},"o":{"a":0,"k":100,"ix":7},"sk":{"a":0,"k":0,"ix":4},"sa":{"a":0,"k":0,"ix":5},"nm":"Transform"}],"nm":"Group 1","np":2,"cix":2,"bm":0,"ix":1,"mn":"ADBE Vector Group","hd":false}],"ip":0,"op":844,"st":0,"ct":1,"bm":0},{"ddd":0,"ind":9,"ty":4,"nm":"mask","td":1,"sr":1,"ks":{"o":{"a":0,"k":100,"ix":11},"r":{"a":0,"k":0,"ix":10},"p":{"a":1,"k":[{"i":{"x":0.667,"y":1},"o":{"x":0.333,"y":0},"t":0,"s":[215,388.66,0],"to":[0,1.667,0],"ti":[0,3.333,0]},{"i":{"x":0.49,"y":1},"o":{"x":0.333,"y":0},"t":4.004,"s":[215,398.66,0],"to":[0,-3.333,0],"ti":[0,0,0]},{"i":{"x":0.667,"y":1},"o":{"x":0.51,"y":0},"t":22,"s":[215,368.66,0],"to":[0,0,0],"ti":[0,-2.5,0]},{"i":{"x":0.667,"y":1},"o":{"x":0.333,"y":0},"t":40.041,"s":[215,398.66,0],"to":[0,2.5,0],"ti":[0,1.333,0]},{"i":{"x":0.667,"y":1},"o":{"x":0.333,"y":0},"t":50.051,"s":[215,383.66,0],"to":[0,-1.333,0],"ti":[0,-0.833,0]},{"i":{"x":0.667,"y":1},"o":{"x":0.333,"y":0},"t":60.061,"s":[215,390.66,0],"to":[0,0.833,0],"ti":[0,0.333,0]},{"t":70.0703125,"s":[215,388.66,0]}],"ix":2,"l":2},"a":{"a":0,"k":[0,173.66,0],"ix":1,"l":2},"s":{"a":1,"k":[{"i":{"x":[0.667,0.667,0.667],"y":[1,1,1]},"o":{"x":[0.333,0.333,0.333],"y":[0,0,0]},"t":0,"s":[100,100,100]},{"i":{"x":[0.667,0.667,0.667],"y":[1,1,1]},"o":{"x":[0.333,0.333,0.333],"y":[0,0,0]},"t":4.004,"s":[102,98,100]},{"i":{"x":[0.667,0.667,0.667],"y":[1,1,1]},"o":{"x":[0.167,0.167,0.167],"y":[0,0,0]},"t":8.008,"s":[100,100,100]},{"i":{"x":[0.667,0.667,0.667],"y":[1,1,1]},"o":{"x":[0.333,0.333,0.333],"y":[0,0,0]},"t":34.033,"s":[100,100,100]},{"i":{"x":[0.667,0.667,0.667],"y":[1,1,1]},"o":{"x":[0.333,0.333,0.333],"y":[0,0,0]},"t":40.041,"s":[103,97,100]},{"t":50.05078125,"s":[100,100,100]}],"ix":6,"l":2}},"ao":0,"shapes":[{"ty":"gr","it":[{"ind":0,"ty":"sh","ix":1,"ks":{"a":0,"k":{"i":[[0,0],[0,0],[0,-45.84],[0,0],[7.57,-0.87],[0,0],[7.37,-3.08],[20.11,-0.04],[0.1,0],[18.92,7.87],[0,0],[8.28,0.96],[0,0],[0,7.62],[0,0],[-45.84,0],[0,0]],"o":[[0,0],[45.84,0],[0,0],[0,7.62],[0,0],[-7.94,0.92],[-18.91,7.91],[-0.1,0],[-20.1,0],[0,0],[-7.69,-3.2],[0,0],[-7.57,-0.87],[0,0],[0,-45.84],[0,0],[0,0]],"v":[[33.88,26.69],[41.5,26.69],[124.5,109.69],[124.5,137.45],[111.22,152.35],[82.18,155.71],[59.11,161.74],[0,173.66],[-0.3,173.66],[-59.42,161.86],[-59.62,161.78],[-83.69,155.52],[-111.22,152.35],[-124.5,137.45],[-124.5,109.69],[-41.5,26.69],[-33.87,26.69]],"c":false},"ix":2},"nm":"Path 1","mn":"ADBE Vector Shape - Group","hd":false},{"ty":"tr","p":{"a":0,"k":[0,0],"ix":2},"a":{"a":0,"k":[0,0],"ix":1},"s":{"a":0,"k":[100,100],"ix":3},"r":{"a":0,"k":0,"ix":6},"o":{"a":0,"k":100,"ix":7},"sk":{"a":0,"k":0,"ix":4},"sa":{"a":0,"k":0,"ix":5},"nm":"Transform"}],"nm":"Group 1","np":1,"cix":2,"bm":0,"ix":1,"mn":"ADBE Vector Group","hd":false},{"ty":"fl","c":{"a":0,"k":[1,0,0,1],"ix":4},"o":{"a":0,"k":100,"ix":5},"r":1,"bm":0,"nm":"Fill 1","mn":"ADBE Vector Graphic - Fill","hd":false}],"ip":0,"op":300.3003003003,"st":0,"ct":1,"bm":0},{"ddd":0,"ind":10,"ty":4,"nm":"outline 23","parent":8,"tt":1,"tp":9,"sr":1,"ks":{"o":{"a":0,"k":100,"ix":11},"r":{"a":0,"k":0,"ix":10},"p":{"a":0,"k":[-13.18,61.705,0],"ix":2,"l":2},"a":{"a":0,"k":[0,0,0],"ix":1,"l":2},"s":{"a":0,"k":[100,100,100],"ix":6,"l":2}},"ao":0,"shapes":[{"ty":"gr","it":[{"ind":0,"ty":"sh","ix":1,"ks":{"a":1,"k":[{"i":{"x":0.667,"y":1},"o":{"x":0.333,"y":0},"t":0,"s":[{"i":[[0,0],[0,0]],"o":[[0,0],[0,0]],"v":[[4.575,-50.725],[-4.575,50.725]],"c":false}]},{"i":{"x":0.667,"y":1},"o":{"x":0.333,"y":0},"t":7,"s":[{"i":[[0,0],[0,0]],"o":[[0,0],[0,0]],"v":[[4.338,-55.954],[-4.575,50.725]],"c":false}]},{"i":{"x":0.667,"y":1},"o":{"x":0.333,"y":0},"t":33,"s":[{"i":[[0,0],[0,0]],"o":[[0,0],[0,0]],"v":[[3.464,-32.579],[-4.575,50.725]],"c":false}]},{"i":{"x":0.667,"y":1},"o":{"x":0.333,"y":0},"t":42,"s":[{"i":[[0,0],[0,0]],"o":[[0,0],[0,0]],"v":[[4.918,-60.098],[-4.575,50.725]],"c":false}]},{"i":{"x":0.667,"y":1},"o":{"x":0.333,"y":0},"t":56,"s":[{"i":[[0,0],[0,0]],"o":[[0,0],[0,0]],"v":[[3.593,-37.003],[-4.575,50.725]],"c":false}]},{"i":{"x":0.667,"y":1},"o":{"x":0.333,"y":0},"t":68,"s":[{"i":[[0,0],[0,0]],"o":[[0,0],[0,0]],"v":[[4.575,-50.725],[-4.575,50.725]],"c":false}]},{"t":80,"s":[{"i":[[0,0],[0,0]],"o":[[0,0],[0,0]],"v":[[4.575,-50.725],[-4.575,50.725]],"c":false}]}],"ix":2},"nm":"Path 1","mn":"ADBE Vector Shape - Group","hd":false},{"ind":1,"ty":"sh","ix":2,"ks":{"a":1,"k":[{"i":{"x":0.667,"y":1},"o":{"x":0.333,"y":0},"t":0,"s":[{"i":[[0,0],[0,0],[0,0],[0,0]],"o":[[0,0],[0,0],[0,0],[0,0]],"v":[[-5.415,51.042],[14.585,80.542],[31.065,50.708],[21.935,-50.562]],"c":false}]},{"i":{"x":0.667,"y":1},"o":{"x":0.333,"y":0},"t":7,"s":[{"i":[[0,0],[0,0],[0,0],[0,0]],"o":[[0,0],[0,0],[0,0],[0,0]],"v":[[-5.415,51.042],[14.585,80.542],[31.065,50.708],[22.292,-43.753]],"c":false}]},{"i":{"x":0.667,"y":1},"o":{"x":0.333,"y":0},"t":33,"s":[{"i":[[0,0],[0,0],[0,0],[0,0]],"o":[[0,0],[0,0],[0,0],[0,0]],"v":[[-5.415,51.042],[14.585,80.542],[31.065,50.708],[22.829,-59.531]],"c":false}]},{"i":{"x":0.667,"y":1},"o":{"x":0.333,"y":0},"t":42,"s":[{"i":[[0,0],[0,0],[0,0],[0,0]],"o":[[0,0],[0,0],[0,0],[0,0]],"v":[[-5.415,51.042],[14.585,80.542],[31.065,50.708],[25.045,-29.565]],"c":false}]},{"i":{"x":0.667,"y":1},"o":{"x":0.333,"y":0},"t":56,"s":[{"i":[[0,0],[0,0],[0,0],[0,0]],"o":[[0,0],[0,0],[0,0],[0,0]],"v":[[-5.415,51.042],[14.585,80.542],[31.065,50.708],[21.935,-50.562]],"c":false}]},{"i":{"x":0.667,"y":1},"o":{"x":0.333,"y":0},"t":68,"s":[{"i":[[0,0],[0,0],[0,0],[0,0]],"o":[[0,0],[0,0],[0,0],[0,0]],"v":[[-5.415,51.042],[14.585,80.542],[31.065,50.708],[22.263,-44.386]],"c":false}]},{"t":80,"s":[{"i":[[0,0],[0,0],[0,0],[0,0]],"o":[[0,0],[0,0],[0,0],[0,0]],"v":[[-5.415,51.042],[14.585,80.542],[31.065,50.708],[21.935,-50.562]],"c":false}]}],"ix":2},"nm":"Path 2","mn":"ADBE Vector Shape - Group","hd":false},{"ty":"st","c":{"a":0,"k":[0.031,0.659,0.541,1],"ix":3,"x":"var $bm_rt;\n$bm_rt = comp('wired-outline-694-intern-male').layer('control').effect('secondary')('Color');"},"o":{"a":0,"k":100,"ix":4},"w":{"a":0,"k":12.04,"ix":5,"x":"var $bm_rt;\n$bm_rt = $bm_mul($bm_div(value, 2), comp('wired-outline-694-intern-male').layer('control').effect('stroke')('Menu'));"},"lc":2,"lj":2,"bm":0,"nm":".secondary","mn":"ADBE Vector Graphic - Stroke","hd":false,"cl":"secondary"},{"ty":"tr","p":{"a":0,"k":[0,0],"ix":2},"a":{"a":0,"k":[0,0],"ix":1},"s":{"a":0,"k":[100,100],"ix":3},"r":{"a":0,"k":0,"ix":6},"o":{"a":0,"k":100,"ix":7},"sk":{"a":0,"k":0,"ix":4},"sa":{"a":0,"k":0,"ix":5},"nm":"Transform"}],"nm":"Group 1","np":3,"cix":2,"bm":0,"ix":1,"mn":"ADBE Vector Group","hd":false}],"ip":0,"op":844,"st":0,"ct":1,"bm":0},{"ddd":0,"ind":11,"ty":4,"nm":"mask","parent":2,"td":1,"sr":1,"ks":{"o":{"a":0,"k":100,"ix":11},"r":{"a":0,"k":0,"ix":10},"p":{"a":1,"k":[{"i":{"x":0.667,"y":0.667},"o":{"x":0.333,"y":0.333},"t":0,"s":[0.017,-61.474,0],"to":[0,0,0],"ti":[0,0,0]},{"i":{"x":0.667,"y":1},"o":{"x":0.333,"y":0},"t":2,"s":[0.017,-61.474,0],"to":[0,5.017,0],"ti":[0,2.4,0]},{"i":{"x":0.667,"y":1},"o":{"x":0.333,"y":0},"t":6,"s":[0.017,-31.373,0],"to":[0,-2.4,0],"ti":[0,0,0]},{"i":{"x":0.667,"y":1},"o":{"x":0.333,"y":0},"t":24,"s":[0.017,-75.873,0],"to":[0,0,0],"ti":[0,-2.4,0]},{"i":{"x":0.667,"y":1},"o":{"x":0.333,"y":0},"t":42,"s":[0.017,-31.373,0],"to":[0,2.4,0],"ti":[0,5.017,0]},{"t":52,"s":[0.017,-61.474,0]}],"ix":2,"l":2},"a":{"a":0,"k":[250,188.231,0],"ix":1,"l":2},"s":{"a":0,"k":[100,100,100],"ix":6,"l":2}},"ao":0,"shapes":[{"ty":"gr","it":[{"ind":0,"ty":"sh","ix":1,"ks":{"a":0,"k":{"i":[[3.582,0],[0,0],[0.71,3.604],[0,0],[-4.756,0],[0,0],[0.942,-4.785],[0,0]],"o":[[0,0],[-3.582,0],[0,0],[-0.942,-4.785],[0,0],[4.756,0],[0,0],[-0.71,3.604]],"v":[[14.191,19.513],[-14.191,19.513],[-21.568,13.319],[-26.211,-10.257],[-18.834,-19.513],[18.834,-19.513],[26.211,-10.257],[21.568,13.319]],"c":true},"ix":2},"nm":"Path 1","mn":"ADBE Vector Shape - Group","hd":false},{"ty":"fl","c":{"a":0,"k":[1,0,0,1],"ix":4},"o":{"a":0,"k":100,"ix":5},"r":1,"bm":0,"nm":"Fill 1","mn":"ADBE Vector Graphic - Fill","hd":false},{"ty":"tr","p":{"a":0,"k":[287.221,188.231],"ix":2},"a":{"a":0,"k":[0,0],"ix":1},"s":{"a":0,"k":[100,100],"ix":3},"r":{"a":0,"k":0,"ix":6},"o":{"a":0,"k":100,"ix":7},"sk":{"a":0,"k":0,"ix":4},"sa":{"a":0,"k":0,"ix":5},"nm":"Transform"}],"nm":"Group 2","np":2,"cix":2,"bm":0,"ix":1,"mn":"ADBE Vector Group","hd":false},{"ty":"gr","it":[{"ind":0,"ty":"sh","ix":1,"ks":{"a":0,"k":{"i":[[3.582,0],[0,0],[0.71,3.604],[0,0],[-4.756,0],[0,0],[0.942,-4.785],[0,0]],"o":[[0,0],[-3.582,0],[0,0],[-0.942,-4.785],[0,0],[4.756,0],[0,0],[-0.71,3.604]],"v":[[14.191,19.513],[-14.191,19.513],[-21.568,13.319],[-26.211,-10.257],[-18.834,-19.513],[18.834,-19.513],[26.211,-10.257],[21.568,13.319]],"c":true},"ix":2},"nm":"Path 1","mn":"ADBE Vector Shape - Group","hd":false},{"ty":"fl","c":{"a":0,"k":[1,0,0,1],"ix":4},"o":{"a":0,"k":100,"ix":5},"r":1,"bm":0,"nm":"Fill 1","mn":"ADBE Vector Graphic - Fill","hd":false},{"ty":"tr","p":{"a":0,"k":[212.779,188.231],"ix":2},"a":{"a":0,"k":[0,0],"ix":1},"s":{"a":0,"k":[100,100],"ix":3},"r":{"a":0,"k":0,"ix":6},"o":{"a":0,"k":100,"ix":7},"sk":{"a":0,"k":0,"ix":4},"sa":{"a":0,"k":0,"ix":5},"nm":"Transform"}],"nm":"Group 3","np":2,"cix":2,"bm":0,"ix":2,"mn":"ADBE Vector Group","hd":false}],"ip":0,"op":844,"st":0,"ct":1,"bm":0},{"ddd":0,"ind":12,"ty":4,"nm":"Head","parent":2,"tt":2,"tp":11,"sr":1,"ks":{"o":{"a":0,"k":100,"ix":11},"r":{"a":0,"k":0,"ix":10},"p":{"a":1,"k":[{"i":{"x":0.667,"y":1},"o":{"x":0.333,"y":0},"t":2.002,"s":[0,-7,0],"to":[0,3.061,0],"ti":[0,1.939,0]},{"i":{"x":0.667,"y":1},"o":{"x":0.333,"y":0},"t":6.006,"s":[0,11.367,0],"to":[0,-1.939,0],"ti":[0,0,0]},{"i":{"x":0.667,"y":1},"o":{"x":0.333,"y":0},"t":24.023,"s":[0,-18.633,0],"to":[0,0,0],"ti":[0,-1.939,0]},{"i":{"x":0.833,"y":1},"o":{"x":0.333,"y":0},"t":42.043,"s":[0,11.367,0],"to":[0,1.939,0],"ti":[0,3.061,0]},{"t":52.052734375,"s":[0,-7,0]}],"ix":2,"l":2},"a":{"a":0,"k":[0,-7,0],"ix":1,"l":2},"s":{"a":0,"k":[100,100,100],"ix":6,"l":2}},"ao":0,"shapes":[{"ty":"gr","it":[{"ind":1,"ty":"sh","ix":2,"ks":{"a":1,"k":[{"i":{"x":0.667,"y":1},"o":{"x":0.333,"y":0},"t":2,"s":[{"i":[[1.173,-33.713],[0,0],[32.115,0],[0,0],[1.116,32.095],[0,0]],"o":[[0,0],[-1.116,32.095],[0,0],[-32.115,0],[0,0],[-1.173,-33.713]],"v":[[60.898,-76.632],[59.574,-39.537],[0,18],[0,18],[-59.574,-39.537],[-60.644,-79.662]],"c":false}]},{"i":{"x":0.667,"y":1},"o":{"x":0.333,"y":0},"t":6,"s":[{"i":[[1.173,-33.713],[0,0],[32.115,0],[0,0],[1.116,32.095],[0,0]],"o":[[0,0],[-1.116,32.095],[0,0],[-32.115,0],[0,0],[-1.173,-33.713]],"v":[[61.142,-90.774],[59.574,-39.537],[0,18],[0,18],[-59.574,-39.537],[-60.4,-93.804]],"c":false}]},{"i":{"x":0.667,"y":1},"o":{"x":0.333,"y":0},"t":24,"s":[{"i":[[1.173,-33.713],[0,0],[32.115,0],[0,0],[1.116,32.095],[0,0]],"o":[[0,0],[-1.116,32.095],[0,0],[-32.115,0],[0,0],[-1.173,-33.713]],"v":[[61.242,-79.274],[59.574,-39.537],[0,18],[0,18],[-59.574,-39.537],[-60.301,-82.304]],"c":false}]},{"i":{"x":0.667,"y":1},"o":{"x":0.333,"y":0},"t":42,"s":[{"i":[[1.173,-33.713],[0,0],[32.115,0],[0,0],[1.116,32.095],[0,0]],"o":[[0,0],[-1.116,32.095],[0,0],[-32.115,0],[0,0],[-1.173,-33.713]],"v":[[61.142,-90.774],[59.574,-39.537],[0,18],[0,18],[-59.574,-39.537],[-60.4,-93.804]],"c":false}]},{"t":52,"s":[{"i":[[1.173,-33.713],[0,0],[32.115,0],[0,0],[1.116,32.095],[0,0]],"o":[[0,0],[-1.116,32.095],[0,0],[-32.115,0],[0,0],[-1.173,-33.713]],"v":[[60.898,-76.632],[59.574,-39.537],[0,18],[0,18],[-59.574,-39.537],[-60.644,-79.662]],"c":false}]}],"ix":2},"nm":"Path 2","mn":"ADBE Vector Shape - Group","hd":false},{"ty":"st","c":{"a":0,"k":[0.071,0.075,0.192,1],"ix":3,"x":"var $bm_rt;\n$bm_rt = comp('wired-outline-694-intern-male').layer('control').effect('primary')('Color');"},"o":{"a":0,"k":100,"ix":4},"w":{"a":0,"k":12.04,"ix":5,"x":"var $bm_rt;\n$bm_rt = $bm_mul($bm_div(value, 2), comp('wired-outline-694-intern-male').layer('control').effect('stroke')('Menu'));"},"lc":2,"lj":2,"bm":0,"nm":".primary","mn":"ADBE Vector Graphic - Stroke","hd":false,"cl":"primary"},{"ty":"tr","p":{"a":0,"k":[0,0],"ix":2},"a":{"a":0,"k":[0,0],"ix":1},"s":{"a":0,"k":[100,100],"ix":3},"r":{"a":0,"k":0,"ix":6},"o":{"a":0,"k":100,"ix":7},"sk":{"a":0,"k":0,"ix":4},"sa":{"a":0,"k":0,"ix":5},"nm":"Transform"}],"nm":"Group 1","np":3,"cix":2,"bm":0,"ix":1,"mn":"ADBE Vector Group","hd":false}],"ip":0,"op":300.3003003003,"st":0,"ct":1,"bm":0}]}],"layers":[{"ddd":0,"ind":1,"ty":3,"nm":"control","sr":1,"ks":{"o":{"a":0,"k":0,"ix":11},"r":{"a":0,"k":0,"ix":10},"p":{"a":0,"k":[0,0],"ix":2,"l":2},"a":{"a":0,"k":[0,0,0],"ix":1,"l":2},"s":{"a":0,"k":[100,100,100],"ix":6,"l":2}},"ao":0,"ef":[{"ty":5,"nm":"stroke","np":3,"mn":"Pseudo/@@31Phn4dPTHy2BOpvc31ujQ","ix":1,"en":1,"ef":[{"ty":7,"nm":"Menu","mn":"Pseudo/@@31Phn4dPTHy2BOpvc31ujQ-0001","ix":1,"v":{"a":0,"k":2,"ix":1}}]},{"ty":5,"nm":"primary","np":3,"mn":"ADBE Color Control","ix":2,"en":1,"ef":[{"ty":2,"nm":"Color","mn":"ADBE Color Control-0001","ix":1,"v":{"a":0,"k":[0.071,0.075,0.192],"ix":1}}]},{"ty":5,"nm":"secondary","np":3,"mn":"ADBE Color Control","ix":3,"en":1,"ef":[{"ty":2,"nm":"Color","mn":"ADBE Color Control-0001","ix":1,"v":{"a":0,"k":[0.031,0.659,0.541],"ix":1}}]}],"ip":0,"op":209,"st":0,"bm":0},{"ddd":0,"ind":2,"ty":0,"nm":"in-reveal","refId":"comp_0","sr":1,"ks":{"o":{"a":0,"k":100,"ix":11},"r":{"a":0,"k":0,"ix":10},"p":{"a":0,"k":[215,215,0],"ix":2,"l":2},"a":{"a":0,"k":[215,215,0],"ix":1,"l":2},"s":{"a":0,"k":[100,100,100],"ix":6,"l":2}},"ao":0,"w":430,"h":430,"ip":0,"op":100,"st":0,"bm":0},{"ddd":0,"ind":3,"ty":0,"nm":"hover-pinch","refId":"comp_1","sr":1,"ks":{"o":{"a":0,"k":100,"ix":11},"r":{"a":0,"k":0,"ix":10},"p":{"a":0,"k":[215,215,0],"ix":2,"l":2},"a":{"a":0,"k":[215,215,0],"ix":1,"l":2},"s":{"a":0,"k":[100,100,100],"ix":6,"l":2}},"ao":0,"w":430,"h":430,"ip":100,"op":218,"st":100,"bm":0}],"markers":[{"tm":0,"cm":"in-reveal","dr":90},{"tm":100,"cm":"default:hover-pinch","dr":108}],"props":{}}