{"v":"5.12.1","fr":60,"ip":100,"op":220,"w":430,"h":430,"nm":"wired-outline-469-flag","ddd":0,"assets":[{"id":"comp_0","nm":"in-reveal","fr":60,"layers":[{"ddd":0,"ind":1,"ty":3,"nm":"NULL","sr":1,"ks":{"o":{"a":0,"k":0,"ix":11},"r":{"a":1,"k":[{"i":{"x":[0.114],"y":[1]},"o":{"x":[0.167],"y":[0.167]},"t":23,"s":[21]},{"i":{"x":[0.667],"y":[1]},"o":{"x":[0.333],"y":[0]},"t":39,"s":[-4]},{"i":{"x":[0.667],"y":[1]},"o":{"x":[0.333],"y":[0]},"t":54,"s":[2]},{"i":{"x":[0.667],"y":[1]},"o":{"x":[0.333],"y":[0]},"t":73,"s":[-1]},{"t":88,"s":[0]}],"ix":10},"p":{"a":0,"k":[100,400,0],"ix":2,"l":2},"a":{"a":0,"k":[50,50,0],"ix":1,"l":2},"s":{"a":0,"k":[100,100,100],"ix":6,"l":2}},"ao":0,"ip":0,"op":1800,"st":0,"bm":0},{"ddd":0,"ind":2,"ty":0,"nm":"flag-r","parent":3,"refId":"comp_1","sr":1,"ks":{"o":{"a":0,"k":100,"ix":11},"r":{"a":1,"k":[{"i":{"x":[0.833],"y":[0.833]},"o":{"x":[0.167],"y":[0.167]},"t":35,"s":[5]},{"i":{"x":[0.667],"y":[1]},"o":{"x":[0.167],"y":[0.167]},"t":44,"s":[-7]},{"t":61,"s":[0]}],"ix":10},"p":{"a":1,"k":[{"i":{"x":0.833,"y":0.833},"o":{"x":0.167,"y":0.167},"t":35,"s":[-4.036,-155.472,0],"to":[0,0,0],"ti":[0,0,0]},{"i":{"x":0.833,"y":0.833},"o":{"x":0.167,"y":0.167},"t":36,"s":[-3.895,-156.543,0],"to":[0,0,0],"ti":[0,0,0]},{"i":{"x":0.667,"y":1},"o":{"x":0.167,"y":0.167},"t":44,"s":[-18.836,-163.877,0],"to":[0,0,0],"ti":[0,0,0]},{"t":61,"s":[-3.084,-159.768,0]}],"ix":2,"l":2},"a":{"a":0,"k":[21.502,127.298,0],"ix":1,"l":2},"s":{"a":0,"k":[100,100,100],"ix":6,"l":2}},"ao":0,"tm":{"a":1,"k":[{"i":{"x":[0.667],"y":[1]},"o":{"x":[0.167],"y":[0.198]},"t":35,"s":[0]},{"t":90,"s":[1]}],"ix":2},"w":309,"h":253,"ip":35,"op":1795,"st":-5,"bm":0},{"ddd":0,"ind":3,"ty":4,"nm":"line","parent":1,"sr":1,"ks":{"o":{"a":0,"k":100,"ix":11},"r":{"a":1,"k":[{"i":{"x":[0.667],"y":[1]},"o":{"x":[0.167],"y":[0.167]},"t":0,"s":[13]},{"i":{"x":[0.833],"y":[0.833]},"o":{"x":[0.333],"y":[0]},"t":11,"s":[32.783]},{"t":23,"s":[0]}],"ix":10},"p":{"a":1,"k":[{"i":{"x":0.041,"y":0.607},"o":{"x":0.167,"y":0.167},"t":0,"s":[136,-89,0],"to":[0,0,0],"ti":[25.32,-7.924,0]},{"i":{"x":0.833,"y":0.833},"o":{"x":0.785,"y":0.319},"t":11,"s":[76.056,-114.696,0],"to":[-14.082,4.407,0],"ti":[0.77,-43.033,0]},{"t":23,"s":[50,-50,0]}],"ix":2,"l":2},"a":{"a":0,"k":[0,0,0],"ix":1,"l":2},"s":{"a":0,"k":[100,100,100],"ix":6,"l":2}},"ao":0,"shapes":[{"ty":"gr","it":[{"ind":0,"ty":"sh","ix":1,"ks":{"a":1,"k":[{"i":{"x":0.833,"y":0.833},"o":{"x":0.167,"y":0.167},"t":11,"s":[{"i":[[0,0],[0,77.889]],"o":[[0,-116.833],[0,0]],"v":[[0,100],[0,-250.5]],"c":false}]},{"i":{"x":0.833,"y":0.833},"o":{"x":0.167,"y":0.167},"t":23,"s":[{"i":[[0,0],[-93.712,107.948]],"o":[[-33.301,-128.608],[0,0]],"v":[[0,100],[65.776,-214.666]],"c":false}]},{"i":{"x":0.833,"y":0.833},"o":{"x":0.167,"y":0.167},"t":35,"s":[{"i":[[0,0],[-18.888,174.846]],"o":[[-10.975,-120.714],[0,0]],"v":[[0,100],[1.697,-243.138]],"c":false}]},{"i":{"x":0.667,"y":1},"o":{"x":0.167,"y":0.167},"t":36,"s":[{"i":[[0,0],[-1.074,38.863]],"o":[[-9.114,-120.056],[0,0]],"v":[[0,100],[-9.387,-73.302]],"c":false}]},{"i":{"x":0.667,"y":1},"o":{"x":0.333,"y":0},"t":44,"s":[{"i":[[0,0],[2.929,21.904]],"o":[[0,-116.834],[0,0]],"v":[[0,100],[-4.876,-80.426]],"c":false}]},{"i":{"x":0.667,"y":1},"o":{"x":0.333,"y":0},"t":61,"s":[{"i":[[0,0],[0.146,22.799]],"o":[[0,-116.833],[0,0]],"v":[[0,100],[0.128,-74.899]],"c":false}]},{"t":80,"s":[{"i":[[0,0],[0,13.5]],"o":[[0,-116.833],[0,0]],"v":[[0,100],[0,-75.5]],"c":false}]}],"ix":2},"nm":"Path 1","mn":"ADBE Vector Shape - Group","hd":false},{"ty":"tm","s":{"a":0,"k":0,"ix":1},"e":{"a":1,"k":[{"i":{"x":[0],"y":[1]},"o":{"x":[0.167],"y":[0.167]},"t":0,"s":[0]},{"t":23,"s":[100]}],"ix":2},"o":{"a":0,"k":0,"ix":3},"m":1,"ix":2,"nm":"Trim Paths 1","mn":"ADBE Vector Filter - Trim","hd":false},{"ty":"st","c":{"a":0,"k":[0.071,0.075,0.192,1],"ix":3,"x":"var $bm_rt;\n$bm_rt = comp('wired-outline-469-flag').layer('control').effect('primary')('Color');"},"o":{"a":0,"k":100,"ix":4},"w":{"a":0,"k":12,"ix":5,"x":"var $bm_rt;\n$bm_rt = $bm_mul($bm_div(value, 2), comp('wired-outline-469-flag').layer('control').effect('stroke')('Menu'));"},"lc":2,"lj":1,"ml":4,"bm":0,"nm":".primary","mn":"ADBE Vector Graphic - Stroke","hd":false,"cl":"primary"},{"ty":"tr","p":{"a":0,"k":[0,0],"ix":2},"a":{"a":0,"k":[0,0],"ix":1},"s":{"a":0,"k":[100,100],"ix":3},"r":{"a":0,"k":0,"ix":6},"o":{"a":0,"k":100,"ix":7},"sk":{"a":0,"k":0,"ix":4},"sa":{"a":0,"k":0,"ix":5},"nm":"Transform"}],"nm":"line","np":3,"cix":2,"bm":0,"ix":1,"mn":"ADBE Vector Group","hd":false}],"ip":0,"op":1800,"st":0,"ct":1,"bm":0}]},{"id":"comp_1","nm":"flag-r","fr":60,"layers":[{"ddd":0,"ind":1,"ty":4,"nm":"Shape Layer 1","sr":1,"ks":{"o":{"a":0,"k":100,"ix":11},"r":{"a":0,"k":0,"ix":10},"p":{"a":1,"k":[{"i":{"x":0.833,"y":0.833},"o":{"x":0.167,"y":0.167},"t":0,"s":[24.5,125.5,0],"to":[0,0,0],"ti":[0,0,0]},{"i":{"x":0.833,"y":0.833},"o":{"x":0.167,"y":0.167},"t":34,"s":[198.646,111.805,0],"to":[0,0,0],"ti":[0,0,0]},{"t":41,"s":[234.5,112,0]}],"ix":2,"l":2},"a":{"a":0,"k":[-127.5,-5.5,0],"ix":1,"l":2},"s":{"a":0,"k":[100,100,100],"ix":6,"l":2}},"ao":0,"shapes":[{"ty":"gr","it":[{"ty":"rc","d":1,"s":{"a":1,"k":[{"i":{"x":[0.37,0.37],"y":[1,1]},"o":{"x":[0.167,0.167],"y":[0.167,0.167]},"t":0,"s":[10,180]},{"i":{"x":[0.799,0.799],"y":[0.532,-1.298]},"o":{"x":[0.506,0.506],"y":[0,0]},"t":10,"s":[59.805,189.146]},{"i":{"x":[0.714,0.714],"y":[0.742,0.614]},"o":{"x":[0.394,0.394],"y":[0.381,0.202]},"t":34,"s":[24.157,185.053]},{"i":{"x":[0.675,0.675],"y":[0.706,0.346]},"o":{"x":[0.342,0.342],"y":[0.371,0.591]},"t":39,"s":[6.294,166.028]},{"i":{"x":[0.672,0.672],"y":[0.732,0.95]},"o":{"x":[0.34,0.34],"y":[0.395,0.288]},"t":40,"s":[3.316,163.055]},{"t":41,"s":[1,156]}],"ix":2},"p":{"a":0,"k":[0,0],"ix":3},"r":{"a":1,"k":[{"i":{"x":[0.37],"y":[1]},"o":{"x":[0.167],"y":[0.167]},"t":0,"s":[7]},{"i":{"x":[0.833],"y":[0.833]},"o":{"x":[0.63],"y":[0]},"t":10,"s":[29]},{"t":41,"s":[7]}],"ix":4},"nm":"Rectangle Path 1","mn":"ADBE Vector Shape - Rect","hd":false},{"ty":"st","c":{"a":0,"k":[0.031,0.659,0.541,1],"ix":3,"x":"var $bm_rt;\n$bm_rt = comp('wired-outline-469-flag').layer('control').effect('secondary')('Color');"},"o":{"a":0,"k":100,"ix":4},"w":{"a":0,"k":12,"ix":5,"x":"var $bm_rt;\n$bm_rt = $bm_mul($bm_div(value, 2), comp('wired-outline-469-flag').layer('control').effect('stroke')('Menu'));"},"lc":1,"lj":2,"bm":0,"nm":".secondary","mn":"ADBE Vector Graphic - Stroke","hd":false,"cl":"secondary"},{"ty":"tr","p":{"a":0,"k":[-127.5,-5.5],"ix":2},"a":{"a":0,"k":[0,0],"ix":1},"s":{"a":0,"k":[100,100],"ix":3},"r":{"a":0,"k":0,"ix":6},"o":{"a":0,"k":100,"ix":7},"sk":{"a":1,"k":[{"i":{"x":[0.833],"y":[0.833]},"o":{"x":[0.167],"y":[0.167]},"t":0,"s":[0]},{"i":{"x":[0.833],"y":[0.833]},"o":{"x":[0.167],"y":[0.167]},"t":4,"s":[-20]},{"i":{"x":[0.833],"y":[0.833]},"o":{"x":[0.167],"y":[0.167]},"t":10,"s":[-16]},{"i":{"x":[0.833],"y":[0.833]},"o":{"x":[0.167],"y":[0.167]},"t":26,"s":[-12]},{"t":34,"s":[0]}],"ix":4},"sa":{"a":0,"k":90,"ix":5},"nm":"Transform"}],"nm":"Rectangle 1","np":2,"cix":2,"bm":0,"ix":1,"mn":"ADBE Vector Group","hd":false}],"ip":0,"op":42,"st":0,"ct":1,"bm":0},{"ddd":0,"ind":2,"ty":4,"nm":"flag 6","sr":1,"ks":{"o":{"a":0,"k":100,"ix":11},"r":{"a":0,"k":0,"ix":10},"p":{"a":0,"k":[154.5,127,0],"ix":2,"l":2},"a":{"a":0,"k":[0,0,0],"ix":1,"l":2},"s":{"a":0,"k":[100,100,100],"ix":6,"l":2}},"ao":0,"shapes":[{"ty":"gr","it":[{"ind":0,"ty":"sh","ix":1,"ks":{"a":1,"k":[{"i":{"x":0.833,"y":0.833},"o":{"x":0.167,"y":0.167},"t":48,"s":[{"i":[[41.875,21.642],[16.847,-7.796],[0,0],[0,0],[0,0],[-0.001,0],[-0.208,0.119],[-22.991,-9.522],[-42.424,19.882],[-5.25,0.25],[0,0],[0,0],[11.202,-5.598]],"o":[[-40.875,-21.125],[-0.136,0.063],[0,0],[0,0],[0.001,0],[0.214,-0.109],[30.356,-17.425],[49.5,20.5],[16.054,-7.524],[0,0],[0,0],[-7.75,0.75],[-41.951,20.967]],"v":[[-51.5,-81],[-129.597,-85.204],[-129.999,-85.001],[-130,-85],[-130,85],[-129.998,84.999],[-129.356,84.675],[-51.5,89],[74.641,82.524],[98.5,73.5],[80,-1.5],[100.25,-96.5],[75.048,-87.777]],"c":true}]},{"t":60,"s":[{"i":[[42.013,21.33],[43.199,-21.796],[0,0],[0,0],[0,0],[-0.001,0],[-0.214,0.108],[-43.119,-21.891],[-41.976,19.976],[-1.357,0.689],[0,0],[0,0],[1.321,-0.63]],"o":[[-43.199,-21.932],[-0.134,0.067],[0,0],[0,0],[0.001,0],[0.214,-0.109],[43.119,-21.674],[41.976,21.311],[1.357,-0.646],[0,0],[0,0],[-1.32,0.67],[-42.013,20.03]],"v":[[0,-85],[-129.597,-85.204],[-129.999,-85.001],[-130,-85],[-130,85],[-129.998,84.999],[-129.356,84.675],[0,85],[125.929,87.002],[130,85],[80,10],[130,-85],[126.039,-83.05]],"c":true}]}],"ix":2},"nm":"Path 1","mn":"ADBE Vector Shape - Group","hd":false},{"ty":"st","c":{"a":0,"k":[0.031,0.659,0.541,1],"ix":3,"x":"var $bm_rt;\n$bm_rt = comp('wired-outline-469-flag').layer('control').effect('secondary')('Color');"},"o":{"a":0,"k":100,"ix":4},"w":{"a":0,"k":12,"ix":5,"x":"var $bm_rt;\n$bm_rt = $bm_mul($bm_div(value, 2), comp('wired-outline-469-flag').layer('control').effect('stroke')('Menu'));"},"lc":1,"lj":2,"bm":0,"nm":".secondary","mn":"ADBE Vector Graphic - Stroke","hd":false,"cl":"secondary"},{"ty":"tr","p":{"a":0,"k":[0,0],"ix":2},"a":{"a":0,"k":[0,0],"ix":1},"s":{"a":0,"k":[100,100],"ix":3},"r":{"a":0,"k":0,"ix":6},"o":{"a":0,"k":100,"ix":7},"sk":{"a":0,"k":0,"ix":4},"sa":{"a":0,"k":0,"ix":5},"nm":"Transform"}],"nm":"flag","np":2,"cix":2,"bm":0,"ix":1,"mn":"ADBE Vector Group","hd":false}],"ip":48,"op":1860,"st":60,"ct":1,"bm":0},{"ddd":0,"ind":3,"ty":4,"nm":"flag 7","sr":1,"ks":{"o":{"a":0,"k":100,"ix":11},"r":{"a":0,"k":0,"ix":10},"p":{"a":0,"k":[154.5,127,0],"ix":2,"l":2},"a":{"a":0,"k":[0,0,0],"ix":1,"l":2},"s":{"a":0,"k":[100,100,100],"ix":6,"l":2}},"ao":0,"shapes":[{"ty":"gr","it":[{"ind":0,"ty":"sh","ix":1,"ks":{"a":1,"k":[{"i":{"x":0.833,"y":0.833},"o":{"x":0.167,"y":0.167},"t":0,"s":[{"i":[[43.333,22],[43.199,-21.796],[0,0],[0,0],[0,0],[-0.001,0],[-0.214,0.108],[-43.119,-21.891],[-43.333,22],[0,0],[0,0]],"o":[[-43.199,-21.932],[-0.134,0.067],[0,0],[0,0],[0.001,0],[0.214,-0.109],[43.119,-21.674],[43.333,22],[0,0],[0,0],[-43.333,22]],"v":[[0,-85],[-129.597,-85.204],[-129.999,-85.001],[-130,-85],[-130,85],[-129.998,84.999],[-129.356,84.675],[0,85],[130,85],[80,10],[130,-85]],"c":true}]},{"i":{"x":0.833,"y":0.833},"o":{"x":0.167,"y":0.167},"t":8,"s":[{"i":[[33.145,16.84],[42.669,-21.871],[0.127,0.044],[0,0],[0,0],[-0.001,0],[-17.077,8.752],[-43.122,-21.893],[-33,14.5],[0,0],[0,0]],"o":[[-43.201,-21.933],[-16.253,8.774],[0,0],[0,0],[0.001,0],[0.293,-0.055],[41.987,-21.195],[33.137,16.816],[0,0],[0,0],[-34.5,15]],"v":[[30.588,-85.002],[-99.016,-85.202],[-129.998,-85],[-130,-85],[-130,85],[-129.998,84.999],[-98.72,84.643],[30.588,85],[130,90.25],[80,9.294],[130,-79.75]],"c":true}]},{"i":{"x":0.833,"y":0.833},"o":{"x":0.167,"y":0.167},"t":16,"s":[{"i":[[22.956,11.68],[42.138,-21.945],[0.255,0.089],[0,0],[0,0],[-0.001,0],[-33.94,17.397],[-43.126,-21.895],[-20,6.342],[0,0],[0,0]],"o":[[-43.204,-21.934],[-32.371,17.48],[-0.001,0],[0,0],[0.001,0],[0.372,-0.002],[40.856,-20.716],[22.941,11.633],[0,0],[0,0],[-22,0]],"v":[[61.176,-85.004],[-68.434,-85.2],[-129.998,-85],[-130,-85],[-130,85],[-129.997,85],[-68.084,84.612],[61.176,85],[130,96.721],[80,3.358],[130,-73.543]],"c":true}]},{"i":{"x":0.833,"y":0.833},"o":{"x":0.167,"y":0.167},"t":21,"s":[{"i":[[16.588,8.455],[41.807,-21.992],[0.334,0.116],[0,0],[0,0],[-0.001,0],[-44.479,22.8],[-43.128,-21.896],[-14.75,1.056],[0,0],[0,0]],"o":[[-43.205,-21.935],[-42.446,22.922],[-0.001,0],[0,0],[0.001,0],[0.421,0.032],[40.149,-20.417],[16.569,8.393],[0,0],[0,0],[-17,-2.865]],"v":[[80.294,-85.005],[-49.321,-85.199],[-129.997,-85],[-130,-85],[-130,85],[-129.997,85],[-48.936,84.592],[80.294,85],[130,97.444],[80,-2.728],[130,-70.5]],"c":true}]},{"i":{"x":0.833,"y":0.833},"o":{"x":0.167,"y":0.167},"t":26,"s":[{"i":[[10.22,5.23],[41.475,-22.039],[0.414,0.144],[0,0],[0,0],[-0.001,0],[-55.018,28.203],[-43.13,-21.897],[-9.25,-0.981],[0,0],[0,0]],"o":[[-43.206,-21.936],[-52.52,28.363],[-0.001,0],[0,0],[0.001,0],[0.47,0.065],[39.442,-20.118],[10.196,5.153],[0,0],[0,0],[-12.5,-1.981]],"v":[[99.412,-85.006],[-30.207,-85.198],[-129.997,-85],[-130,-85],[-130,85],[-129.997,85],[-29.788,84.572],[99.412,84.999],[130,93.481],[80,-7.563],[130,-74.019]],"c":true}]},{"i":{"x":0.833,"y":0.833},"o":{"x":0.167,"y":0.167},"t":34,"s":[{"i":[[0.031,0.07],[40.945,-22.113],[0.541,0.189],[0,0],[0,0],[-0.002,0],[-71.881,36.848],[-43.134,-21.899],[-0.063,-0.031],[0,0],[0,0]],"o":[[-43.209,-21.937],[-68.639,37.07],[-0.002,-0.001],[0,0],[0.001,0],[0.549,0.119],[38.31,-19.639],[0,-0.03],[0,0],[0,0],[0,0]],"v":[[130,-85.007],[0.374,-85.197],[-129.997,-84.999],[-130,-85],[-130,85],[-129.997,85],[0.848,84.541],[130,84.999],[130,85],[80,-10],[130,-85]],"c":true}]},{"i":{"x":0.833,"y":0.833},"o":{"x":0.167,"y":0.167},"t":41,"s":[{"i":[[0.031,0.07],[29.922,-16.158],[8.497,4.663],[0.002,-0.001],[0,0],[-21.191,-10.302],[-68.692,34.747],[-9.125,1.626],[-0.062,-0.031],[0,0],[0,0]],"o":[[-4.5,-1.743],[-63.898,34.352],[-18.562,-10.368],[0,0],[0.003,-0.001],[8.795,4.167],[27.986,-14.348],[0,-0.03],[0,0],[0,0],[0,0]],"v":[[79.5,-93.757],[35.282,-85.137],[-95.022,-84.948],[-130,-85],[-130,85],[-94.875,85.071],[35.63,84.653],[80.5,63.874],[80.5,64],[80,-7.865],[79.5,-93.75]],"c":true}]},{"i":{"x":0.833,"y":0.833},"o":{"x":0.167,"y":0.167},"t":48,"s":[{"i":[[0.031,0.07],[18.898,-10.202],[16.453,9.138],[0.003,-0.002],[0,0],[-42.381,-20.604],[-65.503,32.645],[-5.5,0.626],[-0.063,-0.031],[0,0],[0,0]],"o":[[-5.5,0.507],[-59.157,31.635],[-37.122,-20.736],[0,0],[0.005,-0.003],[17.041,8.216],[17.662,-9.058],[0,-0.03],[0,0],[0,0],[0,0]],"v":[[100,-96.507],[70.189,-85.078],[-60.048,-84.897],[-130,-85],[-130,85],[-59.753,85.142],[70.411,84.765],[98,72.749],[98,73],[80,-3.231],[100,-96.5]],"c":true}]},{"i":{"x":0.833,"y":0.833},"o":{"x":0.167,"y":0.167},"t":54,"s":[{"i":[[0.031,0.07],[11.89,-4.473],[23.272,12.974],[0.005,-0.002],[0,0],[-60.544,-29.434],[-61.973,29.889],[-8.75,-1.749],[-0.063,-0.031],[0,0],[0,0]],"o":[[-11.5,-1.243],[-59.61,28.527],[-53.03,-29.623],[0,0],[0.007,-0.004],[24.108,11.686],[12.027,-4.361],[0,-0.031],[0,0],[0,0],[0,0]],"v":[[130,-91.257],[100.11,-85.027],[-30.07,-84.853],[-130,-85],[-130,85],[-29.648,85.203],[100.473,84.861],[130,77.749],[130,77.75],[79.998,5.26],[130,-91.25]],"c":true}]},{"t":60,"s":[{"i":[[0.031,0.07],[0.001,0.008],[30.091,16.809],[0.006,-0.003],[0,0],[-78.706,-38.264],[-60.036,29.043],[0.063,0.001],[-0.063,-0.031],[0,0],[0,0]],"o":[[0,-0.055],[-51.03,26.976],[-68.938,-38.509],[0,0],[0.009,-0.004],[31.176,15.157],[-0.036,0.012],[0,-0.031],[0,0],[0,0],[0,0]],"v":[[130,-85.007],[130.03,-84.976],[-0.091,-84.809],[-130,-85],[-130,85],[0.456,85.264],[130.036,84.957],[130,84.999],[130,85],[80,10],[130,-85]],"c":true}]}],"ix":2},"nm":"Path 1","mn":"ADBE Vector Shape - Group","hd":false},{"ty":"st","c":{"a":0,"k":[0.031,0.659,0.541,1],"ix":3,"x":"var $bm_rt;\n$bm_rt = comp('wired-outline-469-flag').layer('control').effect('secondary')('Color');"},"o":{"a":0,"k":100,"ix":4},"w":{"a":0,"k":12,"ix":5,"x":"var $bm_rt;\n$bm_rt = $bm_mul($bm_div(value, 2), comp('wired-outline-469-flag').layer('control').effect('stroke')('Menu'));"},"lc":1,"lj":2,"bm":0,"nm":".secondary","mn":"ADBE Vector Graphic - Stroke","hd":false,"cl":"secondary"},{"ty":"tr","p":{"a":0,"k":[0,0],"ix":2},"a":{"a":0,"k":[0,0],"ix":1},"s":{"a":0,"k":[100,100],"ix":3},"r":{"a":0,"k":0,"ix":6},"o":{"a":0,"k":100,"ix":7},"sk":{"a":0,"k":0,"ix":4},"sa":{"a":0,"k":0,"ix":5},"nm":"Transform"}],"nm":"flag","np":2,"cix":2,"bm":0,"ix":1,"mn":"ADBE Vector Group","hd":false}],"ip":41,"op":49,"st":0,"ct":1,"bm":0},{"ddd":0,"ind":4,"ty":4,"nm":"mask","td":1,"sr":1,"ks":{"o":{"a":0,"k":100,"ix":11},"r":{"a":0,"k":0,"ix":10},"p":{"a":1,"k":[{"i":{"x":0.833,"y":0.833},"o":{"x":0.167,"y":0.167},"t":0,"s":[24.5,125.5,0],"to":[0,0,0],"ti":[0,0,0]},{"i":{"x":0.833,"y":0.833},"o":{"x":0.167,"y":0.167},"t":34,"s":[198.646,111.805,0],"to":[0,0,0],"ti":[0,0,0]},{"t":41,"s":[234.5,112,0]}],"ix":2,"l":2},"a":{"a":0,"k":[-127.5,-5.5,0],"ix":1,"l":2},"s":{"a":0,"k":[100,100,100],"ix":6,"l":2}},"ao":0,"shapes":[{"ty":"gr","it":[{"ind":0,"ty":"sh","ix":1,"ks":{"a":1,"k":[{"i":{"x":0.833,"y":0.833},"o":{"x":0.167,"y":0.167},"t":3,"s":[{"i":[[0,0],[0,0],[0,0],[0,0],[0,0],[0,0]],"o":[[0,0],[0,0],[0,0],[0,0],[0,0],[0,0]],"v":[[344.914,-172.338],[-297.914,-172.662],[-297.914,172.662],[324.914,172.588],[307.414,87.198],[307.414,-57.024]],"c":true}]},{"i":{"x":0.833,"y":0.833},"o":{"x":0.167,"y":0.167},"t":5,"s":[{"i":[[0,0],[0,0],[0,0],[0,0],[0,0],[0,0]],"o":[[0,0],[0,0],[0,0],[0,0],[0,0],[0,0]],"v":[[344.914,-172.338],[-297.914,-172.662],[-297.914,172.662],[324.914,172.588],[297.914,87.203],[297.914,-57.019]],"c":true}]},{"t":13,"s":[{"i":[[0,0],[0,0],[0,0],[0,0],[0,0],[0,0]],"o":[[0,0],[0,0],[0,0],[0,0],[0,0],[0,0]],"v":[[297.914,-172.662],[-297.914,-172.662],[-297.914,172.662],[324.914,172.588],[297.914,87.203],[297.914,-64.077]],"c":true}]}],"ix":2},"nm":"Path 1","mn":"ADBE Vector Shape - Group","hd":false},{"ty":"fl","c":{"a":0,"k":[1,0,0,1],"ix":4},"o":{"a":0,"k":100,"ix":5},"r":1,"bm":0,"nm":"Fill 1","mn":"ADBE Vector Graphic - Fill","hd":false},{"ty":"tr","p":{"a":1,"k":[{"i":{"x":0.833,"y":0.833},"o":{"x":0.167,"y":0.167},"t":13,"s":[-453.06,-13.967],"to":[0,0],"ti":[0,0]},{"i":{"x":0.833,"y":0.833},"o":{"x":0.167,"y":0.167},"t":30,"s":[-443.06,-13.967],"to":[0,0],"ti":[0,0]},{"i":{"x":0.833,"y":0.833},"o":{"x":0.167,"y":0.167},"t":37,"s":[-430.06,-13.967],"to":[0,0],"ti":[0,0]},{"i":{"x":0.833,"y":0.833},"o":{"x":0.167,"y":0.167},"t":39,"s":[-424.066,-13.967],"to":[0,0],"ti":[0,0]},{"t":40,"s":[-425.06,-13.967]}],"ix":2},"a":{"a":0,"k":[0,0],"ix":1},"s":{"a":0,"k":[100,100],"ix":3},"r":{"a":0,"k":0,"ix":6},"o":{"a":0,"k":100,"ix":7},"sk":{"a":0,"k":0,"ix":4},"sa":{"a":0,"k":0,"ix":5},"nm":"Transform"}],"nm":"Rectangle 2","np":2,"cix":2,"bm":0,"ix":1,"mn":"ADBE Vector Group","hd":false}],"ip":0,"op":41,"st":0,"ct":1,"bm":0},{"ddd":0,"ind":5,"ty":4,"nm":"flag 3","tt":1,"tp":4,"sr":1,"ks":{"o":{"a":0,"k":100,"ix":11},"r":{"a":0,"k":0,"ix":10},"p":{"a":0,"k":[154.5,127,0],"ix":2,"l":2},"a":{"a":0,"k":[0,0,0],"ix":1,"l":2},"s":{"a":0,"k":[100,100,100],"ix":6,"l":2}},"ao":0,"shapes":[{"ty":"gr","it":[{"ind":0,"ty":"sh","ix":1,"ks":{"a":1,"k":[{"i":{"x":0.833,"y":0.833},"o":{"x":0.167,"y":0.167},"t":0,"s":[{"i":[[43.333,22],[43.199,-21.796],[0,0],[0,0],[0,0],[-0.001,0],[-0.214,0.108],[-43.119,-21.891],[-43.333,22],[0,0],[0,0]],"o":[[-43.199,-21.932],[-0.134,0.067],[0,0],[0,0],[0.001,0],[0.214,-0.109],[43.119,-21.674],[43.333,22],[0,0],[0,0],[-43.333,22]],"v":[[0,-85],[-129.597,-85.204],[-129.999,-85.001],[-130,-85],[-130,85],[-129.998,84.999],[-129.356,84.675],[0,85],[130,85],[80,10],[130,-85]],"c":true}]},{"i":{"x":0.833,"y":0.833},"o":{"x":0.167,"y":0.167},"t":8,"s":[{"i":[[33.145,16.84],[42.669,-21.871],[0.127,0.044],[0,0],[0,0],[-0.001,0],[-17.077,8.752],[-43.122,-21.893],[-33,14.5],[0,0],[0,0]],"o":[[-43.201,-21.933],[-16.253,8.774],[0,0],[0,0],[0.001,0],[0.293,-0.055],[41.987,-21.195],[33.137,16.816],[0,0],[0,0],[-34.5,15]],"v":[[30.588,-85.002],[-99.016,-85.202],[-129.998,-85],[-130,-85],[-130,85],[-129.998,84.999],[-98.72,84.643],[30.588,85],[130,90.25],[80,9.294],[130,-79.75]],"c":true}]},{"i":{"x":0.833,"y":0.833},"o":{"x":0.167,"y":0.167},"t":16,"s":[{"i":[[22.956,11.68],[42.138,-21.945],[0.255,0.089],[0,0],[0,0],[-0.001,0],[-33.94,17.397],[-43.126,-21.895],[-20,6.342],[0,0],[0,0]],"o":[[-43.204,-21.934],[-32.371,17.48],[-0.001,0],[0,0],[0.001,0],[0.372,-0.002],[40.856,-20.716],[22.941,11.633],[0,0],[0,0],[-22,0]],"v":[[61.176,-85.004],[-68.434,-85.2],[-129.998,-85],[-130,-85],[-130,85],[-129.997,85],[-68.084,84.612],[61.176,85],[130,96.721],[80,3.358],[130,-73.543]],"c":true}]},{"i":{"x":0.833,"y":0.833},"o":{"x":0.167,"y":0.167},"t":21,"s":[{"i":[[16.588,8.455],[41.807,-21.992],[0.334,0.116],[0,0],[0,0],[-0.001,0],[-44.479,22.8],[-43.128,-21.896],[-14.75,1.056],[0,0],[0,0]],"o":[[-43.205,-21.935],[-42.446,22.922],[-0.001,0],[0,0],[0.001,0],[0.421,0.032],[40.149,-20.417],[16.569,8.393],[0,0],[0,0],[-17,-2.865]],"v":[[80.294,-85.005],[-49.321,-85.199],[-129.997,-85],[-130,-85],[-130,85],[-129.997,85],[-48.936,84.592],[80.294,85],[130,97.444],[80,-2.728],[130,-70.5]],"c":true}]},{"i":{"x":0.833,"y":0.833},"o":{"x":0.167,"y":0.167},"t":26,"s":[{"i":[[10.22,5.23],[41.475,-22.039],[0.414,0.144],[0,0],[0,0],[-0.001,0],[-55.018,28.203],[-43.13,-21.897],[-9.25,-0.981],[0,0],[0,0]],"o":[[-43.206,-21.936],[-52.52,28.363],[-0.001,0],[0,0],[0.001,0],[0.47,0.065],[39.442,-20.118],[10.196,5.153],[0,0],[0,0],[-12.5,-1.981]],"v":[[99.412,-85.006],[-30.207,-85.198],[-129.997,-85],[-130,-85],[-130,85],[-129.997,85],[-29.788,84.572],[99.412,84.999],[130,93.481],[80,-7.563],[130,-74.019]],"c":true}]},{"i":{"x":0.833,"y":0.833},"o":{"x":0.167,"y":0.167},"t":34,"s":[{"i":[[0.031,0.07],[40.945,-22.113],[0.541,0.189],[0,0],[0,0],[-0.002,0],[-71.881,36.848],[-43.134,-21.899],[-0.063,-0.031],[0,0],[0,0]],"o":[[-43.209,-21.937],[-68.639,37.07],[-0.002,-0.001],[0,0],[0.001,0],[0.549,0.119],[38.31,-19.639],[0,-0.03],[0,0],[0,0],[0,0]],"v":[[130,-85.007],[0.374,-85.197],[-129.997,-84.999],[-130,-85],[-130,85],[-129.997,85],[0.848,84.541],[130,84.999],[130,85],[80,-10],[130,-85]],"c":true}]},{"i":{"x":0.833,"y":0.833},"o":{"x":0.167,"y":0.167},"t":41,"s":[{"i":[[0.031,0.07],[29.922,-16.158],[8.497,4.663],[0.002,-0.001],[0,0],[-21.191,-10.302],[-68.692,34.747],[-9.125,1.626],[-0.062,-0.031],[0,0],[0,0]],"o":[[-4.5,-1.743],[-63.898,34.352],[-18.562,-10.368],[0,0],[0.003,-0.001],[8.795,4.167],[27.986,-14.348],[0,-0.03],[0,0],[0,0],[0,0]],"v":[[79.5,-93.757],[35.282,-85.137],[-95.022,-84.948],[-130,-85],[-130,85],[-94.875,85.071],[35.63,84.653],[80.5,63.874],[80.5,64],[80,-7.865],[79.5,-93.75]],"c":true}]},{"i":{"x":0.833,"y":0.833},"o":{"x":0.167,"y":0.167},"t":48,"s":[{"i":[[0.031,0.07],[18.898,-10.202],[16.453,9.138],[0.003,-0.002],[0,0],[-42.381,-20.604],[-65.503,32.645],[-5.5,0.626],[-0.063,-0.031],[0,0],[0,0]],"o":[[-5.5,0.507],[-59.157,31.635],[-37.122,-20.736],[0,0],[0.005,-0.003],[17.041,8.216],[17.662,-9.058],[0,-0.03],[0,0],[0,0],[0,0]],"v":[[100,-96.507],[70.189,-85.078],[-60.048,-84.897],[-130,-85],[-130,85],[-59.753,85.142],[70.411,84.765],[98,72.749],[98,73],[80,-3.231],[100,-96.5]],"c":true}]},{"i":{"x":0.833,"y":0.833},"o":{"x":0.167,"y":0.167},"t":54,"s":[{"i":[[0.031,0.07],[11.89,-4.473],[23.272,12.974],[0.005,-0.002],[0,0],[-60.544,-29.434],[-61.973,29.889],[-8.75,-1.749],[-0.063,-0.031],[0,0],[0,0]],"o":[[-11.5,-1.243],[-59.61,28.527],[-53.03,-29.623],[0,0],[0.007,-0.004],[24.108,11.686],[12.027,-4.361],[0,-0.031],[0,0],[0,0],[0,0]],"v":[[130,-91.257],[100.11,-85.027],[-30.07,-84.853],[-130,-85],[-130,85],[-29.648,85.203],[100.473,84.861],[130,77.749],[130,77.75],[79.998,5.26],[130,-91.25]],"c":true}]},{"t":60,"s":[{"i":[[0.031,0.07],[0.001,0.008],[30.091,16.809],[0.006,-0.003],[0,0],[-78.706,-38.264],[-60.036,29.043],[0.063,0.001],[-0.063,-0.031],[0,0],[0,0]],"o":[[0,-0.055],[-51.03,26.976],[-68.938,-38.509],[0,0],[0.009,-0.004],[31.176,15.157],[-0.036,0.012],[0,-0.031],[0,0],[0,0],[0,0]],"v":[[130,-85.007],[130.03,-84.976],[-0.091,-84.809],[-130,-85],[-130,85],[0.456,85.264],[130.036,84.957],[130,84.999],[130,85],[80,10],[130,-85]],"c":true}]}],"ix":2},"nm":"Path 1","mn":"ADBE Vector Shape - Group","hd":false},{"ty":"st","c":{"a":0,"k":[0.031,0.659,0.541,1],"ix":3,"x":"var $bm_rt;\n$bm_rt = comp('wired-outline-469-flag').layer('control').effect('secondary')('Color');"},"o":{"a":0,"k":100,"ix":4},"w":{"a":0,"k":12,"ix":5,"x":"var $bm_rt;\n$bm_rt = $bm_mul($bm_div(value, 2), comp('wired-outline-469-flag').layer('control').effect('stroke')('Menu'));"},"lc":1,"lj":2,"bm":0,"nm":".secondary","mn":"ADBE Vector Graphic - Stroke","hd":false,"cl":"secondary"},{"ty":"tr","p":{"a":0,"k":[0,0],"ix":2},"a":{"a":0,"k":[0,0],"ix":1},"s":{"a":0,"k":[100,100],"ix":3},"r":{"a":0,"k":0,"ix":6},"o":{"a":0,"k":100,"ix":7},"sk":{"a":0,"k":0,"ix":4},"sa":{"a":0,"k":0,"ix":5},"nm":"Transform"}],"nm":"flag","np":2,"cix":2,"bm":0,"ix":1,"mn":"ADBE Vector Group","hd":false}],"ip":0,"op":41,"st":0,"ct":1,"bm":0}]},{"id":"comp_2","nm":"hover-pinch","fr":60,"layers":[{"ddd":0,"ind":1,"ty":0,"nm":"flag","refId":"comp_3","sr":1,"ks":{"o":{"a":0,"k":100,"ix":11},"r":{"a":0,"k":0,"ix":10},"p":{"a":0,"k":[229.913,139.434,0],"ix":2,"l":2},"a":{"a":0,"k":[154.5,126.5,0],"ix":1,"l":2},"s":{"a":0,"k":[100,100,100],"ix":6,"l":2}},"ao":0,"tm":{"a":1,"k":[{"i":{"x":[0.667],"y":[1]},"o":{"x":[0.167],"y":[0.252]},"t":50,"s":[0]},{"t":120,"s":[1]}],"ix":2},"w":309,"h":253,"ip":50,"op":1800,"st":0,"bm":0},{"ddd":0,"ind":2,"ty":0,"nm":"flag","refId":"comp_3","sr":1,"ks":{"o":{"a":0,"k":100,"ix":11},"r":{"a":0,"k":0,"ix":10},"p":{"a":0,"k":[229.913,139.434,0],"ix":2,"l":2},"a":{"a":0,"k":[154.5,126.5,0],"ix":1,"l":2},"s":{"a":0,"k":[100,100,100],"ix":6,"l":2}},"ao":0,"tm":{"a":1,"k":[{"i":{"x":[0.833],"y":[0.806]},"o":{"x":[0.135],"y":[0]},"t":0,"s":[0]},{"t":51,"s":[1]}],"ix":2},"w":309,"h":253,"ip":0,"op":51,"st":0,"bm":0},{"ddd":0,"ind":3,"ty":4,"nm":"line","sr":1,"ks":{"o":{"a":0,"k":100,"ix":11},"r":{"a":0,"k":0,"ix":10},"p":{"a":0,"k":[100,300,0],"ix":2,"l":2},"a":{"a":0,"k":[0,0,0],"ix":1,"l":2},"s":{"a":0,"k":[100,100,100],"ix":6,"l":2}},"ao":0,"shapes":[{"ty":"gr","it":[{"ind":0,"ty":"sh","ix":1,"ks":{"a":0,"k":{"i":[[0,0],[0,0]],"o":[[0,0],[0,0]],"v":[[0,100],[0,-73.5]],"c":false},"ix":2},"nm":"Path 1","mn":"ADBE Vector Shape - Group","hd":false},{"ty":"st","c":{"a":0,"k":[0.071,0.075,0.192,1],"ix":3,"x":"var $bm_rt;\n$bm_rt = comp('wired-outline-469-flag').layer('control').effect('primary')('Color');"},"o":{"a":0,"k":100,"ix":4},"w":{"a":0,"k":12,"ix":5,"x":"var $bm_rt;\n$bm_rt = $bm_mul($bm_div(value, 2), comp('wired-outline-469-flag').layer('control').effect('stroke')('Menu'));"},"lc":2,"lj":1,"ml":4,"bm":0,"nm":".primary","mn":"ADBE Vector Graphic - Stroke","hd":false,"cl":"primary"},{"ty":"tr","p":{"a":0,"k":[0,0],"ix":2},"a":{"a":0,"k":[0,0],"ix":1},"s":{"a":0,"k":[100,100],"ix":3},"r":{"a":0,"k":0,"ix":6},"o":{"a":0,"k":100,"ix":7},"sk":{"a":0,"k":0,"ix":4},"sa":{"a":0,"k":0,"ix":5},"nm":"Transform"}],"nm":"line","np":2,"cix":2,"bm":0,"ix":1,"mn":"ADBE Vector Group","hd":false}],"ip":0,"op":1800,"st":0,"ct":1,"bm":0}]},{"id":"comp_3","nm":"flag","fr":60,"layers":[{"ddd":0,"ind":1,"ty":4,"nm":"flag 6","sr":1,"ks":{"o":{"a":0,"k":100,"ix":11},"r":{"a":0,"k":0,"ix":10},"p":{"a":0,"k":[154.5,127,0],"ix":2,"l":2},"a":{"a":0,"k":[0,0,0],"ix":1,"l":2},"s":{"a":0,"k":[100,100,100],"ix":6,"l":2}},"ao":0,"shapes":[{"ty":"gr","it":[{"ind":0,"ty":"sh","ix":1,"ks":{"a":1,"k":[{"i":{"x":0.833,"y":0.833},"o":{"x":0.167,"y":0.167},"t":48,"s":[{"i":[[41.875,21.642],[16.847,-7.796],[0,0],[0,0],[0,0],[-0.001,0],[-0.208,0.119],[-22.991,-9.522],[-42.424,19.882],[-28.875,-1.125],[0,0],[0,0],[11.202,-5.598]],"o":[[-40.875,-21.125],[-0.136,0.063],[0,0],[0,0],[0.001,0],[0.214,-0.109],[30.356,-17.425],[49.5,20.5],[16.054,-7.524],[0,0],[0,0],[-27,-1.875],[-41.951,20.967]],"v":[[-51.5,-81],[-129.597,-85.204],[-129.999,-85.001],[-130,-85],[-130,85],[-129.998,84.999],[-129.356,84.675],[-51.5,89],[74.641,82.524],[130,70],[80,0.5],[130,-98.25],[75.048,-87.777]],"c":true}]},{"t":60,"s":[{"i":[[42.013,21.33],[43.199,-21.796],[0,0],[0,0],[0,0],[-0.001,0],[-0.214,0.108],[-43.119,-21.891],[-41.976,19.976],[-1.357,0.689],[0,0],[0,0],[1.321,-0.63]],"o":[[-43.199,-21.932],[-0.134,0.067],[0,0],[0,0],[0.001,0],[0.214,-0.109],[43.119,-21.674],[41.976,21.311],[1.357,-0.646],[0,0],[0,0],[-1.32,0.67],[-42.013,20.03]],"v":[[0,-85],[-129.597,-85.204],[-129.999,-85.001],[-130,-85],[-130,85],[-129.998,84.999],[-129.356,84.675],[0,85],[125.929,87.002],[130,85],[80,10],[130,-85],[126.039,-83.05]],"c":true}]}],"ix":2},"nm":"Path 1","mn":"ADBE Vector Shape - Group","hd":false},{"ty":"st","c":{"a":0,"k":[0.031,0.659,0.541,1],"ix":3,"x":"var $bm_rt;\n$bm_rt = comp('wired-outline-469-flag').layer('control').effect('secondary')('Color');"},"o":{"a":0,"k":100,"ix":4},"w":{"a":0,"k":12,"ix":5,"x":"var $bm_rt;\n$bm_rt = $bm_mul($bm_div(value, 2), comp('wired-outline-469-flag').layer('control').effect('stroke')('Menu'));"},"lc":1,"lj":2,"bm":0,"nm":".secondary","mn":"ADBE Vector Graphic - Stroke","hd":false,"cl":"secondary"},{"ty":"tr","p":{"a":0,"k":[0,0],"ix":2},"a":{"a":0,"k":[0,0],"ix":1},"s":{"a":0,"k":[100,100],"ix":3},"r":{"a":0,"k":0,"ix":6},"o":{"a":0,"k":100,"ix":7},"sk":{"a":0,"k":0,"ix":4},"sa":{"a":0,"k":0,"ix":5},"nm":"Transform"}],"nm":"flag","np":2,"cix":2,"bm":0,"ix":1,"mn":"ADBE Vector Group","hd":false}],"ip":48,"op":1860,"st":60,"ct":1,"bm":0},{"ddd":0,"ind":2,"ty":4,"nm":"flag 3","sr":1,"ks":{"o":{"a":0,"k":100,"ix":11},"r":{"a":0,"k":0,"ix":10},"p":{"a":0,"k":[154.5,127,0],"ix":2,"l":2},"a":{"a":0,"k":[0,0,0],"ix":1,"l":2},"s":{"a":0,"k":[100,100,100],"ix":6,"l":2}},"ao":0,"shapes":[{"ty":"gr","it":[{"ind":0,"ty":"sh","ix":1,"ks":{"a":1,"k":[{"i":{"x":0.833,"y":0.833},"o":{"x":0.167,"y":0.167},"t":0,"s":[{"i":[[43.333,22],[43.199,-21.796],[0,0],[0,0],[0,0],[-0.001,0],[-0.214,0.108],[-43.119,-21.891],[-43.333,22],[0,0],[0,0]],"o":[[-43.199,-21.932],[-0.134,0.067],[0,0],[0,0],[0.001,0],[0.214,-0.109],[43.119,-21.674],[43.333,22],[0,0],[0,0],[-43.333,22]],"v":[[0,-85],[-129.597,-85.204],[-129.999,-85.001],[-130,-85],[-130,85],[-129.998,84.999],[-129.356,84.675],[0,85],[130,85],[80,10],[130,-85]],"c":true}]},{"i":{"x":0.833,"y":0.833},"o":{"x":0.167,"y":0.167},"t":8,"s":[{"i":[[33.145,16.84],[42.669,-21.871],[0.127,0.044],[0,0],[0,0],[-0.001,0],[-17.077,8.752],[-43.122,-21.893],[-33,14.5],[0,0],[0,0]],"o":[[-43.201,-21.933],[-16.253,8.774],[0,0],[0,0],[0.001,0],[0.293,-0.055],[41.987,-21.195],[33.137,16.816],[0,0],[0,0],[-34.5,15]],"v":[[30.588,-85.002],[-99.016,-85.202],[-129.998,-85],[-130,-85],[-130,85],[-129.998,84.999],[-98.72,84.643],[30.588,85],[130,90.25],[80,9.294],[130,-79.75]],"c":true}]},{"i":{"x":0.833,"y":0.833},"o":{"x":0.167,"y":0.167},"t":16,"s":[{"i":[[22.956,11.68],[42.138,-21.945],[0.255,0.089],[0,0],[0,0],[-0.001,0],[-33.94,17.397],[-43.126,-21.895],[-20,6.342],[0,0],[0,0]],"o":[[-43.204,-21.934],[-32.371,17.48],[-0.001,0],[0,0],[0.001,0],[0.372,-0.002],[40.856,-20.716],[22.941,11.633],[0,0],[0,0],[-22,0]],"v":[[61.176,-85.004],[-68.434,-85.2],[-129.998,-85],[-130,-85],[-130,85],[-129.997,85],[-68.084,84.612],[61.176,85],[130,96.721],[80,3.358],[130,-73.543]],"c":true}]},{"i":{"x":0.833,"y":0.833},"o":{"x":0.167,"y":0.167},"t":21,"s":[{"i":[[16.588,8.455],[41.807,-21.992],[0.334,0.116],[0,0],[0,0],[-0.001,0],[-44.479,22.8],[-43.128,-21.896],[-14.75,1.056],[0,0],[0,0]],"o":[[-43.205,-21.935],[-42.446,22.922],[-0.001,0],[0,0],[0.001,0],[0.421,0.032],[40.149,-20.417],[16.569,8.393],[0,0],[0,0],[-17,-2.865]],"v":[[80.294,-85.005],[-49.321,-85.199],[-129.997,-85],[-130,-85],[-130,85],[-129.997,85],[-48.936,84.592],[80.294,85],[130,97.444],[80,-2.728],[130,-70.5]],"c":true}]},{"i":{"x":0.833,"y":0.833},"o":{"x":0.167,"y":0.167},"t":26,"s":[{"i":[[10.22,5.23],[41.475,-22.039],[0.414,0.144],[0,0],[0,0],[-0.001,0],[-55.018,28.203],[-43.13,-21.897],[-9.25,-0.981],[0,0],[0,0]],"o":[[-43.206,-21.936],[-52.52,28.363],[-0.001,0],[0,0],[0.001,0],[0.47,0.065],[39.442,-20.118],[10.196,5.153],[0,0],[0,0],[-12.5,-1.981]],"v":[[99.412,-85.006],[-30.207,-85.198],[-129.997,-85],[-130,-85],[-130,85],[-129.997,85],[-29.788,84.572],[99.412,84.999],[130,93.481],[80,-7.563],[130,-74.019]],"c":true}]},{"i":{"x":0.833,"y":0.833},"o":{"x":0.167,"y":0.167},"t":34,"s":[{"i":[[0.031,0.07],[40.945,-22.113],[0.541,0.189],[0,0],[0,0],[-0.002,0],[-71.881,36.848],[-43.134,-21.899],[-0.063,-0.031],[0,0],[0,0]],"o":[[-43.209,-21.937],[-68.639,37.07],[-0.002,-0.001],[0,0],[0.001,0],[0.549,0.119],[38.31,-19.639],[0,-0.03],[0,0],[0,0],[0,0]],"v":[[130,-85.007],[0.374,-85.197],[-129.997,-84.999],[-130,-85],[-130,85],[-129.997,85],[0.848,84.541],[130,84.999],[130,85],[80,-10],[130,-85]],"c":true}]},{"i":{"x":0.833,"y":0.833},"o":{"x":0.167,"y":0.167},"t":41,"s":[{"i":[[0.031,0.07],[29.922,-16.158],[8.497,4.663],[0.002,-0.001],[0,0],[-21.191,-10.302],[-68.692,34.747],[-31.567,-11.699],[-0.063,-0.031],[0,0],[0,0]],"o":[[-32.25,-9.993],[-63.898,34.352],[-18.562,-10.368],[0,0],[0.003,-0.001],[8.795,4.167],[27.986,-14.348],[0,-0.03],[0,0],[0,0],[0,0]],"v":[[130,-94.257],[35.282,-85.137],[-95.022,-84.948],[-130,-85],[-130,85],[-94.875,85.071],[35.63,84.653],[130,75.999],[130,76],[80,-7.865],[130,-94.25]],"c":true}]},{"i":{"x":0.833,"y":0.833},"o":{"x":0.167,"y":0.167},"t":48,"s":[{"i":[[0.031,0.07],[18.898,-10.202],[16.453,9.138],[0.003,-0.002],[0,0],[-42.381,-20.604],[-65.503,32.645],[-20,-1.499],[-0.063,-0.031],[0,0],[0,0]],"o":[[-19.5,-1.993],[-59.157,31.635],[-37.122,-20.736],[0,0],[0.005,-0.003],[17.041,8.216],[17.662,-9.058],[0,-0.031],[0,0],[0,0],[0,0]],"v":[[130,-98.507],[70.189,-85.078],[-60.048,-84.897],[-130,-85],[-130,85],[-59.753,85.142],[70.411,84.765],[130,69.499],[130,69.5],[80,0.769],[130,-98.5]],"c":true}]},{"i":{"x":0.833,"y":0.833},"o":{"x":0.167,"y":0.167},"t":54,"s":[{"i":[[0.031,0.07],[11.89,-4.473],[23.272,12.974],[0.005,-0.002],[0,0],[-60.544,-29.434],[-61.973,29.889],[-8.75,-1.749],[-0.063,-0.031],[0,0],[0,0]],"o":[[-11.5,-1.243],[-59.61,28.527],[-53.03,-29.623],[0,0],[0.007,-0.004],[24.108,11.686],[12.027,-4.361],[0,-0.031],[0,0],[0,0],[0,0]],"v":[[130,-91.257],[100.11,-85.027],[-30.07,-84.853],[-130,-85],[-130,85],[-29.648,85.203],[100.473,84.861],[130,77.749],[130,77.75],[79.998,5.26],[130,-91.25]],"c":true}]},{"t":60,"s":[{"i":[[0.031,0.07],[0.001,0.008],[30.091,16.809],[0.006,-0.003],[0,0],[-78.706,-38.264],[-60.036,29.043],[0.063,0.001],[-0.063,-0.031],[0,0],[0,0]],"o":[[0,-0.055],[-51.03,26.976],[-68.938,-38.509],[0,0],[0.009,-0.004],[31.176,15.157],[-0.036,0.012],[0,-0.031],[0,0],[0,0],[0,0]],"v":[[130,-85.007],[130.03,-84.976],[-0.091,-84.809],[-130,-85],[-130,85],[0.456,85.264],[130.036,84.957],[130,84.999],[130,85],[80,10],[130,-85]],"c":true}]}],"ix":2},"nm":"Path 1","mn":"ADBE Vector Shape - Group","hd":false},{"ty":"st","c":{"a":0,"k":[0.031,0.659,0.541,1],"ix":3,"x":"var $bm_rt;\n$bm_rt = comp('wired-outline-469-flag').layer('control').effect('secondary')('Color');"},"o":{"a":0,"k":100,"ix":4},"w":{"a":0,"k":12,"ix":5,"x":"var $bm_rt;\n$bm_rt = $bm_mul($bm_div(value, 2), comp('wired-outline-469-flag').layer('control').effect('stroke')('Menu'));"},"lc":1,"lj":2,"bm":0,"nm":".secondary","mn":"ADBE Vector Graphic - Stroke","hd":false,"cl":"secondary"},{"ty":"tr","p":{"a":0,"k":[0,0],"ix":2},"a":{"a":0,"k":[0,0],"ix":1},"s":{"a":0,"k":[100,100],"ix":3},"r":{"a":0,"k":0,"ix":6},"o":{"a":0,"k":100,"ix":7},"sk":{"a":0,"k":0,"ix":4},"sa":{"a":0,"k":0,"ix":5},"nm":"Transform"}],"nm":"flag","np":2,"cix":2,"bm":0,"ix":1,"mn":"ADBE Vector Group","hd":false}],"ip":0,"op":49,"st":0,"ct":1,"bm":0}]},{"id":"comp_4","nm":"loop-cycle","fr":60,"layers":[{"ddd":0,"ind":1,"ty":0,"nm":"flag","refId":"comp_3","sr":1,"ks":{"o":{"a":0,"k":100,"ix":11},"r":{"a":0,"k":0,"ix":10},"p":{"a":0,"k":[229.913,139.434,0],"ix":2,"l":2},"a":{"a":0,"k":[154.5,126.5,0],"ix":1,"l":2},"s":{"a":0,"k":[100,100,100],"ix":6,"l":2}},"ao":0,"w":309,"h":253,"ip":0,"op":1800,"st":0,"bm":0},{"ddd":0,"ind":2,"ty":4,"nm":"line","sr":1,"ks":{"o":{"a":0,"k":100,"ix":11},"r":{"a":0,"k":0,"ix":10},"p":{"a":0,"k":[100,300,0],"ix":2,"l":2},"a":{"a":0,"k":[0,0,0],"ix":1,"l":2},"s":{"a":0,"k":[100,100,100],"ix":6,"l":2}},"ao":0,"shapes":[{"ty":"gr","it":[{"ind":0,"ty":"sh","ix":1,"ks":{"a":0,"k":{"i":[[0,0],[0,0]],"o":[[0,0],[0,0]],"v":[[0,100],[0,-73.5]],"c":false},"ix":2},"nm":"Path 1","mn":"ADBE Vector Shape - Group","hd":false},{"ty":"st","c":{"a":0,"k":[0.071,0.075,0.192,1],"ix":3,"x":"var $bm_rt;\n$bm_rt = comp('wired-outline-469-flag').layer('control').effect('primary')('Color');"},"o":{"a":0,"k":100,"ix":4},"w":{"a":0,"k":12,"ix":5,"x":"var $bm_rt;\n$bm_rt = $bm_mul($bm_div(value, 2), comp('wired-outline-469-flag').layer('control').effect('stroke')('Menu'));"},"lc":2,"lj":1,"ml":4,"bm":0,"nm":".primary","mn":"ADBE Vector Graphic - Stroke","hd":false,"cl":"primary"},{"ty":"tr","p":{"a":0,"k":[0,0],"ix":2},"a":{"a":0,"k":[0,0],"ix":1},"s":{"a":0,"k":[100,100],"ix":3},"r":{"a":0,"k":0,"ix":6},"o":{"a":0,"k":100,"ix":7},"sk":{"a":0,"k":0,"ix":4},"sa":{"a":0,"k":0,"ix":5},"nm":"Transform"}],"nm":"line","np":2,"cix":2,"bm":0,"ix":1,"mn":"ADBE Vector Group","hd":false}],"ip":0,"op":1800,"st":0,"ct":1,"bm":0}]},{"id":"comp_5","nm":"morph-circle","fr":60,"layers":[{"ddd":0,"ind":1,"ty":4,"nm":"circle 2","sr":1,"ks":{"o":{"a":0,"k":100,"ix":11},"r":{"a":0,"k":-45,"ix":10},"p":{"a":0,"k":[215,215,0],"ix":2,"l":2},"a":{"a":0,"k":[0,0,0],"ix":1,"l":2},"s":{"a":0,"k":[100,100,100],"ix":6,"l":2}},"ao":0,"shapes":[{"ty":"gr","it":[{"d":1,"ty":"el","s":{"a":1,"k":[{"i":{"x":[0.4,0.4],"y":[1,1]},"o":{"x":[0.333,0.333],"y":[0,0]},"t":0,"s":[413,413]},{"t":60,"s":[335,335]}],"ix":2},"p":{"a":0,"k":[0,0],"ix":3},"nm":"Ellipse Path 1","mn":"ADBE Vector Shape - Ellipse","hd":false},{"ty":"st","c":{"a":0,"k":[0.071,0.075,0.192,1],"ix":3,"x":"var $bm_rt;\n$bm_rt = comp('wired-outline-469-flag').layer('control').effect('primary')('Color');"},"o":{"a":0,"k":100,"ix":4},"w":{"a":0,"k":12,"ix":5,"x":"var $bm_rt;\n$bm_rt = $bm_mul($bm_div(value, 2), comp('wired-outline-469-flag').layer('control').effect('stroke')('Menu'));"},"lc":2,"lj":2,"bm":0,"nm":".primary","mn":"ADBE Vector Graphic - Stroke","hd":false,"cl":"primary"},{"ty":"tr","p":{"a":0,"k":[0,0],"ix":2},"a":{"a":0,"k":[0,0],"ix":1},"s":{"a":0,"k":[100,100],"ix":3},"r":{"a":0,"k":180,"ix":6},"o":{"a":0,"k":100,"ix":7},"sk":{"a":0,"k":0,"ix":4},"sa":{"a":0,"k":0,"ix":5},"nm":"Transform"}],"nm":"circle 2","np":2,"cix":2,"bm":0,"ix":1,"mn":"ADBE Vector Group","hd":false},{"ty":"gr","it":[{"d":1,"ty":"el","s":{"a":1,"k":[{"i":{"x":[0.4,0.4],"y":[1,1]},"o":{"x":[0.333,0.333],"y":[0,0]},"t":0,"s":[413,413]},{"t":60,"s":[335,335]}],"ix":2},"p":{"a":0,"k":[0,0],"ix":3},"nm":"Ellipse Path 1","mn":"ADBE Vector Shape - Ellipse","hd":false},{"ty":"st","c":{"a":0,"k":[0.071,0.075,0.192,1],"ix":3,"x":"var $bm_rt;\n$bm_rt = comp('wired-outline-469-flag').layer('control').effect('primary')('Color');"},"o":{"a":0,"k":100,"ix":4},"w":{"a":0,"k":12,"ix":5,"x":"var $bm_rt;\n$bm_rt = $bm_mul($bm_div(value, 2), comp('wired-outline-469-flag').layer('control').effect('stroke')('Menu'));"},"lc":2,"lj":2,"bm":0,"nm":".primary","mn":"ADBE Vector Graphic - Stroke","hd":false,"cl":"primary"},{"ty":"tr","p":{"a":0,"k":[0,0],"ix":2},"a":{"a":0,"k":[0,0],"ix":1},"s":{"a":0,"k":[100,100],"ix":3},"r":{"a":0,"k":0,"ix":6},"o":{"a":0,"k":100,"ix":7},"sk":{"a":0,"k":0,"ix":4},"sa":{"a":0,"k":0,"ix":5},"nm":"Transform"}],"nm":"circle","np":2,"cix":2,"bm":0,"ix":2,"mn":"ADBE Vector Group","hd":false},{"ty":"tm","s":{"a":1,"k":[{"i":{"x":[0.4],"y":[1]},"o":{"x":[0.333],"y":[0]},"t":0,"s":[50]},{"t":60,"s":[25]}],"ix":1},"e":{"a":1,"k":[{"i":{"x":[0.4],"y":[1]},"o":{"x":[0.333],"y":[0]},"t":0,"s":[50]},{"t":60,"s":[75]}],"ix":2},"o":{"a":0,"k":0,"ix":3},"m":1,"ix":3,"nm":"Trim Paths 1","mn":"ADBE Vector Filter - Trim","hd":false}],"ip":0,"op":1800,"st":0,"ct":1,"bm":0},{"ddd":0,"ind":2,"ty":3,"nm":"circle","sr":1,"ks":{"o":{"a":0,"k":100,"ix":11},"r":{"a":0,"k":0,"ix":10},"p":{"a":0,"k":[215,215,0],"ix":2,"l":2},"a":{"a":0,"k":[0,0,0],"ix":1,"l":2},"s":{"a":1,"k":[{"i":{"x":[0.39,0.39,0.39],"y":[1,1,1]},"o":{"x":[0.61,0.61,0.61],"y":[0,0,0]},"t":0,"s":[151,151,100]},{"t":60,"s":[100,100,100]}],"ix":6,"l":2}},"ao":0,"ip":0,"op":1800,"st":0,"ct":1,"bm":0},{"ddd":0,"ind":3,"ty":0,"nm":"flag-m","parent":2,"refId":"comp_6","sr":1,"ks":{"o":{"a":0,"k":100,"ix":11},"r":{"a":0,"k":0,"ix":10},"p":{"a":1,"k":[{"i":{"x":0.39,"y":1},"o":{"x":0.61,"y":0},"t":0,"s":[9.876,-50.044,0],"to":[0,0,0],"ti":[0,0,0]},{"t":60,"s":[9.876,-20.044,0]}],"ix":2,"l":2},"a":{"a":0,"k":[154.5,126.5,0],"ix":1,"l":2},"s":{"a":1,"k":[{"i":{"x":[0.39,0.39,0.39],"y":[1,1,1]},"o":{"x":[0.61,0.61,0.61],"y":[0,0,0]},"t":0,"s":[66.225,66.225,100]},{"t":60,"s":[65.225,65.225,100]}],"ix":6,"l":2}},"ao":0,"tm":{"a":1,"k":[{"i":{"x":[0.39],"y":[1]},"o":{"x":[0.61],"y":[0]},"t":0,"s":[0]},{"t":60,"s":[1]}],"ix":2},"w":309,"h":253,"ip":0,"op":163,"st":0,"bm":0},{"ddd":0,"ind":4,"ty":4,"nm":"line","parent":3,"sr":1,"ks":{"o":{"a":0,"k":100,"ix":11},"r":{"a":0,"k":0,"ix":10},"p":{"a":0,"k":[24.587,287.066,0],"ix":2,"l":2},"a":{"a":0,"k":[0,0,0],"ix":1,"l":2},"s":{"a":0,"k":[100,100,100],"ix":6,"l":2}},"ao":0,"shapes":[{"ty":"gr","it":[{"ind":0,"ty":"sh","ix":1,"ks":{"a":1,"k":[{"i":{"x":0.39,"y":1},"o":{"x":0.61,"y":0},"t":0,"s":[{"i":[[0,0],[0,0]],"o":[[0,0],[0,0]],"v":[[0,100],[0,-73.5]],"c":false}]},{"t":60,"s":[{"i":[[0,0],[0,0]],"o":[[0,0],[0,0]],"v":[[0,96.55],[0,-73.5]],"c":false}]}],"ix":2},"nm":"Path 1","mn":"ADBE Vector Shape - Group","hd":false},{"ty":"st","c":{"a":0,"k":[0.071,0.075,0.192,1],"ix":3,"x":"var $bm_rt;\n$bm_rt = comp('wired-outline-469-flag').layer('control').effect('primary')('Color');"},"o":{"a":0,"k":100,"ix":4},"w":{"a":1,"k":[{"i":{"x":[0.39],"y":[1]},"o":{"x":[0.61],"y":[0]},"t":0,"s":[12]},{"t":60,"s":[18]}],"ix":5,"x":"var $bm_rt;\n$bm_rt = $bm_mul($bm_div(value, 2), comp('wired-outline-469-flag').layer('control').effect('stroke')('Menu'));"},"lc":2,"lj":1,"ml":4,"bm":0,"nm":".primary","mn":"ADBE Vector Graphic - Stroke","hd":false,"cl":"primary"},{"ty":"tr","p":{"a":0,"k":[0,0],"ix":2},"a":{"a":0,"k":[0,0],"ix":1},"s":{"a":0,"k":[100,100],"ix":3},"r":{"a":0,"k":0,"ix":6},"o":{"a":0,"k":100,"ix":7},"sk":{"a":0,"k":0,"ix":4},"sa":{"a":0,"k":0,"ix":5},"nm":"Transform"}],"nm":"line","np":2,"cix":2,"bm":0,"ix":1,"mn":"ADBE Vector Group","hd":false}],"ip":0,"op":1800,"st":0,"ct":1,"bm":0}]},{"id":"comp_6","nm":"flag-m","fr":60,"layers":[{"ddd":0,"ind":1,"ty":4,"nm":"flag 6","sr":1,"ks":{"o":{"a":0,"k":100,"ix":11},"r":{"a":0,"k":0,"ix":10},"p":{"a":0,"k":[154.5,127,0],"ix":2,"l":2},"a":{"a":0,"k":[0,0,0],"ix":1,"l":2},"s":{"a":0,"k":[100,100,100],"ix":6,"l":2}},"ao":0,"shapes":[{"ty":"gr","it":[{"ind":0,"ty":"sh","ix":1,"ks":{"a":1,"k":[{"i":{"x":0.833,"y":0.833},"o":{"x":0.167,"y":0.167},"t":48,"s":[{"i":[[41.875,21.642],[16.847,-7.796],[0,0],[0,0],[0,0],[-0.001,0],[-0.208,0.119],[-22.991,-9.522],[-42.424,19.882],[-28.875,-1.125],[0,0],[0,0],[11.202,-5.598]],"o":[[-40.875,-21.125],[-0.136,0.063],[0,0],[0,0],[0.001,0],[0.214,-0.109],[30.356,-17.425],[49.5,20.5],[16.054,-7.524],[0,0],[0,0],[-27,-1.875],[-41.951,20.967]],"v":[[-51.5,-81],[-129.597,-85.204],[-129.999,-85.001],[-130,-85],[-130,85],[-129.998,84.999],[-129.356,84.675],[-51.5,89],[74.641,82.524],[130,70],[80,0.5],[130,-98.25],[75.048,-87.777]],"c":true}]},{"t":60,"s":[{"i":[[42.013,21.33],[43.199,-21.796],[0,0],[0,0],[0,0],[-0.001,0],[-0.214,0.108],[-43.119,-21.891],[-41.976,19.976],[-1.357,0.689],[0,0],[0,0],[1.321,-0.63]],"o":[[-43.199,-21.932],[-0.134,0.067],[0,0],[0,0],[0.001,0],[0.214,-0.109],[43.119,-21.674],[41.976,21.311],[1.357,-0.646],[0,0],[0,0],[-1.32,0.67],[-42.013,20.03]],"v":[[0,-85],[-129.597,-85.204],[-129.999,-85.001],[-130,-85],[-130,85],[-129.998,84.999],[-129.356,84.675],[0,85],[125.929,87.002],[130,85],[80,10],[130,-85],[126.039,-83.05]],"c":true}]}],"ix":2},"nm":"Path 1","mn":"ADBE Vector Shape - Group","hd":false},{"ty":"st","c":{"a":0,"k":[0.031,0.659,0.541,1],"ix":3,"x":"var $bm_rt;\n$bm_rt = comp('wired-outline-469-flag').layer('control').effect('secondary')('Color');"},"o":{"a":0,"k":100,"ix":4},"w":{"a":1,"k":[{"i":{"x":[0.833],"y":[0.833]},"o":{"x":[0.167],"y":[0.167]},"t":0,"s":[12]},{"t":60,"s":[18]}],"ix":5,"x":"var $bm_rt;\n$bm_rt = $bm_mul($bm_div(value, 2), comp('wired-outline-469-flag').layer('control').effect('stroke')('Menu'));"},"lc":1,"lj":2,"bm":0,"nm":".secondary","mn":"ADBE Vector Graphic - Stroke","hd":false,"cl":"secondary"},{"ty":"tr","p":{"a":0,"k":[0,0],"ix":2},"a":{"a":0,"k":[0,0],"ix":1},"s":{"a":0,"k":[100,100],"ix":3},"r":{"a":0,"k":0,"ix":6},"o":{"a":0,"k":100,"ix":7},"sk":{"a":0,"k":0,"ix":4},"sa":{"a":0,"k":0,"ix":5},"nm":"Transform"}],"nm":"flag","np":2,"cix":2,"bm":0,"ix":1,"mn":"ADBE Vector Group","hd":false}],"ip":48,"op":1860,"st":60,"ct":1,"bm":0},{"ddd":0,"ind":2,"ty":4,"nm":"flag 3","sr":1,"ks":{"o":{"a":0,"k":100,"ix":11},"r":{"a":0,"k":0,"ix":10},"p":{"a":0,"k":[154.5,127,0],"ix":2,"l":2},"a":{"a":0,"k":[0,0,0],"ix":1,"l":2},"s":{"a":0,"k":[100,100,100],"ix":6,"l":2}},"ao":0,"shapes":[{"ty":"gr","it":[{"ind":0,"ty":"sh","ix":1,"ks":{"a":1,"k":[{"i":{"x":0.833,"y":0.833},"o":{"x":0.167,"y":0.167},"t":0,"s":[{"i":[[43.333,22],[43.199,-21.796],[0,0],[0,0],[0,0],[-0.001,0],[-0.214,0.108],[-43.119,-21.891],[-43.333,22],[0,0],[0,0]],"o":[[-43.199,-21.932],[-0.134,0.067],[0,0],[0,0],[0.001,0],[0.214,-0.109],[43.119,-21.674],[43.333,22],[0,0],[0,0],[-43.333,22]],"v":[[0,-85],[-129.597,-85.204],[-129.999,-85.001],[-130,-85],[-130,85],[-129.998,84.999],[-129.356,84.675],[0,85],[130,85],[80,10],[130,-85]],"c":true}]},{"i":{"x":0.833,"y":0.833},"o":{"x":0.167,"y":0.167},"t":8,"s":[{"i":[[33.145,16.84],[42.669,-21.871],[0.127,0.044],[0,0],[0,0],[-0.001,0],[-17.077,8.752],[-43.122,-21.893],[-33,14.5],[0,0],[0,0]],"o":[[-43.201,-21.933],[-16.253,8.774],[0,0],[0,0],[0.001,0],[0.293,-0.055],[41.987,-21.195],[33.137,16.816],[0,0],[0,0],[-34.5,15]],"v":[[30.588,-85.002],[-99.016,-85.202],[-129.998,-85],[-130,-85],[-130,85],[-129.998,84.999],[-98.72,84.643],[30.588,85],[130,90.25],[80,9.294],[130,-79.75]],"c":true}]},{"i":{"x":0.833,"y":0.833},"o":{"x":0.167,"y":0.167},"t":16,"s":[{"i":[[22.956,11.68],[42.138,-21.945],[0.255,0.089],[0,0],[0,0],[-0.001,0],[-33.94,17.397],[-43.126,-21.895],[-20,6.342],[0,0],[0,0]],"o":[[-43.204,-21.934],[-32.371,17.48],[-0.001,0],[0,0],[0.001,0],[0.372,-0.002],[40.856,-20.716],[22.941,11.633],[0,0],[0,0],[-22,0]],"v":[[61.176,-85.004],[-68.434,-85.2],[-129.998,-85],[-130,-85],[-130,85],[-129.997,85],[-68.084,84.612],[61.176,85],[130,96.721],[80,3.358],[130,-73.543]],"c":true}]},{"i":{"x":0.833,"y":0.833},"o":{"x":0.167,"y":0.167},"t":21,"s":[{"i":[[16.588,8.455],[41.807,-21.992],[0.334,0.116],[0,0],[0,0],[-0.001,0],[-44.479,22.8],[-43.128,-21.896],[-14.75,1.056],[0,0],[0,0]],"o":[[-43.205,-21.935],[-42.446,22.922],[-0.001,0],[0,0],[0.001,0],[0.421,0.032],[40.149,-20.417],[16.569,8.393],[0,0],[0,0],[-17,-2.865]],"v":[[80.294,-85.005],[-49.321,-85.199],[-129.997,-85],[-130,-85],[-130,85],[-129.997,85],[-48.936,84.592],[80.294,85],[130,97.444],[80,-2.728],[130,-70.5]],"c":true}]},{"i":{"x":0.833,"y":0.833},"o":{"x":0.167,"y":0.167},"t":26,"s":[{"i":[[10.22,5.23],[41.475,-22.039],[0.414,0.144],[0,0],[0,0],[-0.001,0],[-55.018,28.203],[-43.13,-21.897],[-9.25,-0.981],[0,0],[0,0]],"o":[[-43.206,-21.936],[-52.52,28.363],[-0.001,0],[0,0],[0.001,0],[0.47,0.065],[39.442,-20.118],[10.196,5.153],[0,0],[0,0],[-12.5,-1.981]],"v":[[99.412,-85.006],[-30.207,-85.198],[-129.997,-85],[-130,-85],[-130,85],[-129.997,85],[-29.788,84.572],[99.412,84.999],[130,93.481],[80,-7.563],[130,-74.019]],"c":true}]},{"i":{"x":0.833,"y":0.833},"o":{"x":0.167,"y":0.167},"t":34,"s":[{"i":[[0.031,0.07],[40.945,-22.113],[0.541,0.189],[0,0],[0,0],[-0.002,0],[-71.881,36.848],[-43.134,-21.899],[-0.063,-0.031],[0,0],[0,0]],"o":[[-43.209,-21.937],[-68.639,37.07],[-0.002,-0.001],[0,0],[0.001,0],[0.549,0.119],[38.31,-19.639],[0,-0.03],[0,0],[0,0],[0,0]],"v":[[130,-85.007],[0.374,-85.197],[-129.997,-84.999],[-130,-85],[-130,85],[-129.997,85],[0.848,84.541],[130,84.999],[130,85],[80,-10],[130,-85]],"c":true}]},{"i":{"x":0.833,"y":0.833},"o":{"x":0.167,"y":0.167},"t":41,"s":[{"i":[[0.031,0.07],[29.922,-16.158],[8.497,4.663],[0.002,-0.001],[0,0],[-21.191,-10.302],[-68.692,34.747],[-31.567,-11.699],[-0.063,-0.031],[0,0],[0,0]],"o":[[-32.25,-9.993],[-63.898,34.352],[-18.562,-10.368],[0,0],[0.003,-0.001],[8.795,4.167],[27.986,-14.348],[0,-0.03],[0,0],[0,0],[0,0]],"v":[[130,-94.257],[35.282,-85.137],[-95.022,-84.948],[-130,-85],[-130,85],[-94.875,85.071],[35.63,84.653],[130,75.999],[130,76],[80,-7.865],[130,-94.25]],"c":true}]},{"i":{"x":0.833,"y":0.833},"o":{"x":0.167,"y":0.167},"t":48,"s":[{"i":[[0.031,0.07],[18.898,-10.202],[16.453,9.138],[0.003,-0.002],[0,0],[-42.381,-20.604],[-65.503,32.645],[-20,-1.499],[-0.063,-0.031],[0,0],[0,0]],"o":[[-19.5,-1.993],[-59.157,31.635],[-37.122,-20.736],[0,0],[0.005,-0.003],[17.041,8.216],[17.662,-9.058],[0,-0.031],[0,0],[0,0],[0,0]],"v":[[130,-98.507],[70.189,-85.078],[-60.048,-84.897],[-130,-85],[-130,85],[-59.753,85.142],[70.411,84.765],[130,69.499],[130,69.5],[80,0.769],[130,-98.5]],"c":true}]},{"i":{"x":0.833,"y":0.833},"o":{"x":0.167,"y":0.167},"t":54,"s":[{"i":[[0.031,0.07],[11.89,-4.473],[23.272,12.974],[0.005,-0.002],[0,0],[-60.544,-29.434],[-61.973,29.889],[-8.75,-1.749],[-0.063,-0.031],[0,0],[0,0]],"o":[[-11.5,-1.243],[-59.61,28.527],[-53.03,-29.623],[0,0],[0.007,-0.004],[24.108,11.686],[12.027,-4.361],[0,-0.031],[0,0],[0,0],[0,0]],"v":[[130,-91.257],[100.11,-85.027],[-30.07,-84.853],[-130,-85],[-130,85],[-29.648,85.203],[100.473,84.861],[130,77.749],[130,77.75],[79.998,5.26],[130,-91.25]],"c":true}]},{"t":60,"s":[{"i":[[0.031,0.07],[0.001,0.008],[30.091,16.809],[0.006,-0.003],[0,0],[-78.706,-38.264],[-60.036,29.043],[0.063,0.001],[-0.063,-0.031],[0,0],[0,0]],"o":[[0,-0.055],[-51.03,26.976],[-68.938,-38.509],[0,0],[0.009,-0.004],[31.176,15.157],[-0.036,0.012],[0,-0.031],[0,0],[0,0],[0,0]],"v":[[130,-85.007],[130.03,-84.976],[-0.091,-84.809],[-130,-85],[-130,85],[0.456,85.264],[130.036,84.957],[130,84.999],[130,85],[80,10],[130,-85]],"c":true}]}],"ix":2},"nm":"Path 1","mn":"ADBE Vector Shape - Group","hd":false},{"ty":"st","c":{"a":0,"k":[0.031,0.659,0.541,1],"ix":3,"x":"var $bm_rt;\n$bm_rt = comp('wired-outline-469-flag').layer('control').effect('secondary')('Color');"},"o":{"a":0,"k":100,"ix":4},"w":{"a":1,"k":[{"i":{"x":[0.833],"y":[0.833]},"o":{"x":[0.167],"y":[0.167]},"t":0,"s":[12]},{"t":60,"s":[18]}],"ix":5,"x":"var $bm_rt;\n$bm_rt = $bm_mul($bm_div(value, 2), comp('wired-outline-469-flag').layer('control').effect('stroke')('Menu'));"},"lc":1,"lj":2,"bm":0,"nm":".secondary","mn":"ADBE Vector Graphic - Stroke","hd":false,"cl":"secondary"},{"ty":"tr","p":{"a":0,"k":[0,0],"ix":2},"a":{"a":0,"k":[0,0],"ix":1},"s":{"a":0,"k":[100,100],"ix":3},"r":{"a":0,"k":0,"ix":6},"o":{"a":0,"k":100,"ix":7},"sk":{"a":0,"k":0,"ix":4},"sa":{"a":0,"k":0,"ix":5},"nm":"Transform"}],"nm":"flag","np":2,"cix":2,"bm":0,"ix":1,"mn":"ADBE Vector Group","hd":false}],"ip":0,"op":49,"st":0,"ct":1,"bm":0}]},{"id":"comp_7","nm":"hover-circle","fr":60,"layers":[{"ddd":0,"ind":1,"ty":4,"nm":"circle","sr":1,"ks":{"o":{"a":0,"k":100,"ix":11},"r":{"a":0,"k":0,"ix":10},"p":{"a":0,"k":[215,215,0],"ix":2,"l":2},"a":{"a":0,"k":[0,0,0],"ix":1,"l":2},"s":{"a":0,"k":[100,100,100],"ix":6,"l":2}},"ao":0,"shapes":[{"ty":"gr","it":[{"ind":0,"ty":"sh","ix":1,"ks":{"a":0,"k":{"i":[[-65.422,-65.422],[-65.422,65.422],[65.422,65.422],[65.422,-65.422]],"o":[[65.422,65.422],[65.422,-65.422],[-65.422,-65.422],[-65.422,65.422]],"v":[[-118.434,118.434],[118.434,118.434],[118.434,-118.434],[-118.434,-118.434]],"c":true},"ix":2},"nm":"Path 1","mn":"ADBE Vector Shape - Group","hd":false},{"ty":"st","c":{"a":0,"k":[0.071,0.075,0.192,1],"ix":3,"x":"var $bm_rt;\n$bm_rt = comp('wired-outline-469-flag').layer('control').effect('primary')('Color');"},"o":{"a":0,"k":100,"ix":4},"w":{"a":0,"k":12,"ix":5,"x":"var $bm_rt;\n$bm_rt = $bm_mul($bm_div(value, 2), comp('wired-outline-469-flag').layer('control').effect('stroke')('Menu'));"},"lc":2,"lj":2,"bm":0,"nm":".primary","mn":"ADBE Vector Graphic - Stroke","hd":false,"cl":"primary"},{"ty":"tr","p":{"a":0,"k":[0,0],"ix":2},"a":{"a":0,"k":[0,0],"ix":1},"s":{"a":0,"k":[100,100],"ix":3},"r":{"a":0,"k":0,"ix":6},"o":{"a":0,"k":100,"ix":7},"sk":{"a":0,"k":0,"ix":4},"sa":{"a":0,"k":0,"ix":5},"nm":"Transform"}],"nm":"circle","np":2,"cix":2,"bm":0,"ix":1,"mn":"ADBE Vector Group","hd":false}],"ip":0,"op":1800,"st":0,"ct":1,"bm":0},{"ddd":0,"ind":2,"ty":0,"nm":"flag-m-2","parent":1,"refId":"comp_8","sr":1,"ks":{"o":{"a":0,"k":100,"ix":11},"r":{"a":0,"k":0,"ix":10},"p":{"a":0,"k":[9.876,-20.044,0],"ix":2,"l":2},"a":{"a":0,"k":[154.5,126.5,0],"ix":1,"l":2},"s":{"a":0,"k":[65.225,65.225,100],"ix":6,"l":2}},"ao":0,"tm":{"a":1,"k":[{"i":{"x":[0.667],"y":[1]},"o":{"x":[0.167],"y":[0.252]},"t":50,"s":[0]},{"t":120,"s":[1]}],"ix":2},"w":309,"h":253,"ip":51,"op":163,"st":0,"bm":0},{"ddd":0,"ind":3,"ty":0,"nm":"flag-m-2","parent":1,"refId":"comp_8","sr":1,"ks":{"o":{"a":0,"k":100,"ix":11},"r":{"a":0,"k":0,"ix":10},"p":{"a":0,"k":[9.876,-20.044,0],"ix":2,"l":2},"a":{"a":0,"k":[154.5,126.5,0],"ix":1,"l":2},"s":{"a":0,"k":[65.225,65.225,100],"ix":6,"l":2}},"ao":0,"tm":{"a":1,"k":[{"i":{"x":[0.833],"y":[0.806]},"o":{"x":[0.135],"y":[0]},"t":0,"s":[0]},{"t":51,"s":[1]}],"ix":2},"w":309,"h":253,"ip":0,"op":51,"st":0,"bm":0},{"ddd":0,"ind":4,"ty":4,"nm":"line","parent":3,"sr":1,"ks":{"o":{"a":0,"k":100,"ix":11},"r":{"a":0,"k":0,"ix":10},"p":{"a":0,"k":[24.587,287.066,0],"ix":2,"l":2},"a":{"a":0,"k":[0,0,0],"ix":1,"l":2},"s":{"a":0,"k":[100,100,100],"ix":6,"l":2}},"ao":0,"shapes":[{"ty":"gr","it":[{"ind":0,"ty":"sh","ix":1,"ks":{"a":0,"k":{"i":[[0,0],[0,0]],"o":[[0,0],[0,0]],"v":[[0,96.55],[0,-73.5]],"c":false},"ix":2},"nm":"Path 1","mn":"ADBE Vector Shape - Group","hd":false},{"ty":"st","c":{"a":0,"k":[0.071,0.075,0.192,1],"ix":3,"x":"var $bm_rt;\n$bm_rt = comp('wired-outline-469-flag').layer('control').effect('primary')('Color');"},"o":{"a":0,"k":100,"ix":4},"w":{"a":0,"k":18,"ix":5,"x":"var $bm_rt;\n$bm_rt = $bm_mul($bm_div(value, 2), comp('wired-outline-469-flag').layer('control').effect('stroke')('Menu'));"},"lc":2,"lj":1,"ml":4,"bm":0,"nm":".primary","mn":"ADBE Vector Graphic - Stroke","hd":false,"cl":"primary"},{"ty":"tr","p":{"a":0,"k":[0,0],"ix":2},"a":{"a":0,"k":[0,0],"ix":1},"s":{"a":0,"k":[100,100],"ix":3},"r":{"a":0,"k":0,"ix":6},"o":{"a":0,"k":100,"ix":7},"sk":{"a":0,"k":0,"ix":4},"sa":{"a":0,"k":0,"ix":5},"nm":"Transform"}],"nm":"line","np":2,"cix":2,"bm":0,"ix":1,"mn":"ADBE Vector Group","hd":false}],"ip":0,"op":1800,"st":0,"ct":1,"bm":0}]},{"id":"comp_8","nm":"flag-m-2","fr":60,"layers":[{"ddd":0,"ind":1,"ty":4,"nm":"flag 6","sr":1,"ks":{"o":{"a":0,"k":100,"ix":11},"r":{"a":0,"k":0,"ix":10},"p":{"a":0,"k":[154.5,127,0],"ix":2,"l":2},"a":{"a":0,"k":[0,0,0],"ix":1,"l":2},"s":{"a":0,"k":[100,100,100],"ix":6,"l":2}},"ao":0,"shapes":[{"ty":"gr","it":[{"ind":0,"ty":"sh","ix":1,"ks":{"a":1,"k":[{"i":{"x":0.833,"y":0.833},"o":{"x":0.167,"y":0.167},"t":48,"s":[{"i":[[41.875,21.642],[16.847,-7.796],[0,0],[0,0],[0,0],[-0.001,0],[-0.208,0.119],[-22.991,-9.522],[-42.424,19.882],[-28.875,-1.125],[0,0],[0,0],[11.202,-5.598]],"o":[[-40.875,-21.125],[-0.136,0.063],[0,0],[0,0],[0.001,0],[0.214,-0.109],[30.356,-17.425],[49.5,20.5],[16.054,-7.524],[0,0],[0,0],[-27,-1.875],[-41.951,20.967]],"v":[[-51.5,-81],[-129.597,-85.204],[-129.999,-85.001],[-130,-85],[-130,85],[-129.998,84.999],[-129.356,84.675],[-51.5,89],[74.641,82.524],[130,70],[80,0.5],[130,-98.25],[75.048,-87.777]],"c":true}]},{"t":60,"s":[{"i":[[42.013,21.33],[43.199,-21.796],[0,0],[0,0],[0,0],[-0.001,0],[-0.214,0.108],[-43.119,-21.891],[-41.976,19.976],[-1.357,0.689],[0,0],[0,0],[1.321,-0.63]],"o":[[-43.199,-21.932],[-0.134,0.067],[0,0],[0,0],[0.001,0],[0.214,-0.109],[43.119,-21.674],[41.976,21.311],[1.357,-0.646],[0,0],[0,0],[-1.32,0.67],[-42.013,20.03]],"v":[[0,-85],[-129.597,-85.204],[-129.999,-85.001],[-130,-85],[-130,85],[-129.998,84.999],[-129.356,84.675],[0,85],[125.929,87.002],[130,85],[80,10],[130,-85],[126.039,-83.05]],"c":true}]}],"ix":2},"nm":"Path 1","mn":"ADBE Vector Shape - Group","hd":false},{"ty":"st","c":{"a":0,"k":[0.031,0.659,0.541,1],"ix":3,"x":"var $bm_rt;\n$bm_rt = comp('wired-outline-469-flag').layer('control').effect('secondary')('Color');"},"o":{"a":0,"k":100,"ix":4},"w":{"a":0,"k":18,"ix":5,"x":"var $bm_rt;\n$bm_rt = $bm_mul($bm_div(value, 2), comp('wired-outline-469-flag').layer('control').effect('stroke')('Menu'));"},"lc":1,"lj":2,"bm":0,"nm":".secondary","mn":"ADBE Vector Graphic - Stroke","hd":false,"cl":"secondary"},{"ty":"tr","p":{"a":0,"k":[0,0],"ix":2},"a":{"a":0,"k":[0,0],"ix":1},"s":{"a":0,"k":[100,100],"ix":3},"r":{"a":0,"k":0,"ix":6},"o":{"a":0,"k":100,"ix":7},"sk":{"a":0,"k":0,"ix":4},"sa":{"a":0,"k":0,"ix":5},"nm":"Transform"}],"nm":"flag","np":2,"cix":2,"bm":0,"ix":1,"mn":"ADBE Vector Group","hd":false}],"ip":48,"op":1860,"st":60,"ct":1,"bm":0},{"ddd":0,"ind":2,"ty":4,"nm":"flag 3","sr":1,"ks":{"o":{"a":0,"k":100,"ix":11},"r":{"a":0,"k":0,"ix":10},"p":{"a":0,"k":[154.5,127,0],"ix":2,"l":2},"a":{"a":0,"k":[0,0,0],"ix":1,"l":2},"s":{"a":0,"k":[100,100,100],"ix":6,"l":2}},"ao":0,"shapes":[{"ty":"gr","it":[{"ind":0,"ty":"sh","ix":1,"ks":{"a":1,"k":[{"i":{"x":0.833,"y":0.833},"o":{"x":0.167,"y":0.167},"t":0,"s":[{"i":[[43.333,22],[43.199,-21.796],[0,0],[0,0],[0,0],[-0.001,0],[-0.214,0.108],[-43.119,-21.891],[-43.333,22],[0,0],[0,0]],"o":[[-43.199,-21.932],[-0.134,0.067],[0,0],[0,0],[0.001,0],[0.214,-0.109],[43.119,-21.674],[43.333,22],[0,0],[0,0],[-43.333,22]],"v":[[0,-85],[-129.597,-85.204],[-129.999,-85.001],[-130,-85],[-130,85],[-129.998,84.999],[-129.356,84.675],[0,85],[130,85],[80,10],[130,-85]],"c":true}]},{"i":{"x":0.833,"y":0.833},"o":{"x":0.167,"y":0.167},"t":8,"s":[{"i":[[33.145,16.84],[42.669,-21.871],[0.127,0.044],[0,0],[0,0],[-0.001,0],[-17.077,8.752],[-43.122,-21.893],[-33,14.5],[0,0],[0,0]],"o":[[-43.201,-21.933],[-16.253,8.774],[0,0],[0,0],[0.001,0],[0.293,-0.055],[41.987,-21.195],[33.137,16.816],[0,0],[0,0],[-34.5,15]],"v":[[30.588,-85.002],[-99.016,-85.202],[-129.998,-85],[-130,-85],[-130,85],[-129.998,84.999],[-98.72,84.643],[30.588,85],[130,90.25],[80,9.294],[130,-79.75]],"c":true}]},{"i":{"x":0.833,"y":0.833},"o":{"x":0.167,"y":0.167},"t":16,"s":[{"i":[[22.956,11.68],[42.138,-21.945],[0.255,0.089],[0,0],[0,0],[-0.001,0],[-33.94,17.397],[-43.126,-21.895],[-20,6.342],[0,0],[0,0]],"o":[[-43.204,-21.934],[-32.371,17.48],[-0.001,0],[0,0],[0.001,0],[0.372,-0.002],[40.856,-20.716],[22.941,11.633],[0,0],[0,0],[-22,0]],"v":[[61.176,-85.004],[-68.434,-85.2],[-129.998,-85],[-130,-85],[-130,85],[-129.997,85],[-68.084,84.612],[61.176,85],[130,96.721],[80,3.358],[130,-73.543]],"c":true}]},{"i":{"x":0.833,"y":0.833},"o":{"x":0.167,"y":0.167},"t":21,"s":[{"i":[[16.588,8.455],[41.807,-21.992],[0.334,0.116],[0,0],[0,0],[-0.001,0],[-44.479,22.8],[-43.128,-21.896],[-14.75,1.056],[0,0],[0,0]],"o":[[-43.205,-21.935],[-42.446,22.922],[-0.001,0],[0,0],[0.001,0],[0.421,0.032],[40.149,-20.417],[16.569,8.393],[0,0],[0,0],[-17,-2.865]],"v":[[80.294,-85.005],[-49.321,-85.199],[-129.997,-85],[-130,-85],[-130,85],[-129.997,85],[-48.936,84.592],[80.294,85],[130,97.444],[80,-2.728],[130,-70.5]],"c":true}]},{"i":{"x":0.833,"y":0.833},"o":{"x":0.167,"y":0.167},"t":26,"s":[{"i":[[10.22,5.23],[41.475,-22.039],[0.414,0.144],[0,0],[0,0],[-0.001,0],[-55.018,28.203],[-43.13,-21.897],[-9.25,-0.981],[0,0],[0,0]],"o":[[-43.206,-21.936],[-52.52,28.363],[-0.001,0],[0,0],[0.001,0],[0.47,0.065],[39.442,-20.118],[10.196,5.153],[0,0],[0,0],[-12.5,-1.981]],"v":[[99.412,-85.006],[-30.207,-85.198],[-129.997,-85],[-130,-85],[-130,85],[-129.997,85],[-29.788,84.572],[99.412,84.999],[130,93.481],[80,-7.563],[130,-74.019]],"c":true}]},{"i":{"x":0.833,"y":0.833},"o":{"x":0.167,"y":0.167},"t":34,"s":[{"i":[[0.031,0.07],[40.945,-22.113],[0.541,0.189],[0,0],[0,0],[-0.002,0],[-71.881,36.848],[-43.134,-21.899],[-0.063,-0.031],[0,0],[0,0]],"o":[[-43.209,-21.937],[-68.639,37.07],[-0.002,-0.001],[0,0],[0.001,0],[0.549,0.119],[38.31,-19.639],[0,-0.03],[0,0],[0,0],[0,0]],"v":[[130,-85.007],[0.374,-85.197],[-129.997,-84.999],[-130,-85],[-130,85],[-129.997,85],[0.848,84.541],[130,84.999],[130,85],[80,-10],[130,-85]],"c":true}]},{"i":{"x":0.833,"y":0.833},"o":{"x":0.167,"y":0.167},"t":41,"s":[{"i":[[0.031,0.07],[29.922,-16.158],[8.497,4.663],[0.002,-0.001],[0,0],[-21.191,-10.302],[-68.692,34.747],[-31.567,-11.699],[-0.063,-0.031],[0,0],[0,0]],"o":[[-32.25,-9.993],[-63.898,34.352],[-18.562,-10.368],[0,0],[0.003,-0.001],[8.795,4.167],[27.986,-14.348],[0,-0.03],[0,0],[0,0],[0,0]],"v":[[130,-94.257],[35.282,-85.137],[-95.022,-84.948],[-130,-85],[-130,85],[-94.875,85.071],[35.63,84.653],[130,75.999],[130,76],[80,-7.865],[130,-94.25]],"c":true}]},{"i":{"x":0.833,"y":0.833},"o":{"x":0.167,"y":0.167},"t":48,"s":[{"i":[[0.031,0.07],[18.898,-10.202],[16.453,9.138],[0.003,-0.002],[0,0],[-42.381,-20.604],[-65.503,32.645],[-20,-1.499],[-0.063,-0.031],[0,0],[0,0]],"o":[[-19.5,-1.993],[-59.157,31.635],[-37.122,-20.736],[0,0],[0.005,-0.003],[17.041,8.216],[17.662,-9.058],[0,-0.031],[0,0],[0,0],[0,0]],"v":[[130,-98.507],[70.189,-85.078],[-60.048,-84.897],[-130,-85],[-130,85],[-59.753,85.142],[70.411,84.765],[130,69.499],[130,69.5],[80,0.769],[130,-98.5]],"c":true}]},{"i":{"x":0.833,"y":0.833},"o":{"x":0.167,"y":0.167},"t":54,"s":[{"i":[[0.031,0.07],[11.89,-4.473],[23.272,12.974],[0.005,-0.002],[0,0],[-60.544,-29.434],[-61.973,29.889],[-8.75,-1.749],[-0.063,-0.031],[0,0],[0,0]],"o":[[-11.5,-1.243],[-59.61,28.527],[-53.03,-29.623],[0,0],[0.007,-0.004],[24.108,11.686],[12.027,-4.361],[0,-0.031],[0,0],[0,0],[0,0]],"v":[[130,-91.257],[100.11,-85.027],[-30.07,-84.853],[-130,-85],[-130,85],[-29.648,85.203],[100.473,84.861],[130,77.749],[130,77.75],[79.998,5.26],[130,-91.25]],"c":true}]},{"t":60,"s":[{"i":[[0.031,0.07],[0.001,0.008],[30.091,16.809],[0.006,-0.003],[0,0],[-78.706,-38.264],[-60.036,29.043],[0.063,0.001],[-0.063,-0.031],[0,0],[0,0]],"o":[[0,-0.055],[-51.03,26.976],[-68.938,-38.509],[0,0],[0.009,-0.004],[31.176,15.157],[-0.036,0.012],[0,-0.031],[0,0],[0,0],[0,0]],"v":[[130,-85.007],[130.03,-84.976],[-0.091,-84.809],[-130,-85],[-130,85],[0.456,85.264],[130.036,84.957],[130,84.999],[130,85],[80,10],[130,-85]],"c":true}]}],"ix":2},"nm":"Path 1","mn":"ADBE Vector Shape - Group","hd":false},{"ty":"st","c":{"a":0,"k":[0.031,0.659,0.541,1],"ix":3,"x":"var $bm_rt;\n$bm_rt = comp('wired-outline-469-flag').layer('control').effect('secondary')('Color');"},"o":{"a":0,"k":100,"ix":4},"w":{"a":0,"k":18,"ix":5,"x":"var $bm_rt;\n$bm_rt = $bm_mul($bm_div(value, 2), comp('wired-outline-469-flag').layer('control').effect('stroke')('Menu'));"},"lc":1,"lj":2,"bm":0,"nm":".secondary","mn":"ADBE Vector Graphic - Stroke","hd":false,"cl":"secondary"},{"ty":"tr","p":{"a":0,"k":[0,0],"ix":2},"a":{"a":0,"k":[0,0],"ix":1},"s":{"a":0,"k":[100,100],"ix":3},"r":{"a":0,"k":0,"ix":6},"o":{"a":0,"k":100,"ix":7},"sk":{"a":0,"k":0,"ix":4},"sa":{"a":0,"k":0,"ix":5},"nm":"Transform"}],"nm":"flag","np":2,"cix":2,"bm":0,"ix":1,"mn":"ADBE Vector Group","hd":false}],"ip":0,"op":49,"st":0,"ct":1,"bm":0}]},{"id":"comp_9","nm":"loop-circle","fr":60,"layers":[{"ddd":0,"ind":1,"ty":4,"nm":"circle","sr":1,"ks":{"o":{"a":0,"k":100,"ix":11},"r":{"a":0,"k":0,"ix":10},"p":{"a":0,"k":[215,215,0],"ix":2,"l":2},"a":{"a":0,"k":[0,0,0],"ix":1,"l":2},"s":{"a":0,"k":[100,100,100],"ix":6,"l":2}},"ao":0,"shapes":[{"ty":"gr","it":[{"ind":0,"ty":"sh","ix":1,"ks":{"a":0,"k":{"i":[[-65.422,-65.422],[-65.422,65.422],[65.422,65.422],[65.422,-65.422]],"o":[[65.422,65.422],[65.422,-65.422],[-65.422,-65.422],[-65.422,65.422]],"v":[[-118.434,118.434],[118.434,118.434],[118.434,-118.434],[-118.434,-118.434]],"c":true},"ix":2},"nm":"Path 1","mn":"ADBE Vector Shape - Group","hd":false},{"ty":"st","c":{"a":0,"k":[0.071,0.075,0.192,1],"ix":3,"x":"var $bm_rt;\n$bm_rt = comp('wired-outline-469-flag').layer('control').effect('primary')('Color');"},"o":{"a":0,"k":100,"ix":4},"w":{"a":0,"k":12,"ix":5,"x":"var $bm_rt;\n$bm_rt = $bm_mul($bm_div(value, 2), comp('wired-outline-469-flag').layer('control').effect('stroke')('Menu'));"},"lc":2,"lj":2,"bm":0,"nm":".primary","mn":"ADBE Vector Graphic - Stroke","hd":false,"cl":"primary"},{"ty":"tr","p":{"a":0,"k":[0,0],"ix":2},"a":{"a":0,"k":[0,0],"ix":1},"s":{"a":0,"k":[100,100],"ix":3},"r":{"a":0,"k":0,"ix":6},"o":{"a":0,"k":100,"ix":7},"sk":{"a":0,"k":0,"ix":4},"sa":{"a":0,"k":0,"ix":5},"nm":"Transform"}],"nm":"circle","np":2,"cix":2,"bm":0,"ix":1,"mn":"ADBE Vector Group","hd":false}],"ip":0,"op":1800,"st":0,"ct":1,"bm":0},{"ddd":0,"ind":2,"ty":0,"nm":"flag-m-2","parent":1,"refId":"comp_8","sr":1,"ks":{"o":{"a":0,"k":100,"ix":11},"r":{"a":0,"k":0,"ix":10},"p":{"a":0,"k":[9.876,-20.044,0],"ix":2,"l":2},"a":{"a":0,"k":[154.5,126.5,0],"ix":1,"l":2},"s":{"a":0,"k":[65.225,65.225,100],"ix":6,"l":2}},"ao":0,"tm":{"a":1,"k":[{"i":{"x":[0.833],"y":[0.833]},"o":{"x":[0.167],"y":[0.167]},"t":0,"s":[0]},{"t":60,"s":[1]}],"ix":2},"w":309,"h":253,"ip":0,"op":163,"st":0,"bm":0},{"ddd":0,"ind":3,"ty":4,"nm":"line","parent":2,"sr":1,"ks":{"o":{"a":0,"k":100,"ix":11},"r":{"a":0,"k":0,"ix":10},"p":{"a":0,"k":[24.587,287.066,0],"ix":2,"l":2},"a":{"a":0,"k":[0,0,0],"ix":1,"l":2},"s":{"a":0,"k":[100,100,100],"ix":6,"l":2}},"ao":0,"shapes":[{"ty":"gr","it":[{"ind":0,"ty":"sh","ix":1,"ks":{"a":0,"k":{"i":[[0,0],[0,0]],"o":[[0,0],[0,0]],"v":[[0,96.55],[0,-73.5]],"c":false},"ix":2},"nm":"Path 1","mn":"ADBE Vector Shape - Group","hd":false},{"ty":"st","c":{"a":0,"k":[0.071,0.075,0.192,1],"ix":3,"x":"var $bm_rt;\n$bm_rt = comp('wired-outline-469-flag').layer('control').effect('primary')('Color');"},"o":{"a":0,"k":100,"ix":4},"w":{"a":0,"k":18,"ix":5,"x":"var $bm_rt;\n$bm_rt = $bm_mul($bm_div(value, 2), comp('wired-outline-469-flag').layer('control').effect('stroke')('Menu'));"},"lc":2,"lj":1,"ml":4,"bm":0,"nm":".primary","mn":"ADBE Vector Graphic - Stroke","hd":false,"cl":"primary"},{"ty":"tr","p":{"a":0,"k":[0,0],"ix":2},"a":{"a":0,"k":[0,0],"ix":1},"s":{"a":0,"k":[100,100],"ix":3},"r":{"a":0,"k":0,"ix":6},"o":{"a":0,"k":100,"ix":7},"sk":{"a":0,"k":0,"ix":4},"sa":{"a":0,"k":0,"ix":5},"nm":"Transform"}],"nm":"line","np":2,"cix":2,"bm":0,"ix":1,"mn":"ADBE Vector Group","hd":false}],"ip":0,"op":1800,"st":0,"ct":1,"bm":0}]}],"layers":[{"ddd":0,"ind":1,"ty":3,"nm":"control","sr":1,"ks":{"o":{"a":0,"k":0,"ix":11},"r":{"a":0,"k":0,"ix":10},"p":{"a":0,"k":[0,0],"ix":2,"l":2},"a":{"a":0,"k":[0,0,0],"ix":1,"l":2},"s":{"a":0,"k":[100,100,100],"ix":6,"l":2}},"ao":0,"ef":[{"ty":5,"nm":"stroke","np":3,"mn":"Pseudo/@@1cVRdfWvTKO65+PYIGhd1A","ix":1,"en":1,"ef":[{"ty":7,"nm":"Menu","mn":"Pseudo/@@1cVRdfWvTKO65+PYIGhd1A-0001","ix":1,"v":{"a":0,"k":2,"ix":1}}]},{"ty":5,"nm":"primary","np":3,"mn":"ADBE Color Control","ix":2,"en":1,"ef":[{"ty":2,"nm":"Color","mn":"ADBE Color Control-0001","ix":1,"v":{"a":0,"k":[0.071,0.075,0.192],"ix":1}}]},{"ty":5,"nm":"secondary","np":3,"mn":"ADBE Color Control","ix":3,"en":1,"ef":[{"ty":2,"nm":"Color","mn":"ADBE Color Control-0001","ix":1,"v":{"a":0,"k":[0.031,0.659,0.541],"ix":1}}]}],"ip":0,"op":561,"st":0,"bm":0},{"ddd":0,"ind":2,"ty":0,"nm":"in-reveal","refId":"comp_0","sr":1,"ks":{"o":{"a":0,"k":100,"ix":11},"r":{"a":0,"k":0,"ix":10},"p":{"a":0,"k":[215,215,0],"ix":2,"l":2},"a":{"a":0,"k":[215,215,0],"ix":1,"l":2},"s":{"a":0,"k":[100,100,100],"ix":6,"l":2}},"ao":0,"w":430,"h":430,"ip":0,"op":100,"st":0,"bm":0},{"ddd":0,"ind":3,"ty":0,"nm":"hover-pinch","refId":"comp_2","sr":1,"ks":{"o":{"a":0,"k":100,"ix":11},"r":{"a":0,"k":0,"ix":10},"p":{"a":0,"k":[215,215,0],"ix":2,"l":2},"a":{"a":0,"k":[215,215,0],"ix":1,"l":2},"s":{"a":0,"k":[100,100,100],"ix":6,"l":2}},"ao":0,"w":430,"h":430,"ip":100,"op":230,"st":100,"bm":0},{"ddd":0,"ind":4,"ty":0,"nm":"loop-cycle","refId":"comp_4","sr":1,"ks":{"o":{"a":0,"k":100,"ix":11},"r":{"a":0,"k":0,"ix":10},"p":{"a":0,"k":[215,215,0],"ix":2,"l":2},"a":{"a":0,"k":[215,215,0],"ix":1,"l":2},"s":{"a":0,"k":[100,100,100],"ix":6,"l":2}},"ao":0,"w":430,"h":430,"ip":230,"op":300,"st":230,"bm":0},{"ddd":0,"ind":5,"ty":0,"nm":"morph-circle","refId":"comp_5","sr":1,"ks":{"o":{"a":0,"k":100,"ix":11},"r":{"a":0,"k":0,"ix":10},"p":{"a":0,"k":[215,215,0],"ix":2,"l":2},"a":{"a":0,"k":[215,215,0],"ix":1,"l":2},"s":{"a":0,"k":[100,100,100],"ix":6,"l":2}},"ao":0,"w":430,"h":430,"ip":300,"op":370,"st":300,"bm":0},{"ddd":0,"ind":6,"ty":0,"nm":"hover-circle","refId":"comp_7","sr":1,"ks":{"o":{"a":0,"k":100,"ix":11},"r":{"a":0,"k":0,"ix":10},"p":{"a":0,"k":[215,215,0],"ix":2,"l":2},"a":{"a":0,"k":[215,215,0],"ix":1,"l":2},"s":{"a":0,"k":[100,100,100],"ix":6,"l":2}},"ao":0,"w":430,"h":430,"ip":370,"op":500,"st":370,"bm":0},{"ddd":0,"ind":7,"ty":0,"nm":"loop-circle","refId":"comp_9","sr":1,"ks":{"o":{"a":0,"k":100,"ix":11},"r":{"a":0,"k":0,"ix":10},"p":{"a":0,"k":[215,215,0],"ix":2,"l":2},"a":{"a":0,"k":[215,215,0],"ix":1,"l":2},"s":{"a":0,"k":[100,100,100],"ix":6,"l":2}},"ao":0,"w":430,"h":430,"ip":500,"op":570,"st":500,"bm":0}],"markers":[{"tm":0,"cm":"in-reveal","dr":90},{"tm":100,"cm":"default:hover-pinch","dr":120},{"tm":230,"cm":"loop-cycle","dr":60},{"tm":300,"cm":"morph-circle","dr":60},{"tm":370,"cm":"hover-circle","dr":120},{"tm":500,"cm":"loop-circle","dr":60}],"props":{}}