{"v":"5.8.1","fr":60,"ip":114,"op":206,"w":430,"h":430,"nm":"1368-best-seller-outline","ddd":0,"assets":[{"id":"comp_0","nm":"in-reveal","fr":60,"layers":[{"ddd":0,"ind":1,"ty":4,"nm":"Badge","sr":1,"ks":{"o":{"a":0,"k":100,"ix":11},"r":{"a":1,"k":[{"i":{"x":[0.361],"y":[1]},"o":{"x":[0.333],"y":[0]},"t":0,"s":[0]},{"i":{"x":[0.667],"y":[1]},"o":{"x":[0.524],"y":[0]},"t":32,"s":[-28]},{"i":{"x":[0.667],"y":[1]},"o":{"x":[0.333],"y":[0]},"t":62,"s":[10]},{"t":83,"s":[0]}],"ix":10},"p":{"a":1,"k":[{"i":{"x":0.23,"y":1},"o":{"x":0.167,"y":0.167},"t":0,"s":[215,215.42,0],"to":[0,0,0],"ti":[0,0,0]},{"i":{"x":0.667,"y":1},"o":{"x":0.631,"y":0},"t":27,"s":[215.5,216.42,0],"to":[0,0,0],"ti":[0,0,0]},{"i":{"x":0.667,"y":1},"o":{"x":0.333,"y":0},"t":57,"s":[215.5,166.42,0],"to":[0,0,0],"ti":[0,0,0]},{"t":79,"s":[215.5,166.5,0]}],"ix":2,"l":2},"a":{"a":0,"k":[250.5,201.5,0],"ix":1,"l":2},"s":{"a":1,"k":[{"i":{"x":[0.23,0.23,0.23],"y":[1,1,1]},"o":{"x":[0.167,0.167,0.167],"y":[0.167,0.167,0]},"t":0,"s":[49,49,100]},{"i":{"x":[0.499,0.499,0.667],"y":[1,1,1]},"o":{"x":[0.631,0.631,0.77],"y":[0,0,0]},"t":31,"s":[147,147,100]},{"i":{"x":[0.667,0.667,0.667],"y":[1,1,1]},"o":{"x":[0.333,0.333,0.333],"y":[0,0,0]},"t":54,"s":[90,90,100]},{"t":76,"s":[100,100,100]}],"ix":6,"l":2}},"ao":0,"shapes":[{"ty":"gr","it":[{"ty":"gr","it":[{"ind":0,"ty":"sh","ix":1,"ks":{"a":0,"k":{"i":[[0,0],[0,0]],"o":[[0,0],[0,0]],"v":[[-0.157,0],[0.157,0]],"c":false},"ix":2},"nm":"Path 1","mn":"ADBE Vector Shape - Group","hd":false},{"ind":1,"ty":"sh","ix":2,"ks":{"a":0,"k":{"i":[[0,0],[0,0]],"o":[[0,0],[0,0]],"v":[[-92.381,1.316],[-92.066,1.316]],"c":false},"ix":2},"nm":"Path 2","mn":"ADBE Vector Shape - Group","hd":false},{"ty":"st","c":{"a":0,"k":[0.031,0.659,0.541,1],"ix":3,"x":"var $bm_rt;\n$bm_rt = comp('1368-best-seller-outline').layer('control').effect('secondary')('Color');"},"o":{"a":0,"k":100,"ix":4},"w":{"a":1,"k":[{"i":{"x":[0.141],"y":[1]},"o":{"x":[0.333],"y":[0]},"t":0,"s":[0]},{"i":{"x":[0.498],"y":[1]},"o":{"x":[0.481],"y":[0]},"t":27,"s":[7]},{"t":58,"s":[12]}],"ix":5,"x":"var $bm_rt;\n$bm_rt = $bm_mul($bm_div(value, 2), comp('1368-best-seller-outline').layer('control').effect('stroke')('Menu'));"},"lc":2,"lj":2,"bm":0,"nm":".secondary","mn":"ADBE Vector Graphic - Stroke","hd":false,"cl":"secondary"},{"ty":"tr","p":{"a":0,"k":[296.112,201.107],"ix":2},"a":{"a":0,"k":[0,0],"ix":1},"s":{"a":0,"k":[100,100],"ix":3},"r":{"a":0,"k":0,"ix":6},"o":{"a":0,"k":100,"ix":7},"sk":{"a":0,"k":0,"ix":4},"sa":{"a":0,"k":0,"ix":5},"nm":"Transform"}],"nm":"Group 1","np":3,"cix":2,"bm":0,"ix":1,"mn":"ADBE Vector Group","hd":false},{"ty":"tr","p":{"a":0,"k":[203.888,202.423],"ix":2},"a":{"a":0,"k":[203.888,202.423],"ix":1},"s":{"a":0,"k":[100,100],"ix":3},"r":{"a":0,"k":0,"ix":6},"o":{"a":0,"k":100,"ix":7},"sk":{"a":0,"k":0,"ix":4},"sa":{"a":0,"k":0,"ix":5},"nm":"Transform"}],"nm":"Group 1","np":1,"cix":2,"bm":0,"ix":1,"mn":"ADBE Vector Group","hd":false},{"ty":"gr","it":[{"ind":0,"ty":"sh","ix":1,"ks":{"a":0,"k":{"i":[[0,0],[0,0],[0,0]],"o":[[0,0],[0,0],[0,0]],"v":[[8.706,27.589],[8.706,-27.589],[-8.706,-10.177]],"c":false},"ix":2},"nm":"Path 1","mn":"ADBE Vector Shape - Group","hd":false},{"ty":"tm","s":{"a":0,"k":0,"ix":1},"e":{"a":1,"k":[{"i":{"x":[0.32],"y":[1]},"o":{"x":[0.167],"y":[0.167]},"t":13,"s":[0]},{"t":40,"s":[100]}],"ix":2},"o":{"a":0,"k":0,"ix":3},"m":1,"ix":2,"nm":"Trim Paths 1","mn":"ADBE Vector Filter - Trim","hd":false},{"ty":"st","c":{"a":0,"k":[0.031,0.659,0.541,1],"ix":3,"x":"var $bm_rt;\n$bm_rt = comp('1368-best-seller-outline').layer('control').effect('secondary')('Color');"},"o":{"a":0,"k":100,"ix":4},"w":{"a":1,"k":[{"i":{"x":[0],"y":[1]},"o":{"x":[0.167],"y":[0.167]},"t":0,"s":[24]},{"i":{"x":[0.498],"y":[1]},"o":{"x":[0.481],"y":[0]},"t":27,"s":[7]},{"t":58,"s":[12]}],"ix":5,"x":"var $bm_rt;\n$bm_rt = $bm_mul($bm_div(value, 2), comp('1368-best-seller-outline').layer('control').effect('stroke')('Menu'));"},"lc":2,"lj":2,"bm":0,"nm":".secondary","mn":"ADBE Vector Graphic - Stroke","hd":false,"cl":"secondary"},{"ty":"tr","p":{"a":0,"k":[245.636,201.765],"ix":2},"a":{"a":0,"k":[0,0],"ix":1},"s":{"a":0,"k":[100,100],"ix":3},"r":{"a":0,"k":0,"ix":6},"o":{"a":0,"k":100,"ix":7},"sk":{"a":0,"k":0,"ix":4},"sa":{"a":0,"k":0,"ix":5},"nm":"Transform"}],"nm":"Group 2","np":3,"cix":2,"bm":0,"ix":2,"mn":"ADBE Vector Group","hd":false},{"ty":"gr","it":[{"ind":0,"ty":"sh","ix":1,"ks":{"a":0,"k":{"i":[[0,-37.565],[-37.565,0],[0,37.565],[37.565,0]],"o":[[0,37.565],[37.565,0],[0,-37.565],[-37.565,0]],"v":[[-68.017,0],[0,68.017],[68.017,0],[0,-68.017]],"c":true},"ix":2},"nm":"Path 1","mn":"ADBE Vector Shape - Group","hd":false},{"ind":1,"ty":"sh","ix":2,"ks":{"a":1,"k":[{"i":{"x":0.32,"y":1},"o":{"x":0.333,"y":0},"t":0,"s":[{"i":[[0,0],[0,0],[0,0],[0,0],[0,0],[0,0],[0,0],[0,0],[0,0],[0,0],[0,0],[0,0],[0,0],[0,0],[0,0],[0,0],[0,0],[0,0],[0,0],[0,0]],"o":[[0,0],[0,0],[0,0],[0,0],[0,0],[0,0],[0,0],[0,0],[0,0],[0,0],[0,0],[0,0],[0,0],[0,0],[0,0],[0,0],[0,0],[0,0],[0,0],[0,0]],"v":[[-68.515,-0.265],[-64.821,-21.491],[-55.335,-40.837],[-39.856,-55.823],[-20.831,-65.919],[0.5,-68.928],[21.831,-65.919],[40.857,-55.823],[56.336,-40.837],[65.821,-21.491],[69.515,-0.265],[65.821,20.961],[56.335,40.307],[40.856,55.292],[21.831,65.388],[0.5,68.397],[-20.831,65.388],[-39.856,55.292],[-55.336,40.306],[-64.821,20.961]],"c":true}]},{"t":27,"s":[{"i":[[0,0],[0,0],[0,0],[0,0],[0,0],[0,0],[0,0],[0,0],[0,0],[0,0],[0,0],[0,0],[0,0],[0,0],[0,0],[0,0],[0,0],[0,0],[0,0],[0,0]],"o":[[0,0],[0,0],[0,0],[0,0],[0,0],[0,0],[0,0],[0,0],[0,0],[0,0],[0,0],[0,0],[0,0],[0,0],[0,0],[0,0],[0,0],[0,0],[0,0],[0,0]],"v":[[-117.528,-0.265],[-92.206,-30.39],[-94.989,-69.651],[-56.775,-79.115],[-35.981,-112.545],[0.5,-97.714],[36.981,-112.545],[57.775,-79.114],[95.99,-69.65],[93.206,-30.39],[118.528,-0.265],[93.206,29.86],[95.989,69.12],[57.775,78.584],[36.981,112.014],[0.5,97.183],[-35.981,112.014],[-56.775,78.584],[-94.99,69.119],[-92.206,29.86]],"c":true}]}],"ix":2},"nm":"Path 2","mn":"ADBE Vector Shape - Group","hd":false},{"ty":"st","c":{"a":0,"k":[0.071,0.075,0.192,1],"ix":3,"x":"var $bm_rt;\n$bm_rt = comp('1368-best-seller-outline').layer('control').effect('primary')('Color');"},"o":{"a":0,"k":100,"ix":4},"w":{"a":1,"k":[{"i":{"x":[0],"y":[1]},"o":{"x":[0.167],"y":[0.167]},"t":0,"s":[24]},{"i":{"x":[0.498],"y":[1]},"o":{"x":[0.481],"y":[0]},"t":27,"s":[7]},{"t":58,"s":[12]}],"ix":5,"x":"var $bm_rt;\n$bm_rt = $bm_mul($bm_div(value, 2), comp('1368-best-seller-outline').layer('control').effect('stroke')('Menu'));"},"lc":2,"lj":2,"bm":0,"nm":".primary","mn":"ADBE Vector Graphic - Stroke","hd":false,"cl":"primary"},{"ty":"tr","p":{"a":0,"k":[250,201.765],"ix":2},"a":{"a":0,"k":[0,0],"ix":1},"s":{"a":0,"k":[100,100],"ix":3},"r":{"a":0,"k":0,"ix":6},"o":{"a":0,"k":100,"ix":7},"sk":{"a":0,"k":0,"ix":4},"sa":{"a":0,"k":0,"ix":5},"nm":"Transform"}],"nm":"Group 3","np":3,"cix":2,"bm":0,"ix":3,"mn":"ADBE Vector Group","hd":false}],"ip":1,"op":844,"st":0,"bm":0},{"ddd":0,"ind":2,"ty":4,"nm":"mask","td":1,"sr":1,"ks":{"o":{"a":0,"k":100,"ix":11},"r":{"a":1,"k":[{"i":{"x":[0.361],"y":[1]},"o":{"x":[0.333],"y":[0]},"t":0,"s":[0]},{"i":{"x":[0.667],"y":[1]},"o":{"x":[0.524],"y":[0]},"t":32,"s":[-28]},{"i":{"x":[0.667],"y":[1]},"o":{"x":[0.333],"y":[0]},"t":62,"s":[10]},{"t":83,"s":[0]}],"ix":10},"p":{"a":1,"k":[{"i":{"x":0.23,"y":1},"o":{"x":0.167,"y":0.167},"t":0,"s":[215,215.42,0],"to":[0,0,0],"ti":[0,0,0]},{"i":{"x":0.667,"y":1},"o":{"x":0.631,"y":0},"t":27,"s":[215.5,216.42,0],"to":[0,0,0],"ti":[0,0,0]},{"i":{"x":0.667,"y":1},"o":{"x":0.333,"y":0},"t":57,"s":[215.5,166.42,0],"to":[0,0,0],"ti":[0,0,0]},{"t":79,"s":[215.5,166.5,0]}],"ix":2,"l":2},"a":{"a":0,"k":[250.5,201.5,0],"ix":1,"l":2},"s":{"a":1,"k":[{"i":{"x":[0.23,0.23,0.23],"y":[1,1,1]},"o":{"x":[0.167,0.167,0.167],"y":[0.167,0.167,0]},"t":0,"s":[49,49,100]},{"i":{"x":[0.499,0.499,0.667],"y":[1,1,1]},"o":{"x":[0.631,0.631,0.77],"y":[0,0,0]},"t":31,"s":[147,147,100]},{"i":{"x":[0.667,0.667,0.667],"y":[1,1,1]},"o":{"x":[0.333,0.333,0.333],"y":[0,0,0]},"t":54,"s":[90,90,100]},{"t":76,"s":[100,100,100]}],"ix":6,"l":2}},"ao":0,"shapes":[{"ty":"gr","it":[{"ind":0,"ty":"sh","ix":1,"ks":{"a":1,"k":[{"i":{"x":0.32,"y":1},"o":{"x":0.333,"y":0},"t":0,"s":[{"i":[[0,0],[0,0],[0,0],[0,0],[0,0],[0,0],[0,0],[0,0],[0,0],[0,0],[0,0],[0,0],[0,0],[0,0],[0,0],[0,0],[0,0],[0,0],[0,0],[0,0]],"o":[[0,0],[0,0],[0,0],[0,0],[0,0],[0,0],[0,0],[0,0],[0,0],[0,0],[0,0],[0,0],[0,0],[0,0],[0,0],[0,0],[0,0],[0,0],[0,0],[0,0]],"v":[[-68.515,-0.265],[-64.821,-21.491],[-55.335,-40.837],[-39.856,-55.823],[-20.831,-65.919],[0.5,-68.928],[21.831,-65.919],[40.857,-55.823],[56.336,-40.837],[65.821,-21.491],[69.515,-0.265],[65.821,20.961],[56.335,40.307],[40.856,55.292],[21.831,65.388],[0.5,68.397],[-20.831,65.388],[-39.856,55.292],[-55.336,40.306],[-64.821,20.961]],"c":true}]},{"t":27,"s":[{"i":[[0,0],[0,0],[0,0],[0,0],[0,0],[0,0],[0,0],[0,0],[0,0],[0,0],[0,0],[0,0],[0,0],[0,0],[0,0],[0,0],[0,0],[0,0],[0,0],[0,0]],"o":[[0,0],[0,0],[0,0],[0,0],[0,0],[0,0],[0,0],[0,0],[0,0],[0,0],[0,0],[0,0],[0,0],[0,0],[0,0],[0,0],[0,0],[0,0],[0,0],[0,0]],"v":[[-117.528,-0.265],[-92.206,-30.39],[-94.989,-69.651],[-56.775,-79.115],[-35.981,-112.545],[0.5,-97.714],[36.981,-112.545],[57.775,-79.114],[95.99,-69.65],[93.206,-30.39],[118.528,-0.265],[93.206,29.86],[95.989,69.12],[57.775,78.584],[36.981,112.014],[0.5,97.183],[-35.981,112.014],[-56.775,78.584],[-94.99,69.119],[-92.206,29.86]],"c":true}]}],"ix":2},"nm":"Path 2","mn":"ADBE Vector Shape - Group","hd":false},{"ty":"fl","c":{"a":0,"k":[1,0,0,1],"ix":4},"o":{"a":0,"k":100,"ix":5},"r":1,"bm":0,"nm":"Fill 1","mn":"ADBE Vector Graphic - Fill","hd":false},{"ty":"tr","p":{"a":0,"k":[250,201.765],"ix":2},"a":{"a":0,"k":[0,0],"ix":1},"s":{"a":0,"k":[100,100],"ix":3},"r":{"a":0,"k":0,"ix":6},"o":{"a":0,"k":100,"ix":7},"sk":{"a":0,"k":0,"ix":4},"sa":{"a":0,"k":0,"ix":5},"nm":"Transform"}],"nm":"Group 3","np":2,"cix":2,"bm":0,"ix":1,"mn":"ADBE Vector Group","hd":false}],"ip":1,"op":844,"st":0,"bm":0},{"ddd":0,"ind":3,"ty":0,"nm":"elements","tt":2,"refId":"comp_1","sr":1,"ks":{"o":{"a":0,"k":100,"ix":11},"r":{"a":0,"k":0,"ix":10},"p":{"a":0,"k":[215,215,0],"ix":2,"l":2},"a":{"a":0,"k":[215,215,0],"ix":1,"l":2},"s":{"a":0,"k":[100,100,100],"ix":6,"l":2}},"ao":0,"w":430,"h":430,"ip":1,"op":844,"st":0,"bm":0}]},{"id":"comp_1","nm":"elements","fr":60,"layers":[{"ddd":0,"ind":1,"ty":3,"nm":"guide","sr":1,"ks":{"o":{"a":0,"k":100,"ix":11},"r":{"a":0,"k":0,"ix":10},"p":{"a":1,"k":[{"i":{"x":0.23,"y":1},"o":{"x":0.167,"y":0.167},"t":0,"s":[215,215.42,0],"to":[0,0,0],"ti":[0,0,0]},{"i":{"x":0.667,"y":1},"o":{"x":0.631,"y":0},"t":27,"s":[215.5,216.42,0],"to":[0,0,0],"ti":[0,0,0]},{"i":{"x":0.667,"y":1},"o":{"x":0.333,"y":0},"t":57,"s":[215.5,166.42,0],"to":[0,0,0],"ti":[0,0,0]},{"t":79,"s":[215.5,166.5,0]}],"ix":2,"l":2},"a":{"a":0,"k":[250.5,201.5,0],"ix":1,"l":2},"s":{"a":1,"k":[{"i":{"x":[0.23,0.23,0.23],"y":[1,1,1]},"o":{"x":[0.167,0.167,0.167],"y":[0.167,0.167,0]},"t":0,"s":[49,49,100]},{"i":{"x":[0.499,0.499,0.667],"y":[1,1,1]},"o":{"x":[0.631,0.631,0.77],"y":[0,0,0]},"t":31,"s":[147,147,100]},{"i":{"x":[0.667,0.667,0.667],"y":[1,1,1]},"o":{"x":[0.333,0.333,0.333],"y":[0,0,0]},"t":54,"s":[90,90,100]},{"t":76,"s":[100,100,100]}],"ix":6,"l":2}},"ao":0,"ip":0,"op":844,"st":0,"bm":0},{"ddd":0,"ind":2,"ty":4,"nm":"L","parent":1,"sr":1,"ks":{"o":{"a":0,"k":100,"ix":11},"r":{"a":1,"k":[{"i":{"x":[0.667],"y":[1]},"o":{"x":[0.333],"y":[0]},"t":0,"s":[0]},{"i":{"x":[0.667],"y":[0.726]},"o":{"x":[0.333],"y":[0]},"t":16,"s":[-5]},{"i":{"x":[0.667],"y":[1]},"o":{"x":[0.333],"y":[-0.151]},"t":34,"s":[6.257]},{"i":{"x":[0.667],"y":[1]},"o":{"x":[0.333],"y":[0]},"t":51,"s":[-13]},{"i":{"x":[0.667],"y":[1]},"o":{"x":[0.333],"y":[0]},"t":74,"s":[3]},{"t":104,"s":[0]}],"ix":10},"p":{"a":0,"k":[252.023,194.079,0],"ix":2,"l":2},"a":{"a":0,"k":[77,-147,0],"ix":1,"l":2},"s":{"a":0,"k":[100,100,100],"ix":6,"l":2}},"ao":0,"shapes":[{"ty":"gr","it":[{"ind":0,"ty":"sh","ix":1,"ks":{"a":1,"k":[{"i":{"x":0.22,"y":1},"o":{"x":0.333,"y":0},"t":0,"s":[{"i":[[0,0],[0,0],[0,0],[0,0],[-36.999,64.037],[0,0]],"o":[[-33.89,58.653],[0,0],[0,0],[0,0],[0.002,-0.003],[0,0]],"v":[[31.1,-152.04],[-70.57,23.92],[-9.25,7.95],[7.57,69.04],[118.57,-123.07],[118.57,-123.08]],"c":false}]},{"i":{"x":0.833,"y":0.833},"o":{"x":0.78,"y":0},"t":16,"s":[{"i":[[0,0],[0,0],[0,0],[0,0],[-22.241,89.816],[0,0]],"o":[[-59.566,34.171],[0,0],[0,0],[0,0],[0.001,-0.003],[0,0]],"v":[[31.1,-152.04],[23.792,-96.844],[43.556,-92.825],[58.063,-77.055],[118.57,-123.07],[118.57,-123.08]],"c":false}]},{"i":{"x":0.667,"y":1},"o":{"x":0.167,"y":0.167},"t":48,"s":[{"i":[[0,0],[0,0],[0,0],[0,0],[-58.341,136.759],[0,0]],"o":[[-65.99,125.041],[0,0],[0,0],[0,0],[0.001,-0.003],[0,0]],"v":[[31.1,-152.04],[-112.338,12.849],[-23.666,20.443],[-1.882,68.558],[118.57,-123.07],[118.57,-123.08]],"c":false}]},{"i":{"x":0.667,"y":1},"o":{"x":0.333,"y":0},"t":64,"s":[{"i":[[0,0],[0,0],[0,0],[0,0],[-54.687,96.456],[0,0]],"o":[[-46.227,79.422],[0,0],[0,0],[0,0],[0.002,-0.003],[0,0]],"v":[[31.1,-152.04],[-31.632,-9.924],[2.086,-12.617],[17.37,18.371],[118.57,-123.07],[118.57,-123.08]],"c":false}]},{"t":88,"s":[{"i":[[0,0],[0,0],[0,0],[0,0],[-36.999,64.037],[0,0]],"o":[[-33.89,58.653],[0,0],[0,0],[0,0],[0.002,-0.003],[0,0]],"v":[[31.1,-152.04],[-70.57,23.92],[-9.25,7.95],[7.57,69.04],[118.57,-123.07],[118.57,-123.08]],"c":false}]}],"ix":2},"nm":"Path 1","mn":"ADBE Vector Shape - Group","hd":false},{"ty":"tm","s":{"a":0,"k":0,"ix":1},"e":{"a":1,"k":[{"i":{"x":[0.833],"y":[0.833]},"o":{"x":[0.167],"y":[0.167]},"t":2,"s":[100]},{"i":{"x":[0.833],"y":[0.833]},"o":{"x":[0.167],"y":[0.167]},"t":22,"s":[72]},{"i":{"x":[0.833],"y":[0.833]},"o":{"x":[0.167],"y":[0.167]},"t":27,"s":[77.167]},{"i":{"x":[0.833],"y":[0.833]},"o":{"x":[0.167],"y":[0.167]},"t":33,"s":[82.309]},{"i":{"x":[0.833],"y":[0.833]},"o":{"x":[0.167],"y":[0.167]},"t":34,"s":[82]},{"i":{"x":[0.833],"y":[0.833]},"o":{"x":[0.167],"y":[0.167]},"t":38,"s":[81.891]},{"i":{"x":[0.833],"y":[0.833]},"o":{"x":[0.167],"y":[0.167]},"t":41,"s":[80.059]},{"i":{"x":[0.833],"y":[0.833]},"o":{"x":[0.167],"y":[0.167]},"t":51,"s":[70]},{"i":{"x":[0.833],"y":[0.833]},"o":{"x":[0.167],"y":[0.167]},"t":56,"s":[70]},{"i":{"x":[0.833],"y":[0.833]},"o":{"x":[0.167],"y":[0.167]},"t":73,"s":[82]},{"t":83,"s":[100]}],"ix":2},"o":{"a":0,"k":0,"ix":3},"m":1,"ix":2,"nm":"Trim Paths 1","mn":"ADBE Vector Filter - Trim","hd":false},{"ty":"st","c":{"a":0,"k":[0.071,0.075,0.192,1],"ix":3,"x":"var $bm_rt;\n$bm_rt = comp('1368-best-seller-outline').layer('control').effect('primary')('Color');"},"o":{"a":0,"k":100,"ix":4},"w":{"a":1,"k":[{"i":{"x":[0.141],"y":[1]},"o":{"x":[0.333],"y":[0]},"t":0,"s":[12]},{"i":{"x":[0.498],"y":[1]},"o":{"x":[0.481],"y":[0]},"t":23,"s":[7]},{"t":58,"s":[12]}],"ix":5,"x":"var $bm_rt;\n$bm_rt = $bm_mul($bm_div(value, 2), comp('1368-best-seller-outline').layer('control').effect('stroke')('Menu'));"},"lc":2,"lj":2,"bm":0,"nm":".primary","mn":"ADBE Vector Graphic - Stroke","hd":false,"cl":"primary"},{"ty":"tr","p":{"a":0,"k":[0,0],"ix":2},"a":{"a":0,"k":[0,0],"ix":1},"s":{"a":0,"k":[100,100],"ix":3},"r":{"a":0,"k":0,"ix":6},"o":{"a":0,"k":100,"ix":7},"sk":{"a":0,"k":0,"ix":4},"sa":{"a":0,"k":0,"ix":5},"nm":"Transform"}],"nm":"Group 1","np":3,"cix":2,"bm":0,"ix":1,"mn":"ADBE Vector Group","hd":false}],"ip":32,"op":844,"st":0,"bm":0},{"ddd":0,"ind":3,"ty":4,"nm":"R","parent":1,"sr":1,"ks":{"o":{"a":0,"k":100,"ix":11},"r":{"a":1,"k":[{"i":{"x":[0.667],"y":[1]},"o":{"x":[0.333],"y":[0]},"t":0,"s":[0]},{"i":{"x":[0.667],"y":[0.638]},"o":{"x":[0.333],"y":[0]},"t":16,"s":[9]},{"i":{"x":[0.667],"y":[1]},"o":{"x":[0.333],"y":[-0.253]},"t":34,"s":[-2.343]},{"i":{"x":[0.667],"y":[1]},"o":{"x":[0.333],"y":[0]},"t":51,"s":[13]},{"i":{"x":[0.667],"y":[1]},"o":{"x":[0.333],"y":[0]},"t":74,"s":[-3]},{"t":104,"s":[0]}],"ix":10},"p":{"a":0,"k":[250.973,191.084,0],"ix":2,"l":2},"a":{"a":0,"k":[-74,-150,0],"ix":1,"l":2},"s":{"a":0,"k":[100,100,100],"ix":6,"l":2}},"ao":0,"shapes":[{"ty":"gr","it":[{"ind":0,"ty":"sh","ix":1,"ks":{"a":1,"k":[{"i":{"x":0.22,"y":1},"o":{"x":0.333,"y":0},"t":0,"s":[{"i":[[0,0],[0,0],[0,0],[0,0],[38,66.707]],"o":[[34.887,61.317],[0,0],[0,0],[0,0],[0,0]],"v":[[-34.09,-160.035],[70.57,23.915],[9.26,7.945],[-7.57,69.035],[-121.57,-131.085]],"c":false}]},{"i":{"x":0.833,"y":0.833},"o":{"x":0.78,"y":0},"t":16,"s":[{"i":[[0,0],[0,0],[0,0],[0,0],[14.251,85.556]],"o":[[59.932,50.502],[0,0],[0,0],[0,0],[0,0]],"v":[[-34.09,-160.035],[-15.851,-85.443],[-38.212,-81.253],[-51.492,-67.287],[-121.57,-131.085]],"c":false}]},{"i":{"x":0.667,"y":1},"o":{"x":0.167,"y":0.167},"t":48,"s":[{"i":[[0,0],[0,0],[0,0],[0,0],[68.731,140.338]],"o":[[51.751,116.718],[0,0],[0,0],[0,0],[0,0]],"v":[[-34.09,-160.035],[111.193,0.092],[25.696,17.413],[8.866,78.503],[-121.57,-131.085]],"c":false}]},{"i":{"x":0.667,"y":1},"o":{"x":0.333,"y":0},"t":64,"s":[{"i":[[0,0],[0,0],[0,0],[0,0],[42.621,83.475]],"o":[[41.032,70.205],[0,0],[0,0],[0,0],[0,0]],"v":[[-34.09,-160.035],[33.496,-7.15],[-1.945,-9.73],[-16.416,20.06],[-121.57,-131.085]],"c":false}]},{"t":88,"s":[{"i":[[0,0],[0,0],[0,0],[0,0],[38,66.707]],"o":[[34.887,61.317],[0,0],[0,0],[0,0],[0,0]],"v":[[-34.09,-160.035],[70.57,23.915],[9.26,7.945],[-7.57,69.035],[-121.57,-131.085]],"c":false}]}],"ix":2},"nm":"Path 1","mn":"ADBE Vector Shape - Group","hd":false},{"ty":"st","c":{"a":0,"k":[0.071,0.075,0.192,1],"ix":3,"x":"var $bm_rt;\n$bm_rt = comp('1368-best-seller-outline').layer('control').effect('primary')('Color');"},"o":{"a":0,"k":100,"ix":4},"w":{"a":1,"k":[{"i":{"x":[0.141],"y":[1]},"o":{"x":[0.333],"y":[0]},"t":0,"s":[12]},{"i":{"x":[0.498],"y":[1]},"o":{"x":[0.481],"y":[0]},"t":23,"s":[7]},{"t":58,"s":[12]}],"ix":5,"x":"var $bm_rt;\n$bm_rt = $bm_mul($bm_div(value, 2), comp('1368-best-seller-outline').layer('control').effect('stroke')('Menu'));"},"lc":2,"lj":2,"bm":0,"nm":".primary","mn":"ADBE Vector Graphic - Stroke","hd":false,"cl":"primary"},{"ty":"tr","p":{"a":0,"k":[0,0],"ix":2},"a":{"a":0,"k":[0,0],"ix":1},"s":{"a":0,"k":[100,100],"ix":3},"r":{"a":0,"k":0,"ix":6},"o":{"a":0,"k":100,"ix":7},"sk":{"a":0,"k":0,"ix":4},"sa":{"a":0,"k":0,"ix":5},"nm":"Transform"}],"nm":"Group 1","np":2,"cix":2,"bm":0,"ix":1,"mn":"ADBE Vector Group","hd":false}],"ip":32,"op":844,"st":0,"bm":0}]},{"id":"comp_2","nm":"hover-pinch","fr":60,"layers":[{"ddd":0,"ind":2,"ty":4,"nm":"Badge","sr":1,"ks":{"o":{"a":0,"k":100,"ix":11},"r":{"a":1,"k":[{"i":{"x":[0.3],"y":[1]},"o":{"x":[0.333],"y":[0]},"t":0,"s":[0]},{"i":{"x":[0.667],"y":[1]},"o":{"x":[0.7],"y":[0]},"t":20,"s":[14]},{"i":{"x":[0.667],"y":[1]},"o":{"x":[0.333],"y":[0]},"t":40,"s":[-5]},{"i":{"x":[0.667],"y":[1]},"o":{"x":[0.333],"y":[0]},"t":56.98,"s":[3]},{"t":70,"s":[0]}],"ix":10},"p":{"a":0,"k":[215.5,166.5,0],"ix":2,"l":2},"a":{"a":0,"k":[250.5,201.5,0],"ix":1,"l":2},"s":{"a":0,"k":[100,100,100],"ix":6,"l":2}},"ao":0,"shapes":[{"ty":"gr","it":[{"ty":"gr","it":[{"ind":0,"ty":"sh","ix":1,"ks":{"a":0,"k":{"i":[[0,0],[0,0]],"o":[[0,0],[0,0]],"v":[[-0.157,0],[0.157,0]],"c":false},"ix":2},"nm":"Path 1","mn":"ADBE Vector Shape - Group","hd":false},{"ind":1,"ty":"sh","ix":2,"ks":{"a":0,"k":{"i":[[0,0],[0,0]],"o":[[0,0],[0,0]],"v":[[-92.381,1.316],[-92.066,1.316]],"c":false},"ix":2},"nm":"Path 2","mn":"ADBE Vector Shape - Group","hd":false},{"ty":"st","c":{"a":0,"k":[0.031,0.659,0.541,1],"ix":3,"x":"var $bm_rt;\n$bm_rt = comp('1368-best-seller-outline').layer('control').effect('secondary')('Color');"},"o":{"a":0,"k":100,"ix":4},"w":{"a":0,"k":12,"ix":5,"x":"var $bm_rt;\n$bm_rt = $bm_mul($bm_div(value, 2), comp('1368-best-seller-outline').layer('control').effect('stroke')('Menu'));"},"lc":2,"lj":2,"bm":0,"nm":".secondary","mn":"ADBE Vector Graphic - Stroke","hd":false,"cl":"secondary"},{"ty":"tr","p":{"a":0,"k":[296.112,201.107],"ix":2},"a":{"a":0,"k":[0,0],"ix":1},"s":{"a":0,"k":[100,100],"ix":3},"r":{"a":0,"k":0,"ix":6},"o":{"a":0,"k":100,"ix":7},"sk":{"a":0,"k":0,"ix":4},"sa":{"a":0,"k":0,"ix":5},"nm":"Transform"}],"nm":"Group 1","np":3,"cix":2,"bm":0,"ix":1,"mn":"ADBE Vector Group","hd":false},{"ty":"tr","p":{"a":0,"k":[203.888,202.423],"ix":2},"a":{"a":0,"k":[203.888,202.423],"ix":1},"s":{"a":0,"k":[100,100],"ix":3},"r":{"a":0,"k":0,"ix":6},"o":{"a":0,"k":100,"ix":7},"sk":{"a":0,"k":0,"ix":4},"sa":{"a":0,"k":0,"ix":5},"nm":"Transform"}],"nm":"Group 1","np":1,"cix":2,"bm":0,"ix":1,"mn":"ADBE Vector Group","hd":false},{"ty":"gr","it":[{"ind":0,"ty":"sh","ix":1,"ks":{"a":0,"k":{"i":[[0,0],[0,0],[0,0]],"o":[[0,0],[0,0],[0,0]],"v":[[-8.706,-10.177],[8.706,-27.589],[8.706,27.589]],"c":false},"ix":2},"nm":"Path 1","mn":"ADBE Vector Shape - Group","hd":false},{"ty":"st","c":{"a":0,"k":[0.031,0.659,0.541,1],"ix":3,"x":"var $bm_rt;\n$bm_rt = comp('1368-best-seller-outline').layer('control').effect('secondary')('Color');"},"o":{"a":0,"k":100,"ix":4},"w":{"a":0,"k":12,"ix":5,"x":"var $bm_rt;\n$bm_rt = $bm_mul($bm_div(value, 2), comp('1368-best-seller-outline').layer('control').effect('stroke')('Menu'));"},"lc":2,"lj":2,"bm":0,"nm":".secondary","mn":"ADBE Vector Graphic - Stroke","hd":false,"cl":"secondary"},{"ty":"tr","p":{"a":0,"k":[245.636,201.765],"ix":2},"a":{"a":0,"k":[0,0],"ix":1},"s":{"a":0,"k":[100,100],"ix":3},"r":{"a":0,"k":0,"ix":6},"o":{"a":0,"k":100,"ix":7},"sk":{"a":0,"k":0,"ix":4},"sa":{"a":0,"k":0,"ix":5},"nm":"Transform"}],"nm":"Group 2","np":2,"cix":2,"bm":0,"ix":2,"mn":"ADBE Vector Group","hd":false},{"ty":"gr","it":[{"ind":0,"ty":"sh","ix":1,"ks":{"a":0,"k":{"i":[[0,-37.565],[-37.565,0],[0,37.565],[37.565,0]],"o":[[0,37.565],[37.565,0],[0,-37.565],[-37.565,0]],"v":[[-68.017,0],[0,68.017],[68.017,0],[0,-68.017]],"c":true},"ix":2},"nm":"Path 1","mn":"ADBE Vector Shape - Group","hd":false},{"ind":1,"ty":"sh","ix":2,"ks":{"a":0,"k":{"i":[[0,0],[0,0],[0,0],[0,0],[0,0],[0,0],[0,0],[0,0],[0,0],[0,0],[0,0],[0,0],[0,0],[0,0],[0,0],[0,0],[0,0],[0,0],[0,0],[0,0]],"o":[[0,0],[0,0],[0,0],[0,0],[0,0],[0,0],[0,0],[0,0],[0,0],[0,0],[0,0],[0,0],[0,0],[0,0],[0,0],[0,0],[0,0],[0,0],[0,0],[0,0]],"v":[[-117.528,-0.265],[-92.206,-30.39],[-94.989,-69.651],[-56.775,-79.115],[-35.981,-112.545],[0.5,-97.714],[36.981,-112.545],[57.775,-79.114],[95.99,-69.65],[93.206,-30.39],[118.528,-0.265],[93.206,29.86],[95.989,69.12],[57.775,78.584],[36.981,112.014],[0.5,97.183],[-35.981,112.014],[-56.775,78.584],[-94.99,69.119],[-92.206,29.86]],"c":true},"ix":2},"nm":"Path 2","mn":"ADBE Vector Shape - Group","hd":false},{"ty":"st","c":{"a":0,"k":[0.071,0.075,0.192,1],"ix":3,"x":"var $bm_rt;\n$bm_rt = comp('1368-best-seller-outline').layer('control').effect('primary')('Color');"},"o":{"a":0,"k":100,"ix":4},"w":{"a":0,"k":12,"ix":5,"x":"var $bm_rt;\n$bm_rt = $bm_mul($bm_div(value, 2), comp('1368-best-seller-outline').layer('control').effect('stroke')('Menu'));"},"lc":2,"lj":2,"bm":0,"nm":".primary","mn":"ADBE Vector Graphic - Stroke","hd":false,"cl":"primary"},{"ty":"tr","p":{"a":0,"k":[250,201.765],"ix":2},"a":{"a":0,"k":[0,0],"ix":1},"s":{"a":0,"k":[100,100],"ix":3},"r":{"a":0,"k":0,"ix":6},"o":{"a":0,"k":100,"ix":7},"sk":{"a":0,"k":0,"ix":4},"sa":{"a":0,"k":0,"ix":5},"nm":"Transform"}],"nm":"Group 3","np":3,"cix":2,"bm":0,"ix":3,"mn":"ADBE Vector Group","hd":false}],"ip":0,"op":844,"st":0,"bm":0},{"ddd":0,"ind":3,"ty":4,"nm":"mask","td":1,"sr":1,"ks":{"o":{"a":0,"k":100,"ix":11},"r":{"a":1,"k":[{"i":{"x":[0.3],"y":[1]},"o":{"x":[0.333],"y":[0]},"t":0,"s":[0]},{"i":{"x":[0.667],"y":[1]},"o":{"x":[0.7],"y":[0]},"t":20,"s":[14]},{"i":{"x":[0.667],"y":[1]},"o":{"x":[0.333],"y":[0]},"t":40,"s":[-5]},{"i":{"x":[0.667],"y":[1]},"o":{"x":[0.333],"y":[0]},"t":56.98,"s":[3]},{"t":70,"s":[0]}],"ix":10},"p":{"a":0,"k":[215.5,166.5,0],"ix":2,"l":2},"a":{"a":0,"k":[250.5,201.5,0],"ix":1,"l":2},"s":{"a":0,"k":[100,100,100],"ix":6,"l":2}},"ao":0,"shapes":[{"ty":"gr","it":[{"ind":0,"ty":"sh","ix":1,"ks":{"a":0,"k":{"i":[[0,0],[0,0],[0,0],[0,0],[0,0],[0,0],[0,0],[0,0],[0,0],[0,0],[0,0],[0,0],[0,0],[0,0],[0,0],[0,0],[0,0],[0,0],[0,0],[0,0]],"o":[[0,0],[0,0],[0,0],[0,0],[0,0],[0,0],[0,0],[0,0],[0,0],[0,0],[0,0],[0,0],[0,0],[0,0],[0,0],[0,0],[0,0],[0,0],[0,0],[0,0]],"v":[[-117.528,-0.265],[-92.206,-30.39],[-94.989,-69.651],[-56.775,-79.115],[-35.981,-112.545],[0.5,-97.714],[36.981,-112.545],[57.775,-79.114],[95.99,-69.65],[93.206,-30.39],[118.528,-0.265],[93.206,29.86],[95.989,69.12],[57.775,78.584],[36.981,112.014],[0.5,97.183],[-35.981,112.014],[-56.775,78.584],[-94.99,69.119],[-92.206,29.86]],"c":true},"ix":2},"nm":"Path 2","mn":"ADBE Vector Shape - Group","hd":false},{"ty":"fl","c":{"a":0,"k":[1,0,0,1],"ix":4},"o":{"a":0,"k":100,"ix":5},"r":1,"bm":0,"nm":"Fill 1","mn":"ADBE Vector Graphic - Fill","hd":false},{"ty":"tr","p":{"a":0,"k":[250,201.765],"ix":2},"a":{"a":0,"k":[0,0],"ix":1},"s":{"a":0,"k":[100,100],"ix":3},"r":{"a":0,"k":0,"ix":6},"o":{"a":0,"k":100,"ix":7},"sk":{"a":0,"k":0,"ix":4},"sa":{"a":0,"k":0,"ix":5},"nm":"Transform"}],"nm":"Group 3","np":2,"cix":2,"bm":0,"ix":1,"mn":"ADBE Vector Group","hd":false}],"ip":0,"op":844,"st":0,"bm":0},{"ddd":0,"ind":4,"ty":4,"nm":"L","tt":2,"sr":1,"ks":{"o":{"a":0,"k":100,"ix":11},"r":{"a":1,"k":[{"i":{"x":[0.3],"y":[1]},"o":{"x":[0.333],"y":[0]},"t":0,"s":[0]},{"i":{"x":[0.667],"y":[1]},"o":{"x":[0.7],"y":[0]},"t":25,"s":[14]},{"i":{"x":[0.667],"y":[1]},"o":{"x":[0.333],"y":[0]},"t":45,"s":[-5]},{"i":{"x":[0.667],"y":[1]},"o":{"x":[0.333],"y":[0]},"t":61.98,"s":[3]},{"t":75,"s":[0]}],"ix":10},"p":{"a":0,"k":[217.023,159.079,0],"ix":2,"l":2},"a":{"a":0,"k":[77,-147,0],"ix":1,"l":2},"s":{"a":0,"k":[100,100,100],"ix":6,"l":2}},"ao":0,"shapes":[{"ty":"gr","it":[{"ind":0,"ty":"sh","ix":1,"ks":{"a":1,"k":[{"i":{"x":0.667,"y":1},"o":{"x":0.333,"y":0},"t":0,"s":[{"i":[[0,0],[0,0],[0,0],[0,0],[-36.999,64.037],[0,0]],"o":[[-33.89,58.653],[0,0],[0,0],[0,0],[0.002,-0.003],[0,0]],"v":[[31.1,-152.04],[-70.57,23.92],[-9.25,7.95],[7.57,69.04],[118.57,-123.07],[118.57,-123.08]],"c":false}]},{"i":{"x":0.3,"y":1},"o":{"x":0.333,"y":0},"t":8,"s":[{"i":[[0,0],[0,0],[0,0],[0,0],[-36.999,64.037],[0,0]],"o":[[-33.89,58.653],[0,0],[0,0],[0,0],[0.002,-0.003],[0,0]],"v":[[31.1,-152.04],[-48.074,42.154],[9.658,16.035],[36.576,73.397],[118.57,-123.07],[118.57,-123.08]],"c":false}]},{"i":{"x":0.667,"y":1},"o":{"x":0.7,"y":0},"t":33,"s":[{"i":[[0,0],[0,0],[0,0],[0,0],[-36.999,64.037],[0,0]],"o":[[-33.89,58.653],[0,0],[0,0],[0,0],[0.002,-0.003],[0,0]],"v":[[31.1,-152.04],[-100.564,-12.39],[-37.199,-12.219],[-36.49,51.14],[118.57,-123.07],[118.57,-123.08]],"c":false}]},{"i":{"x":0.667,"y":1},"o":{"x":0.333,"y":0},"t":53,"s":[{"i":[[0,0],[0,0],[0,0],[0,0],[-36.999,64.037],[0,0]],"o":[[-33.89,58.653],[0,0],[0,0],[0,0],[0.002,-0.003],[0,0]],"v":[[31.1,-152.04],[-8.244,63.992],[41.91,25.265],[81.329,74.875],[118.57,-123.07],[118.57,-123.08]],"c":false}]},{"i":{"x":0.667,"y":1},"o":{"x":0.333,"y":0},"t":70,"s":[{"i":[[0,0],[0,0],[0,0],[0,0],[-36.999,64.037],[0,0]],"o":[[-33.89,58.653],[0,0],[0,0],[0,0],[0.002,-0.003],[0,0]],"v":[[31.1,-152.04],[-84.414,7.162],[-22.15,-1.359],[-12.765,60.779],[118.57,-123.07],[118.57,-123.08]],"c":false}]},{"t":83,"s":[{"i":[[0,0],[0,0],[0,0],[0,0],[-36.999,64.037],[0,0]],"o":[[-33.89,58.653],[0,0],[0,0],[0,0],[0.002,-0.003],[0,0]],"v":[[31.1,-152.04],[-70.57,23.92],[-9.25,7.95],[7.57,69.04],[118.57,-123.07],[118.57,-123.08]],"c":false}]}],"ix":2},"nm":"Path 1","mn":"ADBE Vector Shape - Group","hd":false},{"ty":"st","c":{"a":0,"k":[0.071,0.075,0.192,1],"ix":3,"x":"var $bm_rt;\n$bm_rt = comp('1368-best-seller-outline').layer('control').effect('primary')('Color');"},"o":{"a":0,"k":100,"ix":4},"w":{"a":0,"k":12,"ix":5,"x":"var $bm_rt;\n$bm_rt = $bm_mul($bm_div(value, 2), comp('1368-best-seller-outline').layer('control').effect('stroke')('Menu'));"},"lc":2,"lj":2,"bm":0,"nm":".primary","mn":"ADBE Vector Graphic - Stroke","hd":false,"cl":"primary"},{"ty":"tr","p":{"a":0,"k":[0,0],"ix":2},"a":{"a":0,"k":[0,0],"ix":1},"s":{"a":0,"k":[100,100],"ix":3},"r":{"a":0,"k":0,"ix":6},"o":{"a":0,"k":100,"ix":7},"sk":{"a":0,"k":0,"ix":4},"sa":{"a":0,"k":0,"ix":5},"nm":"Transform"}],"nm":"Group 1","np":2,"cix":2,"bm":0,"ix":1,"mn":"ADBE Vector Group","hd":false}],"ip":0,"op":844,"st":0,"bm":0},{"ddd":0,"ind":5,"ty":4,"nm":"mask 2","td":1,"sr":1,"ks":{"o":{"a":0,"k":100,"ix":11},"r":{"a":1,"k":[{"i":{"x":[0.3],"y":[1]},"o":{"x":[0.333],"y":[0]},"t":0,"s":[0]},{"i":{"x":[0.667],"y":[1]},"o":{"x":[0.7],"y":[0]},"t":20,"s":[14]},{"i":{"x":[0.667],"y":[1]},"o":{"x":[0.333],"y":[0]},"t":40,"s":[-5]},{"i":{"x":[0.667],"y":[1]},"o":{"x":[0.333],"y":[0]},"t":56.98,"s":[3]},{"t":70,"s":[0]}],"ix":10},"p":{"a":0,"k":[215.5,166.5,0],"ix":2,"l":2},"a":{"a":0,"k":[250.5,201.5,0],"ix":1,"l":2},"s":{"a":0,"k":[100,100,100],"ix":6,"l":2}},"ao":0,"shapes":[{"ty":"gr","it":[{"ind":0,"ty":"sh","ix":1,"ks":{"a":0,"k":{"i":[[0,0],[0,0],[0,0],[0,0],[0,0],[0,0],[0,0],[0,0],[0,0],[0,0],[0,0],[0,0],[0,0],[0,0],[0,0],[0,0],[0,0],[0,0],[0,0],[0,0]],"o":[[0,0],[0,0],[0,0],[0,0],[0,0],[0,0],[0,0],[0,0],[0,0],[0,0],[0,0],[0,0],[0,0],[0,0],[0,0],[0,0],[0,0],[0,0],[0,0],[0,0]],"v":[[-117.528,-0.265],[-92.206,-30.39],[-94.989,-69.651],[-56.775,-79.115],[-35.981,-112.545],[0.5,-97.714],[36.981,-112.545],[57.775,-79.114],[95.99,-69.65],[93.206,-30.39],[118.528,-0.265],[93.206,29.86],[95.989,69.12],[57.775,78.584],[36.981,112.014],[0.5,97.183],[-35.981,112.014],[-56.775,78.584],[-94.99,69.119],[-92.206,29.86]],"c":true},"ix":2},"nm":"Path 2","mn":"ADBE Vector Shape - Group","hd":false},{"ty":"fl","c":{"a":0,"k":[1,0,0,1],"ix":4},"o":{"a":0,"k":100,"ix":5},"r":1,"bm":0,"nm":"Fill 1","mn":"ADBE Vector Graphic - Fill","hd":false},{"ty":"tr","p":{"a":0,"k":[250,201.765],"ix":2},"a":{"a":0,"k":[0,0],"ix":1},"s":{"a":0,"k":[100,100],"ix":3},"r":{"a":0,"k":0,"ix":6},"o":{"a":0,"k":100,"ix":7},"sk":{"a":0,"k":0,"ix":4},"sa":{"a":0,"k":0,"ix":5},"nm":"Transform"}],"nm":"Group 3","np":2,"cix":2,"bm":0,"ix":1,"mn":"ADBE Vector Group","hd":false}],"ip":0,"op":844,"st":0,"bm":0},{"ddd":0,"ind":6,"ty":4,"nm":"R","tt":2,"sr":1,"ks":{"o":{"a":0,"k":100,"ix":11},"r":{"a":1,"k":[{"i":{"x":[0.3],"y":[1]},"o":{"x":[0.333],"y":[0]},"t":0,"s":[0]},{"i":{"x":[0.667],"y":[1]},"o":{"x":[0.7],"y":[0]},"t":25,"s":[14]},{"i":{"x":[0.667],"y":[1]},"o":{"x":[0.333],"y":[0]},"t":48.104,"s":[0]},{"i":{"x":[0.667],"y":[1]},"o":{"x":[0.333],"y":[0]},"t":67.719,"s":[3]},{"t":82.7578125,"s":[0]}],"ix":10},"p":{"a":0,"k":[215.973,156.084,0],"ix":2,"l":2},"a":{"a":0,"k":[-74,-150,0],"ix":1,"l":2},"s":{"a":0,"k":[100,100,100],"ix":6,"l":2}},"ao":0,"shapes":[{"ty":"gr","it":[{"ind":0,"ty":"sh","ix":1,"ks":{"a":1,"k":[{"i":{"x":0.667,"y":1},"o":{"x":0.333,"y":0},"t":0,"s":[{"i":[[0,0],[0,0],[0,0],[0,0],[38,66.707]],"o":[[34.887,61.317],[0,0],[0,0],[0,0],[0,0]],"v":[[-34.09,-160.035],[70.57,23.915],[9.26,7.945],[-7.57,69.035],[-121.57,-131.085]],"c":false}]},{"i":{"x":0.3,"y":1},"o":{"x":0.333,"y":0},"t":8,"s":[{"i":[[0,0],[0,0],[0,0],[0,0],[38,66.707]],"o":[[34.887,61.317],[0,0],[0,0],[0,0],[0,0]],"v":[[-34.09,-160.035],[91.928,3.619],[29.023,-3.922],[20.599,58.881],[-121.57,-131.085]],"c":false}]},{"i":{"x":0.667,"y":1},"o":{"x":0.7,"y":0},"t":34.242,"s":[{"i":[[0,0],[0,0],[0,0],[0,0],[38,66.707]],"o":[[34.887,61.317],[0,0],[0,0],[0,0],[0,0]],"v":[[-34.09,-160.035],[31.289,49.705],[-24.469,19.621],[-55.335,74.961],[-121.57,-131.085]],"c":false}]},{"i":{"x":0.667,"y":1},"o":{"x":0.333,"y":0},"t":57.346,"s":[{"i":[[0,0],[0,0],[0,0],[0,0],[38,66.707]],"o":[[34.887,61.317],[0,0],[0,0],[0,0],[0,0]],"v":[[-34.09,-160.035],[112.219,-26.57],[48.986,-22.62],[52.051,40.672],[-121.57,-131.085]],"c":false}]},{"i":{"x":0.667,"y":1},"o":{"x":0.333,"y":0},"t":76.982,"s":[{"i":[[0,0],[0,0],[0,0],[0,0],[38,66.707]],"o":[[34.887,61.317],[0,0],[0,0],[0,0],[0,0]],"v":[[-34.09,-160.035],[52.44,35.818],[-6.307,13.334],[-29.616,71.77],[-121.57,-131.085]],"c":false}]},{"t":92,"s":[{"i":[[0,0],[0,0],[0,0],[0,0],[38,66.707]],"o":[[34.887,61.317],[0,0],[0,0],[0,0],[0,0]],"v":[[-34.09,-160.035],[70.57,23.915],[9.26,7.945],[-7.57,69.035],[-121.57,-131.085]],"c":false}]}],"ix":2},"nm":"Path 1","mn":"ADBE Vector Shape - Group","hd":false},{"ty":"st","c":{"a":0,"k":[0.071,0.075,0.192,1],"ix":3,"x":"var $bm_rt;\n$bm_rt = comp('1368-best-seller-outline').layer('control').effect('primary')('Color');"},"o":{"a":0,"k":100,"ix":4},"w":{"a":0,"k":12,"ix":5,"x":"var $bm_rt;\n$bm_rt = $bm_mul($bm_div(value, 2), comp('1368-best-seller-outline').layer('control').effect('stroke')('Menu'));"},"lc":2,"lj":2,"bm":0,"nm":".primary","mn":"ADBE Vector Graphic - Stroke","hd":false,"cl":"primary"},{"ty":"tr","p":{"a":0,"k":[0,0],"ix":2},"a":{"a":0,"k":[0,0],"ix":1},"s":{"a":0,"k":[100,100],"ix":3},"r":{"a":0,"k":0,"ix":6},"o":{"a":0,"k":100,"ix":7},"sk":{"a":0,"k":0,"ix":4},"sa":{"a":0,"k":0,"ix":5},"nm":"Transform"}],"nm":"Group 1","np":2,"cix":2,"bm":0,"ix":1,"mn":"ADBE Vector Group","hd":false}],"ip":0,"op":844,"st":0,"bm":0}]},{"id":"comp_3","nm":"hover-enlarge","fr":60,"layers":[{"ddd":0,"ind":1,"ty":4,"nm":"Badge","sr":1,"ks":{"o":{"a":0,"k":100,"ix":11},"r":{"a":1,"k":[{"i":{"x":[0.361],"y":[1]},"o":{"x":[0.333],"y":[0]},"t":0,"s":[0]},{"i":{"x":[0.667],"y":[1]},"o":{"x":[0.524],"y":[0]},"t":32,"s":[-28]},{"i":{"x":[0.667],"y":[1]},"o":{"x":[0.333],"y":[0]},"t":62,"s":[10]},{"t":83,"s":[0]}],"ix":10},"p":{"a":1,"k":[{"i":{"x":0.23,"y":1},"o":{"x":0.333,"y":0},"t":0,"s":[215.5,166.5,0],"to":[0,0,0],"ti":[0,0,0]},{"i":{"x":0.667,"y":1},"o":{"x":0.631,"y":0},"t":27,"s":[215.5,216.42,0],"to":[0,0,0],"ti":[0,0,0]},{"i":{"x":0.667,"y":1},"o":{"x":0.333,"y":0},"t":57,"s":[215.5,166.42,0],"to":[0,0,0],"ti":[0,0,0]},{"t":79,"s":[215.5,166.5,0]}],"ix":2,"l":2},"a":{"a":0,"k":[250.5,201.5,0],"ix":1,"l":2},"s":{"a":1,"k":[{"i":{"x":[0.23,0.23,0.23],"y":[1,1,1]},"o":{"x":[0.333,0.333,0.333],"y":[0,0,0]},"t":0,"s":[100,100,100]},{"i":{"x":[0.499,0.499,0.667],"y":[1,1,1]},"o":{"x":[0.631,0.631,0.77],"y":[0,0,0]},"t":31,"s":[147,147,100]},{"i":{"x":[0.667,0.667,0.667],"y":[1,1,1]},"o":{"x":[0.333,0.333,0.333],"y":[0,0,0]},"t":54,"s":[90,90,100]},{"t":76,"s":[100,100,100]}],"ix":6,"l":2}},"ao":0,"shapes":[{"ty":"gr","it":[{"ty":"gr","it":[{"ind":0,"ty":"sh","ix":1,"ks":{"a":0,"k":{"i":[[0,0],[0,0]],"o":[[0,0],[0,0]],"v":[[-0.157,0],[0.157,0]],"c":false},"ix":2},"nm":"Path 1","mn":"ADBE Vector Shape - Group","hd":false},{"ind":1,"ty":"sh","ix":2,"ks":{"a":0,"k":{"i":[[0,0],[0,0]],"o":[[0,0],[0,0]],"v":[[-92.381,1.316],[-92.066,1.316]],"c":false},"ix":2},"nm":"Path 2","mn":"ADBE Vector Shape - Group","hd":false},{"ty":"st","c":{"a":0,"k":[0.031,0.659,0.541,1],"ix":3,"x":"var $bm_rt;\n$bm_rt = comp('1368-best-seller-outline').layer('control').effect('secondary')('Color');"},"o":{"a":0,"k":100,"ix":4},"w":{"a":1,"k":[{"i":{"x":[0.141],"y":[1]},"o":{"x":[0.333],"y":[0]},"t":0,"s":[12]},{"i":{"x":[0.498],"y":[1]},"o":{"x":[0.481],"y":[0]},"t":27,"s":[7]},{"t":58,"s":[12]}],"ix":5,"x":"var $bm_rt;\n$bm_rt = $bm_mul($bm_div(value, 2), comp('1368-best-seller-outline').layer('control').effect('stroke')('Menu'));"},"lc":2,"lj":2,"bm":0,"nm":".secondary","mn":"ADBE Vector Graphic - Stroke","hd":false,"cl":"secondary"},{"ty":"tr","p":{"a":0,"k":[296.112,201.107],"ix":2},"a":{"a":0,"k":[0,0],"ix":1},"s":{"a":0,"k":[100,100],"ix":3},"r":{"a":0,"k":0,"ix":6},"o":{"a":0,"k":100,"ix":7},"sk":{"a":0,"k":0,"ix":4},"sa":{"a":0,"k":0,"ix":5},"nm":"Transform"}],"nm":"Group 1","np":3,"cix":2,"bm":0,"ix":1,"mn":"ADBE Vector Group","hd":false},{"ty":"tr","p":{"a":0,"k":[203.888,202.423],"ix":2},"a":{"a":0,"k":[203.888,202.423],"ix":1},"s":{"a":0,"k":[100,100],"ix":3},"r":{"a":0,"k":0,"ix":6},"o":{"a":0,"k":100,"ix":7},"sk":{"a":0,"k":0,"ix":4},"sa":{"a":0,"k":0,"ix":5},"nm":"Transform"}],"nm":"Group 1","np":1,"cix":2,"bm":0,"ix":1,"mn":"ADBE Vector Group","hd":false},{"ty":"gr","it":[{"ind":0,"ty":"sh","ix":1,"ks":{"a":0,"k":{"i":[[0,0],[0,0],[0,0]],"o":[[0,0],[0,0],[0,0]],"v":[[-8.706,-10.177],[8.706,-27.589],[8.706,27.589]],"c":false},"ix":2},"nm":"Path 1","mn":"ADBE Vector Shape - Group","hd":false},{"ty":"st","c":{"a":0,"k":[0.031,0.659,0.541,1],"ix":3,"x":"var $bm_rt;\n$bm_rt = comp('1368-best-seller-outline').layer('control').effect('secondary')('Color');"},"o":{"a":0,"k":100,"ix":4},"w":{"a":1,"k":[{"i":{"x":[0.141],"y":[1]},"o":{"x":[0.333],"y":[0]},"t":0,"s":[12]},{"i":{"x":[0.498],"y":[1]},"o":{"x":[0.481],"y":[0]},"t":27,"s":[7]},{"t":58,"s":[12]}],"ix":5,"x":"var $bm_rt;\n$bm_rt = $bm_mul($bm_div(value, 2), comp('1368-best-seller-outline').layer('control').effect('stroke')('Menu'));"},"lc":2,"lj":2,"bm":0,"nm":".secondary","mn":"ADBE Vector Graphic - Stroke","hd":false,"cl":"secondary"},{"ty":"tr","p":{"a":0,"k":[245.636,201.765],"ix":2},"a":{"a":0,"k":[0,0],"ix":1},"s":{"a":0,"k":[100,100],"ix":3},"r":{"a":0,"k":0,"ix":6},"o":{"a":0,"k":100,"ix":7},"sk":{"a":0,"k":0,"ix":4},"sa":{"a":0,"k":0,"ix":5},"nm":"Transform"}],"nm":"Group 2","np":2,"cix":2,"bm":0,"ix":2,"mn":"ADBE Vector Group","hd":false},{"ty":"gr","it":[{"ind":0,"ty":"sh","ix":1,"ks":{"a":0,"k":{"i":[[0,-37.565],[-37.565,0],[0,37.565],[37.565,0]],"o":[[0,37.565],[37.565,0],[0,-37.565],[-37.565,0]],"v":[[-68.017,0],[0,68.017],[68.017,0],[0,-68.017]],"c":true},"ix":2},"nm":"Path 1","mn":"ADBE Vector Shape - Group","hd":false},{"ind":1,"ty":"sh","ix":2,"ks":{"a":0,"k":{"i":[[0,0],[0,0],[0,0],[0,0],[0,0],[0,0],[0,0],[0,0],[0,0],[0,0],[0,0],[0,0],[0,0],[0,0],[0,0],[0,0],[0,0],[0,0],[0,0],[0,0]],"o":[[0,0],[0,0],[0,0],[0,0],[0,0],[0,0],[0,0],[0,0],[0,0],[0,0],[0,0],[0,0],[0,0],[0,0],[0,0],[0,0],[0,0],[0,0],[0,0],[0,0]],"v":[[-117.528,-0.265],[-92.206,-30.39],[-94.989,-69.651],[-56.775,-79.115],[-35.981,-112.545],[0.5,-97.714],[36.981,-112.545],[57.775,-79.114],[95.99,-69.65],[93.206,-30.39],[118.528,-0.265],[93.206,29.86],[95.989,69.12],[57.775,78.584],[36.981,112.014],[0.5,97.183],[-35.981,112.014],[-56.775,78.584],[-94.99,69.119],[-92.206,29.86]],"c":true},"ix":2},"nm":"Path 2","mn":"ADBE Vector Shape - Group","hd":false},{"ty":"st","c":{"a":0,"k":[0.071,0.075,0.192,1],"ix":3,"x":"var $bm_rt;\n$bm_rt = comp('1368-best-seller-outline').layer('control').effect('primary')('Color');"},"o":{"a":0,"k":100,"ix":4},"w":{"a":1,"k":[{"i":{"x":[0.141],"y":[1]},"o":{"x":[0.333],"y":[0]},"t":0,"s":[12]},{"i":{"x":[0.498],"y":[1]},"o":{"x":[0.481],"y":[0]},"t":27,"s":[7]},{"t":58,"s":[12]}],"ix":5,"x":"var $bm_rt;\n$bm_rt = $bm_mul($bm_div(value, 2), comp('1368-best-seller-outline').layer('control').effect('stroke')('Menu'));"},"lc":2,"lj":2,"bm":0,"nm":".primary","mn":"ADBE Vector Graphic - Stroke","hd":false,"cl":"primary"},{"ty":"tr","p":{"a":0,"k":[250,201.765],"ix":2},"a":{"a":0,"k":[0,0],"ix":1},"s":{"a":0,"k":[100,100],"ix":3},"r":{"a":0,"k":0,"ix":6},"o":{"a":0,"k":100,"ix":7},"sk":{"a":0,"k":0,"ix":4},"sa":{"a":0,"k":0,"ix":5},"nm":"Transform"}],"nm":"Group 3","np":3,"cix":2,"bm":0,"ix":3,"mn":"ADBE Vector Group","hd":false}],"ip":0,"op":844,"st":0,"bm":0},{"ddd":0,"ind":2,"ty":4,"nm":"mask","td":1,"sr":1,"ks":{"o":{"a":0,"k":100,"ix":11},"r":{"a":1,"k":[{"i":{"x":[0.361],"y":[1]},"o":{"x":[0.333],"y":[0]},"t":0,"s":[0]},{"i":{"x":[0.667],"y":[1]},"o":{"x":[0.524],"y":[0]},"t":32,"s":[-28]},{"i":{"x":[0.667],"y":[1]},"o":{"x":[0.333],"y":[0]},"t":62,"s":[10]},{"t":83,"s":[0]}],"ix":10},"p":{"a":1,"k":[{"i":{"x":0.23,"y":1},"o":{"x":0.333,"y":0},"t":0,"s":[215.5,166.5,0],"to":[0,0,0],"ti":[0,0,0]},{"i":{"x":0.667,"y":1},"o":{"x":0.631,"y":0},"t":27,"s":[215.5,216.42,0],"to":[0,0,0],"ti":[0,0,0]},{"i":{"x":0.667,"y":1},"o":{"x":0.333,"y":0},"t":57,"s":[215.5,166.42,0],"to":[0,0,0],"ti":[0,0,0]},{"t":79,"s":[215.5,166.5,0]}],"ix":2,"l":2},"a":{"a":0,"k":[250.5,201.5,0],"ix":1,"l":2},"s":{"a":1,"k":[{"i":{"x":[0.23,0.23,0.23],"y":[1,1,1]},"o":{"x":[0.333,0.333,0.333],"y":[0,0,0]},"t":0,"s":[100,100,100]},{"i":{"x":[0.499,0.499,0.667],"y":[1,1,1]},"o":{"x":[0.631,0.631,0.77],"y":[0,0,0]},"t":31,"s":[147,147,100]},{"i":{"x":[0.667,0.667,0.667],"y":[1,1,1]},"o":{"x":[0.333,0.333,0.333],"y":[0,0,0]},"t":54,"s":[90,90,100]},{"t":76,"s":[100,100,100]}],"ix":6,"l":2}},"ao":0,"shapes":[{"ty":"gr","it":[{"ind":0,"ty":"sh","ix":1,"ks":{"a":0,"k":{"i":[[0,0],[0,0],[0,0],[0,0],[0,0],[0,0],[0,0],[0,0],[0,0],[0,0],[0,0],[0,0],[0,0],[0,0],[0,0],[0,0],[0,0],[0,0],[0,0],[0,0]],"o":[[0,0],[0,0],[0,0],[0,0],[0,0],[0,0],[0,0],[0,0],[0,0],[0,0],[0,0],[0,0],[0,0],[0,0],[0,0],[0,0],[0,0],[0,0],[0,0],[0,0]],"v":[[-117.528,-0.265],[-92.206,-30.39],[-94.989,-69.651],[-56.775,-79.115],[-35.981,-112.545],[0.5,-97.714],[36.981,-112.545],[57.775,-79.114],[95.99,-69.65],[93.206,-30.39],[118.528,-0.265],[93.206,29.86],[95.989,69.12],[57.775,78.584],[36.981,112.014],[0.5,97.183],[-35.981,112.014],[-56.775,78.584],[-94.99,69.119],[-92.206,29.86]],"c":true},"ix":2},"nm":"Path 2","mn":"ADBE Vector Shape - Group","hd":false},{"ty":"fl","c":{"a":0,"k":[1,0,0,1],"ix":4},"o":{"a":0,"k":100,"ix":5},"r":1,"bm":0,"nm":"Fill 1","mn":"ADBE Vector Graphic - Fill","hd":false},{"ty":"tr","p":{"a":0,"k":[250,201.765],"ix":2},"a":{"a":0,"k":[0,0],"ix":1},"s":{"a":0,"k":[100,100],"ix":3},"r":{"a":0,"k":0,"ix":6},"o":{"a":0,"k":100,"ix":7},"sk":{"a":0,"k":0,"ix":4},"sa":{"a":0,"k":0,"ix":5},"nm":"Transform"}],"nm":"Group 3","np":2,"cix":2,"bm":0,"ix":1,"mn":"ADBE Vector Group","hd":false}],"ip":0,"op":844,"st":0,"bm":0},{"ddd":0,"ind":3,"ty":0,"nm":"badge","tt":2,"refId":"comp_4","sr":1,"ks":{"o":{"a":0,"k":100,"ix":11},"r":{"a":0,"k":0,"ix":10},"p":{"a":0,"k":[215,215,0],"ix":2,"l":2},"a":{"a":0,"k":[215,215,0],"ix":1,"l":2},"s":{"a":0,"k":[100,100,100],"ix":6,"l":2}},"ao":0,"w":430,"h":430,"ip":0,"op":844,"st":0,"bm":0}]},{"id":"comp_4","nm":"badge","fr":60,"layers":[{"ddd":0,"ind":1,"ty":3,"nm":"guide","sr":1,"ks":{"o":{"a":0,"k":100,"ix":11},"r":{"a":0,"k":0,"ix":10},"p":{"a":1,"k":[{"i":{"x":0.23,"y":1},"o":{"x":0.333,"y":0},"t":0,"s":[215.5,166.5,0],"to":[0,0,0],"ti":[0,0,0]},{"i":{"x":0.667,"y":1},"o":{"x":0.631,"y":0},"t":27,"s":[215.5,216.42,0],"to":[0,0,0],"ti":[0,0,0]},{"i":{"x":0.667,"y":1},"o":{"x":0.333,"y":0},"t":57,"s":[215.5,166.42,0],"to":[0,0,0],"ti":[0,0,0]},{"t":79,"s":[215.5,166.5,0]}],"ix":2,"l":2},"a":{"a":0,"k":[250.5,201.5,0],"ix":1,"l":2},"s":{"a":1,"k":[{"i":{"x":[0.23,0.23,0.23],"y":[1,1,1]},"o":{"x":[0.333,0.333,0.333],"y":[0,0,0]},"t":0,"s":[100,100,100]},{"i":{"x":[0.499,0.499,0.667],"y":[1,1,1]},"o":{"x":[0.631,0.631,0.77],"y":[0,0,0]},"t":31,"s":[147,147,100]},{"i":{"x":[0.667,0.667,0.667],"y":[1,1,1]},"o":{"x":[0.333,0.333,0.333],"y":[0,0,0]},"t":54,"s":[90,90,100]},{"t":76,"s":[100,100,100]}],"ix":6,"l":2}},"ao":0,"ip":0,"op":844,"st":0,"bm":0},{"ddd":0,"ind":2,"ty":4,"nm":"L","parent":1,"sr":1,"ks":{"o":{"a":0,"k":100,"ix":11},"r":{"a":1,"k":[{"i":{"x":[0.667],"y":[1]},"o":{"x":[0.333],"y":[0]},"t":0,"s":[0]},{"i":{"x":[0.667],"y":[0.726]},"o":{"x":[0.333],"y":[0]},"t":16,"s":[-5]},{"i":{"x":[0.667],"y":[1]},"o":{"x":[0.333],"y":[-0.151]},"t":34,"s":[6.257]},{"i":{"x":[0.667],"y":[1]},"o":{"x":[0.333],"y":[0]},"t":51,"s":[-13]},{"i":{"x":[0.667],"y":[1]},"o":{"x":[0.333],"y":[0]},"t":74,"s":[3]},{"t":104,"s":[0]}],"ix":10},"p":{"a":0,"k":[252.023,194.079,0],"ix":2,"l":2},"a":{"a":0,"k":[77,-147,0],"ix":1,"l":2},"s":{"a":0,"k":[100,100,100],"ix":6,"l":2}},"ao":0,"shapes":[{"ty":"gr","it":[{"ind":0,"ty":"sh","ix":1,"ks":{"a":1,"k":[{"i":{"x":0.22,"y":1},"o":{"x":0.333,"y":0},"t":0,"s":[{"i":[[0,0],[0,0],[0,0],[0,0],[-36.999,64.037],[0,0]],"o":[[-33.89,58.653],[0,0],[0,0],[0,0],[0.002,-0.003],[0,0]],"v":[[31.1,-152.04],[-70.57,23.92],[-9.25,7.95],[7.57,69.04],[118.57,-123.07],[118.57,-123.08]],"c":false}]},{"i":{"x":0.43,"y":1},"o":{"x":0.78,"y":0},"t":16,"s":[{"i":[[0,0],[0,0],[0,0],[0,0],[-63.629,112.846],[0,0]],"o":[[-52.464,89.922],[0,0],[0,0],[0,0],[0.002,-0.003],[0,0]],"v":[[31.1,-152.04],[-11.946,-27.034],[7.818,-23.015],[22.325,-7.245],[118.57,-123.07],[118.57,-123.08]],"c":false}]},{"i":{"x":0.833,"y":0.833},"o":{"x":0.57,"y":0},"t":34,"s":[{"i":[[0,0],[0,0],[0,0],[0,0],[-36.999,64.037],[0,0]],"o":[[-33.89,58.653],[0,0],[0,0],[0,0],[0.002,-0.003],[0,0]],"v":[[31.1,-152.04],[-55.826,-36.099],[8.515,-31.421],[35.755,0.16],[118.57,-123.07],[118.57,-123.08]],"c":false}]},{"i":{"x":0.667,"y":1},"o":{"x":0.167,"y":0.167},"t":48,"s":[{"i":[[0,0],[0,0],[0,0],[0,0],[-58.341,136.759],[0,0]],"o":[[-65.99,125.041],[0,0],[0,0],[0,0],[0.001,-0.003],[0,0]],"v":[[31.1,-152.04],[-112.338,12.849],[-23.666,20.443],[-1.882,68.558],[118.57,-123.07],[118.57,-123.08]],"c":false}]},{"i":{"x":0.667,"y":1},"o":{"x":0.333,"y":0},"t":64,"s":[{"i":[[0,0],[0,0],[0,0],[0,0],[-54.687,96.456],[0,0]],"o":[[-46.227,79.422],[0,0],[0,0],[0,0],[0.002,-0.003],[0,0]],"v":[[31.1,-152.04],[-31.632,-9.924],[2.086,-12.617],[17.37,18.371],[118.57,-123.07],[118.57,-123.08]],"c":false}]},{"t":88,"s":[{"i":[[0,0],[0,0],[0,0],[0,0],[-36.999,64.037],[0,0]],"o":[[-33.89,58.653],[0,0],[0,0],[0,0],[0.002,-0.003],[0,0]],"v":[[31.1,-152.04],[-70.57,23.92],[-9.25,7.95],[7.57,69.04],[118.57,-123.07],[118.57,-123.08]],"c":false}]}],"ix":2},"nm":"Path 1","mn":"ADBE Vector Shape - Group","hd":false},{"ty":"tm","s":{"a":0,"k":0,"ix":1},"e":{"a":1,"k":[{"i":{"x":[0.833],"y":[0.833]},"o":{"x":[0.167],"y":[0.167]},"t":2,"s":[100]},{"i":{"x":[0.833],"y":[0.833]},"o":{"x":[0.167],"y":[0.167]},"t":22,"s":[72]},{"i":{"x":[0.833],"y":[0.833]},"o":{"x":[0.167],"y":[0.167]},"t":27,"s":[77.167]},{"i":{"x":[0.833],"y":[0.833]},"o":{"x":[0.167],"y":[0.167]},"t":33,"s":[82.309]},{"i":{"x":[0.833],"y":[0.833]},"o":{"x":[0.167],"y":[0.167]},"t":34,"s":[82]},{"i":{"x":[0.833],"y":[0.833]},"o":{"x":[0.167],"y":[0.167]},"t":38,"s":[81.891]},{"i":{"x":[0.833],"y":[0.833]},"o":{"x":[0.167],"y":[0.167]},"t":41,"s":[80.059]},{"i":{"x":[0.833],"y":[0.833]},"o":{"x":[0.167],"y":[0.167]},"t":51,"s":[70]},{"i":{"x":[0.833],"y":[0.833]},"o":{"x":[0.167],"y":[0.167]},"t":56,"s":[70]},{"i":{"x":[0.833],"y":[0.833]},"o":{"x":[0.167],"y":[0.167]},"t":73,"s":[82]},{"t":83,"s":[100]}],"ix":2},"o":{"a":0,"k":0,"ix":3},"m":1,"ix":2,"nm":"Trim Paths 1","mn":"ADBE Vector Filter - Trim","hd":false},{"ty":"st","c":{"a":0,"k":[0.071,0.075,0.192,1],"ix":3,"x":"var $bm_rt;\n$bm_rt = comp('1368-best-seller-outline').layer('control').effect('primary')('Color');"},"o":{"a":0,"k":100,"ix":4},"w":{"a":1,"k":[{"i":{"x":[0.141],"y":[1]},"o":{"x":[0.333],"y":[0]},"t":0,"s":[12]},{"i":{"x":[0.498],"y":[1]},"o":{"x":[0.481],"y":[0]},"t":23,"s":[7]},{"t":58,"s":[12]}],"ix":5,"x":"var $bm_rt;\n$bm_rt = $bm_mul($bm_div(value, 2), comp('1368-best-seller-outline').layer('control').effect('stroke')('Menu'));"},"lc":2,"lj":2,"bm":0,"nm":".primary","mn":"ADBE Vector Graphic - Stroke","hd":false,"cl":"primary"},{"ty":"tr","p":{"a":0,"k":[0,0],"ix":2},"a":{"a":0,"k":[0,0],"ix":1},"s":{"a":0,"k":[100,100],"ix":3},"r":{"a":0,"k":0,"ix":6},"o":{"a":0,"k":100,"ix":7},"sk":{"a":0,"k":0,"ix":4},"sa":{"a":0,"k":0,"ix":5},"nm":"Transform"}],"nm":"Group 1","np":3,"cix":2,"bm":0,"ix":1,"mn":"ADBE Vector Group","hd":false}],"ip":0,"op":844,"st":0,"bm":0},{"ddd":0,"ind":3,"ty":4,"nm":"R","parent":1,"sr":1,"ks":{"o":{"a":0,"k":100,"ix":11},"r":{"a":1,"k":[{"i":{"x":[0.667],"y":[1]},"o":{"x":[0.333],"y":[0]},"t":0,"s":[0]},{"i":{"x":[0.667],"y":[0.638]},"o":{"x":[0.333],"y":[0]},"t":16,"s":[9]},{"i":{"x":[0.667],"y":[1]},"o":{"x":[0.333],"y":[-0.253]},"t":34,"s":[-2.343]},{"i":{"x":[0.667],"y":[1]},"o":{"x":[0.333],"y":[0]},"t":51,"s":[13]},{"i":{"x":[0.667],"y":[1]},"o":{"x":[0.333],"y":[0]},"t":74,"s":[-3]},{"t":104,"s":[0]}],"ix":10},"p":{"a":0,"k":[250.973,191.084,0],"ix":2,"l":2},"a":{"a":0,"k":[-74,-150,0],"ix":1,"l":2},"s":{"a":0,"k":[100,100,100],"ix":6,"l":2}},"ao":0,"shapes":[{"ty":"gr","it":[{"ind":0,"ty":"sh","ix":1,"ks":{"a":1,"k":[{"i":{"x":0.22,"y":1},"o":{"x":0.333,"y":0},"t":0,"s":[{"i":[[0,0],[0,0],[0,0],[0,0],[38,66.707]],"o":[[34.887,61.317],[0,0],[0,0],[0,0],[0,0]],"v":[[-34.09,-160.035],[70.57,23.915],[9.26,7.945],[-7.57,69.035],[-121.57,-131.085]],"c":false}]},{"i":{"x":0.43,"y":1},"o":{"x":0.78,"y":0},"t":16,"s":[{"i":[[0,0],[0,0],[0,0],[0,0],[44.957,91.953]],"o":[[44.138,74.699],[0,0],[0,0],[0,0],[0,0]],"v":[[-34.09,-160.035],[14.752,-22.855],[-7.61,-18.665],[-20.889,-4.7],[-121.57,-131.085]],"c":false}]},{"i":{"x":0.833,"y":0.833},"o":{"x":0.57,"y":0},"t":34,"s":[{"i":[[0,0],[0,0],[0,0],[0,0],[38,66.707]],"o":[[34.887,61.317],[0,0],[0,0],[0,0],[0,0]],"v":[[-34.09,-160.035],[55.75,-23.169],[-5.56,-39.139],[-31.497,1.685],[-121.57,-131.085]],"c":false}]},{"i":{"x":0.667,"y":1},"o":{"x":0.167,"y":0.167},"t":48,"s":[{"i":[[0,0],[0,0],[0,0],[0,0],[68.731,140.338]],"o":[[51.751,116.718],[0,0],[0,0],[0,0],[0,0]],"v":[[-34.09,-160.035],[111.193,0.092],[25.696,17.413],[8.866,78.503],[-121.57,-131.085]],"c":false}]},{"i":{"x":0.667,"y":1},"o":{"x":0.333,"y":0},"t":64,"s":[{"i":[[0,0],[0,0],[0,0],[0,0],[42.621,83.475]],"o":[[41.032,70.205],[0,0],[0,0],[0,0],[0,0]],"v":[[-34.09,-160.035],[33.496,-7.15],[-1.945,-9.73],[-16.416,20.06],[-121.57,-131.085]],"c":false}]},{"t":88,"s":[{"i":[[0,0],[0,0],[0,0],[0,0],[38,66.707]],"o":[[34.887,61.317],[0,0],[0,0],[0,0],[0,0]],"v":[[-34.09,-160.035],[70.57,23.915],[9.26,7.945],[-7.57,69.035],[-121.57,-131.085]],"c":false}]}],"ix":2},"nm":"Path 1","mn":"ADBE Vector Shape - Group","hd":false},{"ty":"st","c":{"a":0,"k":[0.071,0.075,0.192,1],"ix":3,"x":"var $bm_rt;\n$bm_rt = comp('1368-best-seller-outline').layer('control').effect('primary')('Color');"},"o":{"a":0,"k":100,"ix":4},"w":{"a":1,"k":[{"i":{"x":[0.141],"y":[1]},"o":{"x":[0.333],"y":[0]},"t":0,"s":[12]},{"i":{"x":[0.498],"y":[1]},"o":{"x":[0.481],"y":[0]},"t":23,"s":[7]},{"t":58,"s":[12]}],"ix":5,"x":"var $bm_rt;\n$bm_rt = $bm_mul($bm_div(value, 2), comp('1368-best-seller-outline').layer('control').effect('stroke')('Menu'));"},"lc":2,"lj":2,"bm":0,"nm":".primary","mn":"ADBE Vector Graphic - Stroke","hd":false,"cl":"primary"},{"ty":"tr","p":{"a":0,"k":[0,0],"ix":2},"a":{"a":0,"k":[0,0],"ix":1},"s":{"a":0,"k":[100,100],"ix":3},"r":{"a":0,"k":0,"ix":6},"o":{"a":0,"k":100,"ix":7},"sk":{"a":0,"k":0,"ix":4},"sa":{"a":0,"k":0,"ix":5},"nm":"Transform"}],"nm":"Group 1","np":2,"cix":2,"bm":0,"ix":1,"mn":"ADBE Vector Group","hd":false}],"ip":0,"op":844,"st":0,"bm":0}]},{"id":"comp_5","nm":"loop-cycle","fr":60,"layers":[{"ddd":0,"ind":1,"ty":4,"nm":"Badge","sr":1,"ks":{"o":{"a":0,"k":100,"ix":11},"r":{"a":0,"k":0,"ix":10},"p":{"a":0,"k":[215.5,166.5,0],"ix":2,"l":2},"a":{"a":0,"k":[250.5,201.5,0],"ix":1,"l":2},"s":{"a":0,"k":[100,100,100],"ix":6,"l":2}},"ao":0,"shapes":[{"ty":"gr","it":[{"ty":"gr","it":[{"ind":0,"ty":"sh","ix":1,"ks":{"a":0,"k":{"i":[[0,0],[0,0]],"o":[[0,0],[0,0]],"v":[[-0.157,0],[0.157,0]],"c":false},"ix":2},"nm":"Path 1","mn":"ADBE Vector Shape - Group","hd":false},{"ind":1,"ty":"sh","ix":2,"ks":{"a":0,"k":{"i":[[0,0],[0,0]],"o":[[0,0],[0,0]],"v":[[-92.381,1.316],[-92.066,1.316]],"c":false},"ix":2},"nm":"Path 2","mn":"ADBE Vector Shape - Group","hd":false},{"ty":"st","c":{"a":0,"k":[0.031,0.659,0.541,1],"ix":3,"x":"var $bm_rt;\n$bm_rt = comp('1368-best-seller-outline').layer('control').effect('secondary')('Color');"},"o":{"a":0,"k":100,"ix":4},"w":{"a":0,"k":12,"ix":5,"x":"var $bm_rt;\n$bm_rt = $bm_mul($bm_div(value, 2), comp('1368-best-seller-outline').layer('control').effect('stroke')('Menu'));"},"lc":2,"lj":2,"bm":0,"nm":".secondary","mn":"ADBE Vector Graphic - Stroke","hd":false,"cl":"secondary"},{"ty":"tr","p":{"a":0,"k":[296.112,201.107],"ix":2},"a":{"a":0,"k":[0,0],"ix":1},"s":{"a":0,"k":[100,100],"ix":3},"r":{"a":0,"k":0,"ix":6},"o":{"a":0,"k":100,"ix":7},"sk":{"a":0,"k":0,"ix":4},"sa":{"a":0,"k":0,"ix":5},"nm":"Transform"}],"nm":"Group 1","np":3,"cix":2,"bm":0,"ix":1,"mn":"ADBE Vector Group","hd":false},{"ty":"tr","p":{"a":0,"k":[203.888,202.423],"ix":2},"a":{"a":0,"k":[203.888,202.423],"ix":1},"s":{"a":0,"k":[100,100],"ix":3},"r":{"a":0,"k":0,"ix":6},"o":{"a":0,"k":100,"ix":7},"sk":{"a":0,"k":0,"ix":4},"sa":{"a":0,"k":0,"ix":5},"nm":"Transform"}],"nm":"Group 1","np":1,"cix":2,"bm":0,"ix":1,"mn":"ADBE Vector Group","hd":false},{"ty":"gr","it":[{"ind":0,"ty":"sh","ix":1,"ks":{"a":0,"k":{"i":[[0,0],[0,0],[0,0]],"o":[[0,0],[0,0],[0,0]],"v":[[-8.706,-10.177],[8.706,-27.589],[8.706,27.589]],"c":false},"ix":2},"nm":"Path 1","mn":"ADBE Vector Shape - Group","hd":false},{"ty":"st","c":{"a":0,"k":[0.031,0.659,0.541,1],"ix":3,"x":"var $bm_rt;\n$bm_rt = comp('1368-best-seller-outline').layer('control').effect('secondary')('Color');"},"o":{"a":0,"k":100,"ix":4},"w":{"a":0,"k":12,"ix":5,"x":"var $bm_rt;\n$bm_rt = $bm_mul($bm_div(value, 2), comp('1368-best-seller-outline').layer('control').effect('stroke')('Menu'));"},"lc":2,"lj":2,"bm":0,"nm":".secondary","mn":"ADBE Vector Graphic - Stroke","hd":false,"cl":"secondary"},{"ty":"tr","p":{"a":0,"k":[245.636,201.765],"ix":2},"a":{"a":0,"k":[0,0],"ix":1},"s":{"a":0,"k":[100,100],"ix":3},"r":{"a":0,"k":0,"ix":6},"o":{"a":0,"k":100,"ix":7},"sk":{"a":0,"k":0,"ix":4},"sa":{"a":0,"k":0,"ix":5},"nm":"Transform"}],"nm":"Group 2","np":2,"cix":2,"bm":0,"ix":2,"mn":"ADBE Vector Group","hd":false},{"ty":"gr","it":[{"ind":0,"ty":"sh","ix":1,"ks":{"a":0,"k":{"i":[[0,-37.565],[-37.565,0],[0,37.565],[37.565,0]],"o":[[0,37.565],[37.565,0],[0,-37.565],[-37.565,0]],"v":[[-68.017,0],[0,68.017],[68.017,0],[0,-68.017]],"c":true},"ix":2},"nm":"Path 1","mn":"ADBE Vector Shape - Group","hd":false},{"ind":1,"ty":"sh","ix":2,"ks":{"a":0,"k":{"i":[[0,0],[0,0],[0,0],[0,0],[0,0],[0,0],[0,0],[0,0],[0,0],[0,0],[0,0],[0,0],[0,0],[0,0],[0,0],[0,0],[0,0],[0,0],[0,0],[0,0]],"o":[[0,0],[0,0],[0,0],[0,0],[0,0],[0,0],[0,0],[0,0],[0,0],[0,0],[0,0],[0,0],[0,0],[0,0],[0,0],[0,0],[0,0],[0,0],[0,0],[0,0]],"v":[[-117.528,-0.265],[-92.206,-30.39],[-94.989,-69.651],[-56.775,-79.115],[-35.981,-112.545],[0.5,-97.714],[36.981,-112.545],[57.775,-79.114],[95.99,-69.65],[93.206,-30.39],[118.528,-0.265],[93.206,29.86],[95.989,69.12],[57.775,78.584],[36.981,112.014],[0.5,97.183],[-35.981,112.014],[-56.775,78.584],[-94.99,69.119],[-92.206,29.86]],"c":true},"ix":2},"nm":"Path 2","mn":"ADBE Vector Shape - Group","hd":false},{"ty":"st","c":{"a":0,"k":[0.071,0.075,0.192,1],"ix":3,"x":"var $bm_rt;\n$bm_rt = comp('1368-best-seller-outline').layer('control').effect('primary')('Color');"},"o":{"a":0,"k":100,"ix":4},"w":{"a":0,"k":12,"ix":5,"x":"var $bm_rt;\n$bm_rt = $bm_mul($bm_div(value, 2), comp('1368-best-seller-outline').layer('control').effect('stroke')('Menu'));"},"lc":2,"lj":2,"bm":0,"nm":".primary","mn":"ADBE Vector Graphic - Stroke","hd":false,"cl":"primary"},{"ty":"tr","p":{"a":0,"k":[250,201.765],"ix":2},"a":{"a":0,"k":[0,0],"ix":1},"s":{"a":0,"k":[100,100],"ix":3},"r":{"a":1,"k":[{"i":{"x":[0.833],"y":[0.833]},"o":{"x":[0.167],"y":[0.167]},"t":0,"s":[0]},{"t":83,"s":[72]}],"ix":6},"o":{"a":0,"k":100,"ix":7},"sk":{"a":0,"k":0,"ix":4},"sa":{"a":0,"k":0,"ix":5},"nm":"Transform"}],"nm":"Group 3","np":3,"cix":2,"bm":0,"ix":3,"mn":"ADBE Vector Group","hd":false}],"ip":0,"op":844,"st":0,"bm":0},{"ddd":0,"ind":2,"ty":4,"nm":"mask","td":1,"sr":1,"ks":{"o":{"a":0,"k":100,"ix":11},"r":{"a":0,"k":0,"ix":10},"p":{"a":0,"k":[215.5,166.5,0],"ix":2,"l":2},"a":{"a":0,"k":[250.5,201.5,0],"ix":1,"l":2},"s":{"a":0,"k":[100,100,100],"ix":6,"l":2}},"ao":0,"shapes":[{"ty":"gr","it":[{"ind":0,"ty":"sh","ix":1,"ks":{"a":0,"k":{"i":[[0,0],[0,0],[0,0],[0,0],[0,0],[0,0],[0,0],[0,0],[0,0],[0,0],[0,0],[0,0],[0,0],[0,0],[0,0],[0,0],[0,0],[0,0],[0,0],[0,0]],"o":[[0,0],[0,0],[0,0],[0,0],[0,0],[0,0],[0,0],[0,0],[0,0],[0,0],[0,0],[0,0],[0,0],[0,0],[0,0],[0,0],[0,0],[0,0],[0,0],[0,0]],"v":[[-117.528,-0.265],[-92.206,-30.39],[-94.989,-69.651],[-56.775,-79.115],[-35.981,-112.545],[0.5,-97.714],[36.981,-112.545],[57.775,-79.114],[95.99,-69.65],[93.206,-30.39],[118.528,-0.265],[93.206,29.86],[95.989,69.12],[57.775,78.584],[36.981,112.014],[0.5,97.183],[-35.981,112.014],[-56.775,78.584],[-94.99,69.119],[-92.206,29.86]],"c":true},"ix":2},"nm":"Path 2","mn":"ADBE Vector Shape - Group","hd":false},{"ty":"fl","c":{"a":0,"k":[1,0,0,1],"ix":4},"o":{"a":0,"k":100,"ix":5},"r":1,"bm":0,"nm":"Fill 1","mn":"ADBE Vector Graphic - Fill","hd":false},{"ty":"tr","p":{"a":0,"k":[250,201.765],"ix":2},"a":{"a":0,"k":[0,0],"ix":1},"s":{"a":0,"k":[100,100],"ix":3},"r":{"a":1,"k":[{"i":{"x":[0.833],"y":[0.833]},"o":{"x":[0.167],"y":[0.167]},"t":0,"s":[0]},{"t":83,"s":[72]}],"ix":6},"o":{"a":0,"k":100,"ix":7},"sk":{"a":0,"k":0,"ix":4},"sa":{"a":0,"k":0,"ix":5},"nm":"Transform"}],"nm":"Group 3","np":2,"cix":2,"bm":0,"ix":1,"mn":"ADBE Vector Group","hd":false}],"ip":0,"op":844,"st":0,"bm":0},{"ddd":0,"ind":3,"ty":0,"nm":"badge","tt":2,"refId":"comp_6","sr":1,"ks":{"o":{"a":0,"k":100,"ix":11},"r":{"a":0,"k":0,"ix":10},"p":{"a":0,"k":[215,215,0],"ix":2,"l":2},"a":{"a":0,"k":[215,215,0],"ix":1,"l":2},"s":{"a":0,"k":[100,100,100],"ix":6,"l":2}},"ao":0,"w":430,"h":430,"ip":0,"op":844,"st":0,"bm":0}]},{"id":"comp_6","nm":"badge","fr":60,"layers":[{"ddd":0,"ind":1,"ty":4,"nm":"L","sr":1,"ks":{"o":{"a":0,"k":100,"ix":11},"r":{"a":1,"k":[{"i":{"x":[0.667],"y":[1]},"o":{"x":[0.333],"y":[0]},"t":0,"s":[-5]},{"i":{"x":[0.833],"y":[0.833]},"o":{"x":[0.333],"y":[0]},"t":41,"s":[5]},{"i":{"x":[0.667],"y":[1]},"o":{"x":[0.167],"y":[0.167]},"t":63,"s":[0]},{"t":83,"s":[-5]}],"ix":10},"p":{"a":0,"k":[217.023,159.079,0],"ix":2,"l":2},"a":{"a":0,"k":[77,-147,0],"ix":1,"l":2},"s":{"a":0,"k":[100,100,100],"ix":6,"l":2}},"ao":0,"shapes":[{"ty":"gr","it":[{"ind":0,"ty":"sh","ix":1,"ks":{"a":1,"k":[{"i":{"x":0.667,"y":1},"o":{"x":0.167,"y":0.167},"t":0,"s":[{"i":[[0,0],[0,0],[0,0],[0,0],[-36.999,64.037],[0,0]],"o":[[-33.89,58.653],[0,0],[0,0],[0,0],[0.002,-0.003],[0,0]],"v":[[31.1,-152.04],[-70.57,23.92],[-9.25,7.95],[7.57,69.04],[118.57,-123.07],[118.57,-123.08]],"c":false}]},{"i":{"x":0.833,"y":0.833},"o":{"x":0.333,"y":0},"t":20,"s":[{"i":[[0,0],[0,0],[0,0],[0,0],[-65.004,104.917],[0,0]],"o":[[-59.914,96.124],[0,0],[0,0],[0,0],[0.002,-0.003],[0,0]],"v":[[31.1,-152.04],[-41.236,50.133],[11.036,14.317],[47.574,66.085],[118.57,-123.07],[118.57,-123.08]],"c":false}]},{"i":{"x":0.667,"y":1},"o":{"x":0.167,"y":0.167},"t":41,"s":[{"i":[[0,0],[0,0],[0,0],[0,0],[-36.999,64.037],[0,0]],"o":[[-33.89,58.653],[0,0],[0,0],[0,0],[0.002,-0.003],[0,0]],"v":[[31.1,-152.04],[-70.57,23.92],[-9.25,7.95],[7.57,69.04],[118.57,-123.07],[118.57,-123.08]],"c":false}]},{"i":{"x":0.833,"y":0.833},"o":{"x":0.333,"y":0},"t":61,"s":[{"i":[[0,0],[0,0],[0,0],[0,0],[-38.618,78.968],[0,0]],"o":[[-32.438,77.706],[0,0],[0,0],[0,0],[0.001,-0.003],[0,0]],"v":[[31.1,-152.04],[-82.698,-0.475],[-19.378,1.933],[-20.906,65.278],[118.57,-123.07],[118.57,-123.08]],"c":false}]},{"t":83,"s":[{"i":[[0,0],[0,0],[0,0],[0,0],[-36.999,64.037],[0,0]],"o":[[-33.89,58.653],[0,0],[0,0],[0,0],[0.002,-0.003],[0,0]],"v":[[31.1,-152.04],[-70.57,23.92],[-9.25,7.95],[7.57,69.04],[118.57,-123.07],[118.57,-123.08]],"c":false}]}],"ix":2},"nm":"Path 1","mn":"ADBE Vector Shape - Group","hd":false},{"ty":"st","c":{"a":0,"k":[0.071,0.075,0.192,1],"ix":3,"x":"var $bm_rt;\n$bm_rt = comp('1368-best-seller-outline').layer('control').effect('primary')('Color');"},"o":{"a":0,"k":100,"ix":4},"w":{"a":0,"k":12,"ix":5,"x":"var $bm_rt;\n$bm_rt = $bm_mul($bm_div(value, 2), comp('1368-best-seller-outline').layer('control').effect('stroke')('Menu'));"},"lc":2,"lj":2,"bm":0,"nm":".primary","mn":"ADBE Vector Graphic - Stroke","hd":false,"cl":"primary"},{"ty":"tr","p":{"a":0,"k":[0,0],"ix":2},"a":{"a":0,"k":[0,0],"ix":1},"s":{"a":0,"k":[100,100],"ix":3},"r":{"a":0,"k":0,"ix":6},"o":{"a":0,"k":100,"ix":7},"sk":{"a":0,"k":0,"ix":4},"sa":{"a":0,"k":0,"ix":5},"nm":"Transform"}],"nm":"Group 1","np":2,"cix":2,"bm":0,"ix":1,"mn":"ADBE Vector Group","hd":false}],"ip":0,"op":844,"st":0,"bm":0},{"ddd":0,"ind":2,"ty":4,"nm":"R","sr":1,"ks":{"o":{"a":0,"k":100,"ix":11},"r":{"a":1,"k":[{"i":{"x":[0.667],"y":[1]},"o":{"x":[0.333],"y":[0]},"t":0,"s":[5]},{"i":{"x":[0.833],"y":[0.833]},"o":{"x":[0.333],"y":[0]},"t":41,"s":[-5]},{"i":{"x":[0.667],"y":[1]},"o":{"x":[0.167],"y":[0.167]},"t":63,"s":[0]},{"t":83,"s":[5]}],"ix":10},"p":{"a":0,"k":[215.973,156.084,0],"ix":2,"l":2},"a":{"a":0,"k":[-74,-150,0],"ix":1,"l":2},"s":{"a":0,"k":[100,100,100],"ix":6,"l":2}},"ao":0,"shapes":[{"ty":"gr","it":[{"ind":0,"ty":"sh","ix":1,"ks":{"a":1,"k":[{"i":{"x":0.667,"y":1},"o":{"x":0.167,"y":0.167},"t":0,"s":[{"i":[[0,0],[0,0],[0,0],[0,0],[38,66.707]],"o":[[34.887,61.317],[0,0],[0,0],[0,0],[0,0]],"v":[[-34.09,-160.035],[70.57,23.915],[9.26,7.945],[-7.57,69.035],[-121.57,-131.085]],"c":false}]},{"i":{"x":0.833,"y":0.833},"o":{"x":0.333,"y":0},"t":20,"s":[{"i":[[0,0],[0,0],[0,0],[0,0],[75.908,78.411]],"o":[[62.313,71.125],[0,0],[0,0],[0,0],[0,0]],"v":[[-34.09,-160.035],[55.23,47.888],[3.23,11.695],[-33.694,63.191],[-121.57,-131.085]],"c":false}]},{"i":{"x":0.667,"y":1},"o":{"x":0.167,"y":0.167},"t":41,"s":[{"i":[[0,0],[0,0],[0,0],[0,0],[38,66.707]],"o":[[34.887,61.317],[0,0],[0,0],[0,0],[0,0]],"v":[[-34.09,-160.035],[70.57,23.915],[9.26,7.945],[-7.57,69.035],[-121.57,-131.085]],"c":false}]},{"i":{"x":0.833,"y":0.833},"o":{"x":0.333,"y":0},"t":61,"s":[{"i":[[0,0],[0,0],[0,0],[0,0],[43.018,94.963]],"o":[[27.433,82.592],[0,0],[0,0],[0,0],[0,0]],"v":[[-34.09,-160.035],[80.672,0.141],[17.349,2.174],[18.494,65.529],[-121.57,-131.085]],"c":false}]},{"t":83,"s":[{"i":[[0,0],[0,0],[0,0],[0,0],[38,66.707]],"o":[[34.887,61.317],[0,0],[0,0],[0,0],[0,0]],"v":[[-34.09,-160.035],[70.57,23.915],[9.26,7.945],[-7.57,69.035],[-121.57,-131.085]],"c":false}]}],"ix":2},"nm":"Path 1","mn":"ADBE Vector Shape - Group","hd":false},{"ty":"st","c":{"a":0,"k":[0.071,0.075,0.192,1],"ix":3,"x":"var $bm_rt;\n$bm_rt = comp('1368-best-seller-outline').layer('control').effect('primary')('Color');"},"o":{"a":0,"k":100,"ix":4},"w":{"a":0,"k":12,"ix":5,"x":"var $bm_rt;\n$bm_rt = $bm_mul($bm_div(value, 2), comp('1368-best-seller-outline').layer('control').effect('stroke')('Menu'));"},"lc":2,"lj":2,"bm":0,"nm":".primary","mn":"ADBE Vector Graphic - Stroke","hd":false,"cl":"primary"},{"ty":"tr","p":{"a":0,"k":[0,0],"ix":2},"a":{"a":0,"k":[0,0],"ix":1},"s":{"a":0,"k":[100,100],"ix":3},"r":{"a":0,"k":0,"ix":6},"o":{"a":0,"k":100,"ix":7},"sk":{"a":0,"k":0,"ix":4},"sa":{"a":0,"k":0,"ix":5},"nm":"Transform"}],"nm":"Group 1","np":2,"cix":2,"bm":0,"ix":1,"mn":"ADBE Vector Group","hd":false}],"ip":0,"op":844,"st":0,"bm":0}]}],"layers":[{"ddd":0,"ind":1,"ty":3,"nm":"control","sr":1,"ks":{"o":{"a":0,"k":0,"ix":11},"r":{"a":0,"k":0,"ix":10},"p":{"a":0,"k":[0,0],"ix":2,"l":2},"a":{"a":0,"k":[0,0,0],"ix":1,"l":2},"s":{"a":0,"k":[100,100,100],"ix":6,"l":2}},"ao":0,"ef":[{"ty":5,"nm":"stroke","np":3,"mn":"Pseudo/@@hspVIQ28RHaH9RG+igOiiQ","ix":1,"en":1,"ef":[{"ty":7,"nm":"Menu","mn":"Pseudo/@@hspVIQ28RHaH9RG+igOiiQ-0001","ix":1,"v":{"a":0,"k":2,"ix":1}}]},{"ty":5,"nm":"primary","np":3,"mn":"ADBE Color Control","ix":2,"en":1,"ef":[{"ty":2,"nm":"Color","mn":"ADBE Color Control-0001","ix":1,"v":{"a":0,"k":[0.071,0.075,0.192],"ix":1}}]},{"ty":5,"nm":"secondary","np":3,"mn":"ADBE Color Control","ix":3,"en":1,"ef":[{"ty":2,"nm":"Color","mn":"ADBE Color Control-0001","ix":1,"v":{"a":0,"k":[0.031,0.659,0.541],"ix":1}}]}],"ip":0,"op":414,"st":0,"bm":0},{"ddd":0,"ind":2,"ty":0,"nm":"in-reveal","refId":"comp_0","sr":1,"ks":{"o":{"a":0,"k":100,"ix":11},"r":{"a":0,"k":0,"ix":10},"p":{"a":0,"k":[215,215,0],"ix":2,"l":2},"a":{"a":0,"k":[215,215,0],"ix":1,"l":2},"s":{"a":0,"k":[100,100,100],"ix":6,"l":2}},"ao":0,"w":430,"h":430,"ip":0,"op":114,"st":0,"bm":0},{"ddd":0,"ind":3,"ty":0,"nm":"hover-pinch","refId":"comp_2","sr":1,"ks":{"o":{"a":0,"k":100,"ix":11},"r":{"a":0,"k":0,"ix":10},"p":{"a":0,"k":[215,215,0],"ix":2,"l":2},"a":{"a":0,"k":[215,215,0],"ix":1,"l":2},"s":{"a":0,"k":[100,100,100],"ix":6,"l":2}},"ao":0,"w":430,"h":430,"ip":114,"op":216,"st":114,"bm":0},{"ddd":0,"ind":4,"ty":0,"nm":"hover-enlarge","refId":"comp_3","sr":1,"ks":{"o":{"a":0,"k":100,"ix":11},"r":{"a":0,"k":0,"ix":10},"p":{"a":0,"k":[215,215,0],"ix":2,"l":2},"a":{"a":0,"k":[215,215,0],"ix":1,"l":2},"s":{"a":0,"k":[100,100,100],"ix":6,"l":2}},"ao":0,"w":430,"h":430,"ip":216,"op":330,"st":216,"bm":0},{"ddd":0,"ind":5,"ty":0,"nm":"loop-cycle","refId":"comp_5","sr":1,"ks":{"o":{"a":0,"k":100,"ix":11},"r":{"a":0,"k":0,"ix":10},"p":{"a":0,"k":[215,215,0],"ix":2,"l":2},"a":{"a":0,"k":[215,215,0],"ix":1,"l":2},"s":{"a":0,"k":[100,100,100],"ix":6,"l":2}},"ao":0,"w":430,"h":430,"ip":330,"op":423,"st":330,"bm":0}],"markers":[{"tm":0,"cm":"in-reveal","dr":104},{"tm":114,"cm":"default:hover-pinch","dr":92},{"tm":216,"cm":"hover-enlarge","dr":104},{"tm":330,"cm":"loop-cycle","dr":83}]}