{"v":"5.8.1","fr":60,"ip":70,"op":270,"w":430,"h":430,"nm":"wired-outline-1942-slippery-floor","ddd":0,"assets":[{"id":"comp_0","nm":"in-reveal","fr":60,"layers":[{"ddd":0,"ind":1,"ty":4,"nm":"outline 12","parent":3,"sr":1,"ks":{"o":{"a":0,"k":100,"ix":11},"r":{"a":0,"k":0,"ix":10},"p":{"a":1,"k":[{"i":{"x":0,"y":1},"o":{"x":0.167,"y":0.167},"t":23,"s":[-134.333,-29.063,0],"to":[9.5,0,0],"ti":[-9.5,0,0]},{"t":60,"s":[-77.333,-29.063,0]}],"ix":2,"l":2},"a":{"a":0,"k":[0,0,0],"ix":1,"l":2},"s":{"a":0,"k":[100,100,100],"ix":6,"l":2}},"ao":0,"shapes":[{"ty":"gr","it":[{"ind":0,"ty":"sh","ix":1,"ks":{"a":1,"k":[{"i":{"x":0,"y":1},"o":{"x":0.167,"y":0.167},"t":23,"s":[{"i":[[0,0],[0,0]],"o":[[0,0],[0,0]],"v":[[-26.333,-15.25],[51.333,28.5]],"c":false}]},{"t":60,"s":[{"i":[[0,0],[0,0]],"o":[[0,0],[0,0]],"v":[[-28.083,-16.25],[25.833,14.25]],"c":false}]}],"ix":2},"nm":"Path 1","mn":"ADBE Vector Shape - Group","hd":false},{"ind":1,"ty":"sh","ix":2,"ks":{"a":1,"k":[{"i":{"x":0,"y":1},"o":{"x":0.167,"y":0.167},"t":23,"s":[{"i":[[0,0],[0,0]],"o":[[0,0],[0,0]],"v":[[-21.325,-67.052],[57.825,28.302]],"c":false}]},{"t":60,"s":[{"i":[[0,0],[0,0]],"o":[[0,0],[0,0]],"v":[[-24.075,-70.052],[64.075,31.302]],"c":false}]}],"ix":2},"nm":"Path 2","mn":"ADBE Vector Shape - Group","hd":false},{"ty":"tm","s":{"a":1,"k":[{"i":{"x":[0],"y":[1]},"o":{"x":[0.167],"y":[0.167]},"t":23,"s":[100]},{"t":60,"s":[73]}],"ix":1},"e":{"a":1,"k":[{"i":{"x":[0],"y":[1]},"o":{"x":[0.167],"y":[0.167]},"t":23,"s":[100]},{"t":60,"s":[31]}],"ix":2},"o":{"a":0,"k":0,"ix":3},"m":1,"ix":3,"nm":"Trim Paths 1","mn":"ADBE Vector Filter - Trim","hd":false},{"ty":"st","c":{"a":0,"k":[0.031,0.659,0.541,1],"ix":3,"x":"var $bm_rt;\n$bm_rt = comp('wired-outline-1942-slippery-floor').layer('control').effect('secondary')('Color');"},"o":{"a":0,"k":100,"ix":4},"w":{"a":0,"k":12.04,"ix":5,"x":"var $bm_rt;\n$bm_rt = $bm_mul($bm_div(value, 2), comp('wired-outline-1942-slippery-floor').layer('control').effect('stroke')('Menu'));"},"lc":2,"lj":2,"bm":0,"nm":".secondary","mn":"ADBE Vector Graphic - Stroke","hd":false,"cl":"secondary"},{"ty":"tr","p":{"a":0,"k":[0,0],"ix":2},"a":{"a":0,"k":[0,0],"ix":1},"s":{"a":0,"k":[100,100],"ix":3},"r":{"a":0,"k":0,"ix":6},"o":{"a":0,"k":100,"ix":7},"sk":{"a":0,"k":0,"ix":4},"sa":{"a":0,"k":0,"ix":5},"nm":"Transform"}],"nm":"Group 1","np":4,"cix":2,"bm":0,"ix":1,"mn":"ADBE Vector Group","hd":false}],"ip":23,"op":867,"st":23,"bm":0},{"ddd":0,"ind":2,"ty":4,"nm":"Human-1","parent":3,"sr":1,"ks":{"o":{"a":0,"k":100,"ix":11},"r":{"a":1,"k":[{"i":{"x":[0.22],"y":[1]},"o":{"x":[0.167],"y":[0.167]},"t":1,"s":[12]},{"t":60,"s":[0]}],"ix":10},"p":{"a":1,"k":[{"i":{"x":0.22,"y":1},"o":{"x":0.167,"y":0.167},"t":1,"s":[-218.576,-2.29,0],"to":[35,0,0],"ti":[-35,0,0]},{"t":60,"s":[-8.576,-2.29,0]}],"ix":2,"l":2},"a":{"a":0,"k":[241.424,434.515,0],"ix":1,"l":2},"s":{"a":0,"k":[100,100,100],"ix":6,"l":2}},"ao":0,"shapes":[{"ty":"gr","it":[{"ind":0,"ty":"sh","ix":1,"ks":{"a":0,"k":{"i":[[-10.787,4.208],[0,0],[1.258,3.226],[0,0],[10.787,-4.207],[0,0],[-4.208,-10.787],[0,0]],"o":[[0,0],[3.226,-1.258],[0,0],[-4.208,-10.787],[0,0],[-10.787,4.207],[0,0],[4.208,10.787]],"v":[[-76.203,-206.28],[-57.844,-213.44],[-54.266,-221.595],[-65.856,-251.31],[-93.12,-263.273],[-97.731,-261.475],[-109.695,-234.211],[-103.467,-218.243]],"c":true},"ix":2},"nm":"Path 3","mn":"ADBE Vector Shape - Group","hd":false},{"ty":"st","c":{"a":0,"k":[0.071,0.075,0.192,1],"ix":3,"x":"var $bm_rt;\n$bm_rt = comp('wired-outline-1942-slippery-floor').layer('control').effect('primary')('Color');"},"o":{"a":0,"k":100,"ix":4},"w":{"a":0,"k":12.04,"ix":5,"x":"var $bm_rt;\n$bm_rt = $bm_mul($bm_div(value, 2), comp('wired-outline-1942-slippery-floor').layer('control').effect('stroke')('Menu'));"},"lc":2,"lj":2,"bm":0,"nm":".primary","mn":"ADBE Vector Graphic - Stroke","hd":false,"cl":"primary"},{"ty":"tr","p":{"a":0,"k":[172.225,171.475],"ix":2},"a":{"a":0,"k":[-61.546,-181.838],"ix":1},"s":{"a":0,"k":[100,100],"ix":3},"r":{"a":1,"k":[{"i":{"x":[0.22],"y":[1]},"o":{"x":[0.167],"y":[0.167]},"t":17.516,"s":[47]},{"t":60,"s":[0]}],"ix":6},"o":{"a":0,"k":100,"ix":7},"sk":{"a":0,"k":0,"ix":4},"sa":{"a":0,"k":0,"ix":5},"nm":"Transform"}],"nm":"Group 5","np":2,"cix":2,"bm":0,"ix":1,"mn":"ADBE Vector Group","hd":false},{"ty":"gr","it":[{"ty":"gr","it":[{"ind":0,"ty":"sh","ix":1,"ks":{"a":0,"k":{"i":[[18.18,-4.75],[10.59,-4.13],[0,0],[10.08,-5.35]],"o":[[-11.04,2.89],[0,0],[-10.588,4.125],[-16.6,8.811]],"v":[[31.766,-12.393],[-0.684,-1.853],[-0.752,-1.824],[-31.766,12.393]],"c":false},"ix":2},"nm":"Path 1","mn":"ADBE Vector Shape - Group","hd":false},{"ind":1,"ty":"sh","ix":2,"ks":{"a":1,"k":[{"i":{"x":0.22,"y":1},"o":{"x":0.167,"y":0.167},"t":17.516,"s":[{"i":[[0,0],[0,0],[0,0],[0,0]],"o":[[0,0],[0,0],[0,0],[0,0]],"v":[[-22.939,51.279],[2.523,116.448],[77.074,87.367],[55.553,30.83]],"c":false}]},{"t":60,"s":[{"i":[[0,0],[0,0],[0,0],[0,0]],"o":[[0,0],[0,0],[0,0],[0,0]],"v":[[-22.939,51.279],[2.523,116.448],[77.074,87.367],[51.647,22.185]],"c":false}]}],"ix":2},"nm":"Path 2","mn":"ADBE Vector Shape - Group","hd":false},{"ind":2,"ty":"sh","ix":3,"ks":{"a":1,"k":[{"i":{"x":0.22,"y":1},"o":{"x":0.167,"y":0.167},"t":17.516,"s":[{"i":[[0,0],[0,0],[-0.568,-0.641],[0,0],[0,0],[0,0],[0,0],[0,0],[18.18,-4.75]],"o":[[0,0],[0,0],[6.157,6.704],[0,0],[29.037,-0.382],[0,0],[0,0],[-18.684,-10.855],[-11.04,2.89]],"v":[[55.552,30.832],[88.601,52.207],[88.601,52.207],[103.989,59.798],[129.494,61.558],[156.25,31.336],[109.194,26.082],[70.181,-1.137],[31.766,-12.393]],"c":false}]},{"t":60,"s":[{"i":[[0,0],[0,0],[-0.63,-0.58],[0,0],[0,0],[0,0],[0,0],[0,0],[18.18,-4.75]],"o":[[0,0],[0,0],[6.805,6.045],[0,0],[27.88,-9.41],[0,0],[0,0],[-14,-16.46],[-11.04,2.89]],"v":[[51.646,22.187],[87.646,64.777],[87.646,64.777],[103.956,67.397],[132.256,57.847],[148.606,22.157],[103.646,37.007],[76.946,6.417],[31.766,-12.393]],"c":false}]}],"ix":2},"nm":"Path 3","mn":"ADBE Vector Shape - Group","hd":false},{"ind":3,"ty":"sh","ix":4,"ks":{"a":1,"k":[{"i":{"x":0.22,"y":1},"o":{"x":0.167,"y":0.167},"t":17.516,"s":[{"i":[[10.08,-5.35],[2.207,-27.598],[0,0],[-3.502,29.22],[0,0]],"o":[[-16.6,8.811],[0,0],[0,0],[0,0],[0,0]],"v":[[-31.766,12.393],[-54.994,59.993],[-66.396,155.926],[-33.652,132.526],[-22.983,51.296]],"c":false}]},{"t":60,"s":[{"i":[[10.08,-5.35],[-0.838,-26.591],[0,0],[1.241,29.403],[0,0]],"o":[[-16.6,8.811],[0,0],[0,0],[0,0],[0,0]],"v":[[-31.766,12.393],[-52.455,61.944],[-48.707,159.742],[-20.151,131.382],[-22.983,51.296]],"c":false}]}],"ix":2},"nm":"Path 4","mn":"ADBE Vector Shape - Group","hd":false},{"ty":"st","c":{"a":0,"k":[0.031,0.659,0.541,1],"ix":3,"x":"var $bm_rt;\n$bm_rt = comp('wired-outline-1942-slippery-floor').layer('control').effect('secondary')('Color');"},"o":{"a":0,"k":100,"ix":4},"w":{"a":0,"k":12.04,"ix":5,"x":"var $bm_rt;\n$bm_rt = $bm_mul($bm_div(value, 2), comp('wired-outline-1942-slippery-floor').layer('control').effect('stroke')('Menu'));"},"lc":2,"lj":2,"bm":0,"nm":".secondary","mn":"ADBE Vector Graphic - Stroke","hd":false,"cl":"secondary"},{"ty":"tr","p":{"a":0,"k":[168.923,168.996],"ix":2},"a":{"a":0,"k":[0,0],"ix":1},"s":{"a":0,"k":[100,100],"ix":3},"r":{"a":0,"k":0,"ix":6},"o":{"a":0,"k":100,"ix":7},"sk":{"a":0,"k":0,"ix":4},"sa":{"a":0,"k":0,"ix":5},"nm":"Transform"}],"nm":"Group 1","np":5,"cix":2,"bm":0,"ix":1,"mn":"ADBE Vector Group","hd":false},{"ty":"gr","it":[{"ind":0,"ty":"sh","ix":1,"ks":{"a":0,"k":{"i":[[0,0],[0,0],[0,0],[0,0],[0,0],[0,0],[5.51,-14.55],[0,0],[0,0],[0,0],[0,0],[0,0]],"o":[[0,0],[0,0],[0,0],[4.25,3.92],[0,0],[0,0],[-8.65,1.77],[0,0],[0,0],[0,0],[0,0],[0,0]],"v":[[-23.25,-83.11],[-4.72,-59.87],[21.25,-27.3],[21.27,-27.28],[26.64,-18.13],[39.24,50.46],[61.61,72.23],[8.55,83.11],[-9.54,-4.56],[-62.33,-67.87],[-62.32,-67.87],[-62.32,-67.88]],"c":false},"ix":2},"nm":"Path 1","mn":"ADBE Vector Shape - Group","hd":false},{"ind":1,"ty":"sh","ix":2,"ks":{"a":1,"k":[{"i":{"x":0.22,"y":1},"o":{"x":0.167,"y":0.167},"t":17.516,"s":[{"i":[[0,0],[0,0],[0,0],[0,0],[2.577,-15.333],[0,0],[0,0],[0,0]],"o":[[0,0],[5.175,3.002],[0,0],[0,0],[-8.135,3.428],[0,0],[0,0],[0,0]],"v":[[10.87,-96.42],[59.044,-53.951],[66.433,-45.812],[92.147,19.013],[118.326,35.996],[68.409,57.002],[33.622,-25.355],[-4.72,-59.87]],"c":false}]},{"t":60,"s":[{"i":[[0,0],[0,0],[0,0],[0,0],[-2.98,-15.26],[0,0],[0,0],[0,0]],"o":[[0,0],[5.9,0.99],[0,0],[0,0],[-6.41,6.07],[0,0],[0,0],[0,0]],"v":[[10.87,-96.42],[71.57,-74.8],[81.35,-69.78],[128.22,-18.14],[158.7,-11.45],[119.36,25.77],[57.83,-39.09],[-4.72,-59.87]],"c":false}]}],"ix":2},"nm":"Path 2","mn":"ADBE Vector Shape - Group","hd":false},{"ty":"st","c":{"a":0,"k":[0.071,0.075,0.192,1],"ix":3,"x":"var $bm_rt;\n$bm_rt = comp('wired-outline-1942-slippery-floor').layer('control').effect('primary')('Color');"},"o":{"a":0,"k":100,"ix":4},"w":{"a":0,"k":12.04,"ix":5,"x":"var $bm_rt;\n$bm_rt = $bm_mul($bm_div(value, 2), comp('wired-outline-1942-slippery-floor').layer('control').effect('stroke')('Menu'));"},"lc":2,"lj":2,"bm":0,"nm":".primary","mn":"ADBE Vector Graphic - Stroke","hd":false,"cl":"primary"},{"ty":"tr","p":{"a":0,"k":[233.77,353.313],"ix":2},"a":{"a":0,"k":[0,0],"ix":1},"s":{"a":0,"k":[100,100],"ix":3},"r":{"a":0,"k":0,"ix":6},"o":{"a":0,"k":100,"ix":7},"sk":{"a":0,"k":0,"ix":4},"sa":{"a":0,"k":0,"ix":5},"nm":"Transform"}],"nm":"Group 4","np":3,"cix":2,"bm":0,"ix":2,"mn":"ADBE Vector Group","hd":false},{"ty":"tr","p":{"a":0,"k":[195.99,238.313],"ix":2},"a":{"a":0,"k":[195.99,238.313],"ix":1},"s":{"a":0,"k":[100,100],"ix":3},"r":{"a":0,"k":0,"ix":6},"o":{"a":0,"k":100,"ix":7},"sk":{"a":0,"k":0,"ix":4},"sa":{"a":0,"k":0,"ix":5},"nm":"Transform"}],"nm":"Group 1","np":2,"cix":2,"bm":0,"ix":2,"mn":"ADBE Vector Group","hd":false}],"ip":1,"op":704,"st":-140,"bm":0},{"ddd":0,"ind":3,"ty":4,"nm":"Floor-1","sr":1,"ks":{"o":{"a":0,"k":100,"ix":11},"r":{"a":0,"k":0,"ix":10},"p":{"a":1,"k":[{"i":{"x":0.11,"y":1},"o":{"x":0.167,"y":0.167},"t":1,"s":[-207,388.806,0],"to":[70.333,0,0],"ti":[-70.333,0,0]},{"t":60,"s":[215,388.806,0]}],"ix":2,"l":2},"a":{"a":0,"k":[0,0,0],"ix":1,"l":2},"s":{"a":0,"k":[100,100,100],"ix":6,"l":2}},"ao":0,"shapes":[{"ty":"gr","it":[{"ind":0,"ty":"sh","ix":1,"ks":{"a":1,"k":[{"i":{"x":0.27,"y":1},"o":{"x":0.167,"y":0.167},"t":1,"s":[{"i":[[0,0],[0,0]],"o":[[0,0],[0,0]],"v":[[-160.119,0],[160.119,0]],"c":false}]},{"i":{"x":0.481,"y":1},"o":{"x":0.306,"y":0.474},"t":22.344,"s":[{"i":[[0,0],[0,0]],"o":[[0,0],[0,0]],"v":[[-160.119,0],[240.119,0]],"c":false}]},{"t":60,"s":[{"i":[[0,0],[0,0]],"o":[[0,0],[0,0]],"v":[[-160.119,0],[160.119,0]],"c":false}]}],"ix":2},"nm":"Path 1","mn":"ADBE Vector Shape - Group","hd":false},{"ty":"st","c":{"a":0,"k":[0.071,0.075,0.192,1],"ix":3,"x":"var $bm_rt;\n$bm_rt = comp('wired-outline-1942-slippery-floor').layer('control').effect('primary')('Color');"},"o":{"a":0,"k":100,"ix":4},"w":{"a":0,"k":12.04,"ix":5,"x":"var $bm_rt;\n$bm_rt = $bm_mul($bm_div(value, 2), comp('wired-outline-1942-slippery-floor').layer('control').effect('stroke')('Menu'));"},"lc":2,"lj":2,"bm":0,"nm":".primary","mn":"ADBE Vector Graphic - Stroke","hd":false,"cl":"primary"},{"ty":"tr","p":{"a":0,"k":[0,0],"ix":2},"a":{"a":0,"k":[0,0],"ix":1},"s":{"a":0,"k":[100,100],"ix":3},"r":{"a":0,"k":0,"ix":6},"o":{"a":0,"k":100,"ix":7},"sk":{"a":0,"k":0,"ix":4},"sa":{"a":0,"k":0,"ix":5},"nm":"Transform"}],"nm":"Group 1","np":2,"cix":2,"bm":0,"ix":1,"mn":"ADBE Vector Group","hd":false}],"ip":1,"op":704,"st":-140,"bm":0}]},{"id":"comp_1","nm":"hover-pinch","fr":60,"layers":[{"ddd":0,"ind":1,"ty":4,"nm":"outline 9","sr":1,"ks":{"o":{"a":0,"k":100,"ix":11},"r":{"a":0,"k":0,"ix":10},"p":{"a":0,"k":[137.667,359.743,0],"ix":2,"l":2},"a":{"a":0,"k":[0,0,0],"ix":1,"l":2},"s":{"a":0,"k":[100,100,100],"ix":6,"l":2}},"ao":0,"shapes":[{"ty":"gr","it":[{"ind":0,"ty":"sh","ix":1,"ks":{"a":0,"k":{"i":[[0,0],[0,0]],"o":[[0,0],[0,0]],"v":[[-26.333,-15.25],[11.333,6.5]],"c":false},"ix":2},"nm":"Path 1","mn":"ADBE Vector Shape - Group","hd":false},{"ind":1,"ty":"sh","ix":2,"ks":{"a":0,"k":{"i":[[0,0],[0,0]],"o":[[0,0],[0,0]],"v":[[-21.325,-67.052],[39.825,3.802]],"c":false},"ix":2},"nm":"Path 2","mn":"ADBE Vector Shape - Group","hd":false},{"ty":"tm","s":{"a":1,"k":[{"i":{"x":[0.26],"y":[1]},"o":{"x":[0.167],"y":[0.167]},"t":0,"s":[40]},{"t":37,"s":[0]}],"ix":1},"e":{"a":1,"k":[{"i":{"x":[0.26],"y":[1]},"o":{"x":[0.167],"y":[0.167]},"t":0,"s":[100]},{"t":37,"s":[0]}],"ix":2},"o":{"a":0,"k":0,"ix":3},"m":1,"ix":3,"nm":"Trim Paths 1","mn":"ADBE Vector Filter - Trim","hd":false},{"ty":"st","c":{"a":0,"k":[0.031,0.659,0.541,1],"ix":3,"x":"var $bm_rt;\n$bm_rt = comp('wired-outline-1942-slippery-floor').layer('control').effect('secondary')('Color');"},"o":{"a":0,"k":100,"ix":4},"w":{"a":0,"k":12.04,"ix":5,"x":"var $bm_rt;\n$bm_rt = $bm_mul($bm_div(value, 2), comp('wired-outline-1942-slippery-floor').layer('control').effect('stroke')('Menu'));"},"lc":2,"lj":2,"bm":0,"nm":".secondary","mn":"ADBE Vector Graphic - Stroke","hd":false,"cl":"secondary"},{"ty":"tr","p":{"a":0,"k":[0,0],"ix":2},"a":{"a":0,"k":[0,0],"ix":1},"s":{"a":0,"k":[100,100],"ix":3},"r":{"a":0,"k":0,"ix":6},"o":{"a":0,"k":100,"ix":7},"sk":{"a":0,"k":0,"ix":4},"sa":{"a":0,"k":0,"ix":5},"nm":"Transform"}],"nm":"Group 1","np":4,"cix":2,"bm":0,"ix":1,"mn":"ADBE Vector Group","hd":false}],"ip":0,"op":38,"st":0,"bm":0},{"ddd":0,"ind":2,"ty":4,"nm":"outline 12","parent":4,"sr":1,"ks":{"o":{"a":0,"k":100,"ix":11},"r":{"a":0,"k":0,"ix":10},"p":{"a":1,"k":[{"i":{"x":0,"y":1},"o":{"x":0.167,"y":0.167},"t":163,"s":[-134.333,-29.063,0],"to":[9.5,0,0],"ti":[-9.5,0,0]},{"t":200,"s":[-77.333,-29.063,0]}],"ix":2,"l":2},"a":{"a":0,"k":[0,0,0],"ix":1,"l":2},"s":{"a":0,"k":[100,100,100],"ix":6,"l":2}},"ao":0,"shapes":[{"ty":"gr","it":[{"ind":0,"ty":"sh","ix":1,"ks":{"a":1,"k":[{"i":{"x":0,"y":1},"o":{"x":0.167,"y":0.167},"t":163,"s":[{"i":[[0,0],[0,0]],"o":[[0,0],[0,0]],"v":[[-26.333,-15.25],[51.333,28.5]],"c":false}]},{"t":200,"s":[{"i":[[0,0],[0,0]],"o":[[0,0],[0,0]],"v":[[-28.083,-16.25],[25.833,14.25]],"c":false}]}],"ix":2},"nm":"Path 1","mn":"ADBE Vector Shape - Group","hd":false},{"ind":1,"ty":"sh","ix":2,"ks":{"a":1,"k":[{"i":{"x":0,"y":1},"o":{"x":0.167,"y":0.167},"t":163,"s":[{"i":[[0,0],[0,0]],"o":[[0,0],[0,0]],"v":[[-21.325,-67.052],[57.825,28.302]],"c":false}]},{"t":200,"s":[{"i":[[0,0],[0,0]],"o":[[0,0],[0,0]],"v":[[-24.075,-70.052],[64.075,31.302]],"c":false}]}],"ix":2},"nm":"Path 2","mn":"ADBE Vector Shape - Group","hd":false},{"ty":"tm","s":{"a":1,"k":[{"i":{"x":[0],"y":[1]},"o":{"x":[0.167],"y":[0.167]},"t":163,"s":[100]},{"t":200,"s":[73]}],"ix":1},"e":{"a":1,"k":[{"i":{"x":[0],"y":[1]},"o":{"x":[0.167],"y":[0.167]},"t":163,"s":[100]},{"t":200,"s":[31]}],"ix":2},"o":{"a":0,"k":0,"ix":3},"m":1,"ix":3,"nm":"Trim Paths 1","mn":"ADBE Vector Filter - Trim","hd":false},{"ty":"st","c":{"a":0,"k":[0.031,0.659,0.541,1],"ix":3,"x":"var $bm_rt;\n$bm_rt = comp('wired-outline-1942-slippery-floor').layer('control').effect('secondary')('Color');"},"o":{"a":0,"k":100,"ix":4},"w":{"a":0,"k":12.04,"ix":5,"x":"var $bm_rt;\n$bm_rt = $bm_mul($bm_div(value, 2), comp('wired-outline-1942-slippery-floor').layer('control').effect('stroke')('Menu'));"},"lc":2,"lj":2,"bm":0,"nm":".secondary","mn":"ADBE Vector Graphic - Stroke","hd":false,"cl":"secondary"},{"ty":"tr","p":{"a":0,"k":[0,0],"ix":2},"a":{"a":0,"k":[0,0],"ix":1},"s":{"a":0,"k":[100,100],"ix":3},"r":{"a":0,"k":0,"ix":6},"o":{"a":0,"k":100,"ix":7},"sk":{"a":0,"k":0,"ix":4},"sa":{"a":0,"k":0,"ix":5},"nm":"Transform"}],"nm":"Group 1","np":4,"cix":2,"bm":0,"ix":1,"mn":"ADBE Vector Group","hd":false}],"ip":163,"op":1007,"st":163,"bm":0},{"ddd":0,"ind":3,"ty":4,"nm":"Human-1","parent":4,"sr":1,"ks":{"o":{"a":0,"k":100,"ix":11},"r":{"a":1,"k":[{"i":{"x":[0.22],"y":[1]},"o":{"x":[0.167],"y":[0.167]},"t":144,"s":[12]},{"t":200,"s":[0]}],"ix":10},"p":{"a":1,"k":[{"i":{"x":0.22,"y":1},"o":{"x":0.167,"y":0.167},"t":144,"s":[-218.576,-2.29,0],"to":[35,0,0],"ti":[-35,0,0]},{"t":200,"s":[-8.576,-2.29,0]}],"ix":2,"l":2},"a":{"a":0,"k":[241.424,434.515,0],"ix":1,"l":2},"s":{"a":0,"k":[100,100,100],"ix":6,"l":2}},"ao":0,"shapes":[{"ty":"gr","it":[{"ind":0,"ty":"sh","ix":1,"ks":{"a":0,"k":{"i":[[-10.787,4.208],[0,0],[1.258,3.226],[0,0],[10.787,-4.207],[0,0],[-4.208,-10.787],[0,0]],"o":[[0,0],[3.226,-1.258],[0,0],[-4.208,-10.787],[0,0],[-10.787,4.207],[0,0],[4.208,10.787]],"v":[[-76.203,-206.28],[-57.844,-213.44],[-54.266,-221.595],[-65.856,-251.31],[-93.12,-263.273],[-97.731,-261.475],[-109.695,-234.211],[-103.467,-218.243]],"c":true},"ix":2},"nm":"Path 3","mn":"ADBE Vector Shape - Group","hd":false},{"ty":"st","c":{"a":0,"k":[0.071,0.075,0.192,1],"ix":3,"x":"var $bm_rt;\n$bm_rt = comp('wired-outline-1942-slippery-floor').layer('control').effect('primary')('Color');"},"o":{"a":0,"k":100,"ix":4},"w":{"a":0,"k":12.04,"ix":5,"x":"var $bm_rt;\n$bm_rt = $bm_mul($bm_div(value, 2), comp('wired-outline-1942-slippery-floor').layer('control').effect('stroke')('Menu'));"},"lc":2,"lj":2,"bm":0,"nm":".primary","mn":"ADBE Vector Graphic - Stroke","hd":false,"cl":"primary"},{"ty":"tr","p":{"a":0,"k":[172.225,171.475],"ix":2},"a":{"a":0,"k":[-61.546,-181.838],"ix":1},"s":{"a":0,"k":[100,100],"ix":3},"r":{"a":1,"k":[{"i":{"x":[0.22],"y":[1]},"o":{"x":[0.167],"y":[0.167]},"t":157.516,"s":[47]},{"t":200,"s":[0]}],"ix":6},"o":{"a":0,"k":100,"ix":7},"sk":{"a":0,"k":0,"ix":4},"sa":{"a":0,"k":0,"ix":5},"nm":"Transform"}],"nm":"Group 5","np":2,"cix":2,"bm":0,"ix":1,"mn":"ADBE Vector Group","hd":false},{"ty":"gr","it":[{"ty":"gr","it":[{"ind":0,"ty":"sh","ix":1,"ks":{"a":0,"k":{"i":[[18.18,-4.75],[10.59,-4.13],[0,0],[10.08,-5.35]],"o":[[-11.04,2.89],[0,0],[-10.588,4.125],[-16.6,8.811]],"v":[[31.766,-12.393],[-0.684,-1.853],[-0.752,-1.824],[-31.766,12.393]],"c":false},"ix":2},"nm":"Path 1","mn":"ADBE Vector Shape - Group","hd":false},{"ind":1,"ty":"sh","ix":2,"ks":{"a":1,"k":[{"i":{"x":0.22,"y":1},"o":{"x":0.167,"y":0.167},"t":157.516,"s":[{"i":[[0,0],[0,0],[0,0],[0,0]],"o":[[0,0],[0,0],[0,0],[0,0]],"v":[[-22.939,51.279],[2.523,116.448],[77.074,87.367],[55.553,30.83]],"c":false}]},{"t":200,"s":[{"i":[[0,0],[0,0],[0,0],[0,0]],"o":[[0,0],[0,0],[0,0],[0,0]],"v":[[-22.939,51.279],[2.523,116.448],[77.074,87.367],[51.647,22.185]],"c":false}]}],"ix":2},"nm":"Path 2","mn":"ADBE Vector Shape - Group","hd":false},{"ind":2,"ty":"sh","ix":3,"ks":{"a":1,"k":[{"i":{"x":0.22,"y":1},"o":{"x":0.167,"y":0.167},"t":157.516,"s":[{"i":[[0,0],[0,0],[-0.568,-0.641],[0,0],[0,0],[0,0],[0,0],[0,0],[18.18,-4.75]],"o":[[0,0],[0,0],[6.157,6.704],[0,0],[29.037,-0.382],[0,0],[0,0],[-18.684,-10.855],[-11.04,2.89]],"v":[[55.552,30.832],[88.601,52.207],[88.601,52.207],[103.989,59.798],[129.494,61.558],[156.25,31.336],[109.194,26.082],[70.181,-1.137],[31.766,-12.393]],"c":false}]},{"t":200,"s":[{"i":[[0,0],[0,0],[-0.63,-0.58],[0,0],[0,0],[0,0],[0,0],[0,0],[18.18,-4.75]],"o":[[0,0],[0,0],[6.805,6.045],[0,0],[27.88,-9.41],[0,0],[0,0],[-14,-16.46],[-11.04,2.89]],"v":[[51.646,22.187],[87.646,64.777],[87.646,64.777],[103.956,67.397],[132.256,57.847],[148.606,22.157],[103.646,37.007],[76.946,6.417],[31.766,-12.393]],"c":false}]}],"ix":2},"nm":"Path 3","mn":"ADBE Vector Shape - Group","hd":false},{"ind":3,"ty":"sh","ix":4,"ks":{"a":1,"k":[{"i":{"x":0.22,"y":1},"o":{"x":0.167,"y":0.167},"t":157.516,"s":[{"i":[[10.08,-5.35],[2.207,-27.598],[0,0],[-3.502,29.22],[0,0]],"o":[[-16.6,8.811],[0,0],[0,0],[0,0],[0,0]],"v":[[-31.766,12.393],[-54.994,59.993],[-66.396,155.926],[-33.652,132.526],[-22.983,51.296]],"c":false}]},{"t":200,"s":[{"i":[[10.08,-5.35],[-0.838,-26.591],[0,0],[1.241,29.403],[0,0]],"o":[[-16.6,8.811],[0,0],[0,0],[0,0],[0,0]],"v":[[-31.766,12.393],[-52.455,61.944],[-48.707,159.742],[-20.151,131.382],[-22.983,51.296]],"c":false}]}],"ix":2},"nm":"Path 4","mn":"ADBE Vector Shape - Group","hd":false},{"ty":"st","c":{"a":0,"k":[0.031,0.659,0.541,1],"ix":3,"x":"var $bm_rt;\n$bm_rt = comp('wired-outline-1942-slippery-floor').layer('control').effect('secondary')('Color');"},"o":{"a":0,"k":100,"ix":4},"w":{"a":0,"k":12.04,"ix":5,"x":"var $bm_rt;\n$bm_rt = $bm_mul($bm_div(value, 2), comp('wired-outline-1942-slippery-floor').layer('control').effect('stroke')('Menu'));"},"lc":2,"lj":2,"bm":0,"nm":".secondary","mn":"ADBE Vector Graphic - Stroke","hd":false,"cl":"secondary"},{"ty":"tr","p":{"a":0,"k":[168.923,168.996],"ix":2},"a":{"a":0,"k":[0,0],"ix":1},"s":{"a":0,"k":[100,100],"ix":3},"r":{"a":0,"k":0,"ix":6},"o":{"a":0,"k":100,"ix":7},"sk":{"a":0,"k":0,"ix":4},"sa":{"a":0,"k":0,"ix":5},"nm":"Transform"}],"nm":"Group 1","np":5,"cix":2,"bm":0,"ix":1,"mn":"ADBE Vector Group","hd":false},{"ty":"gr","it":[{"ind":0,"ty":"sh","ix":1,"ks":{"a":0,"k":{"i":[[0,0],[0,0],[0,0],[0,0],[0,0],[0,0],[5.51,-14.55],[0,0],[0,0],[0,0],[0,0],[0,0]],"o":[[0,0],[0,0],[0,0],[4.25,3.92],[0,0],[0,0],[-8.65,1.77],[0,0],[0,0],[0,0],[0,0],[0,0]],"v":[[-23.25,-83.11],[-4.72,-59.87],[21.25,-27.3],[21.27,-27.28],[26.64,-18.13],[39.24,50.46],[61.61,72.23],[8.55,83.11],[-9.54,-4.56],[-62.33,-67.87],[-62.32,-67.87],[-62.32,-67.88]],"c":false},"ix":2},"nm":"Path 1","mn":"ADBE Vector Shape - Group","hd":false},{"ind":1,"ty":"sh","ix":2,"ks":{"a":1,"k":[{"i":{"x":0.22,"y":1},"o":{"x":0.167,"y":0.167},"t":157.516,"s":[{"i":[[0,0],[0,0],[0,0],[0,0],[2.577,-15.333],[0,0],[0,0],[0,0]],"o":[[0,0],[5.175,3.002],[0,0],[0,0],[-8.135,3.428],[0,0],[0,0],[0,0]],"v":[[10.87,-96.42],[59.044,-53.951],[66.433,-45.812],[92.147,19.013],[118.326,35.996],[68.409,57.002],[33.622,-25.355],[-4.72,-59.87]],"c":false}]},{"t":200,"s":[{"i":[[0,0],[0,0],[0,0],[0,0],[-2.98,-15.26],[0,0],[0,0],[0,0]],"o":[[0,0],[5.9,0.99],[0,0],[0,0],[-6.41,6.07],[0,0],[0,0],[0,0]],"v":[[10.87,-96.42],[71.57,-74.8],[81.35,-69.78],[128.22,-18.14],[158.7,-11.45],[119.36,25.77],[57.83,-39.09],[-4.72,-59.87]],"c":false}]}],"ix":2},"nm":"Path 2","mn":"ADBE Vector Shape - Group","hd":false},{"ty":"st","c":{"a":0,"k":[0.071,0.075,0.192,1],"ix":3,"x":"var $bm_rt;\n$bm_rt = comp('wired-outline-1942-slippery-floor').layer('control').effect('primary')('Color');"},"o":{"a":0,"k":100,"ix":4},"w":{"a":0,"k":12.04,"ix":5,"x":"var $bm_rt;\n$bm_rt = $bm_mul($bm_div(value, 2), comp('wired-outline-1942-slippery-floor').layer('control').effect('stroke')('Menu'));"},"lc":2,"lj":2,"bm":0,"nm":".primary","mn":"ADBE Vector Graphic - Stroke","hd":false,"cl":"primary"},{"ty":"tr","p":{"a":0,"k":[233.77,353.313],"ix":2},"a":{"a":0,"k":[0,0],"ix":1},"s":{"a":0,"k":[100,100],"ix":3},"r":{"a":0,"k":0,"ix":6},"o":{"a":0,"k":100,"ix":7},"sk":{"a":0,"k":0,"ix":4},"sa":{"a":0,"k":0,"ix":5},"nm":"Transform"}],"nm":"Group 4","np":3,"cix":2,"bm":0,"ix":2,"mn":"ADBE Vector Group","hd":false},{"ty":"tr","p":{"a":0,"k":[195.99,238.313],"ix":2},"a":{"a":0,"k":[195.99,238.313],"ix":1},"s":{"a":0,"k":[100,100],"ix":3},"r":{"a":0,"k":0,"ix":6},"o":{"a":0,"k":100,"ix":7},"sk":{"a":0,"k":0,"ix":4},"sa":{"a":0,"k":0,"ix":5},"nm":"Transform"}],"nm":"Group 1","np":2,"cix":2,"bm":0,"ix":2,"mn":"ADBE Vector Group","hd":false}],"ip":144,"op":844,"st":0,"bm":0},{"ddd":0,"ind":4,"ty":4,"nm":"Floor-1","sr":1,"ks":{"o":{"a":0,"k":100,"ix":11},"r":{"a":0,"k":0,"ix":10},"p":{"a":1,"k":[{"i":{"x":0.11,"y":1},"o":{"x":0.167,"y":0.167},"t":144,"s":[-207,388.806,0],"to":[70.333,0,0],"ti":[-70.333,0,0]},{"t":200,"s":[215,388.806,0]}],"ix":2,"l":2},"a":{"a":0,"k":[0,0,0],"ix":1,"l":2},"s":{"a":0,"k":[100,100,100],"ix":6,"l":2}},"ao":0,"shapes":[{"ty":"gr","it":[{"ind":0,"ty":"sh","ix":1,"ks":{"a":1,"k":[{"i":{"x":0.27,"y":1},"o":{"x":0.167,"y":0.167},"t":144,"s":[{"i":[[0,0],[0,0]],"o":[[0,0],[0,0]],"v":[[-160.119,0],[160.119,0]],"c":false}]},{"i":{"x":0.481,"y":1},"o":{"x":0.306,"y":0.474},"t":162.344,"s":[{"i":[[0,0],[0,0]],"o":[[0,0],[0,0]],"v":[[-160.119,0],[240.119,0]],"c":false}]},{"t":200,"s":[{"i":[[0,0],[0,0]],"o":[[0,0],[0,0]],"v":[[-160.119,0],[160.119,0]],"c":false}]}],"ix":2},"nm":"Path 1","mn":"ADBE Vector Shape - Group","hd":false},{"ty":"st","c":{"a":0,"k":[0.071,0.075,0.192,1],"ix":3,"x":"var $bm_rt;\n$bm_rt = comp('wired-outline-1942-slippery-floor').layer('control').effect('primary')('Color');"},"o":{"a":0,"k":100,"ix":4},"w":{"a":0,"k":12.04,"ix":5,"x":"var $bm_rt;\n$bm_rt = $bm_mul($bm_div(value, 2), comp('wired-outline-1942-slippery-floor').layer('control').effect('stroke')('Menu'));"},"lc":2,"lj":2,"bm":0,"nm":".primary","mn":"ADBE Vector Graphic - Stroke","hd":false,"cl":"primary"},{"ty":"tr","p":{"a":0,"k":[0,0],"ix":2},"a":{"a":0,"k":[0,0],"ix":1},"s":{"a":0,"k":[100,100],"ix":3},"r":{"a":0,"k":0,"ix":6},"o":{"a":0,"k":100,"ix":7},"sk":{"a":0,"k":0,"ix":4},"sa":{"a":0,"k":0,"ix":5},"nm":"Transform"}],"nm":"Group 1","np":2,"cix":2,"bm":0,"ix":1,"mn":"ADBE Vector Group","hd":false}],"ip":144,"op":844,"st":0,"bm":0},{"ddd":0,"ind":5,"ty":4,"nm":"Floor-1","parent":6,"sr":1,"ks":{"o":{"a":0,"k":100,"ix":11},"r":{"a":0,"k":0,"ix":10},"p":{"a":0,"k":[50,52.806,0],"ix":2,"l":2},"a":{"a":0,"k":[0,0,0],"ix":1,"l":2},"s":{"a":0,"k":[100,100,100],"ix":6,"l":2}},"ao":0,"shapes":[{"ty":"gr","it":[{"ind":0,"ty":"sh","ix":1,"ks":{"a":0,"k":{"i":[[0,0],[0,0]],"o":[[0,0],[0,0]],"v":[[-160.119,0],[160.119,0]],"c":false},"ix":2},"nm":"Path 1","mn":"ADBE Vector Shape - Group","hd":false},{"ty":"st","c":{"a":0,"k":[0.071,0.075,0.192,1],"ix":3,"x":"var $bm_rt;\n$bm_rt = comp('wired-outline-1942-slippery-floor').layer('control').effect('primary')('Color');"},"o":{"a":0,"k":100,"ix":4},"w":{"a":0,"k":12.04,"ix":5,"x":"var $bm_rt;\n$bm_rt = $bm_mul($bm_div(value, 2), comp('wired-outline-1942-slippery-floor').layer('control').effect('stroke')('Menu'));"},"lc":2,"lj":2,"bm":0,"nm":".primary","mn":"ADBE Vector Graphic - Stroke","hd":false,"cl":"primary"},{"ty":"tr","p":{"a":0,"k":[0,0],"ix":2},"a":{"a":0,"k":[0,0],"ix":1},"s":{"a":0,"k":[100,100],"ix":3},"r":{"a":0,"k":0,"ix":6},"o":{"a":0,"k":100,"ix":7},"sk":{"a":0,"k":0,"ix":4},"sa":{"a":0,"k":0,"ix":5},"nm":"Transform"}],"nm":"Group 1","np":2,"cix":2,"bm":0,"ix":1,"mn":"ADBE Vector Group","hd":false}],"ip":0,"op":844,"st":0,"bm":0},{"ddd":0,"ind":6,"ty":3,"nm":"NULL 2","sr":1,"ks":{"o":{"a":0,"k":0,"ix":11},"r":{"a":0,"k":0,"ix":10},"p":{"a":1,"k":[{"i":{"x":0.833,"y":0.833},"o":{"x":0.89,"y":0},"t":115,"s":[215,386,0],"to":[71.5,0,0],"ti":[-71.5,0,0]},{"t":167,"s":[644,386,0]}],"ix":2,"l":2},"a":{"a":0,"k":[50,50,0],"ix":1,"l":2},"s":{"a":0,"k":[100,100,100],"ix":6,"l":2}},"ao":0,"ip":0,"op":844,"st":0,"bm":0},{"ddd":0,"ind":7,"ty":4,"nm":"Arm-L 2","parent":10,"sr":1,"ks":{"o":{"a":0,"k":100,"ix":11},"r":{"a":1,"k":[{"i":{"x":[0.833],"y":[0.833]},"o":{"x":[0.167],"y":[0.167]},"t":0,"s":[0]},{"i":{"x":[0.833],"y":[0.833]},"o":{"x":[0.167],"y":[0.167]},"t":23,"s":[-153.333]},{"i":{"x":[0.833],"y":[0.833]},"o":{"x":[0.167],"y":[0.167]},"t":28,"s":[-228.121]},{"i":{"x":[0.833],"y":[0.833]},"o":{"x":[0.167],"y":[0.167]},"t":34,"s":[-282.667]},{"i":{"x":[0.667],"y":[1]},"o":{"x":[0.167],"y":[0.167]},"t":54,"s":[-360]},{"i":{"x":[0.833],"y":[1]},"o":{"x":[0.333],"y":[0]},"t":78,"s":[-498]},{"i":{"x":[0.833],"y":[1]},"o":{"x":[0.167],"y":[0]},"t":83,"s":[-515]},{"i":{"x":[0.833],"y":[0.833]},"o":{"x":[0.167],"y":[0]},"t":91,"s":[-535]},{"i":{"x":[0.11],"y":[1]},"o":{"x":[0.167],"y":[0.167]},"t":95,"s":[-575]},{"i":{"x":[0.833],"y":[0.833]},"o":{"x":[0.89],"y":[0]},"t":115,"s":[-559]},{"t":131,"s":[-575]}],"ix":10},"p":{"a":1,"k":[{"i":{"x":0.833,"y":0.833},"o":{"x":0.167,"y":0.167},"t":89,"s":[135.455,202.133,0],"to":[2.835,-0.822,0],"ti":[-3.763,1.196,0]},{"i":{"x":0.833,"y":0.833},"o":{"x":0.167,"y":0.167},"t":91,"s":[152.467,197.203,0],"to":[3.763,-1.196,0],"ti":[-0.927,0.375,0]},{"t":95,"s":[158.03,194.955,0]}],"ix":2,"l":2},"a":{"a":0,"k":[2.861,-52.933,0],"ix":1,"l":2},"s":{"a":0,"k":[100,100,100],"ix":6,"l":2}},"ao":0,"shapes":[{"ty":"gr","it":[{"ind":0,"ty":"sh","ix":1,"ks":{"a":1,"k":[{"i":{"x":0.833,"y":0.833},"o":{"x":0.167,"y":0.167},"t":0,"s":[{"i":[[10.08,-5.35],[-0.838,-26.591],[0,0],[0,0],[1.241,29.403],[0,0],[0,0],[0,0],[0,0]],"o":[[-16.6,8.811],[0,0],[0,0],[0,0],[0,0],[0,0],[0,0],[0,0],[0,0]],"v":[[4.563,-73.677],[-16.126,-24.126],[-15.291,-2.333],[-12.378,73.672],[16.178,45.313],[14.736,4.539],[14.68,2.96],[13.804,-21.802],[13.346,-34.774]],"c":false}]},{"i":{"x":0.833,"y":0.833},"o":{"x":0.167,"y":0.167},"t":4,"s":[{"i":[[10.143,-0.284],[0.64,-25.942],[0,0],[0,0],[1.241,29.403],[0,0],[-0.142,1.162],[-0.074,0.364],[0.463,7.474]],"o":[[-19.139,1.797],[0,0],[0,0],[0,0],[0,0],[0,0],[0.813,-6.638],[0.529,-2.619],[0,0]],"v":[[8.789,-69.403],[-17.476,-24.715],[-17.854,0.344],[-15.024,74.196],[13.532,45.836],[12.092,5.128],[12.318,3.285],[15.938,-26.029],[17.043,-52.172]],"c":false}]},{"i":{"x":0.833,"y":0.833},"o":{"x":0.167,"y":0.167},"t":8,"s":[{"i":[[10.207,4.781],[2.118,-25.293],[0,0],[0,0],[1.241,29.403],[0,0],[-0.32,1.329],[-0.147,0.729],[12.574,2.118]],"o":[[-21.677,-5.217],[0,0],[0,0],[0,0],[0,0],[0,0],[1.826,-7.593],[1.058,-5.238],[0,0]],"v":[[13.015,-65.128],[-18.826,-25.305],[-20.418,3.021],[-17.67,74.72],[10.886,46.36],[9.449,5.717],[9.956,3.609],[18.072,-30.257],[13.885,-64.932]],"c":false}]},{"i":{"x":0.667,"y":1},"o":{"x":0.167,"y":0.167},"t":15,"s":[{"i":[[11.4,-0.519],[4.705,-24.157],[0,0],[0,0],[1.241,29.404],[0,0],[-0.63,1.621],[-0.276,1.367],[18.446,0.252]],"o":[[-15.25,0.695],[0,0],[0,0],[0,0],[0,0],[0,0],[3.601,-9.263],[1.985,-9.821],[0,0]],"v":[[3.417,-64.323],[-21.187,-26.336],[-24.904,7.706],[-22.3,75.637],[6.255,47.277],[4.822,6.747],[5.822,4.177],[21.807,-37.655],[3.301,-64.255]],"c":false}]},{"i":{"x":0.833,"y":0.833},"o":{"x":0.333,"y":0},"t":23,"s":[{"i":[[11.4,-0.519],[4.705,-24.157],[0,0],[0,0],[1.241,29.404],[0,0],[-0.63,1.621],[-0.276,1.367],[18.446,0.252]],"o":[[-15.25,0.695],[0,0],[0,0],[0,0],[0,0],[0,0],[3.601,-9.263],[1.985,-9.821],[0,0]],"v":[[3.417,-64.323],[-21.187,-26.336],[-24.904,7.706],[-22.3,75.637],[6.255,47.277],[4.822,6.747],[5.822,4.177],[21.807,-37.655],[3.301,-64.255]],"c":false}]},{"i":{"x":0.667,"y":1},"o":{"x":0.167,"y":0.167},"t":28,"s":[{"i":[[11.4,-0.519],[3.732,-19.607],[0,0],[0,0],[-25.444,8.352],[-13.107,4.94],[-1.119,3.38],[-0.262,1.299],[18.446,0.252]],"o":[[-15.25,0.695],[0,0],[0,0],[0,0],[0,0],[2.473,-0.932],[3.282,-11.109],[1.985,-9.821],[0,0]],"v":[[3.417,-64.323],[-16.311,-35.815],[-19.377,-20.664],[-71.082,3.526],[-39.189,21.526],[2.782,9.97],[11.974,-3.057],[21.807,-37.655],[3.301,-64.255]],"c":false}]},{"i":{"x":0.833,"y":0.833},"o":{"x":0.333,"y":0},"t":34,"s":[{"i":[[3.737,-10.782],[0.27,-20.625],[0,0],[0,0],[-27.259,11.092],[-12.118,4.464],[-1.008,4.766],[-0.244,1.209],[-0.65,7.591]],"o":[[-2.335,6.738],[0,0],[0,0],[0,0],[0,0],[5.741,-2.115],[2.864,-13.535],[1.985,-9.821],[0,0]],"v":[[-17.208,-59.502],[-21.187,-26.336],[-21.344,-18.117],[-72.902,6.648],[-36.569,23.956],[-0.036,12.084],[11.73,-2.002],[21.807,-37.655],[24.072,-60.23]],"c":false}]},{"i":{"x":0.833,"y":0.833},"o":{"x":0.167,"y":0.167},"t":36,"s":[{"i":[[10.71,-1.455],[4.705,-24.157],[0,0],[0,0],[-26.162,12.256],[-11.471,5.798],[-1.243,4.854],[-0.252,1.215],[0.233,5.409]],"o":[[-0.852,7.317],[0,0],[0,0],[0,0],[0,0],[5.069,-2.306],[3.308,-13.241],[1.962,-9.54],[0,0]],"v":[[-17.375,-64.976],[-21.187,-26.336],[-22.059,-16.686],[-72.585,14.855],[-36.089,29.982],[0.021,12.502],[10.685,-1.874],[20.843,-36.369],[23.145,-55.716]],"c":false}]},{"i":{"x":0.833,"y":0.833},"o":{"x":0.167,"y":0.167},"t":39,"s":[{"i":[[8.669,-4.226],[4.705,-24.157],[0,0],[0,0],[-22.913,15.7],[-9.556,9.747],[-1.937,5.114],[-0.275,1.232],[-2.173,5.955]],"o":[[-1.257,11.475],[0,0],[0,0],[0,0],[0,0],[3.08,-2.872],[4.624,-12.371],[1.896,-8.709],[0,0]],"v":[[-13.617,-70.03],[-21.187,-26.336],[-24.176,-12.452],[-71.649,39.154],[-34.668,47.824],[0.187,13.741],[7.593,-1.495],[17.99,-32.56],[24.642,-52.186]],"c":false}]},{"i":{"x":0.833,"y":0.833},"o":{"x":0.167,"y":0.167},"t":44,"s":[{"i":[[3.877,-10.733],[4.705,-24.157],[0,0],[0,0],[-15.283,23.788],[-6.154,8.179],[-0.819,3.194],[-0.328,1.272],[-1.639,6.895]],"o":[[-4.043,11.193],[0,0],[0,0],[0,0],[0,0],[1.839,-2.444],[3.232,-11.399],[1.74,-6.758],[0,0]],"v":[[-8.254,-73.178],[-21.187,-26.337],[-29.148,-2.509],[-61.298,60.446],[-23.181,53.955],[0.578,16.65],[5.988,5.313],[14.679,-23.468],[21.389,-46.092]],"c":false}]},{"i":{"x":0.667,"y":1},"o":{"x":0.167,"y":0.167},"t":49,"s":[{"i":[[8.669,-4.226],[4.705,-24.157],[0,0],[0,0],[-4.756,27.366],[-1.334,4.254],[-0.606,2.128],[-2.324,7.186],[-3.603,10.155]],"o":[[-5.627,7.528],[0,0],[0,0],[0,0],[0,0],[0.279,-0.891],[2.892,-9.731],[2.453,-7.585],[0,0]],"v":[[-3.668,-71.135],[-21.187,-26.336],[-26.444,3.998],[-36.454,70.124],[-4.428,49.701],[2.708,11.615],[4.778,5.056],[11.566,-16.46],[18.534,-39.253]],"c":false}]},{"i":{"x":0.833,"y":0.833},"o":{"x":0.167,"y":0},"t":54,"s":[{"i":[[11.4,-0.519],[4.705,-24.157],[0,0],[0,0],[1.241,29.404],[0,0],[-0.63,1.621],[-0.276,1.367],[18.446,0.252]],"o":[[-15.25,0.695],[0,0],[0,0],[0,0],[0,0],[0,0],[3.601,-9.263],[1.985,-9.821],[0,0]],"v":[[3.417,-64.323],[-21.187,-26.336],[-24.904,7.706],[-22.3,75.637],[6.255,47.277],[4.822,6.747],[5.822,4.177],[21.807,-37.655],[3.301,-64.255]],"c":false}]},{"i":{"x":0.667,"y":1},"o":{"x":0.167,"y":0.167},"t":60,"s":[{"i":[[10.207,4.781],[2.118,-25.293],[0,0],[0,0],[1.241,29.403],[0,0],[-0.32,1.329],[-0.147,0.729],[12.574,2.118]],"o":[[-21.677,-5.217],[0,0],[0,0],[0,0],[0,0],[0,0],[1.826,-7.593],[1.058,-5.238],[0,0]],"v":[[13.015,-65.128],[-18.826,-25.305],[-20.418,3.021],[-17.67,74.72],[10.886,46.36],[9.449,5.717],[9.956,3.609],[18.072,-30.257],[13.885,-64.932]],"c":false}]},{"i":{"x":0.833,"y":0.833},"o":{"x":0.802,"y":0},"t":73,"s":[{"i":[[11.4,-0.519],[2.452,-17.782],[-2.642,-5.069],[0,0],[14.89,25.385],[0,0],[-0.49,1.669],[-0.276,1.367],[18.446,0.252]],"o":[[-15.25,0.695],[-0.781,5.663],[11.119,21.332],[0,0],[0,0],[0,0],[1.315,-4.48],[1.985,-9.821],[0,0]],"v":[[3.417,-64.323],[-25.514,-10.538],[-21.468,6.128],[15.485,68.119],[27.4,29.677],[11.892,-3.496],[10.023,-10.468],[18.288,-39.366],[3.301,-64.255]],"c":false}]},{"i":{"x":0.833,"y":0.833},"o":{"x":0.167,"y":0.167},"t":86,"s":[{"i":[[11.4,-0.519],[4.705,-24.157],[0,0],[0,0],[-2.832,29.293],[0,0],[-0.546,1.651],[-0.276,1.367],[18.446,0.252]],"o":[[-15.25,0.695],[0,0],[0,0],[0,0],[0,0],[0,0],[3.118,-9.437],[1.985,-9.821],[0,0]],"v":[[3.417,-64.323],[-21.187,-26.336],[-30.933,31.745],[-44.849,122.1],[-12.651,97.956],[-0.256,35.386],[0.61,32.768],[21.807,-37.655],[3.301,-64.255]],"c":false}]},{"i":{"x":0.833,"y":0.833},"o":{"x":0.167,"y":0.167},"t":89,"s":[{"i":[[11.4,-0.519],[4.705,-24.157],[0,0],[0,0],[-2.832,29.293],[0,0],[-0.546,1.651],[-0.276,1.367],[18.446,0.252]],"o":[[-15.25,0.695],[0,0],[0,0],[0,0],[0,0],[0,0],[3.118,-9.437],[1.985,-9.821],[0,0]],"v":[[3.417,-64.323],[-21.187,-26.336],[-31.499,32.57],[-45.416,122.924],[-13.217,98.78],[-0.822,36.211],[0.043,33.592],[21.807,-37.655],[3.301,-64.255]],"c":false}]},{"i":{"x":0.833,"y":0.833},"o":{"x":0.167,"y":0.167},"t":90,"s":[{"i":[[10.373,-1.779],[4.133,-21.27],[0,0],[0,0],[-5.414,24.985],[0,0],[-0.528,1.656],[-0.276,1.367],[6.501,9.101]],"o":[[-19.628,-1.982],[0,0],[0,0],[0,0],[0,0],[0,0],[3.23,-10.383],[-4.843,-8.283],[0,0]],"v":[[9.201,-67.763],[-20.614,-21.666],[-30.459,32.662],[-44.259,118.768],[-13.349,100.773],[-0.236,36.311],[0.642,33.697],[25.375,-39.978],[9.451,-67.413]],"c":false}]},{"i":{"x":0.833,"y":0.833},"o":{"x":0.167,"y":0.167},"t":91,"s":[{"i":[[9.054,-3.399],[3.399,-17.558],[0,0],[0,0],[-8.733,19.446],[0,0],[-0.505,1.663],[-0.276,1.367],[5.611,11.393]],"o":[[-1.082,4.8],[0,0],[0,0],[0,0],[0,0],[0,0],[3.376,-11.598],[1.985,-9.821],[0,0]],"v":[[-15.215,-36.916],[-19.877,-15.661],[-29.122,32.78],[-42.772,113.423],[-13.519,103.335],[0.519,36.44],[1.413,33.832],[21.807,-37.655],[12.677,-68.146]],"c":false}]},{"i":{"x":0.833,"y":0.833},"o":{"x":0.167,"y":0.167},"t":92,"s":[{"i":[[7.643,-5.131],[2.613,-13.589],[0,0],[0,0],[-12.283,13.522],[0,0],[-0.48,1.67],[-0.276,1.367],[9.583,3.766]],"o":[[-0.167,0.236],[0,0],[0,0],[0,0],[0,0],[0,0],[3.531,-12.898],[1.985,-9.821],[0,0]],"v":[[-16.238,-23.373],[-19.089,-9.239],[-27.693,32.906],[-41.181,107.709],[-13.701,106.074],[1.325,36.578],[2.236,33.976],[21.807,-37.655],[13.713,-63.647]],"c":false}]},{"i":{"x":0.833,"y":0.833},"o":{"x":0.167,"y":0.167},"t":94,"s":[{"i":[[4.423,-9.083],[0.82,-4.53],[0,0],[0,0],[-20.384,0.005],[0,0],[-0.424,1.685],[-0.018,1.394],[-0.427,6.737]],"o":[[-0.812,3.051],[0,0],[0,0],[0,0],[0,0],[0,0],[3.885,-15.865],[0.122,-9.738],[0,0]],"v":[[-10.685,-30.433],[-13.429,-17.462],[-24.43,33.195],[-37.552,94.667],[-14.115,112.326],[3.166,36.893],[4.115,34.305],[21.807,-37.655],[22.637,-63.126]],"c":false}]},{"i":{"x":0.11,"y":1},"o":{"x":0.167,"y":0.167},"t":95,"s":[{"i":[[2.813,-11.06],[-0.076,-0.001],[0,0],[0,0],[-24.435,-6.754],[0,0],[-0.396,1.693],[-0.276,1.367],[-1.813,8.286]],"o":[[-1.134,4.459],[0,0],[0,0],[0,0],[0,0],[0,0],[4.062,-17.349],[1.984,-9.821],[0,0]],"v":[[-7.908,-33.963],[-10.599,-21.573],[-22.799,33.339],[-35.737,88.146],[-14.322,115.452],[4.086,37.051],[5.055,34.469],[21.807,-37.655],[27.099,-62.866]],"c":false}]},{"i":{"x":0.833,"y":0.833},"o":{"x":0.89,"y":0},"t":115,"s":[{"i":[[2.813,-11.06],[-0.076,-0.001],[0,0],[0,0],[-19.488,-16.214],[0,0],[-0.324,1.222],[-0.276,1.367],[0.739,9.225]],"o":[[-1.134,4.459],[0,0],[0,0],[0,0],[0,0],[3.445,-5.262],[4.563,-17.224],[1.984,-9.821],[0,0]],"v":[[-7.908,-33.963],[-10.599,-21.573],[-22.741,33.084],[-57.094,77.706],[-48.818,111.407],[0.155,48.022],[7.223,32.854],[21.807,-37.655],[24.339,-62.971]],"c":false}]},{"t":131,"s":[{"i":[[2.813,-11.06],[-0.076,-0.001],[0,0],[0,0],[-24.435,-6.754],[0,0],[-0.396,1.693],[-0.276,1.367],[-1.813,8.286]],"o":[[-1.134,4.459],[0,0],[0,0],[0,0],[0,0],[0,0],[4.062,-17.349],[1.984,-9.821],[0,0]],"v":[[-7.908,-33.963],[-10.599,-21.573],[-22.799,33.339],[-35.737,88.146],[-14.322,115.452],[4.086,37.051],[5.055,34.469],[21.807,-37.655],[27.099,-62.866]],"c":false}]}],"ix":2},"nm":"Path 1","mn":"ADBE Vector Shape - Group","hd":false},{"ty":"st","c":{"a":0,"k":[0.031,0.659,0.541,1],"ix":3,"x":"var $bm_rt;\n$bm_rt = comp('wired-outline-1942-slippery-floor').layer('control').effect('secondary')('Color');"},"o":{"a":0,"k":100,"ix":4},"w":{"a":0,"k":12.04,"ix":5,"x":"var $bm_rt;\n$bm_rt = $bm_mul($bm_div(value, 2), comp('wired-outline-1942-slippery-floor').layer('control').effect('stroke')('Menu'));"},"lc":2,"lj":2,"bm":0,"nm":".secondary","mn":"ADBE Vector Graphic - Stroke","hd":false,"cl":"secondary"},{"ty":"tr","p":{"a":0,"k":[0,0],"ix":2},"a":{"a":0,"k":[0,0],"ix":1},"s":{"a":0,"k":[100,100],"ix":3},"r":{"a":0,"k":0,"ix":6},"o":{"a":0,"k":100,"ix":7},"sk":{"a":0,"k":0,"ix":4},"sa":{"a":0,"k":0,"ix":5},"nm":"Transform"}],"nm":"Group 1","np":3,"cix":2,"bm":0,"ix":1,"mn":"ADBE Vector Group","hd":false}],"ip":0,"op":844,"st":0,"bm":0},{"ddd":0,"ind":8,"ty":4,"nm":"mask 2","parent":10,"td":1,"sr":1,"ks":{"o":{"a":0,"k":100,"ix":11},"r":{"a":1,"k":[{"i":{"x":[0.833],"y":[0.833]},"o":{"x":[0.167],"y":[0.167]},"t":0,"s":[0]},{"i":{"x":[0.833],"y":[0.833]},"o":{"x":[0.167],"y":[0.167]},"t":23,"s":[-153.333]},{"i":{"x":[0.833],"y":[0.833]},"o":{"x":[0.167],"y":[0.167]},"t":28,"s":[-228.121]},{"i":{"x":[0.833],"y":[0.833]},"o":{"x":[0.167],"y":[0.167]},"t":34,"s":[-282.667]},{"i":{"x":[0.667],"y":[1]},"o":{"x":[0.167],"y":[0.167]},"t":54,"s":[-360]},{"i":{"x":[0.833],"y":[1]},"o":{"x":[0.333],"y":[0]},"t":78,"s":[-498]},{"i":{"x":[0.833],"y":[1]},"o":{"x":[0.167],"y":[0]},"t":83,"s":[-515]},{"i":{"x":[0.833],"y":[0.833]},"o":{"x":[0.167],"y":[0]},"t":91,"s":[-535]},{"i":{"x":[0.11],"y":[1]},"o":{"x":[0.167],"y":[0.167]},"t":95,"s":[-575]},{"i":{"x":[0.833],"y":[0.833]},"o":{"x":[0.89],"y":[0]},"t":115,"s":[-559]},{"t":131,"s":[-575]}],"ix":10},"p":{"a":1,"k":[{"i":{"x":0.833,"y":0.833},"o":{"x":0.167,"y":0.167},"t":89,"s":[135.455,202.133,0],"to":[2.835,-0.822,0],"ti":[-3.763,1.196,0]},{"i":{"x":0.833,"y":0.833},"o":{"x":0.167,"y":0.167},"t":91,"s":[152.467,197.203,0],"to":[3.763,-1.196,0],"ti":[-0.927,0.375,0]},{"t":95,"s":[158.03,194.955,0]}],"ix":2,"l":2},"a":{"a":0,"k":[2.861,-52.933,0],"ix":1,"l":2},"s":{"a":0,"k":[100,100,100],"ix":6,"l":2}},"ao":0,"shapes":[{"ty":"gr","it":[{"ind":0,"ty":"sh","ix":1,"ks":{"a":1,"k":[{"i":{"x":0.833,"y":0.833},"o":{"x":0.167,"y":0.167},"t":0,"s":[{"i":[[10.08,-5.35],[-0.838,-26.591],[0,0],[0,0],[1.241,29.403],[0,0],[0,0],[0,0],[0,0]],"o":[[-16.6,8.811],[0,0],[0,0],[0,0],[0,0],[0,0],[0,0],[0,0],[0,0]],"v":[[4.563,-73.677],[-16.126,-24.126],[-15.291,-2.333],[-12.378,73.672],[16.178,45.313],[14.736,4.539],[14.68,2.96],[13.804,-21.802],[13.346,-34.774]],"c":false}]},{"i":{"x":0.833,"y":0.833},"o":{"x":0.167,"y":0.167},"t":4,"s":[{"i":[[10.143,-0.284],[0.64,-25.942],[0,0],[0,0],[1.241,29.403],[0,0],[-0.142,1.162],[-0.074,0.364],[0.463,7.474]],"o":[[-19.139,1.797],[0,0],[0,0],[0,0],[0,0],[0,0],[0.813,-6.638],[0.529,-2.619],[0,0]],"v":[[8.789,-69.403],[-17.476,-24.715],[-17.854,0.344],[-15.024,74.196],[13.532,45.836],[12.092,5.128],[12.318,3.285],[15.938,-26.029],[17.043,-52.172]],"c":false}]},{"i":{"x":0.833,"y":0.833},"o":{"x":0.167,"y":0.167},"t":8,"s":[{"i":[[10.207,4.781],[2.118,-25.293],[0,0],[0,0],[1.241,29.403],[0,0],[-0.32,1.329],[-0.147,0.729],[12.574,2.118]],"o":[[-21.677,-5.217],[0,0],[0,0],[0,0],[0,0],[0,0],[1.826,-7.593],[1.058,-5.238],[0,0]],"v":[[13.015,-65.128],[-18.826,-25.305],[-20.418,3.021],[-17.67,74.72],[10.886,46.36],[9.449,5.717],[9.956,3.609],[18.072,-30.257],[13.885,-64.932]],"c":false}]},{"i":{"x":0.667,"y":1},"o":{"x":0.167,"y":0.167},"t":15,"s":[{"i":[[11.4,-0.519],[4.705,-24.157],[0,0],[0,0],[1.241,29.404],[0,0],[-0.63,1.621],[-0.276,1.367],[18.446,0.252]],"o":[[-15.25,0.695],[0,0],[0,0],[0,0],[0,0],[0,0],[3.601,-9.263],[1.985,-9.821],[0,0]],"v":[[3.417,-64.323],[-21.187,-26.336],[-24.904,7.706],[-22.3,75.637],[6.255,47.277],[4.822,6.747],[5.822,4.177],[21.807,-37.655],[3.301,-64.255]],"c":false}]},{"i":{"x":0.833,"y":0.833},"o":{"x":0.333,"y":0},"t":23,"s":[{"i":[[11.4,-0.519],[4.705,-24.157],[0,0],[0,0],[1.241,29.404],[0,0],[-0.63,1.621],[-0.276,1.367],[18.446,0.252]],"o":[[-15.25,0.695],[0,0],[0,0],[0,0],[0,0],[0,0],[3.601,-9.263],[1.985,-9.821],[0,0]],"v":[[3.417,-64.323],[-21.187,-26.336],[-24.904,7.706],[-22.3,75.637],[6.255,47.277],[4.822,6.747],[5.822,4.177],[21.807,-37.655],[3.301,-64.255]],"c":false}]},{"i":{"x":0.667,"y":1},"o":{"x":0.167,"y":0.167},"t":28,"s":[{"i":[[11.4,-0.519],[3.732,-19.607],[0,0],[0,0],[-25.444,8.352],[-13.107,4.94],[-1.119,3.38],[-0.262,1.299],[18.446,0.252]],"o":[[-15.25,0.695],[0,0],[0,0],[0,0],[0,0],[2.473,-0.932],[3.282,-11.109],[1.985,-9.821],[0,0]],"v":[[3.417,-64.323],[-16.311,-35.815],[-19.377,-20.664],[-71.082,3.526],[-39.189,21.526],[2.782,9.97],[11.974,-3.057],[21.807,-37.655],[3.301,-64.255]],"c":false}]},{"i":{"x":0.833,"y":0.833},"o":{"x":0.333,"y":0},"t":34,"s":[{"i":[[3.737,-10.782],[0.27,-20.625],[0,0],[0,0],[-27.259,11.092],[-12.118,4.464],[-1.008,4.766],[-0.244,1.209],[-0.65,7.591]],"o":[[-2.335,6.738],[0,0],[0,0],[0,0],[0,0],[5.741,-2.115],[2.864,-13.535],[1.985,-9.821],[0,0]],"v":[[-17.208,-59.502],[-21.187,-26.336],[-21.344,-18.117],[-72.902,6.648],[-36.569,23.956],[-0.036,12.084],[11.73,-2.002],[21.807,-37.655],[24.072,-60.23]],"c":false}]},{"i":{"x":0.833,"y":0.833},"o":{"x":0.167,"y":0.167},"t":36,"s":[{"i":[[10.71,-1.455],[4.705,-24.157],[0,0],[0,0],[-26.162,12.256],[-11.471,5.798],[-1.243,4.854],[-0.252,1.215],[0.233,5.409]],"o":[[-0.852,7.317],[0,0],[0,0],[0,0],[0,0],[5.069,-2.306],[3.308,-13.241],[1.962,-9.54],[0,0]],"v":[[-17.375,-64.976],[-21.187,-26.336],[-22.059,-16.686],[-72.585,14.855],[-36.089,29.982],[0.021,12.502],[10.685,-1.874],[20.843,-36.369],[23.145,-55.716]],"c":false}]},{"i":{"x":0.833,"y":0.833},"o":{"x":0.167,"y":0.167},"t":39,"s":[{"i":[[8.669,-4.226],[4.705,-24.157],[0,0],[0,0],[-22.913,15.7],[-9.556,9.747],[-1.937,5.114],[-0.275,1.232],[-2.173,5.955]],"o":[[-1.257,11.475],[0,0],[0,0],[0,0],[0,0],[3.08,-2.872],[4.624,-12.371],[1.896,-8.709],[0,0]],"v":[[-13.617,-70.03],[-21.187,-26.336],[-24.176,-12.452],[-71.649,39.154],[-34.668,47.824],[0.187,13.741],[7.593,-1.495],[17.99,-32.56],[24.642,-52.186]],"c":false}]},{"i":{"x":0.833,"y":0.833},"o":{"x":0.167,"y":0.167},"t":44,"s":[{"i":[[3.877,-10.733],[4.705,-24.157],[0,0],[0,0],[-15.283,23.788],[-6.154,8.179],[-0.819,3.194],[-0.328,1.272],[-1.639,6.895]],"o":[[-4.043,11.193],[0,0],[0,0],[0,0],[0,0],[1.839,-2.444],[3.232,-11.399],[1.74,-6.758],[0,0]],"v":[[-8.254,-73.178],[-21.187,-26.337],[-29.148,-2.509],[-61.298,60.446],[-23.181,53.955],[0.578,16.65],[5.988,5.313],[14.679,-23.468],[21.389,-46.092]],"c":false}]},{"i":{"x":0.667,"y":1},"o":{"x":0.167,"y":0.167},"t":49,"s":[{"i":[[8.669,-4.226],[4.705,-24.157],[0,0],[0,0],[-4.756,27.366],[-1.334,4.254],[-0.606,2.128],[-2.324,7.186],[-3.603,10.155]],"o":[[-5.627,7.528],[0,0],[0,0],[0,0],[0,0],[0.279,-0.891],[2.892,-9.731],[2.453,-7.585],[0,0]],"v":[[-3.668,-71.135],[-21.187,-26.336],[-26.444,3.998],[-36.454,70.124],[-4.428,49.701],[2.708,11.615],[4.778,5.056],[11.566,-16.46],[18.534,-39.253]],"c":false}]},{"i":{"x":0.833,"y":0.833},"o":{"x":0.167,"y":0},"t":54,"s":[{"i":[[11.4,-0.519],[4.705,-24.157],[0,0],[0,0],[1.241,29.404],[0,0],[-0.63,1.621],[-0.276,1.367],[18.446,0.252]],"o":[[-15.25,0.695],[0,0],[0,0],[0,0],[0,0],[0,0],[3.601,-9.263],[1.985,-9.821],[0,0]],"v":[[3.417,-64.323],[-21.187,-26.336],[-24.904,7.706],[-22.3,75.637],[6.255,47.277],[4.822,6.747],[5.822,4.177],[21.807,-37.655],[3.301,-64.255]],"c":false}]},{"i":{"x":0.667,"y":1},"o":{"x":0.167,"y":0.167},"t":60,"s":[{"i":[[10.207,4.781],[2.118,-25.293],[0,0],[0,0],[1.241,29.403],[0,0],[-0.32,1.329],[-0.147,0.729],[12.574,2.118]],"o":[[-21.677,-5.217],[0,0],[0,0],[0,0],[0,0],[0,0],[1.826,-7.593],[1.058,-5.238],[0,0]],"v":[[13.015,-65.128],[-18.826,-25.305],[-20.418,3.021],[-17.67,74.72],[10.886,46.36],[9.449,5.717],[9.956,3.609],[18.072,-30.257],[13.885,-64.932]],"c":false}]},{"i":{"x":0.833,"y":0.833},"o":{"x":0.802,"y":0},"t":73,"s":[{"i":[[11.4,-0.519],[2.452,-17.782],[-2.642,-5.069],[0,0],[14.89,25.385],[0,0],[-0.49,1.669],[-0.276,1.367],[18.446,0.252]],"o":[[-15.25,0.695],[-0.781,5.663],[11.119,21.332],[0,0],[0,0],[0,0],[1.315,-4.48],[1.985,-9.821],[0,0]],"v":[[3.417,-64.323],[-25.514,-10.538],[-21.468,6.128],[15.485,68.119],[27.4,29.677],[11.892,-3.496],[10.023,-10.468],[18.288,-39.366],[3.301,-64.255]],"c":false}]},{"i":{"x":0.833,"y":0.833},"o":{"x":0.167,"y":0.167},"t":86,"s":[{"i":[[11.4,-0.519],[4.705,-24.157],[0,0],[0,0],[-2.832,29.293],[0,0],[-0.546,1.651],[-0.276,1.367],[18.446,0.252]],"o":[[-15.25,0.695],[0,0],[0,0],[0,0],[0,0],[0,0],[3.118,-9.437],[1.985,-9.821],[0,0]],"v":[[3.417,-64.323],[-21.187,-26.336],[-30.933,31.745],[-44.849,122.1],[-12.651,97.956],[-0.256,35.386],[0.61,32.768],[21.807,-37.655],[3.301,-64.255]],"c":false}]},{"i":{"x":0.833,"y":0.833},"o":{"x":0.167,"y":0.167},"t":89,"s":[{"i":[[11.4,-0.519],[4.705,-24.157],[0,0],[0,0],[-2.832,29.293],[0,0],[-0.546,1.651],[-0.276,1.367],[18.446,0.252]],"o":[[-15.25,0.695],[0,0],[0,0],[0,0],[0,0],[0,0],[3.118,-9.437],[1.985,-9.821],[0,0]],"v":[[3.417,-64.323],[-21.187,-26.336],[-31.499,32.57],[-45.416,122.924],[-13.217,98.78],[-0.822,36.211],[0.043,33.592],[21.807,-37.655],[3.301,-64.255]],"c":false}]},{"i":{"x":0.833,"y":0.833},"o":{"x":0.167,"y":0.167},"t":90,"s":[{"i":[[10.373,-1.779],[4.133,-21.27],[0,0],[0,0],[-5.414,24.985],[0,0],[-0.528,1.656],[-0.276,1.367],[6.501,9.101]],"o":[[-19.628,-1.982],[0,0],[0,0],[0,0],[0,0],[0,0],[3.23,-10.383],[-4.843,-8.283],[0,0]],"v":[[9.201,-67.763],[-20.614,-21.666],[-30.459,32.662],[-44.259,118.768],[-13.349,100.773],[-0.236,36.311],[0.642,33.697],[25.375,-39.978],[9.451,-67.413]],"c":false}]},{"i":{"x":0.833,"y":0.833},"o":{"x":0.167,"y":0.167},"t":91,"s":[{"i":[[9.054,-3.399],[3.399,-17.558],[0,0],[0,0],[-8.733,19.446],[0,0],[-0.505,1.663],[-0.276,1.367],[5.611,11.393]],"o":[[-1.082,4.8],[0,0],[0,0],[0,0],[0,0],[0,0],[3.376,-11.598],[1.985,-9.821],[0,0]],"v":[[-15.215,-36.916],[-19.877,-15.661],[-29.122,32.78],[-42.772,113.423],[-13.519,103.335],[0.519,36.44],[1.413,33.832],[21.807,-37.655],[12.677,-68.146]],"c":false}]},{"i":{"x":0.833,"y":0.833},"o":{"x":0.167,"y":0.167},"t":92,"s":[{"i":[[7.643,-5.131],[2.613,-13.589],[0,0],[0,0],[-12.283,13.522],[0,0],[-0.48,1.67],[-0.276,1.367],[9.583,3.766]],"o":[[-0.167,0.236],[0,0],[0,0],[0,0],[0,0],[0,0],[3.531,-12.898],[1.985,-9.821],[0,0]],"v":[[-16.238,-23.373],[-19.089,-9.239],[-27.693,32.906],[-41.181,107.709],[-13.701,106.074],[1.325,36.578],[2.236,33.976],[21.807,-37.655],[13.713,-63.647]],"c":false}]},{"i":{"x":0.833,"y":0.833},"o":{"x":0.167,"y":0.167},"t":94,"s":[{"i":[[4.423,-9.083],[0.82,-4.53],[0,0],[0,0],[-20.384,0.005],[0,0],[-0.424,1.685],[-0.018,1.394],[-0.427,6.737]],"o":[[-0.812,3.051],[0,0],[0,0],[0,0],[0,0],[0,0],[3.885,-15.865],[0.122,-9.738],[0,0]],"v":[[-10.685,-30.433],[-13.429,-17.462],[-24.43,33.195],[-37.552,94.667],[-14.115,112.326],[3.166,36.893],[4.115,34.305],[21.807,-37.655],[22.637,-63.126]],"c":false}]},{"i":{"x":0.11,"y":1},"o":{"x":0.167,"y":0.167},"t":95,"s":[{"i":[[2.813,-11.06],[-0.076,-0.001],[0,0],[0,0],[-24.435,-6.754],[0,0],[-0.396,1.693],[-0.276,1.367],[-1.813,8.286]],"o":[[-1.134,4.459],[0,0],[0,0],[0,0],[0,0],[0,0],[4.062,-17.349],[1.984,-9.821],[0,0]],"v":[[-7.908,-33.963],[-10.599,-21.573],[-22.799,33.339],[-35.737,88.146],[-14.322,115.452],[4.086,37.051],[5.055,34.469],[21.807,-37.655],[27.099,-62.866]],"c":false}]},{"i":{"x":0.833,"y":0.833},"o":{"x":0.89,"y":0},"t":115,"s":[{"i":[[2.813,-11.06],[-0.076,-0.001],[0,0],[0,0],[-19.488,-16.214],[0,0],[-0.324,1.222],[-0.276,1.367],[0.739,9.225]],"o":[[-1.134,4.459],[0,0],[0,0],[0,0],[0,0],[3.445,-5.262],[4.563,-17.224],[1.984,-9.821],[0,0]],"v":[[-7.908,-33.963],[-10.599,-21.573],[-22.741,33.084],[-57.094,77.706],[-48.818,111.407],[0.155,48.022],[7.223,32.854],[21.807,-37.655],[24.339,-62.971]],"c":false}]},{"t":131,"s":[{"i":[[2.813,-11.06],[-0.076,-0.001],[0,0],[0,0],[-24.435,-6.754],[0,0],[-0.396,1.693],[-0.276,1.367],[-1.813,8.286]],"o":[[-1.134,4.459],[0,0],[0,0],[0,0],[0,0],[0,0],[4.062,-17.349],[1.984,-9.821],[0,0]],"v":[[-7.908,-33.963],[-10.599,-21.573],[-22.799,33.339],[-35.737,88.146],[-14.322,115.452],[4.086,37.051],[5.055,34.469],[21.807,-37.655],[27.099,-62.866]],"c":false}]}],"ix":2},"nm":"Path 1","mn":"ADBE Vector Shape - Group","hd":false},{"ty":"st","c":{"a":0,"k":[0.031372550875,0.658823549747,0.541176497936,1],"ix":3},"o":{"a":0,"k":100,"ix":4},"w":{"a":0,"k":0,"ix":5,"x":"var $bm_rt;\n$bm_rt = $bm_mul($bm_div(value, 2), comp('wired-outline-1942-slippery-floor').layer('control').effect('stroke')('Menu'));"},"lc":2,"lj":2,"bm":0,"nm":"Stroke 1","mn":"ADBE Vector Graphic - Stroke","hd":false},{"ty":"fl","c":{"a":0,"k":[1,1,1,1],"ix":4},"o":{"a":0,"k":100,"ix":5},"r":1,"bm":0,"nm":"Fill 1","mn":"ADBE Vector Graphic - Fill","hd":false},{"ty":"tr","p":{"a":0,"k":[0,0],"ix":2},"a":{"a":0,"k":[0,0],"ix":1},"s":{"a":0,"k":[100,100],"ix":3},"r":{"a":0,"k":0,"ix":6},"o":{"a":0,"k":100,"ix":7},"sk":{"a":0,"k":0,"ix":4},"sa":{"a":0,"k":0,"ix":5},"nm":"Transform"}],"nm":"Group 1","np":3,"cix":2,"bm":0,"ix":1,"mn":"ADBE Vector Group","hd":false}],"ip":0,"op":844,"st":0,"bm":0},{"ddd":0,"ind":9,"ty":0,"nm":"human","tt":2,"refId":"comp_2","sr":1,"ks":{"o":{"a":0,"k":100,"ix":11},"r":{"a":0,"k":0,"ix":10},"p":{"a":0,"k":[215,202,0],"ix":2,"l":2},"a":{"a":0,"k":[215,215,0],"ix":1,"l":2},"s":{"a":0,"k":[100,100,100],"ix":6,"l":2}},"ao":0,"w":430,"h":430,"ip":0,"op":844,"st":0,"bm":0},{"ddd":0,"ind":10,"ty":3,"nm":"Body-guide","parent":6,"sr":1,"ks":{"o":{"a":0,"k":100,"ix":11},"r":{"a":1,"k":[{"i":{"x":[0.15],"y":[0.55]},"o":{"x":[0.167],"y":[0.167]},"t":0,"s":[0]},{"i":{"x":[0.959],"y":[0.978]},"o":{"x":[0.87],"y":[0.528]},"t":59,"s":[-46]},{"t":91,"s":[-68]}],"ix":10},"p":{"a":1,"k":[{"i":{"x":0.15,"y":0.603},"o":{"x":0.167,"y":0.167},"t":0,"s":[1.577,-131.976,0],"to":[3.333,-27.667,0],"ti":[-17.796,2.31,0]},{"i":{"x":0.833,"y":0.896},"o":{"x":0.704,"y":0.054},"t":59,"s":[45.577,-155.976,0],"to":[19.583,-2.542,0],"ti":[-9.5,-76.667,0]},{"t":91,"s":[126.577,12.024,0]}],"ix":2,"l":2},"a":{"a":0,"k":[201.577,252.024,0],"ix":1,"l":2},"s":{"a":0,"k":[100,100,100],"ix":6,"l":2}},"ao":0,"ip":0,"op":844,"st":0,"bm":0}]},{"id":"comp_2","nm":"human","fr":60,"layers":[{"ddd":0,"ind":1,"ty":3,"nm":"NULL ","sr":1,"ks":{"o":{"a":0,"k":0,"ix":11},"r":{"a":0,"k":0,"ix":10},"p":{"a":1,"k":[{"i":{"x":0.833,"y":0.833},"o":{"x":0.89,"y":0},"t":115,"s":[215,399,0],"to":[71.5,0,0],"ti":[-71.5,0,0]},{"t":167,"s":[644,399,0]}],"ix":2,"l":2},"a":{"a":0,"k":[50,50,0],"ix":1,"l":2},"s":{"a":0,"k":[100,100,100],"ix":6,"l":2}},"ao":0,"ip":0,"op":844,"st":0,"bm":0},{"ddd":0,"ind":4,"ty":4,"nm":"Head","parent":5,"sr":1,"ks":{"o":{"a":0,"k":100,"ix":11},"r":{"a":1,"k":[{"i":{"x":[0.569],"y":[1.1]},"o":{"x":[0.203],"y":[-0.036]},"t":0,"s":[0]},{"i":{"x":[0.703],"y":[1]},"o":{"x":[0.317],"y":[0.096]},"t":10,"s":[18.691]},{"i":{"x":[0.667],"y":[0.592]},"o":{"x":[0.333],"y":[0]},"t":30,"s":[-10]},{"i":{"x":[0.833],"y":[0.833]},"o":{"x":[0.333],"y":[0.567]},"t":70,"s":[39.372]},{"i":{"x":[0.833],"y":[0.833]},"o":{"x":[0.167],"y":[0.167]},"t":91,"s":[58]},{"i":{"x":[0.667],"y":[1]},"o":{"x":[0.167],"y":[0.167]},"t":98,"s":[-16]},{"i":{"x":[0.667],"y":[1]},"o":{"x":[0.333],"y":[0]},"t":129.363,"s":[18]},{"t":148,"s":[0]}],"ix":10},"p":{"a":0,"k":[170.602,167.178,0],"ix":2,"l":2},"a":{"a":0,"k":[19.313,48.641,0],"ix":1,"l":2},"s":{"a":0,"k":[100,100,100],"ix":6,"l":2}},"ao":0,"shapes":[{"ty":"gr","it":[{"ind":0,"ty":"sh","ix":1,"ks":{"a":0,"k":{"i":[[-10.787,4.208],[0,0],[1.258,3.226],[0,0],[10.787,-4.208],[0,0],[-4.208,-10.787],[0,0]],"o":[[0,0],[3.226,-1.258],[0,0],[-4.208,-10.787],[0,0],[-10.787,4.208],[0,0],[4.208,10.787]],"v":[[6.279,28.497],[24.638,21.336],[28.216,13.182],[16.626,-16.533],[-10.637,-28.497],[-15.249,-26.698],[-27.212,0.565],[-20.984,16.533]],"c":true},"ix":2},"nm":"Path 1","mn":"ADBE Vector Shape - Group","hd":false},{"ty":"st","c":{"a":0,"k":[0.071,0.075,0.192,1],"ix":3,"x":"var $bm_rt;\n$bm_rt = comp('wired-outline-1942-slippery-floor').layer('control').effect('primary')('Color');"},"o":{"a":0,"k":100,"ix":4},"w":{"a":0,"k":12.04,"ix":5,"x":"var $bm_rt;\n$bm_rt = $bm_mul($bm_div(value, 2), comp('wired-outline-1942-slippery-floor').layer('control').effect('stroke')('Menu'));"},"lc":2,"lj":2,"bm":0,"nm":".primary","mn":"ADBE Vector Graphic - Stroke","hd":false,"cl":"primary"},{"ty":"tr","p":{"a":0,"k":[0,0],"ix":2},"a":{"a":0,"k":[0,0],"ix":1},"s":{"a":0,"k":[100,100],"ix":3},"r":{"a":0,"k":0,"ix":6},"o":{"a":0,"k":100,"ix":7},"sk":{"a":0,"k":0,"ix":4},"sa":{"a":0,"k":0,"ix":5},"nm":"Transform"}],"nm":"Group 1","np":2,"cix":2,"bm":0,"ix":1,"mn":"ADBE Vector Group","hd":false}],"ip":0,"op":844,"st":0,"bm":0},{"ddd":0,"ind":5,"ty":4,"nm":"Body","parent":1,"sr":1,"ks":{"o":{"a":0,"k":100,"ix":11},"r":{"a":1,"k":[{"i":{"x":[0.15],"y":[0.55]},"o":{"x":[0.167],"y":[0.167]},"t":0,"s":[0]},{"i":{"x":[0.959],"y":[0.978]},"o":{"x":[0.87],"y":[0.528]},"t":59,"s":[-46]},{"t":91,"s":[-68]}],"ix":10},"p":{"a":1,"k":[{"i":{"x":0.15,"y":0.603},"o":{"x":0.167,"y":0.167},"t":0,"s":[1.577,-131.976,0],"to":[3.333,-27.667,0],"ti":[-17.796,2.31,0]},{"i":{"x":0.833,"y":0.896},"o":{"x":0.704,"y":0.054},"t":59,"s":[45.577,-155.976,0],"to":[19.583,-2.542,0],"ti":[-9.5,-76.667,0]},{"t":91,"s":[126.577,12.024,0]}],"ix":2,"l":2},"a":{"a":0,"k":[201.577,252.024,0],"ix":1,"l":2},"s":{"a":0,"k":[100,100,100],"ix":6,"l":2}},"ao":0,"shapes":[{"ty":"gr","it":[{"ind":0,"ty":"sh","ix":1,"ks":{"a":0,"k":{"i":[[18.18,-4.75],[10.59,-4.13],[0,0],[10.08,-5.35]],"o":[[-11.04,2.89],[0,0],[-10.588,4.125],[-16.6,8.811]],"v":[[31.766,-12.393],[-0.684,-1.853],[-0.752,-1.824],[-31.766,12.393]],"c":false},"ix":2},"nm":"Path 1","mn":"ADBE Vector Shape - Group","hd":false},{"ind":1,"ty":"sh","ix":2,"ks":{"a":1,"k":[{"i":{"x":0.11,"y":1},"o":{"x":0.167,"y":0.167},"t":0,"s":[{"i":[[0,0],[0,0],[0,0],[0,0]],"o":[[0,0],[0,0],[0,0],[0,0]],"v":[[-22.939,51.279],[2.523,116.448],[77.074,87.367],[51.647,22.185]],"c":false}]},{"i":{"x":0.833,"y":0.833},"o":{"x":0.89,"y":0},"t":59,"s":[{"i":[[0,0],[0,0],[0,0],[0,0]],"o":[[0,0],[0,0],[0,0],[0,0]],"v":[[-22.939,51.279],[5.96,122.166],[71.925,78.437],[51.647,22.185]],"c":false}]},{"i":{"x":0.833,"y":0.833},"o":{"x":0.167,"y":0.167},"t":91,"s":[{"i":[[0,0],[0,0],[0,0],[0,0]],"o":[[0,0],[0,0],[0,0],[0,0]],"v":[[-22.939,51.279],[6.46,125.643],[73.532,78.013],[51.647,22.185]],"c":false}]},{"t":104,"s":[{"i":[[0,0],[0,0],[0,0],[0,0]],"o":[[0,0],[0,0],[0,0],[0,0]],"v":[[-22.939,51.279],[6.46,125.643],[73.569,88.783],[51.647,22.185]],"c":false}]}],"ix":2},"nm":"Path 2","mn":"ADBE Vector Shape - Group","hd":false},{"ty":"st","c":{"a":0,"k":[0.031,0.659,0.541,1],"ix":3,"x":"var $bm_rt;\n$bm_rt = comp('wired-outline-1942-slippery-floor').layer('control').effect('secondary')('Color');"},"o":{"a":0,"k":100,"ix":4},"w":{"a":0,"k":12.04,"ix":5,"x":"var $bm_rt;\n$bm_rt = $bm_mul($bm_div(value, 2), comp('wired-outline-1942-slippery-floor').layer('control').effect('stroke')('Menu'));"},"lc":2,"lj":2,"bm":0,"nm":".secondary","mn":"ADBE Vector Graphic - Stroke","hd":false,"cl":"secondary"},{"ty":"tr","p":{"a":0,"k":[168.923,168.996],"ix":2},"a":{"a":0,"k":[0,0],"ix":1},"s":{"a":0,"k":[100,100],"ix":3},"r":{"a":0,"k":0,"ix":6},"o":{"a":0,"k":100,"ix":7},"sk":{"a":0,"k":0,"ix":4},"sa":{"a":0,"k":0,"ix":5},"nm":"Transform"}],"nm":"Group 1","np":3,"cix":2,"bm":0,"ix":1,"mn":"ADBE Vector Group","hd":false}],"ip":0,"op":844,"st":0,"bm":0},{"ddd":0,"ind":6,"ty":4,"nm":"Leg-L","parent":5,"sr":1,"ks":{"o":{"a":0,"k":100,"ix":11},"r":{"a":1,"k":[{"i":{"x":[0.643],"y":[2.54]},"o":{"x":[0.499],"y":[-0.569]},"t":0,"s":[0]},{"i":{"x":[0.268],"y":[1]},"o":{"x":[0.087],"y":[0.263]},"t":7,"s":[3.12]},{"i":{"x":[0.833],"y":[0.833]},"o":{"x":[1],"y":[0]},"t":59,"s":[-30]},{"i":{"x":[0.833],"y":[0.833]},"o":{"x":[0.167],"y":[0.167]},"t":91,"s":[-39]},{"i":{"x":[0.4],"y":[1]},"o":{"x":[0.167],"y":[0.167]},"t":99,"s":[0]},{"i":{"x":[0.833],"y":[0.833]},"o":{"x":[0.6],"y":[0]},"t":119,"s":[-14.516]},{"t":134,"s":[7]}],"ix":10},"p":{"a":0,"k":[185.769,275.088,0],"ix":2,"l":2},"a":{"a":0,"k":[-48,-73,0],"ix":1,"l":2},"s":{"a":0,"k":[100,100,100],"ix":6,"l":2}},"ao":0,"shapes":[{"ty":"gr","it":[{"ind":0,"ty":"sh","ix":1,"ks":{"a":1,"k":[{"i":{"x":0.833,"y":0.833},"o":{"x":0.167,"y":0.167},"t":0,"s":[{"i":[[5.51,-14.55],[0,0],[0,0],[0,0],[0,0],[0,0],[0,0],[0,0],[0,0]],"o":[[-8.65,1.77],[0,0],[0,0],[0,0],[0,0],[0,0],[4.25,3.92],[0,0],[0,0]],"v":[[61.61,77.455],[8.55,88.335],[-9.54,0.665],[-62.331,-62.645],[-31.581,-88.335],[21.25,-22.075],[21.27,-22.055],[26.639,-12.905],[39.24,55.685]],"c":true}]},{"i":{"x":0.667,"y":1},"o":{"x":0.167,"y":0.167},"t":5,"s":[{"i":[[2.871,-15.142],[0,0],[0,0],[0,0],[0,0],[0,0],[0,0],[0,0],[0,0]],"o":[[-8.134,3.215],[0,0],[0,0],[0,0],[0,0],[0,0],[3.682,5.811],[0,0],[0,0]],"v":[[79.816,86.294],[28.1,98.992],[-5.445,16.956],[-62.331,-62.645],[-31.581,-88.335],[23.399,-7.213],[23.421,-7.195],[32.46,9.331],[54.247,68.907]],"c":true}]},{"i":{"x":0.667,"y":1},"o":{"x":0.333,"y":0},"t":7,"s":[{"i":[[2.43,-15.241],[0,0],[0,0],[0,0],[0,0],[0,0],[0,0],[0,0],[0,0]],"o":[[-8.047,3.457],[0,0],[0,0],[0,0],[0,0],[0,0],[3.586,6.128],[0,0],[0,0]],"v":[[82.859,87.772],[33.501,108.999],[-4.76,19.68],[-62.331,-62.645],[-31.581,-88.335],[23.759,-4.728],[23.781,-4.71],[33.433,13.048],[56.756,71.117]],"c":true}]},{"i":{"x":0.567,"y":1},"o":{"x":0.333,"y":0},"t":19,"s":[{"i":[[2.43,-15.241],[0,0],[0,0],[0,0],[0,0],[0,0],[0,0],[0,0],[0,0]],"o":[[-8.047,3.457],[0,0],[0,0],[0,0],[0,0],[0,0],[3.586,6.128],[0,0],[0,0]],"v":[[82.859,87.772],[33.501,108.999],[-4.76,19.68],[-62.331,-62.645],[-31.581,-88.335],[23.759,-4.728],[23.781,-4.71],[33.433,13.048],[56.756,71.117]],"c":true}]},{"i":{"x":0.833,"y":0.833},"o":{"x":1,"y":0},"t":59,"s":[{"i":[[9.112,-12.611],[0,0],[0,0],[0,0],[0,0],[0,0],[0,0],[0,0],[0,0]],"o":[[-8.812,-0.546],[0,0],[0,0],[0,0],[0,0],[0,0],[4.25,3.92],[0,0],[0,0]],"v":[[39.036,93.577],[-15.026,90.25],[-9.54,0.665],[-62.331,-62.645],[-31.581,-88.335],[21.25,-22.075],[21.27,-22.055],[28.828,-2.775],[23.114,66.728]],"c":true}]},{"i":{"x":0.833,"y":0.833},"o":{"x":0.167,"y":0.167},"t":91,"s":[{"i":[[2.986,-15.269],[0,0],[0,0],[0,0],[0,0],[0,0],[0,0],[0,0],[0,0]],"o":[[-8.229,3.199],[0,0],[0,0],[0,0],[0,0],[0,0],[5.189,7.592],[0,0],[0,0]],"v":[[78.006,77.383],[27.53,97.025],[-9.54,0.665],[-62.331,-62.645],[-31.581,-88.335],[21.25,-22.075],[21.27,-22.055],[29.768,-2.766],[52.296,59.682]],"c":true}]},{"i":{"x":0.667,"y":1},"o":{"x":0.167,"y":0.167},"t":99,"s":[{"i":[[5.51,-14.55],[0,0],[0,0],[0,0],[0,0],[0,0],[0,0],[0,0],[0,0]],"o":[[-8.65,1.77],[0,0],[0,0],[0,0],[0,0],[0,0],[4.25,3.92],[0,0],[0,0]],"v":[[61.61,77.455],[8.55,88.335],[-9.54,0.665],[-62.331,-62.645],[-31.581,-88.335],[21.25,-22.075],[21.27,-22.055],[26.639,-12.905],[39.24,55.685]],"c":true}]},{"t":134,"s":[{"i":[[2.43,-15.241],[0,0],[0,0],[0,0],[0,0],[0,0],[0,0],[0,0],[0,0]],"o":[[-8.047,3.457],[0,0],[0,0],[0,0],[0,0],[0,0],[3.586,6.128],[0,0],[0,0]],"v":[[82.859,87.772],[33.501,108.999],[-4.76,19.68],[-62.331,-62.645],[-31.581,-88.335],[23.759,-4.728],[23.781,-4.71],[33.433,13.048],[56.756,71.117]],"c":true}]}],"ix":2},"nm":"Path 1","mn":"ADBE Vector Shape - Group","hd":false},{"ty":"st","c":{"a":0,"k":[0.071,0.075,0.192,1],"ix":3,"x":"var $bm_rt;\n$bm_rt = comp('wired-outline-1942-slippery-floor').layer('control').effect('primary')('Color');"},"o":{"a":0,"k":100,"ix":4},"w":{"a":0,"k":12.04,"ix":5,"x":"var $bm_rt;\n$bm_rt = $bm_mul($bm_div(value, 2), comp('wired-outline-1942-slippery-floor').layer('control').effect('stroke')('Menu'));"},"lc":2,"lj":2,"bm":0,"nm":".primary","mn":"ADBE Vector Graphic - Stroke","hd":false,"cl":"primary"},{"ty":"tr","p":{"a":0,"k":[0,0],"ix":2},"a":{"a":0,"k":[0,0],"ix":1},"s":{"a":0,"k":[100,100],"ix":3},"r":{"a":0,"k":0,"ix":6},"o":{"a":0,"k":100,"ix":7},"sk":{"a":0,"k":0,"ix":4},"sa":{"a":0,"k":0,"ix":5},"nm":"Transform"}],"nm":"Group 1","np":2,"cix":2,"bm":0,"ix":1,"mn":"ADBE Vector Group","hd":false},{"ty":"tm","s":{"a":1,"k":[{"i":{"x":[0.11],"y":[1]},"o":{"x":[0.167],"y":[0.167]},"t":0,"s":[2]},{"i":{"x":[0.833],"y":[0.833]},"o":{"x":[0.89],"y":[0]},"t":59,"s":[3]},{"i":{"x":[0.833],"y":[0.833]},"o":{"x":[0.167],"y":[0.167]},"t":91,"s":[7]},{"i":{"x":[0.57],"y":[0.679]},"o":{"x":[0.207],"y":[0.117]},"t":99,"s":[0]},{"i":{"x":[0.702],"y":[1]},"o":{"x":[0.31],"y":[0.607]},"t":105,"s":[3.711]},{"i":{"x":[0.663],"y":[0.258]},"o":{"x":[0.296],"y":[0]},"t":119,"s":[7]},{"i":{"x":[0.812],"y":[1]},"o":{"x":[0.427],"y":[0.385]},"t":127,"s":[4.771]},{"t":134,"s":[0]}],"ix":1},"e":{"a":1,"k":[{"i":{"x":[0.11],"y":[1]},"o":{"x":[0.167],"y":[0]},"t":0,"s":[89]},{"i":{"x":[0.833],"y":[0.833]},"o":{"x":[0.89],"y":[0]},"t":59,"s":[89]},{"i":{"x":[0.833],"y":[0.833]},"o":{"x":[0.167],"y":[0.167]},"t":91,"s":[90]},{"i":{"x":[0.11],"y":[1]},"o":{"x":[0.167],"y":[0.167]},"t":99,"s":[84]},{"i":{"x":[0.667],"y":[1]},"o":{"x":[0.89],"y":[0]},"t":119,"s":[89]},{"t":134,"s":[85]}],"ix":2},"o":{"a":1,"k":[{"i":{"x":[0.833],"y":[0.833]},"o":{"x":[0.167],"y":[0.167]},"t":0,"s":[-149]},{"i":{"x":[0.833],"y":[0.833]},"o":{"x":[0.167],"y":[0.167]},"t":91,"s":[-149]},{"i":{"x":[0.11],"y":[1]},"o":{"x":[0.167],"y":[0.167]},"t":99,"s":[-135]},{"i":{"x":[0.667],"y":[1]},"o":{"x":[0.89],"y":[0]},"t":119,"s":[-156]},{"t":134,"s":[-141]}],"ix":3},"m":1,"ix":2,"nm":"Trim Paths 1","mn":"ADBE Vector Filter - Trim","hd":false}],"ip":0,"op":844,"st":0,"bm":0},{"ddd":0,"ind":7,"ty":4,"nm":"mask","parent":5,"td":1,"sr":1,"ks":{"o":{"a":0,"k":100,"ix":11},"r":{"a":1,"k":[{"i":{"x":[0.643],"y":[2.54]},"o":{"x":[0.499],"y":[-0.569]},"t":0,"s":[0]},{"i":{"x":[0.268],"y":[1]},"o":{"x":[0.087],"y":[0.263]},"t":7,"s":[3.12]},{"i":{"x":[0.833],"y":[0.833]},"o":{"x":[1],"y":[0]},"t":59,"s":[-30]},{"i":{"x":[0.833],"y":[0.833]},"o":{"x":[0.167],"y":[0.167]},"t":91,"s":[-39]},{"i":{"x":[0.4],"y":[1]},"o":{"x":[0.167],"y":[0.167]},"t":99,"s":[0]},{"i":{"x":[0.833],"y":[0.833]},"o":{"x":[0.6],"y":[0]},"t":119,"s":[-14.516]},{"t":134,"s":[7]}],"ix":10},"p":{"a":0,"k":[185.769,275.088,0],"ix":2,"l":2},"a":{"a":0,"k":[-48,-73,0],"ix":1,"l":2},"s":{"a":0,"k":[100,100,100],"ix":6,"l":2}},"ao":0,"shapes":[{"ty":"gr","it":[{"ind":0,"ty":"sh","ix":1,"ks":{"a":1,"k":[{"i":{"x":0.667,"y":1},"o":{"x":0.167,"y":0.167},"t":0,"s":[{"i":[[5.51,-14.55],[0,0],[0,0],[0,0],[0,0],[0,0],[0,0],[0,0],[0,0]],"o":[[-8.65,1.77],[0,0],[0,0],[0,0],[0,0],[0,0],[4.25,3.92],[0,0],[0,0]],"v":[[61.61,77.455],[8.55,88.335],[-9.54,0.665],[-62.331,-62.645],[-31.581,-88.335],[21.25,-22.075],[21.27,-22.055],[26.639,-12.905],[39.24,55.685]],"c":true}]},{"i":{"x":0.667,"y":1},"o":{"x":0.333,"y":0},"t":7,"s":[{"i":[[2.43,-15.241],[0,0],[0,0],[0,0],[0,0],[0,0],[0,0],[0,0],[0,0]],"o":[[-8.047,3.457],[0,0],[0,0],[0,0],[0,0],[0,0],[3.586,6.128],[0,0],[0,0]],"v":[[82.859,87.772],[33.501,108.999],[-4.76,19.68],[-62.331,-62.645],[-31.581,-88.335],[23.759,-4.728],[23.781,-4.71],[33.433,13.048],[56.756,71.117]],"c":true}]},{"i":{"x":0.567,"y":1},"o":{"x":0.333,"y":0},"t":19,"s":[{"i":[[2.43,-15.241],[0,0],[0,0],[0,0],[0,0],[0,0],[0,0],[0,0],[0,0]],"o":[[-8.047,3.457],[0,0],[0,0],[0,0],[0,0],[0,0],[3.586,6.128],[0,0],[0,0]],"v":[[82.859,87.772],[33.501,108.999],[-4.76,19.68],[-62.331,-62.645],[-31.581,-88.335],[23.759,-4.728],[23.781,-4.71],[33.433,13.048],[56.756,71.117]],"c":true}]},{"i":{"x":0.833,"y":0.833},"o":{"x":1,"y":0},"t":59,"s":[{"i":[[9.112,-12.611],[0,0],[0,0],[0,0],[0,0],[0,0],[0,0],[0,0],[0,0]],"o":[[-8.812,-0.546],[0,0],[0,0],[0,0],[0,0],[0,0],[4.25,3.92],[0,0],[0,0]],"v":[[39.036,93.577],[-15.026,90.25],[-9.54,0.665],[-62.331,-62.645],[-31.581,-88.335],[21.25,-22.075],[21.27,-22.055],[28.828,-2.775],[23.114,66.728]],"c":true}]},{"i":{"x":0.833,"y":0.833},"o":{"x":0.167,"y":0.167},"t":91,"s":[{"i":[[2.986,-15.269],[0,0],[0,0],[0,0],[0,0],[0,0],[0,0],[0,0],[0,0]],"o":[[-8.229,3.199],[0,0],[0,0],[0,0],[0,0],[0,0],[5.189,7.592],[0,0],[0,0]],"v":[[78.006,77.383],[27.53,97.025],[-9.54,0.665],[-62.331,-62.645],[-31.581,-88.335],[21.25,-22.075],[21.27,-22.055],[29.768,-2.766],[52.296,59.682]],"c":true}]},{"i":{"x":0.667,"y":1},"o":{"x":0.167,"y":0.167},"t":99,"s":[{"i":[[5.51,-14.55],[0,0],[0,0],[0,0],[0,0],[0,0],[0,0],[0,0],[0,0]],"o":[[-8.65,1.77],[0,0],[0,0],[0,0],[0,0],[0,0],[4.25,3.92],[0,0],[0,0]],"v":[[61.61,77.455],[8.55,88.335],[-9.54,0.665],[-62.331,-62.645],[-31.581,-88.335],[21.25,-22.075],[21.27,-22.055],[26.639,-12.905],[39.24,55.685]],"c":true}]},{"t":134,"s":[{"i":[[2.43,-15.241],[0,0],[0,0],[0,0],[0,0],[0,0],[0,0],[0,0],[0,0]],"o":[[-8.047,3.457],[0,0],[0,0],[0,0],[0,0],[0,0],[3.586,6.128],[0,0],[0,0]],"v":[[82.859,87.772],[33.501,108.999],[-4.76,19.68],[-62.331,-62.645],[-31.581,-88.335],[23.759,-4.728],[23.781,-4.71],[33.433,13.048],[56.756,71.117]],"c":true}]}],"ix":2},"nm":"Path 1","mn":"ADBE Vector Shape - Group","hd":false},{"ty":"fl","c":{"a":0,"k":[1,1,1,1],"ix":4},"o":{"a":0,"k":100,"ix":5},"r":1,"bm":0,"nm":"Fill 1","mn":"ADBE Vector Graphic - Fill","hd":false},{"ty":"tr","p":{"a":0,"k":[0,0],"ix":2},"a":{"a":0,"k":[0,0],"ix":1},"s":{"a":0,"k":[100,100],"ix":3},"r":{"a":0,"k":0,"ix":6},"o":{"a":0,"k":100,"ix":7},"sk":{"a":0,"k":0,"ix":4},"sa":{"a":0,"k":0,"ix":5},"nm":"Transform"}],"nm":"Group 1","np":2,"cix":2,"bm":0,"ix":1,"mn":"ADBE Vector Group","hd":false}],"ip":0,"op":844,"st":0,"bm":0},{"ddd":0,"ind":8,"ty":4,"nm":"Leg-R","parent":5,"tt":2,"sr":1,"ks":{"o":{"a":0,"k":100,"ix":11},"r":{"a":1,"k":[{"i":{"x":[0.25],"y":[1]},"o":{"x":[0.167],"y":[0.167]},"t":0,"s":[0]},{"i":{"x":[0.833],"y":[1]},"o":{"x":[0.75],"y":[0]},"t":59,"s":[-28]},{"i":{"x":[0.833],"y":[0.833]},"o":{"x":[0.167],"y":[0.167]},"t":91,"s":[-28]},{"i":{"x":[0.667],"y":[1]},"o":{"x":[0.167],"y":[0.167]},"t":103,"s":[9]},{"i":{"x":[0.833],"y":[0.833]},"o":{"x":[0.333],"y":[0]},"t":116,"s":[-3]},{"t":131,"s":[9]}],"ix":10},"p":{"a":0,"k":[227.672,269.574,0],"ix":2,"l":2},"a":{"a":0,"k":[-61.516,-45.064,0],"ix":1,"l":2},"s":{"a":0,"k":[100,100,100],"ix":6,"l":2}},"ao":0,"shapes":[{"ty":"gr","it":[{"ind":0,"ty":"sh","ix":1,"ks":{"a":1,"k":[{"i":{"x":0.25,"y":1},"o":{"x":0.167,"y":0.167},"t":0,"s":[{"i":[[-2.98,-15.26],[0,0],[0,0],[0,0],[0,0],[0,0],[0,0],[0,0]],"o":[[-6.41,6.07],[0,0],[0,0],[0,0],[0,0],[5.9,0.99],[0,0],[0,0]],"v":[[103.28,27.225],[63.94,64.445],[2.41,-0.415],[-103.28,-35.525],[-63.35,-64.445],[16.15,-36.125],[25.93,-31.105],[72.8,20.535]],"c":true}]},{"i":{"x":0.833,"y":0.833},"o":{"x":0.75,"y":0},"t":59,"s":[{"i":[[-6.787,-13.989],[0,0],[0,0],[0,0],[0,0],[0,0],[0,0],[0,0]],"o":[[-4.642,7.509],[0,0],[0,0],[0,0],[0,0],[4.809,1.22],[0,0],[0,0]],"v":[[119.227,-2.257],[90.726,43.794],[4.435,-1.934],[-101.142,-37.383],[-61.119,-66.174],[16.022,-38.25],[28.053,-32.548],[88.05,-0.921]],"c":true}]},{"i":{"x":0.833,"y":0.833},"o":{"x":0.167,"y":0.167},"t":91,"s":[{"i":[[-6.787,-13.989],[0,0],[0,0],[0,0],[0,0],[0,0],[0,0],[0,0]],"o":[[-4.642,7.509],[0,0],[0,0],[0,0],[0,0],[4.809,1.22],[0,0],[0,0]],"v":[[119.227,-2.257],[90.726,43.794],[4.435,-1.934],[-101.142,-37.383],[-61.119,-66.174],[16.022,-38.25],[28.053,-32.548],[88.05,-0.921]],"c":true}]},{"i":{"x":0.833,"y":0.833},"o":{"x":0.167,"y":0.167},"t":94,"s":[{"i":[[-0.149,-13.295],[0,0],[0,0],[0,0],[0,0],[0,0],[-2.209,-3.103],[0,0]],"o":[[-6.329,4.115],[0,0],[0,0],[0,0],[0,0],[8.766,2.988],[9.645,13.549],[0,0]],"v":[[102.489,50.225],[63.65,75.452],[3.554,-0.599],[-101.677,-36.918],[-61.677,-65.742],[16.484,-33.072],[37.157,-19.066],[77.886,39.889]],"c":true}]},{"i":{"x":0.833,"y":0.833},"o":{"x":0.167,"y":0.167},"t":97,"s":[{"i":[[6.518,-10.079],[0,0],[0,0],[0,0],[0,0],[0,0],[-1.356,-7.496],[0,0]],"o":[[-6.815,-0.06],[0,0],[0,0],[0,0],[0,0],[11.756,4.902],[3.22,17.799],[0,0]],"v":[[48.651,74.494],[6.845,74.109],[-8.592,-3.632],[-102.211,-36.454],[-62.235,-65.31],[11.5,-35.598],[28.863,-12.107],[35.292,54.447]],"c":true}]},{"i":{"x":0.833,"y":0.833},"o":{"x":0.167,"y":0.167},"t":100,"s":[{"i":[[11.03,-4.813],[0,0],[0,0],[0,0],[0,0],[0,0],[2.56,-7.997],[0,0]],"o":[[-5.663,-3.824],[0,0],[0,0],[0,0],[0,0],[13.666,5.041],[-9.353,23.287],[0,0]],"v":[[-0.823,81.051],[-35.55,57.575],[-15.106,-4.482],[-102.746,-35.99],[-62.792,-64.877],[9.238,-34.272],[23.973,-3.835],[-0.885,56.898]],"c":true}]},{"i":{"x":0.667,"y":1},"o":{"x":0.167,"y":0.167},"t":103,"s":[{"i":[[15.542,0.452],[0,0],[0,0],[0,0],[0,0],[0,0],[6.475,-8.498],[0,0]],"o":[[-4.51,-7.589],[0,0],[0,0],[0,0],[0,0],[15.576,5.179],[-21.926,28.774],[0,0]],"v":[[-47.629,90.568],[-75.277,44.001],[-21.619,-5.331],[-103.28,-35.525],[-63.35,-64.445],[6.977,-32.946],[19.646,-2.246],[-34.394,62.308]],"c":true}]},{"i":{"x":0.833,"y":0.833},"o":{"x":0.333,"y":0},"t":116,"s":[{"i":[[12.646,-9.045],[0,0],[0,0],[0,0],[0,0],[0,0],[6.448,-12.303],[0,0]],"o":[[-8.183,-3.312],[0,0],[0,0],[0,0],[0,0],[16.392,6.644],[-16.794,32.042],[0,0]],"v":[[-4.078,83.273],[-54.27,62.931],[-21.433,-5.293],[-103.28,-35.525],[-63.35,-64.445],[2.063,-34.163],[15.523,-3.471],[-10.643,52.765]],"c":true}]},{"t":131,"s":[{"i":[[15.542,0.452],[0,0],[0,0],[0,0],[0,0],[0,0],[6.475,-8.498],[0,0]],"o":[[-4.51,-7.589],[0,0],[0,0],[0,0],[0,0],[15.576,5.179],[-21.926,28.774],[0,0]],"v":[[-47.629,90.568],[-75.277,44.001],[-21.619,-5.331],[-103.28,-35.525],[-63.35,-64.445],[6.977,-32.946],[19.646,-2.246],[-34.394,62.308]],"c":true}]}],"ix":2},"nm":"Path 1","mn":"ADBE Vector Shape - Group","hd":false},{"ty":"st","c":{"a":0,"k":[0.071,0.075,0.192,1],"ix":3,"x":"var $bm_rt;\n$bm_rt = comp('wired-outline-1942-slippery-floor').layer('control').effect('primary')('Color');"},"o":{"a":0,"k":100,"ix":4},"w":{"a":0,"k":12.04,"ix":5,"x":"var $bm_rt;\n$bm_rt = $bm_mul($bm_div(value, 2), comp('wired-outline-1942-slippery-floor').layer('control').effect('stroke')('Menu'));"},"lc":2,"lj":2,"bm":0,"nm":".primary","mn":"ADBE Vector Graphic - Stroke","hd":false,"cl":"primary"},{"ty":"tr","p":{"a":0,"k":[0,0],"ix":2},"a":{"a":0,"k":[0,0],"ix":1},"s":{"a":0,"k":[100,100],"ix":3},"r":{"a":0,"k":0,"ix":6},"o":{"a":0,"k":100,"ix":7},"sk":{"a":0,"k":0,"ix":4},"sa":{"a":0,"k":0,"ix":5},"nm":"Transform"}],"nm":"Group 1","np":2,"cix":2,"bm":0,"ix":1,"mn":"ADBE Vector Group","hd":false},{"ty":"tm","s":{"a":1,"k":[{"i":{"x":[0.11],"y":[1]},"o":{"x":[0.167],"y":[0.167]},"t":0,"s":[2]},{"i":{"x":[0.833],"y":[1]},"o":{"x":[0.89],"y":[0]},"t":59,"s":[3]},{"i":{"x":[0.833],"y":[0.833]},"o":{"x":[0.167],"y":[0.167]},"t":91,"s":[3]},{"t":103,"s":[0]}],"ix":1},"e":{"a":1,"k":[{"i":{"x":[0.11],"y":[1]},"o":{"x":[0.167],"y":[0.167]},"t":0,"s":[87]},{"i":{"x":[0.833],"y":[1]},"o":{"x":[0.89],"y":[0]},"t":59,"s":[90]},{"i":{"x":[0.833],"y":[0.833]},"o":{"x":[0.167],"y":[0.167]},"t":91,"s":[90]},{"i":{"x":[0.11],"y":[1]},"o":{"x":[0.167],"y":[0.167]},"t":103,"s":[71]},{"i":{"x":[0.833],"y":[0.833]},"o":{"x":[0.89],"y":[0]},"t":116,"s":[77]},{"t":131,"s":[81]}],"ix":2},"o":{"a":1,"k":[{"i":{"x":[0.833],"y":[0.833]},"o":{"x":[0.167],"y":[0.167]},"t":91,"s":[-134]},{"i":{"x":[0.11],"y":[1]},"o":{"x":[0.167],"y":[0.167]},"t":103,"s":[-159]},{"i":{"x":[0.833],"y":[0.833]},"o":{"x":[0.89],"y":[0]},"t":116,"s":[-141]},{"t":131,"s":[-159]}],"ix":3},"m":1,"ix":2,"nm":"Trim Paths 1","mn":"ADBE Vector Filter - Trim","hd":false}],"ip":0,"op":844,"st":0,"bm":0},{"ddd":0,"ind":9,"ty":4,"nm":"Arm-R","parent":5,"sr":1,"ks":{"o":{"a":0,"k":100,"ix":11},"r":{"a":1,"k":[{"i":{"x":[0.11],"y":[1]},"o":{"x":[0.167],"y":[0.167]},"t":0,"s":[0]},{"i":{"x":[0.833],"y":[0.833]},"o":{"x":[0.89],"y":[0]},"t":59,"s":[-82]},{"i":{"x":[0.833],"y":[0.833]},"o":{"x":[0.167],"y":[0.167]},"t":91,"s":[-33]},{"i":{"x":[0.11],"y":[1]},"o":{"x":[0.167],"y":[0.167]},"t":100,"s":[47]},{"i":{"x":[0.833],"y":[0.833]},"o":{"x":[0.89],"y":[0]},"t":128,"s":[-16]},{"t":156,"s":[47]}],"ix":10},"p":{"a":0,"k":[210.29,172.757,0],"ix":2,"l":2},"a":{"a":0,"k":[-50,-23.5,0],"ix":1,"l":2},"s":{"a":0,"k":[100,100,100],"ix":6,"l":2}},"ao":0,"shapes":[{"ty":"gr","it":[{"ind":0,"ty":"sh","ix":1,"ks":{"a":1,"k":[{"i":{"x":0.833,"y":0.833},"o":{"x":0.167,"y":0.167},"t":0,"s":[{"i":[[0,0],[0,0],[-0.63,-0.58],[0,0],[0,0],[0,0],[0,0],[0,0],[18.18,-4.75]],"o":[[0,0],[0,0],[6.805,6.045],[0,0],[27.88,-9.41],[0,0],[0,0],[-14,-16.46],[-11.04,2.89]],"v":[[-39.721,-5.074],[-3.721,37.516],[-3.721,37.516],[12.589,40.136],[40.889,30.586],[57.239,-5.104],[12.279,9.746],[-14.421,-20.844],[-59.601,-39.654]],"c":false}]},{"i":{"x":0.833,"y":0.833},"o":{"x":0.167,"y":0.167},"t":9,"s":[{"i":[[0,0],[0,0],[-0.56,-0.373],[0,0],[0,0],[0,0],[0,0],[0,0],[14.034,4.613]],"o":[[0,0],[0,0],[8.603,8.715],[0,0],[26.759,-11.703],[0,0],[0,0],[-10.497,-13.061],[-9.369,-1.33]],"v":[[-50.729,-2.076],[-13.339,38.753],[-13.339,38.753],[7.47,41.163],[35.65,28.632],[48.748,-8.065],[3.91,10.15],[-16.754,-15.947],[-49.729,-42.08]],"c":false}]},{"i":{"x":0.11,"y":1},"o":{"x":0.167,"y":0.167},"t":19,"s":[{"i":[[0,0],[0,0],[-0.483,-0.143],[0,0],[0,0],[0,0],[0,0],[0,0],[10.273,9.478]],"o":[[0,0],[0,0],[10.601,11.681],[0,0],[25.513,-14.25],[0,0],[0,0],[-6.605,-9.283],[-7.513,-6.02]],"v":[[-59.818,-4.468],[-24.026,40.127],[-24.026,40.127],[1.783,42.303],[29.83,26.46],[39.313,-11.356],[-5.388,10.599],[-19.346,-10.506],[-41.184,-39.828]],"c":false}]},{"i":{"x":0.833,"y":0.833},"o":{"x":0.89,"y":0},"t":59,"s":[{"i":[[0,0],[0,0],[-0.423,0.036],[0,0],[0,0],[0,0],[0,0],[0,0],[6.195,9.863]],"o":[[0,0],[0,0],[12.154,13.986],[0,0],[24.545,-16.229],[0,0],[0,0],[-3.58,-6.348],[-6.07,-9.664]],"v":[[-67.007,-11.163],[-32.33,41.195],[-32.33,41.195],[-2.637,43.19],[25.307,24.772],[31.982,-13.913],[-12.614,10.947],[-21.36,-6.278],[-35.801,-34.383]],"c":false}]},{"i":{"x":0.833,"y":0.833},"o":{"x":0.167,"y":0.167},"t":84,"s":[{"i":[[0,0],[0,0],[-0.518,-0.246],[0,0],[0,0],[0,0],[0,0],[0,0],[9.153,10.021]],"o":[[0,0],[0,0],[9.707,10.354],[0,0],[25.234,-2.549],[0,0],[0,0],[-5.842,-7.191],[-8.243,-6.901]],"v":[[-59.767,-7.183],[-15.393,42.474],[-15.393,42.474],[12.032,50.266],[41.317,48.183],[61.914,21.337],[5.009,14.872],[-18.186,-12.941],[-40.731,-39.172]],"c":false}]},{"i":{"x":0.833,"y":0.833},"o":{"x":0.167,"y":0.167},"t":91,"s":[{"i":[[0,0],[0,0],[-0.63,-0.58],[0,0],[0,0],[0,0],[0,0],[0,0],[15.789,5.289]],"o":[[0,0],[0,0],[6.805,6.045],[0,0],[26.053,13.679],[0,0],[0,0],[-8.525,-8.192],[-10.821,-3.625]],"v":[[-51.18,-2.462],[4.698,43.992],[4.698,43.992],[29.433,58.659],[60.308,75.953],[97.419,63.15],[25.913,19.527],[-14.421,-20.844],[-49.908,-42.354]],"c":false}]},{"i":{"x":0.833,"y":0.833},"o":{"x":0.167,"y":0.167},"t":95,"s":[{"i":[[0,0],[0,0],[-0.63,-0.58],[0,0],[0,0],[0,0],[0,0],[0,0],[22.133,-5.786]],"o":[[0,0],[0,0],[6.805,6.045],[0,0],[26.053,13.679],[0,0],[0,0],[-10.94,-12.279],[-8.503,2.404]],"v":[[-51.18,-2.462],[4.698,43.992],[4.698,43.992],[29.433,58.659],[60.308,75.953],[97.419,63.15],[25.913,19.527],[-13.202,-22.161],[-59.324,-39.613]],"c":false}]},{"i":{"x":0.833,"y":0.833},"o":{"x":0.167,"y":0.167},"t":97,"s":[{"i":[[0,0],[0,0],[-0.63,-0.58],[0,0],[0,0],[0,0],[0,0],[0,0],[22.228,-16.184]],"o":[[0,0],[0,0],[6.805,6.045],[0,0],[26.053,13.679],[0,0],[0,0],[-12.148,-14.322],[-7.344,5.419]],"v":[[-51.18,-2.462],[4.698,43.992],[4.698,43.992],[29.433,58.659],[60.308,75.953],[97.419,63.15],[25.913,19.527],[-12.592,-22.82],[-63.695,-36.187]],"c":false}]},{"i":{"x":0.833,"y":0.833},"o":{"x":0.167,"y":0.167},"t":100,"s":[{"i":[[0,0],[0,0],[-0.63,-0.58],[0,0],[0,0],[0,0],[0,0],[0,0],[23.966,-27.344]],"o":[[0,0],[0,0],[6.805,6.045],[0,0],[26.053,13.679],[0,0],[0,0],[-13.959,-17.388],[-7.522,8.582]],"v":[[-51.18,-2.462],[4.698,43.992],[4.698,43.992],[29.433,58.659],[60.308,75.953],[97.419,63.15],[25.913,19.527],[-11.677,-23.807],[-67.92,-28.916]],"c":false}]},{"i":{"x":0.11,"y":1},"o":{"x":0.167,"y":0.167},"t":106,"s":[{"i":[[0,0],[0,0],[-0.63,-0.58],[0,0],[0,0],[0,0],[0,0],[0,0],[21.115,-9.843]],"o":[[0,0],[0,0],[6.805,6.045],[0,0],[27.027,1.364],[0,0],[0,0],[-13.981,-16.893],[-9.597,3.958]],"v":[[-47.857,-2.841],[0.207,40.538],[0.207,40.538],[20.449,48.78],[57.07,50.644],[83.107,25.633],[18.641,14.31],[-13.141,-22.227],[-62.451,-37.72]],"c":false}]},{"i":{"x":0.833,"y":0.833},"o":{"x":0.89,"y":0},"t":128,"s":[{"i":[[0,0],[0,0],[-0.63,-0.58],[0,0],[0,0],[0,0],[0,0],[0,0],[14.558,0.112]],"o":[[0,0],[0,0],[6.805,6.045],[0,0],[27.88,-9.41],[0,0],[0,0],[-14,-16.46],[-11.412,-0.088]],"v":[[-44.949,-3.172],[-3.721,37.516],[-3.721,37.516],[12.589,40.136],[54.236,28.501],[70.586,-7.189],[12.279,9.746],[-14.421,-20.844],[-54.187,-42.144]],"c":false}]},{"i":{"x":0.833,"y":0.833},"o":{"x":0.167,"y":0.167},"t":151,"s":[{"i":[[0,0],[0,0],[-0.63,-0.58],[0,0],[0,0],[0,0],[0,0],[0,0],[20.977,-15.161]],"o":[[0,0],[0,0],[6.805,6.045],[0,0],[26.878,3.246],[0,0],[0,0],[-13.978,-16.968],[-8.229,5.409]],"v":[[-48.365,-2.783],[0.893,41.066],[0.893,41.066],[21.822,50.29],[57.564,54.512],[85.294,31.366],[19.752,15.107],[-12.917,-22.468],[-63.521,-36.55]],"c":false}]},{"t":156,"s":[{"i":[[0,0],[0,0],[-0.63,-0.58],[0,0],[0,0],[0,0],[0,0],[0,0],[19.546,-34.664]],"o":[[0,0],[0,0],[6.805,6.045],[0,0],[26.053,13.679],[0,0],[0,0],[-13.96,-17.388],[-5.605,9.941]],"v":[[-51.18,-2.462],[4.698,43.992],[4.698,43.992],[29.433,58.659],[60.308,75.953],[97.419,63.15],[25.913,19.527],[-11.677,-23.807],[-67.955,-28.127]],"c":false}]}],"ix":2},"nm":"Path 1","mn":"ADBE Vector Shape - Group","hd":false},{"ty":"st","c":{"a":0,"k":[0.031,0.659,0.541,1],"ix":3,"x":"var $bm_rt;\n$bm_rt = comp('wired-outline-1942-slippery-floor').layer('control').effect('secondary')('Color');"},"o":{"a":0,"k":100,"ix":4},"w":{"a":0,"k":12.04,"ix":5,"x":"var $bm_rt;\n$bm_rt = $bm_mul($bm_div(value, 2), comp('wired-outline-1942-slippery-floor').layer('control').effect('stroke')('Menu'));"},"lc":2,"lj":2,"bm":0,"nm":".secondary","mn":"ADBE Vector Graphic - Stroke","hd":false,"cl":"secondary"},{"ty":"tr","p":{"a":0,"k":[0,0],"ix":2},"a":{"a":0,"k":[0,0],"ix":1},"s":{"a":0,"k":[100,100],"ix":3},"r":{"a":0,"k":0,"ix":6},"o":{"a":0,"k":100,"ix":7},"sk":{"a":0,"k":0,"ix":4},"sa":{"a":0,"k":0,"ix":5},"nm":"Transform"}],"nm":"Group 1","np":2,"cix":2,"bm":0,"ix":1,"mn":"ADBE Vector Group","hd":false},{"ty":"tm","s":{"a":1,"k":[{"i":{"x":[0.833],"y":[0.833]},"o":{"x":[0.167],"y":[0.167]},"t":91,"s":[0]},{"i":{"x":[0.833],"y":[0.833]},"o":{"x":[0.167],"y":[0.167]},"t":94,"s":[5]},{"i":{"x":[0.833],"y":[0.833]},"o":{"x":[0.167],"y":[0.167]},"t":95,"s":[8]},{"i":{"x":[0.833],"y":[0.833]},"o":{"x":[0.167],"y":[0.167]},"t":96,"s":[46]},{"i":{"x":[0.833],"y":[0.833]},"o":{"x":[0.167],"y":[0.167]},"t":97,"s":[62]},{"i":{"x":[0.833],"y":[0.833]},"o":{"x":[0.167],"y":[0.167]},"t":98,"s":[66]},{"i":{"x":[0.833],"y":[0.833]},"o":{"x":[0.167],"y":[0.167]},"t":99,"s":[69]},{"i":{"x":[0.833],"y":[0.833]},"o":{"x":[0.167],"y":[0.167]},"t":100,"s":[76]},{"i":{"x":[0.833],"y":[0.833]},"o":{"x":[0.167],"y":[0.167]},"t":101,"s":[74.75]},{"i":{"x":[0.833],"y":[0.833]},"o":{"x":[0.167],"y":[0.167]},"t":102,"s":[65.5]},{"i":{"x":[0.833],"y":[0.833]},"o":{"x":[0.167],"y":[0.167]},"t":104,"s":[45]},{"i":{"x":[0.699],"y":[0.848]},"o":{"x":[0.374],"y":[0.037]},"t":105,"s":[23.125]},{"i":{"x":[0.629],"y":[0.466]},"o":{"x":[0.346],"y":[0.825]},"t":106,"s":[13.049]},{"i":{"x":[0.306],"y":[1]},"o":{"x":[0.112],"y":[0.787]},"t":108,"s":[8.776]},{"i":{"x":[0.776],"y":[0.548]},"o":{"x":[0.459],"y":[0]},"t":128,"s":[0]},{"i":{"x":[0.806],"y":[0.387]},"o":{"x":[0.749],"y":[0.13]},"t":140,"s":[1]},{"i":{"x":[0.654],"y":[0.175]},"o":{"x":[0.371],"y":[0.534]},"t":148,"s":[8.776]},{"i":{"x":[0.626],"y":[0.963]},"o":{"x":[0.301],"y":[0.152]},"t":150,"s":[13.049]},{"i":{"x":[0.833],"y":[0.833]},"o":{"x":[0.167],"y":[0.167]},"t":151,"s":[23.125]},{"i":{"x":[0.833],"y":[0.833]},"o":{"x":[0.167],"y":[0.167]},"t":152,"s":[45]},{"i":{"x":[0.833],"y":[0.833]},"o":{"x":[0.167],"y":[0.167]},"t":154,"s":[65.5]},{"i":{"x":[0.833],"y":[0.833]},"o":{"x":[0.167],"y":[0.167]},"t":155,"s":[74.75]},{"t":156,"s":[76]}],"ix":1},"e":{"a":0,"k":100,"ix":2},"o":{"a":0,"k":0,"ix":3},"m":1,"ix":2,"nm":"Trim Paths 1","mn":"ADBE Vector Filter - Trim","hd":false}],"ip":0,"op":844,"st":0,"bm":0}]}],"layers":[{"ddd":0,"ind":1,"ty":3,"nm":"control","sr":1,"ks":{"o":{"a":0,"k":0,"ix":11},"r":{"a":0,"k":0,"ix":10},"p":{"a":0,"k":[0,0],"ix":2,"l":2},"a":{"a":0,"k":[0,0,0],"ix":1,"l":2},"s":{"a":0,"k":[100,100,100],"ix":6,"l":2}},"ao":0,"ef":[{"ty":5,"nm":"stroke","np":3,"mn":"Pseudo/@@vGzPsgsHSQaRy8iYd4lxDQ","ix":1,"en":1,"ef":[{"ty":7,"nm":"Menu","mn":"Pseudo/@@vGzPsgsHSQaRy8iYd4lxDQ-0001","ix":1,"v":{"a":0,"k":2,"ix":1}}]},{"ty":5,"nm":"primary","np":3,"mn":"ADBE Color Control","ix":2,"en":1,"ef":[{"ty":2,"nm":"Color","mn":"ADBE Color Control-0001","ix":1,"v":{"a":0,"k":[0.071,0.075,0.192],"ix":1}}]},{"ty":5,"nm":"secondary","np":3,"mn":"ADBE Color Control","ix":3,"en":1,"ef":[{"ty":2,"nm":"Color","mn":"ADBE Color Control-0001","ix":1,"v":{"a":0,"k":[0.031,0.659,0.541],"ix":1}}]}],"ip":0,"op":271,"st":0,"bm":0},{"ddd":0,"ind":2,"ty":0,"nm":"in-reveal","refId":"comp_0","sr":1,"ks":{"o":{"a":0,"k":100,"ix":11},"r":{"a":0,"k":0,"ix":10},"p":{"a":0,"k":[215,215,0],"ix":2,"l":2},"a":{"a":0,"k":[215,215,0],"ix":1,"l":2},"s":{"a":0,"k":[100,100,100],"ix":6,"l":2}},"ao":0,"w":430,"h":430,"ip":0,"op":70,"st":0,"bm":0},{"ddd":0,"ind":3,"ty":0,"nm":"hover-pinch","refId":"comp_1","sr":1,"ks":{"o":{"a":0,"k":100,"ix":11},"r":{"a":0,"k":0,"ix":10},"p":{"a":0,"k":[215,215,0],"ix":2,"l":2},"a":{"a":0,"k":[215,215,0],"ix":1,"l":2},"s":{"a":0,"k":[100,100,100],"ix":6,"l":2}},"ao":0,"w":430,"h":430,"ip":70,"op":280,"st":70,"bm":0}],"markers":[{"tm":0,"cm":"in-reveal","dr":60},{"tm":70,"cm":"default:hover-pinch","dr":200}]}