{"v":"5.12.1","fr":60,"ip":100,"op":220,"w":430,"h":430,"nm":"wired-outline-779-books","ddd":0,"assets":[{"id":"comp_0","nm":"in-reveal","fr":60,"layers":[{"ddd":0,"ind":1,"ty":4,"nm":"book-1-7","parent":2,"sr":1,"ks":{"o":{"a":0,"k":100,"ix":11},"r":{"a":0,"k":0,"ix":10},"p":{"a":0,"k":[57.5,-74.5,0],"ix":2,"l":2},"a":{"a":0,"k":[57.5,-74.5,0],"ix":1,"l":2},"s":{"a":0,"k":[100,100,100],"ix":6,"l":2}},"ao":0,"shapes":[{"ty":"gr","it":[{"ind":0,"ty":"sh","ix":1,"ks":{"a":0,"k":{"i":[[-20.711,0],[0,-20.711],[20.711,0],[0,20.711]],"o":[[20.711,0],[0,20.711],[-20.711,0],[0,-20.711]],"v":[[0,-37.5],[37.5,0],[0,37.5],[-37.5,0]],"c":true},"ix":2},"nm":"Path 1","mn":"ADBE Vector Shape - Group","hd":false},{"ty":"st","c":{"a":0,"k":[0.071,0.075,0.192,1],"ix":3,"x":"var $bm_rt;\n$bm_rt = comp('wired-outline-779-books').layer('control').effect('primary')('Color');"},"o":{"a":0,"k":100,"ix":4},"w":{"a":1,"k":[{"i":{"x":[0.833],"y":[0.833]},"o":{"x":[0.167],"y":[0.167]},"t":1,"s":[80]},{"i":{"x":[0.833],"y":[0.833]},"o":{"x":[0.167],"y":[0.167]},"t":2,"s":[55]},{"i":{"x":[0.833],"y":[0.833]},"o":{"x":[0.167],"y":[0.167]},"t":4,"s":[41]},{"i":{"x":[0.833],"y":[0.833]},"o":{"x":[0.167],"y":[0.167]},"t":6,"s":[33]},{"i":{"x":[0.833],"y":[0.833]},"o":{"x":[0.167],"y":[0.167]},"t":8,"s":[27]},{"i":{"x":[0.833],"y":[0.833]},"o":{"x":[0.167],"y":[0.167]},"t":10,"s":[23]},{"i":{"x":[0.833],"y":[0.833]},"o":{"x":[0.167],"y":[0.167]},"t":12,"s":[20.4]},{"i":{"x":[0.833],"y":[0.833]},"o":{"x":[0.167],"y":[0.167]},"t":14,"s":[18.2]},{"i":{"x":[0.833],"y":[0.833]},"o":{"x":[0.167],"y":[0.167]},"t":16,"s":[16.6]},{"i":{"x":[0.833],"y":[0.833]},"o":{"x":[0.167],"y":[0.167]},"t":18,"s":[15.3]},{"i":{"x":[0.833],"y":[0.833]},"o":{"x":[0.167],"y":[0.167]},"t":20,"s":[14.3]},{"i":{"x":[0.833],"y":[0.833]},"o":{"x":[0.167],"y":[0.167]},"t":22,"s":[13.5]},{"i":{"x":[0.833],"y":[0.833]},"o":{"x":[0.167],"y":[0.167]},"t":24,"s":[12.8]},{"t":30,"s":[12]}],"ix":5,"x":"var $bm_rt;\n$bm_rt = $bm_mul($bm_div(value, 2), comp('wired-outline-779-books').layer('control').effect('stroke')('Menu'));"},"lc":1,"lj":1,"ml":4,"bm":0,"nm":".primary","mn":"ADBE Vector Graphic - Stroke","hd":false,"cl":"primary"},{"ty":"tr","p":{"a":0,"k":[57.5,-74.5],"ix":2},"a":{"a":0,"k":[0,0],"ix":1},"s":{"a":0,"k":[100,100],"ix":3},"r":{"a":0,"k":0,"ix":6},"o":{"a":0,"k":100,"ix":7},"sk":{"a":0,"k":0,"ix":4},"sa":{"a":0,"k":0,"ix":5},"nm":"Transform"}],"nm":"Ellipse 1","np":2,"cix":2,"bm":0,"ix":1,"mn":"ADBE Vector Group","hd":false},{"ty":"gr","it":[{"ind":0,"ty":"sh","ix":1,"ks":{"a":0,"k":{"i":[[-38.108,0],[0,-38.108],[38.108,0],[0,38.108]],"o":[[38.108,0],[0,38.108],[-38.108,0],[0,-38.108]],"v":[[0,-69],[69,0],[0,69],[-69,0]],"c":true},"ix":2},"nm":"Path 1","mn":"ADBE Vector Shape - Group","hd":false},{"ty":"st","c":{"a":0,"k":[0.071,0.075,0.192,1],"ix":3,"x":"var $bm_rt;\n$bm_rt = comp('wired-outline-779-books').layer('control').effect('primary')('Color');"},"o":{"a":0,"k":100,"ix":4},"w":{"a":1,"k":[{"i":{"x":[0.833],"y":[0.833]},"o":{"x":[0.167],"y":[0.167]},"t":1,"s":[80]},{"i":{"x":[0.833],"y":[0.833]},"o":{"x":[0.167],"y":[0.167]},"t":2,"s":[55]},{"i":{"x":[0.833],"y":[0.833]},"o":{"x":[0.167],"y":[0.167]},"t":4,"s":[41]},{"i":{"x":[0.833],"y":[0.833]},"o":{"x":[0.167],"y":[0.167]},"t":6,"s":[33]},{"i":{"x":[0.833],"y":[0.833]},"o":{"x":[0.167],"y":[0.167]},"t":8,"s":[27]},{"i":{"x":[0.833],"y":[0.833]},"o":{"x":[0.167],"y":[0.167]},"t":10,"s":[23]},{"i":{"x":[0.833],"y":[0.833]},"o":{"x":[0.167],"y":[0.167]},"t":12,"s":[20.4]},{"i":{"x":[0.833],"y":[0.833]},"o":{"x":[0.167],"y":[0.167]},"t":14,"s":[18.2]},{"i":{"x":[0.833],"y":[0.833]},"o":{"x":[0.167],"y":[0.167]},"t":16,"s":[16.6]},{"i":{"x":[0.833],"y":[0.833]},"o":{"x":[0.167],"y":[0.167]},"t":18,"s":[15.3]},{"i":{"x":[0.833],"y":[0.833]},"o":{"x":[0.167],"y":[0.167]},"t":20,"s":[14.3]},{"i":{"x":[0.833],"y":[0.833]},"o":{"x":[0.167],"y":[0.167]},"t":22,"s":[13.5]},{"i":{"x":[0.833],"y":[0.833]},"o":{"x":[0.167],"y":[0.167]},"t":24,"s":[12.8]},{"t":30,"s":[12]}],"ix":5,"x":"var $bm_rt;\n$bm_rt = $bm_mul($bm_div(value, 2), comp('wired-outline-779-books').layer('control').effect('stroke')('Menu'));"},"lc":1,"lj":1,"ml":4,"bm":0,"nm":".primary","mn":"ADBE Vector Graphic - Stroke","hd":false,"cl":"primary"},{"ty":"tr","p":{"a":0,"k":[57.5,-74.5],"ix":2},"a":{"a":0,"k":[0,0],"ix":1},"s":{"a":0,"k":[100,100],"ix":3},"r":{"a":0,"k":0,"ix":6},"o":{"a":0,"k":100,"ix":7},"sk":{"a":0,"k":0,"ix":4},"sa":{"a":0,"k":0,"ix":5},"nm":"Transform"}],"nm":"Ellipse 2","np":2,"cix":2,"bm":0,"ix":2,"mn":"ADBE Vector Group","hd":false}],"ip":1,"op":14,"st":0,"ct":1,"bm":0},{"ddd":0,"ind":2,"ty":4,"nm":"book-1-6","parent":4,"sr":1,"ks":{"o":{"a":0,"k":100,"ix":11},"r":{"a":0,"k":0,"ix":10},"p":{"a":0,"k":[111.375,127,0],"ix":2,"l":2},"a":{"a":0,"k":[57.5,-74.5,0],"ix":1,"l":2},"s":{"a":1,"k":[{"i":{"x":[0.667,0.667,0.667],"y":[1,1,1]},"o":{"x":[0.167,0.167,0.167],"y":[0.167,0.167,0]},"t":0,"s":[15,15,100]},{"t":30,"s":[100,100,100]}],"ix":6,"l":2}},"ao":0,"shapes":[{"ty":"gr","it":[{"ind":0,"ty":"sh","ix":1,"ks":{"a":1,"k":[{"i":{"x":0.833,"y":0.833},"o":{"x":0.167,"y":0.167},"t":13,"s":[{"i":[[37.92,0],[0,-38.108],[-38.108,0],[-0.625,38.5],[5.198,0],[0,0],[34.75,0.625],[-0.155,5.748],[-20.259,-0.443],[0,0],[-5.146,-0.013],[-0.007,0]],"o":[[-38.108,0],[0,38.108],[38.108,0],[0,0],[-5.135,0],[0,0],[-36.25,-0.652],[0.5,-18.5],[34.313,0.75],[0,0],[5.186,0.013],[-0.302,-37.849]],"v":[[0,-69],[-69,0],[0,69],[69,0],[53.406,0],[38,0],[0.625,37.125],[-38.125,0],[0.438,-37.75],[38,-0.313],[53.437,-0.274],[68.995,-0.235]],"c":true}]},{"i":{"x":0.833,"y":0.833},"o":{"x":0.167,"y":0.167},"t":14,"s":[{"i":[[34.563,-0.067],[0,-38.108],[-38.108,0],[-5.875,12.875],[9.886,4.915],[4.336,-3.38],[27.5,0.125],[-0.155,5.748],[-20.26,-0.402],[-0.35,-4.937],[-8.759,4.14],[0.566,1.158]],"o":[[-38.107,0.08],[0,38.108],[38.108,0],[3.063,-6.713],[-5.531,-2.75],[-7.375,5.75],[-36.255,-0.165],[0.5,-18.5],[24.812,0.125],[0.071,1],[7.262,-4.115],[-5.97,-25.115]],"v":[[0,-69],[-69,0],[0,69],[62.625,28.5],[56.281,10.75],[37.5,12.25],[0.625,37.125],[-38.125,0],[0.438,-37.75],[35.975,-10.188],[54.029,-8.74],[65.845,-19.135]],"c":true}]},{"i":{"x":0.833,"y":0.833},"o":{"x":0.167,"y":0.167},"t":16,"s":[{"i":[[30.375,0.125],[0,-38.108],[-38.097,-0.911],[-7.5,11.125],[4.072,3.231],[4.315,-2.785],[25,0.625],[-0.155,5.748],[-20.26,-0.36],[-4.018,-4.312],[-11.687,7.799],[1.154,2.185]],"o":[[-38.106,-0.157],[0,38.108],[31.375,0.75],[3.55,-5.266],[-3.781,-3],[-13.75,8.875],[-36.244,-0.906],[0.5,-18.5],[19.821,-0.075],[1.367,1.467],[8.963,-7.835],[-10.179,-16.915]],"v":[[0,-69],[-69,0],[0,69],[59.125,36.375],[55.281,17.625],[38.75,14.75],[0.625,37.125],[-38.125,0],[0.438,-37.75],[33.083,-18.942],[54.187,-16.69],[59.804,-34.61]],"c":true}]},{"i":{"x":0.46,"y":1},"o":{"x":0.167,"y":0.167},"t":19,"s":[{"i":[[32.125,0.25],[0,-38.108],[-38.101,-0.693],[-7.899,8.702],[4.344,2.854],[6.821,-3.276],[23,0.625],[-0.155,5.748],[-20.261,-0.288],[-7.533,-8.084],[-6.906,5.274],[2.38,2.36]],"o":[[-38.104,-0.297],[0,38.108],[27.5,0.5],[5.362,-5.907],[-4.292,-2.82],[-7.027,3.374],[-36.242,-0.985],[0.5,-18.5],[14.688,0],[2.562,2.75],[11.969,-9.851],[-6.621,-7.64]],"v":[[0,-69],[-69,0],[0,69],[53.149,44.423],[47.492,23.798],[32.429,21.526],[0.625,37.125],[-38.125,0],[0.437,-37.75],[30.063,-22.875],[46.031,-22.774],[53.621,-43.11]],"c":true}]},{"t":30,"s":[{"i":[[30.875,0.375],[0,-38.108],[-43.25,1],[-6.087,0.46],[4.277,4.851],[4.699,2.071],[12.5,0.125],[0,7.25],[-20.263,-0.134],[-2.125,1.063],[-3.616,3.598],[2.458,0.095]],"o":[[-40.395,-0.491],[0,38.108],[21,-0.486],[1.851,-0.14],[-3.259,-3.697],[-4.588,-2.023],[-33.527,-0.335],[0,-18.507],[18.938,0.125],[4,-2],[4.625,-4.601],[-3.62,-0.14]],"v":[[-1.625,-68.5],[-68.75,0],[-1.5,68.25],[37.712,67.54],[31.473,49.149],[20.838,40.648],[0.875,38.125],[-37.625,0],[0.437,-37.75],[20.375,-40.438],[30.25,-47.649],[37.87,-67.86]],"c":true}]}],"ix":2},"nm":"Path 1","mn":"ADBE Vector Shape - Group","hd":false},{"ty":"st","c":{"a":0,"k":[0.071,0.075,0.192,1],"ix":3,"x":"var $bm_rt;\n$bm_rt = comp('wired-outline-779-books').layer('control').effect('primary')('Color');"},"o":{"a":0,"k":100,"ix":4},"w":{"a":1,"k":[{"i":{"x":[0.833],"y":[0.833]},"o":{"x":[0.167],"y":[0.167]},"t":0,"s":[80]},{"i":{"x":[0.833],"y":[0.833]},"o":{"x":[0.167],"y":[0.167]},"t":2,"s":[55]},{"i":{"x":[0.833],"y":[0.833]},"o":{"x":[0.167],"y":[0.167]},"t":4,"s":[41]},{"i":{"x":[0.833],"y":[0.833]},"o":{"x":[0.167],"y":[0.167]},"t":6,"s":[33]},{"i":{"x":[0.833],"y":[0.833]},"o":{"x":[0.167],"y":[0.167]},"t":8,"s":[27]},{"i":{"x":[0.833],"y":[0.833]},"o":{"x":[0.167],"y":[0.167]},"t":10,"s":[23]},{"i":{"x":[0.833],"y":[0.833]},"o":{"x":[0.167],"y":[0.167]},"t":12,"s":[20.4]},{"i":{"x":[0.833],"y":[0.833]},"o":{"x":[0.167],"y":[0.167]},"t":14,"s":[18.2]},{"i":{"x":[0.833],"y":[0.833]},"o":{"x":[0.167],"y":[0.167]},"t":16,"s":[16.6]},{"i":{"x":[0.833],"y":[0.833]},"o":{"x":[0.167],"y":[0.167]},"t":18,"s":[15.3]},{"i":{"x":[0.833],"y":[0.833]},"o":{"x":[0.167],"y":[0.167]},"t":20,"s":[14.3]},{"i":{"x":[0.833],"y":[0.833]},"o":{"x":[0.167],"y":[0.167]},"t":22,"s":[13.5]},{"i":{"x":[0.833],"y":[0.833]},"o":{"x":[0.167],"y":[0.167]},"t":24,"s":[12.8]},{"t":30,"s":[12]}],"ix":5,"x":"var $bm_rt;\n$bm_rt = $bm_mul($bm_div(value, 2), comp('wired-outline-779-books').layer('control').effect('stroke')('Menu'));"},"lc":1,"lj":1,"ml":4,"bm":0,"nm":".primary","mn":"ADBE Vector Graphic - Stroke","hd":false,"cl":"primary"},{"ty":"tr","p":{"a":0,"k":[57.5,-74.5],"ix":2},"a":{"a":0,"k":[0,0],"ix":1},"s":{"a":0,"k":[100,100],"ix":3},"r":{"a":0,"k":0,"ix":6},"o":{"a":0,"k":100,"ix":7},"sk":{"a":0,"k":0,"ix":4},"sa":{"a":0,"k":0,"ix":5},"nm":"Transform"}],"nm":"Ellipse 1","np":2,"cix":2,"bm":0,"ix":1,"mn":"ADBE Vector Group","hd":false}],"ip":14,"op":30,"st":0,"ct":1,"bm":0},{"ddd":0,"ind":3,"ty":4,"nm":"book-1-5","parent":4,"sr":1,"ks":{"o":{"a":0,"k":100,"ix":11},"r":{"a":0,"k":0,"ix":10},"p":{"a":0,"k":[215,127.51,0],"ix":2,"l":2},"a":{"a":0,"k":[0,0,0],"ix":1,"l":2},"s":{"a":0,"k":[100,100,100],"ix":6,"l":2}},"ao":0,"shapes":[{"ty":"gr","it":[{"ind":0,"ty":"sh","ix":1,"ks":{"a":1,"k":[{"i":{"x":0.833,"y":0.833},"o":{"x":0.167,"y":0.167},"t":5,"s":[{"i":[[0,0],[0,0]],"o":[[0,0],[0,0]],"v":[[-237.125,-9.67],[-237.125,9.699]],"c":false}]},{"t":30,"s":[{"i":[[0,0],[0,0]],"o":[[0,0],[0,0]],"v":[[-237.188,-36.92],[-237.188,38.199]],"c":false}]}],"ix":2},"nm":"Path 1","mn":"ADBE Vector Shape - Group","hd":false},{"ty":"st","c":{"a":0,"k":[0.031,0.659,0.541,1],"ix":3,"x":"var $bm_rt;\n$bm_rt = comp('wired-outline-779-books').layer('control').effect('secondary')('Color');"},"o":{"a":0,"k":100,"ix":4},"w":{"a":0,"k":12,"ix":5,"x":"var $bm_rt;\n$bm_rt = $bm_mul($bm_div(value, 2), comp('wired-outline-779-books').layer('control').effect('stroke')('Menu'));"},"lc":2,"lj":2,"bm":0,"nm":".secondary","mn":"ADBE Vector Graphic - Stroke","hd":false,"cl":"secondary"},{"ty":"tr","p":{"a":0,"k":[135.25,0],"ix":2},"a":{"a":0,"k":[0,0],"ix":1},"s":{"a":0,"k":[100,100],"ix":3},"r":{"a":0,"k":0,"ix":6},"o":{"a":0,"k":100,"ix":7},"sk":{"a":0,"k":0,"ix":4},"sa":{"a":0,"k":0,"ix":5},"nm":"Transform"}],"nm":"Vector 3","np":2,"cix":2,"bm":0,"ix":1,"mn":"ADBE Vector Group","hd":false}],"ip":5,"op":30,"st":15,"ct":1,"bm":0},{"ddd":0,"ind":4,"ty":0,"nm":"book-1-5","refId":"comp_1","sr":1,"ks":{"o":{"a":0,"k":100,"ix":11},"r":{"a":0,"k":0,"ix":10},"p":{"a":1,"k":[{"i":{"x":0,"y":1},"o":{"x":0.333,"y":0},"t":0,"s":[194.75,391,0],"to":[0,0,0],"ti":[0,0,0]},{"i":{"x":0.231,"y":1},"o":{"x":0.333,"y":0},"t":21,"s":[244.75,391,0],"to":[0,0,0],"ti":[0,0,0]},{"t":60,"s":[214.75,391,0]}],"ix":2,"l":2},"a":{"a":0,"k":[215,215,0],"ix":1,"l":2},"s":{"a":0,"k":[-100,100,100],"ix":6,"l":2}},"ao":0,"tm":{"a":1,"k":[{"i":{"x":[0.185],"y":[1]},"o":{"x":[0.369],"y":[0]},"t":30,"s":[0.5]},{"t":90,"s":[1.5]}],"ix":2},"w":430,"h":430,"ip":30,"op":1800,"st":0,"bm":0},{"ddd":0,"ind":5,"ty":4,"nm":"ribbon-2","parent":10,"sr":1,"ks":{"o":{"a":0,"k":100,"ix":11},"r":{"a":1,"k":[{"i":{"x":[0.833],"y":[1]},"o":{"x":[0.166],"y":[0]},"t":0,"s":[0]},{"i":{"x":[0.704],"y":[1]},"o":{"x":[0.167],"y":[0.167]},"t":43,"s":[0]},{"i":{"x":[0.667],"y":[1]},"o":{"x":[0.333],"y":[0]},"t":53,"s":[23]},{"i":{"x":[0.667],"y":[1]},"o":{"x":[0.333],"y":[0]},"t":70.145,"s":[-7]},{"t":84.5859375,"s":[0]}],"ix":10},"p":{"a":0,"k":[147.185,91,0],"ix":2,"l":2},"a":{"a":0,"k":[0,-60.5,0],"ix":1,"l":2},"s":{"a":0,"k":[100,100,100],"ix":6,"l":2}},"ao":0,"shapes":[{"ty":"gr","it":[{"ind":0,"ty":"sh","ix":1,"ks":{"a":1,"k":[{"i":{"x":0.28,"y":1},"o":{"x":0.167,"y":0.167},"t":43,"s":[{"i":[[0,0],[0,0],[0,0],[0,0],[0,-0.064]],"o":[[0,-0.064],[0,0],[0,0],[0,0],[0,0]],"v":[[-20.315,-50.5],[-20.315,-50.75],[-0.005,-50.691],[20.315,-50.75],[20.315,-50.5]],"c":false}]},{"i":{"x":0.667,"y":1},"o":{"x":0.72,"y":0},"t":60,"s":[{"i":[[0,0],[0,0],[0,0],[0,0],[0,24.667]],"o":[[0,24.667],[0,0],[0,0],[0,0],[0,0]],"v":[[-20.315,-37],[-25.879,31.613],[-4.029,13.452],[11.463,37.276],[20.315,-37]],"c":false}]},{"i":{"x":0.667,"y":1},"o":{"x":0.333,"y":0},"t":75.563,"s":[{"i":[[0,0],[0,0],[0,0],[0,0],[0,24.667]],"o":[[0,24.667],[0,0],[0,0],[0,0],[0,0]],"v":[[-20.315,-37],[-13.934,39.987],[2.484,14.207],[26.179,33.523],[20.315,-37]],"c":false}]},{"t":90,"s":[{"i":[[0,0],[0,0],[0,0],[0,0],[0,24.667]],"o":[[0,24.667],[0,0],[0,0],[0,0],[0,0]],"v":[[-20.315,-37],[-20.315,37],[-0.005,14.16],[20.315,37],[20.315,-37]],"c":false}]}],"ix":2},"nm":"Path 1","mn":"ADBE Vector Shape - Group","hd":false},{"ty":"st","c":{"a":0,"k":[0.071,0.075,0.192,1],"ix":3,"x":"var $bm_rt;\n$bm_rt = comp('wired-outline-779-books').layer('control').effect('primary')('Color');"},"o":{"a":0,"k":100,"ix":4},"w":{"a":0,"k":12,"ix":5,"x":"var $bm_rt;\n$bm_rt = $bm_mul($bm_div(value, 2), comp('wired-outline-779-books').layer('control').effect('stroke')('Menu'));"},"lc":2,"lj":2,"bm":0,"nm":".primary","mn":"ADBE Vector Graphic - Stroke","hd":false,"cl":"primary"},{"ty":"tr","p":{"a":0,"k":[0,0],"ix":2},"a":{"a":0,"k":[0,0],"ix":1},"s":{"a":0,"k":[100,100],"ix":3},"r":{"a":0,"k":0,"ix":6},"o":{"a":0,"k":100,"ix":7},"sk":{"a":0,"k":0,"ix":4},"sa":{"a":0,"k":0,"ix":5},"nm":"Transform"}],"nm":"Vector","np":2,"cix":2,"bm":0,"ix":1,"mn":"ADBE Vector Group","hd":false}],"ip":43,"op":1800,"st":0,"ct":1,"bm":0},{"ddd":0,"ind":6,"ty":4,"nm":"book-1-1","parent":7,"sr":1,"ks":{"o":{"a":0,"k":100,"ix":11},"r":{"a":0,"k":0,"ix":10},"p":{"a":0,"k":[57.5,-74.5,0],"ix":2,"l":2},"a":{"a":0,"k":[57.5,-74.5,0],"ix":1,"l":2},"s":{"a":0,"k":[100,100,100],"ix":6,"l":2}},"ao":0,"shapes":[{"ty":"gr","it":[{"ind":0,"ty":"sh","ix":1,"ks":{"a":0,"k":{"i":[[-20.711,0],[0,-20.711],[20.711,0],[0,20.711]],"o":[[20.711,0],[0,20.711],[-20.711,0],[0,-20.711]],"v":[[0,-37.5],[37.5,0],[0,37.5],[-37.5,0]],"c":true},"ix":2},"nm":"Path 1","mn":"ADBE Vector Shape - Group","hd":false},{"ty":"st","c":{"a":0,"k":[0.031,0.659,0.541,1],"ix":3,"x":"var $bm_rt;\n$bm_rt = comp('wired-outline-779-books').layer('control').effect('secondary')('Color');"},"o":{"a":0,"k":100,"ix":4},"w":{"a":1,"k":[{"i":{"x":[0.833],"y":[0.833]},"o":{"x":[0.167],"y":[0.167]},"t":1,"s":[80]},{"i":{"x":[0.833],"y":[0.833]},"o":{"x":[0.167],"y":[0.167]},"t":2,"s":[55]},{"i":{"x":[0.833],"y":[0.833]},"o":{"x":[0.167],"y":[0.167]},"t":4,"s":[41]},{"i":{"x":[0.833],"y":[0.833]},"o":{"x":[0.167],"y":[0.167]},"t":6,"s":[33]},{"i":{"x":[0.833],"y":[0.833]},"o":{"x":[0.167],"y":[0.167]},"t":8,"s":[27]},{"i":{"x":[0.833],"y":[0.833]},"o":{"x":[0.167],"y":[0.167]},"t":10,"s":[23]},{"i":{"x":[0.833],"y":[0.833]},"o":{"x":[0.167],"y":[0.167]},"t":12,"s":[20.4]},{"i":{"x":[0.833],"y":[0.833]},"o":{"x":[0.167],"y":[0.167]},"t":14,"s":[18.2]},{"i":{"x":[0.833],"y":[0.833]},"o":{"x":[0.167],"y":[0.167]},"t":16,"s":[16.6]},{"i":{"x":[0.833],"y":[0.833]},"o":{"x":[0.167],"y":[0.167]},"t":18,"s":[15.3]},{"i":{"x":[0.833],"y":[0.833]},"o":{"x":[0.167],"y":[0.167]},"t":20,"s":[14.3]},{"i":{"x":[0.833],"y":[0.833]},"o":{"x":[0.167],"y":[0.167]},"t":22,"s":[13.5]},{"i":{"x":[0.833],"y":[0.833]},"o":{"x":[0.167],"y":[0.167]},"t":24,"s":[12.8]},{"t":30,"s":[12]}],"ix":5,"x":"var $bm_rt;\n$bm_rt = $bm_mul($bm_div(value, 2), comp('wired-outline-779-books').layer('control').effect('stroke')('Menu'));"},"lc":1,"lj":1,"ml":4,"bm":0,"nm":".secondary","mn":"ADBE Vector Graphic - Stroke","hd":false,"cl":"secondary"},{"ty":"tr","p":{"a":0,"k":[57.5,-74.5],"ix":2},"a":{"a":0,"k":[0,0],"ix":1},"s":{"a":0,"k":[100,100],"ix":3},"r":{"a":0,"k":0,"ix":6},"o":{"a":0,"k":100,"ix":7},"sk":{"a":0,"k":0,"ix":4},"sa":{"a":0,"k":0,"ix":5},"nm":"Transform"}],"nm":"Ellipse 1","np":2,"cix":2,"bm":0,"ix":1,"mn":"ADBE Vector Group","hd":false},{"ty":"gr","it":[{"ind":0,"ty":"sh","ix":1,"ks":{"a":0,"k":{"i":[[-38.108,0],[0,-38.108],[38.108,0],[0,38.108]],"o":[[38.108,0],[0,38.108],[-38.108,0],[0,-38.108]],"v":[[0,-69],[69,0],[0,69],[-69,0]],"c":true},"ix":2},"nm":"Path 1","mn":"ADBE Vector Shape - Group","hd":false},{"ty":"st","c":{"a":0,"k":[0.031,0.659,0.541,1],"ix":3,"x":"var $bm_rt;\n$bm_rt = comp('wired-outline-779-books').layer('control').effect('secondary')('Color');"},"o":{"a":0,"k":100,"ix":4},"w":{"a":1,"k":[{"i":{"x":[0.833],"y":[0.833]},"o":{"x":[0.167],"y":[0.167]},"t":1,"s":[80]},{"i":{"x":[0.833],"y":[0.833]},"o":{"x":[0.167],"y":[0.167]},"t":2,"s":[55]},{"i":{"x":[0.833],"y":[0.833]},"o":{"x":[0.167],"y":[0.167]},"t":4,"s":[41]},{"i":{"x":[0.833],"y":[0.833]},"o":{"x":[0.167],"y":[0.167]},"t":6,"s":[33]},{"i":{"x":[0.833],"y":[0.833]},"o":{"x":[0.167],"y":[0.167]},"t":8,"s":[27]},{"i":{"x":[0.833],"y":[0.833]},"o":{"x":[0.167],"y":[0.167]},"t":10,"s":[23]},{"i":{"x":[0.833],"y":[0.833]},"o":{"x":[0.167],"y":[0.167]},"t":12,"s":[20.4]},{"i":{"x":[0.833],"y":[0.833]},"o":{"x":[0.167],"y":[0.167]},"t":14,"s":[18.2]},{"i":{"x":[0.833],"y":[0.833]},"o":{"x":[0.167],"y":[0.167]},"t":16,"s":[16.6]},{"i":{"x":[0.833],"y":[0.833]},"o":{"x":[0.167],"y":[0.167]},"t":18,"s":[15.3]},{"i":{"x":[0.833],"y":[0.833]},"o":{"x":[0.167],"y":[0.167]},"t":20,"s":[14.3]},{"i":{"x":[0.833],"y":[0.833]},"o":{"x":[0.167],"y":[0.167]},"t":22,"s":[13.5]},{"i":{"x":[0.833],"y":[0.833]},"o":{"x":[0.167],"y":[0.167]},"t":24,"s":[12.8]},{"t":30,"s":[12]}],"ix":5,"x":"var $bm_rt;\n$bm_rt = $bm_mul($bm_div(value, 2), comp('wired-outline-779-books').layer('control').effect('stroke')('Menu'));"},"lc":1,"lj":1,"ml":4,"bm":0,"nm":".secondary","mn":"ADBE Vector Graphic - Stroke","hd":false,"cl":"secondary"},{"ty":"tr","p":{"a":0,"k":[57.5,-74.5],"ix":2},"a":{"a":0,"k":[0,0],"ix":1},"s":{"a":0,"k":[100,100],"ix":3},"r":{"a":0,"k":0,"ix":6},"o":{"a":0,"k":100,"ix":7},"sk":{"a":0,"k":0,"ix":4},"sa":{"a":0,"k":0,"ix":5},"nm":"Transform"}],"nm":"Ellipse 2","np":2,"cix":2,"bm":0,"ix":2,"mn":"ADBE Vector Group","hd":false}],"ip":1,"op":14,"st":0,"ct":1,"bm":0},{"ddd":0,"ind":7,"ty":4,"nm":"book-1-2","parent":10,"sr":1,"ks":{"o":{"a":0,"k":100,"ix":11},"r":{"a":0,"k":0,"ix":10},"p":{"a":0,"k":[111.625,127,0],"ix":2,"l":2},"a":{"a":0,"k":[57.5,-74.5,0],"ix":1,"l":2},"s":{"a":1,"k":[{"i":{"x":[0.667,0.667,0.667],"y":[1,1,1]},"o":{"x":[0.167,0.167,0.167],"y":[0.167,0.167,0]},"t":0,"s":[15,15,100]},{"t":30,"s":[100,100,100]}],"ix":6,"l":2}},"ao":0,"shapes":[{"ty":"gr","it":[{"ind":0,"ty":"sh","ix":1,"ks":{"a":1,"k":[{"i":{"x":0.833,"y":0.833},"o":{"x":0.167,"y":0.167},"t":13,"s":[{"i":[[37.92,0],[0,-38.108],[-38.108,0],[-0.625,38.5],[5.198,0],[0,0],[34.75,0.625],[-0.155,5.748],[-20.259,-0.443],[0,0],[-5.146,-0.013],[-0.007,0]],"o":[[-38.108,0],[0,38.108],[38.108,0],[0,0],[-5.135,0],[0,0],[-36.25,-0.652],[0.5,-18.5],[34.313,0.75],[0,0],[5.186,0.013],[-0.302,-37.849]],"v":[[0,-69],[-69,0],[0,69],[69,0],[53.406,0],[38,0],[0.625,37.125],[-38.125,0],[0.438,-37.75],[38,-0.313],[53.437,-0.274],[68.995,-0.235]],"c":true}]},{"i":{"x":0.833,"y":0.833},"o":{"x":0.167,"y":0.167},"t":14,"s":[{"i":[[34.563,-0.067],[0,-38.108],[-38.108,0],[-5.875,12.875],[9.886,4.915],[4.336,-3.38],[27.5,0.125],[-0.155,5.748],[-20.26,-0.402],[-0.35,-4.937],[-8.759,4.14],[0.566,1.158]],"o":[[-38.107,0.08],[0,38.108],[38.108,0],[3.063,-6.713],[-5.531,-2.75],[-7.375,5.75],[-36.255,-0.165],[0.5,-18.5],[24.812,0.125],[0.071,1],[7.262,-4.115],[-5.97,-25.115]],"v":[[0,-69],[-69,0],[0,69],[62.625,28.5],[56.281,10.75],[37.5,12.25],[0.625,37.125],[-38.125,0],[0.438,-37.75],[35.975,-10.188],[54.029,-8.74],[65.845,-19.135]],"c":true}]},{"i":{"x":0.833,"y":0.833},"o":{"x":0.167,"y":0.167},"t":16,"s":[{"i":[[30.375,0.125],[0,-38.108],[-38.097,-0.911],[-7.5,11.125],[4.072,3.231],[4.315,-2.785],[25,0.625],[-0.155,5.748],[-20.26,-0.36],[-4.018,-4.312],[-11.687,7.799],[1.154,2.185]],"o":[[-38.106,-0.157],[0,38.108],[31.375,0.75],[3.55,-5.266],[-3.781,-3],[-13.75,8.875],[-36.244,-0.906],[0.5,-18.5],[19.821,-0.075],[1.367,1.467],[8.963,-7.835],[-10.179,-16.915]],"v":[[0,-69],[-69,0],[0,69],[59.125,36.375],[55.281,17.625],[38.75,14.75],[0.625,37.125],[-38.125,0],[0.438,-37.75],[33.083,-18.942],[54.187,-16.69],[59.804,-34.61]],"c":true}]},{"i":{"x":0.46,"y":1},"o":{"x":0.167,"y":0.167},"t":19,"s":[{"i":[[32.125,0.25],[0,-38.108],[-38.101,-0.693],[-7.899,8.702],[4.344,2.854],[6.821,-3.276],[23,0.625],[-0.155,5.748],[-20.261,-0.288],[-7.533,-8.084],[-6.906,5.274],[2.38,2.36]],"o":[[-38.104,-0.297],[0,38.108],[27.5,0.5],[5.362,-5.907],[-4.292,-2.82],[-7.027,3.374],[-36.242,-0.985],[0.5,-18.5],[14.688,0],[2.562,2.75],[11.969,-9.851],[-6.621,-7.64]],"v":[[0,-69],[-69,0],[0,69],[53.149,44.423],[47.492,23.798],[32.429,21.526],[0.625,37.125],[-38.125,0],[0.437,-37.75],[30.063,-22.875],[46.031,-22.774],[53.621,-43.11]],"c":true}]},{"t":30,"s":[{"i":[[30.875,0.375],[0,-38.108],[-43.25,1],[-6.087,0.46],[4.277,4.851],[4.699,2.071],[12.5,0.125],[0,7.25],[-20.263,-0.134],[-2.125,1.063],[-3.616,3.598],[2.458,0.095]],"o":[[-40.395,-0.491],[0,38.108],[21,-0.486],[1.851,-0.14],[-3.259,-3.697],[-4.588,-2.023],[-33.527,-0.335],[0,-18.507],[18.938,0.125],[4,-2],[4.625,-4.601],[-3.62,-0.14]],"v":[[-1.625,-68.5],[-68.75,0],[-1.5,68.25],[37.712,67.54],[31.473,49.149],[20.838,40.648],[0.875,38.125],[-37.625,0],[0.437,-37.75],[20.375,-40.438],[30.25,-47.649],[37.87,-67.86]],"c":true}]}],"ix":2},"nm":"Path 1","mn":"ADBE Vector Shape - Group","hd":false},{"ty":"st","c":{"a":0,"k":[0.031,0.659,0.541,1],"ix":3,"x":"var $bm_rt;\n$bm_rt = comp('wired-outline-779-books').layer('control').effect('secondary')('Color');"},"o":{"a":0,"k":100,"ix":4},"w":{"a":1,"k":[{"i":{"x":[0.833],"y":[0.833]},"o":{"x":[0.167],"y":[0.167]},"t":0,"s":[80]},{"i":{"x":[0.833],"y":[0.833]},"o":{"x":[0.167],"y":[0.167]},"t":2,"s":[55]},{"i":{"x":[0.833],"y":[0.833]},"o":{"x":[0.167],"y":[0.167]},"t":4,"s":[41]},{"i":{"x":[0.833],"y":[0.833]},"o":{"x":[0.167],"y":[0.167]},"t":6,"s":[33]},{"i":{"x":[0.833],"y":[0.833]},"o":{"x":[0.167],"y":[0.167]},"t":8,"s":[27]},{"i":{"x":[0.833],"y":[0.833]},"o":{"x":[0.167],"y":[0.167]},"t":10,"s":[23]},{"i":{"x":[0.833],"y":[0.833]},"o":{"x":[0.167],"y":[0.167]},"t":12,"s":[20.4]},{"i":{"x":[0.833],"y":[0.833]},"o":{"x":[0.167],"y":[0.167]},"t":14,"s":[18.2]},{"i":{"x":[0.833],"y":[0.833]},"o":{"x":[0.167],"y":[0.167]},"t":16,"s":[16.6]},{"i":{"x":[0.833],"y":[0.833]},"o":{"x":[0.167],"y":[0.167]},"t":18,"s":[15.3]},{"i":{"x":[0.833],"y":[0.833]},"o":{"x":[0.167],"y":[0.167]},"t":20,"s":[14.3]},{"i":{"x":[0.833],"y":[0.833]},"o":{"x":[0.167],"y":[0.167]},"t":22,"s":[13.5]},{"i":{"x":[0.833],"y":[0.833]},"o":{"x":[0.167],"y":[0.167]},"t":24,"s":[12.8]},{"t":30,"s":[12]}],"ix":5,"x":"var $bm_rt;\n$bm_rt = $bm_mul($bm_div(value, 2), comp('wired-outline-779-books').layer('control').effect('stroke')('Menu'));"},"lc":1,"lj":1,"ml":4,"bm":0,"nm":".secondary","mn":"ADBE Vector Graphic - Stroke","hd":false,"cl":"secondary"},{"ty":"tr","p":{"a":0,"k":[57.5,-74.5],"ix":2},"a":{"a":0,"k":[0,0],"ix":1},"s":{"a":0,"k":[100,100],"ix":3},"r":{"a":0,"k":0,"ix":6},"o":{"a":0,"k":100,"ix":7},"sk":{"a":0,"k":0,"ix":4},"sa":{"a":0,"k":0,"ix":5},"nm":"Transform"}],"nm":"Ellipse 1","np":2,"cix":2,"bm":0,"ix":1,"mn":"ADBE Vector Group","hd":false}],"ip":14,"op":30,"st":0,"ct":1,"bm":0},{"ddd":0,"ind":8,"ty":4,"nm":"book-1-3","parent":10,"sr":1,"ks":{"o":{"a":0,"k":100,"ix":11},"r":{"a":0,"k":0,"ix":10},"p":{"a":0,"k":[215,126.99,0],"ix":2,"l":2},"a":{"a":0,"k":[0,0,0],"ix":1,"l":2},"s":{"a":0,"k":[100,100,100],"ix":6,"l":2}},"ao":0,"shapes":[{"ty":"gr","it":[{"ind":0,"ty":"sh","ix":1,"ks":{"a":1,"k":[{"i":{"x":0.833,"y":0.833},"o":{"x":0.167,"y":0.167},"t":5,"s":[{"i":[[0,0],[0,0]],"o":[[0,0],[0,0]],"v":[[-237.125,-9.67],[-237.125,9.699]],"c":false}]},{"t":30,"s":[{"i":[[0,0],[0,0]],"o":[[0,0],[0,0]],"v":[[-237.188,-36.92],[-237.188,38.199]],"c":false}]}],"ix":2},"nm":"Path 1","mn":"ADBE Vector Shape - Group","hd":false},{"ty":"st","c":{"a":0,"k":[0.071,0.075,0.192,1],"ix":3,"x":"var $bm_rt;\n$bm_rt = comp('wired-outline-779-books').layer('control').effect('primary')('Color');"},"o":{"a":0,"k":100,"ix":4},"w":{"a":0,"k":12,"ix":5,"x":"var $bm_rt;\n$bm_rt = $bm_mul($bm_div(value, 2), comp('wired-outline-779-books').layer('control').effect('stroke')('Menu'));"},"lc":2,"lj":2,"bm":0,"nm":".primary","mn":"ADBE Vector Graphic - Stroke","hd":false,"cl":"primary"},{"ty":"tr","p":{"a":0,"k":[135.25,0],"ix":2},"a":{"a":0,"k":[0,0],"ix":1},"s":{"a":0,"k":[100,100],"ix":3},"r":{"a":0,"k":0,"ix":6},"o":{"a":0,"k":100,"ix":7},"sk":{"a":0,"k":0,"ix":4},"sa":{"a":0,"k":0,"ix":5},"nm":"Transform"}],"nm":"Vector 3","np":2,"cix":2,"bm":0,"ix":1,"mn":"ADBE Vector Group","hd":false}],"ip":5,"op":30,"st":15,"ct":1,"bm":0},{"ddd":0,"ind":9,"ty":4,"nm":"mask-1","parent":10,"td":1,"sr":1,"ks":{"o":{"a":0,"k":100,"ix":11},"r":{"a":1,"k":[{"i":{"x":[0.833],"y":[1]},"o":{"x":[0.166],"y":[0]},"t":0,"s":[0]},{"i":{"x":[0.704],"y":[1]},"o":{"x":[0.167],"y":[0.167]},"t":43,"s":[0]},{"i":{"x":[0.667],"y":[1]},"o":{"x":[0.333],"y":[0]},"t":53,"s":[23]},{"i":{"x":[0.667],"y":[1]},"o":{"x":[0.333],"y":[0]},"t":70.145,"s":[-7]},{"t":84.5859375,"s":[0]}],"ix":10},"p":{"a":0,"k":[147.185,91,0],"ix":2,"l":2},"a":{"a":0,"k":[0,-60.5,0],"ix":1,"l":2},"s":{"a":0,"k":[100,100,100],"ix":6,"l":2}},"ao":0,"shapes":[{"ty":"gr","it":[{"ind":0,"ty":"sh","ix":1,"ks":{"a":1,"k":[{"i":{"x":0.28,"y":1},"o":{"x":0.167,"y":0.167},"t":43,"s":[{"i":[[0,0],[0,0],[0,0],[0,0],[0,-0.064]],"o":[[0,-0.064],[0,0],[0,0],[0,0],[0,0]],"v":[[-20.315,-50.5],[-20.315,-50.75],[-0.005,-50.691],[20.315,-50.75],[20.315,-50.5]],"c":false}]},{"i":{"x":0.667,"y":1},"o":{"x":0.72,"y":0},"t":60,"s":[{"i":[[0,0],[0,0],[0,0],[0,0],[0,24.667]],"o":[[0,24.667],[0,0],[0,0],[0,0],[0,0]],"v":[[-20.315,-37],[-25.879,31.613],[-4.029,13.452],[11.463,37.276],[20.315,-37]],"c":false}]},{"i":{"x":0.667,"y":1},"o":{"x":0.333,"y":0},"t":75.563,"s":[{"i":[[0,0],[0,0],[0,0],[0,0],[0,24.667]],"o":[[0,24.667],[0,0],[0,0],[0,0],[0,0]],"v":[[-20.315,-37],[-13.934,39.987],[2.484,14.207],[26.179,33.523],[20.315,-37]],"c":false}]},{"t":90,"s":[{"i":[[0,0],[0,0],[0,0],[0,0],[0,24.667]],"o":[[0,24.667],[0,0],[0,0],[0,0],[0,0]],"v":[[-20.315,-37],[-20.315,37],[-0.005,14.16],[20.315,37],[20.315,-37]],"c":false}]}],"ix":2},"nm":"Path 1","mn":"ADBE Vector Shape - Group","hd":false},{"ty":"fl","c":{"a":0,"k":[1,0,0,1],"ix":4},"o":{"a":0,"k":100,"ix":5},"r":1,"bm":0,"nm":"Fill 1","mn":"ADBE Vector Graphic - Fill","hd":false},{"ty":"tr","p":{"a":0,"k":[0,0],"ix":2},"a":{"a":0,"k":[0,0],"ix":1},"s":{"a":0,"k":[100,100],"ix":3},"r":{"a":0,"k":0,"ix":6},"o":{"a":0,"k":100,"ix":7},"sk":{"a":0,"k":0,"ix":4},"sa":{"a":0,"k":0,"ix":5},"nm":"Transform"}],"nm":"Vector","np":2,"cix":2,"bm":0,"ix":1,"mn":"ADBE Vector Group","hd":false}],"ip":43,"op":1800,"st":0,"ct":1,"bm":0},{"ddd":0,"ind":10,"ty":0,"nm":"book-1-4","tt":2,"tp":9,"refId":"comp_2","sr":1,"ks":{"o":{"a":0,"k":100,"ix":11},"r":{"a":0,"k":0,"ix":10},"p":{"a":1,"k":[{"i":{"x":0,"y":1},"o":{"x":0.333,"y":0},"t":0,"s":[235,215,0],"to":[0,0,0],"ti":[0,0,0]},{"i":{"x":0.231,"y":1},"o":{"x":0.333,"y":0},"t":21,"s":[185,215,0],"to":[0,0,0],"ti":[0,0,0]},{"t":60,"s":[215,215,0]}],"ix":2,"l":2},"a":{"a":0,"k":[215,215,0],"ix":1,"l":2},"s":{"a":0,"k":[100,100,100],"ix":6,"l":2}},"ao":0,"tm":{"a":1,"k":[{"i":{"x":[0.185],"y":[1]},"o":{"x":[0.369],"y":[0]},"t":30,"s":[0.5]},{"t":90,"s":[1.5]}],"ix":2},"w":430,"h":430,"ip":30,"op":1800,"st":0,"bm":0},{"ddd":0,"ind":11,"ty":4,"nm":"ribbon-1","parent":10,"sr":1,"ks":{"o":{"a":0,"k":100,"ix":11},"r":{"a":0,"k":0,"ix":10},"p":{"a":0,"k":[147.185,103.7,0],"ix":2,"l":2},"a":{"a":0,"k":[0,0,0],"ix":1,"l":2},"s":{"a":0,"k":[100,100,100],"ix":6,"l":2}},"ao":0,"shapes":[{"ty":"gr","it":[{"ind":0,"ty":"sh","ix":1,"ks":{"a":1,"k":[{"i":{"x":0.833,"y":0.833},"o":{"x":0.167,"y":0.167},"t":43,"s":[{"i":[[0,0],[0,0]],"o":[[0,0],[0,0]],"v":[[-19.565,-11.38],[-19.595,-11.62]],"c":false}]},{"i":{"x":0.667,"y":1},"o":{"x":0.167,"y":0.167},"t":45.609,"s":[{"i":[[0,0],[0,0]],"o":[[0,0],[0,0]],"v":[[-19.841,-11.564],[-20.7,-6.646]],"c":false}]},{"i":{"x":0.667,"y":1},"o":{"x":0.333,"y":0},"t":53,"s":[{"i":[[0,0],[2.66,-5.58]],"o":[[0,0],[0,0]],"v":[[-20.315,-11.88],[-27.595,1.63]],"c":false}]},{"i":{"x":0.667,"y":1},"o":{"x":0.333,"y":0},"t":70.145,"s":[{"i":[[0,0],[0,0]],"o":[[0,0],[0,0]],"v":[[-20.315,-11.88],[-17.93,11.444]],"c":false}]},{"t":84.5859375,"s":[{"i":[[0,0],[0,0]],"o":[[0,0],[0,0]],"v":[[-20.315,-11.88],[-20.315,14.13]],"c":false}]}],"ix":2},"nm":"Path 1","mn":"ADBE Vector Shape - Group","hd":false},{"ind":1,"ty":"sh","ix":2,"ks":{"a":1,"k":[{"i":{"x":0.833,"y":0.833},"o":{"x":0.167,"y":0.167},"t":43,"s":[{"i":[[0,0],[0,0]],"o":[[0,0],[0,0]],"v":[[19.565,-11.38],[19.658,-11.233]],"c":false}]},{"i":{"x":0.667,"y":1},"o":{"x":0.167,"y":0.167},"t":45.609,"s":[{"i":[[0,0],[0,0]],"o":[[0,0],[0,0]],"v":[[19.841,-11.564],[18.907,-0.6]],"c":false}]},{"i":{"x":0.667,"y":1},"o":{"x":0.333,"y":0},"t":53,"s":[{"i":[[0,0],[5.032,-9.967]],"o":[[0,0],[0,0]],"v":[[20.315,-11.88],[10.158,16.267]],"c":false}]},{"i":{"x":0.667,"y":1},"o":{"x":0.333,"y":0},"t":70.145,"s":[{"i":[[0,0],[0,0]],"o":[[0,0],[0,0]],"v":[[20.315,-11.88],[23.15,9.823]],"c":false}]},{"t":84.5859375,"s":[{"i":[[0,0],[0,0]],"o":[[0,0],[0,0]],"v":[[20.315,-11.88],[20.315,14.13]],"c":false}]}],"ix":2},"nm":"Path 2","mn":"ADBE Vector Shape - Group","hd":false},{"ty":"mm","mm":1,"nm":"Merge Paths 1","mn":"ADBE Vector Filter - Merge","hd":false},{"ty":"st","c":{"a":0,"k":[0.071,0.075,0.192,1],"ix":3,"x":"var $bm_rt;\n$bm_rt = comp('wired-outline-779-books').layer('control').effect('primary')('Color');"},"o":{"a":0,"k":100,"ix":4},"w":{"a":0,"k":12,"ix":5,"x":"var $bm_rt;\n$bm_rt = $bm_mul($bm_div(value, 2), comp('wired-outline-779-books').layer('control').effect('stroke')('Menu'));"},"lc":2,"lj":2,"bm":0,"nm":".primary","mn":"ADBE Vector Graphic - Stroke","hd":false,"cl":"primary"},{"ty":"tr","p":{"a":0,"k":[0,0],"ix":2},"a":{"a":0,"k":[0,0],"ix":1},"s":{"a":0,"k":[100,100],"ix":3},"r":{"a":0,"k":0,"ix":6},"o":{"a":0,"k":100,"ix":7},"sk":{"a":0,"k":0,"ix":4},"sa":{"a":0,"k":0,"ix":5},"nm":"Transform"}],"nm":"Vector","np":4,"cix":2,"bm":0,"ix":1,"mn":"ADBE Vector Group","hd":false}],"ip":43,"op":1794,"st":-6,"ct":1,"bm":0}]},{"id":"comp_1","nm":"book-1-5","fr":60,"layers":[{"ddd":0,"ind":1,"ty":4,"nm":"book-top 3","sr":1,"ks":{"o":{"a":0,"k":100,"ix":11},"r":{"a":0,"k":0,"ix":10},"p":{"a":0,"k":[215,126.99,0],"ix":2,"l":2},"a":{"a":0,"k":[0,0,0],"ix":1,"l":2},"s":{"a":0,"k":[100,100,100],"ix":6,"l":2}},"ao":0,"shapes":[{"ty":"gr","it":[{"ind":0,"ty":"sh","ix":1,"ks":{"a":1,"k":[{"i":{"x":0.833,"y":0.833},"o":{"x":0.167,"y":0.167},"t":30,"s":[{"i":[[0.001,3.982],[0,0],[0,-37.41],[-33.54,0],[0,0],[5.532,5.532],[7.824,0],[0,0],[0,0],[0,0],[4.661,1.864],[3.578,3.52],[1.94,4.63],[0,5.02],[-1.94,4.63],[-3.578,3.52],[-4.661,1.864],[-5.019,-0.082],[0,0],[-3.679,1.523],[-2.816,2.816],[-1.523,3.679]],"o":[[0,0],[-33.48,0],[0,41.56],[0,0],[0,-7.824],[-5.532,-5.532],[0,0],[0,0],[0,0],[-5.019,0.082],[-4.661,-1.864],[-3.578,-3.52],[-1.94,-4.63],[0,-5.02],[1.94,-4.63],[3.578,-3.52],[4.661,-1.864],[0,0],[3.982,0.001],[3.679,-1.523],[2.816,-2.816],[1.523,-3.679]],"v":[[-65.5,-67.95],[-111.37,-67.73],[-172,0.01],[-111.34,67.73],[-65.5,67.51],[-74.14,46.651],[-95,38.01],[-102,38.23],[-102.13,38.24],[-102.13,38.24],[-116.795,35.539],[-129.277,27.381],[-137.636,15.034],[-140.575,0.415],[-137.636,-14.204],[-129.277,-26.551],[-116.795,-34.709],[-102.13,-37.41],[-95.82,-37.63],[-84.215,-39.935],[-74.378,-46.507],[-67.805,-56.345]],"c":true}]},{"i":{"x":0.833,"y":0.833},"o":{"x":0.167,"y":0.167},"t":53,"s":[{"i":[[0.001,3.982],[0,0],[0,-37.41],[-33.54,0],[0,0],[5.532,5.532],[7.824,0],[0,0],[0,0],[0,0],[4.661,1.864],[3.578,3.52],[1.94,4.63],[0,5.02],[-1.94,4.63],[-3.578,3.52],[-4.661,1.864],[-5.019,-0.082],[0,0],[-3.679,1.523],[-2.816,2.816],[-1.523,3.679]],"o":[[0,0],[-33.48,0],[0,41.56],[0,0],[0,-7.824],[-5.532,-5.532],[0,0],[0,0],[0,0],[-5.019,0.082],[-4.661,-1.864],[-3.578,-3.52],[-1.94,-4.63],[0,-5.02],[1.94,-4.63],[3.578,-3.52],[4.661,-1.864],[0,0],[3.982,0.001],[3.679,-1.523],[2.816,-2.816],[1.523,-3.679]],"v":[[29,-67.95],[-111.37,-67.73],[-172,0.01],[-111.34,67.73],[29,67.51],[20.36,46.65],[-0.5,38.01],[-47.5,38.23],[-88.13,38.24],[-102.13,38.24],[-116.795,35.539],[-129.277,27.381],[-137.636,15.034],[-140.575,0.415],[-137.636,-14.204],[-129.277,-26.551],[-116.795,-34.709],[-102.13,-37.41],[-1.32,-37.63],[10.285,-39.935],[20.122,-46.508],[26.695,-56.345]],"c":true}]},{"i":{"x":0.833,"y":0.833},"o":{"x":0.167,"y":0.167},"t":80,"s":[{"i":[[0.001,3.982],[0,0],[0,-37.41],[-33.54,0],[0,0],[5.532,5.532],[7.824,0],[0,0],[0,0],[0,0],[4.661,1.864],[3.578,3.52],[1.94,4.63],[0,5.02],[-1.94,4.63],[-3.578,3.52],[-4.661,1.864],[-5.019,-0.082],[0,0],[-3.679,1.523],[-2.816,2.816],[-1.523,3.679]],"o":[[0,0],[-33.48,0],[0,41.56],[0,0],[0,-7.824],[-5.532,-5.532],[0,0],[0,0],[0,0],[-5.019,0.082],[-4.661,-1.864],[-3.578,-3.52],[-1.94,-4.63],[0,-5.02],[1.94,-4.63],[3.578,-3.52],[4.661,-1.864],[0,0],[3.982,0.001],[3.679,-1.523],[2.816,-2.816],[1.523,-3.679]],"v":[[133,-67.97],[-111.37,-67.73],[-172,0.01],[-111.34,67.73],[133,67.49],[124.36,46.63],[103.5,37.99],[-47.5,38.23],[-88.13,38.24],[-102.13,38.24],[-116.795,35.539],[-129.277,27.381],[-137.636,15.034],[-140.575,0.415],[-137.636,-14.204],[-129.277,-26.551],[-116.795,-34.709],[-102.13,-37.41],[102.68,-37.65],[114.285,-39.955],[124.122,-46.528],[130.695,-56.365]],"c":true}]},{"t":90,"s":[{"i":[[0.001,3.982],[0,0],[0,-37.41],[-33.54,0],[0,0],[5.532,5.532],[7.824,0],[0,0],[0,0],[0,0],[4.661,1.864],[3.578,3.52],[1.94,4.63],[0,5.02],[-1.94,4.63],[-3.578,3.52],[-4.661,1.864],[-5.019,-0.082],[0,0],[-3.679,1.523],[-2.816,2.816],[-1.523,3.679]],"o":[[0,0],[-33.48,0],[0,41.56],[0,0],[0,-7.824],[-5.532,-5.532],[0,0],[0,0],[0,0],[-5.019,0.082],[-4.661,-1.864],[-3.578,-3.52],[-1.94,-4.63],[0,-5.02],[1.94,-4.63],[3.578,-3.52],[4.661,-1.864],[0,0],[3.982,0.001],[3.679,-1.523],[2.816,-2.816],[1.523,-3.679]],"v":[[172,-67.73],[-111.37,-67.73],[-172,0.01],[-111.34,67.73],[172,67.73],[163.36,46.87],[142.5,38.23],[-47.5,38.23],[-88.13,38.24],[-102.13,38.24],[-116.795,35.539],[-128.808,27.381],[-137.168,15.034],[-140.106,0.415],[-137.168,-14.204],[-128.808,-26.551],[-116.795,-34.709],[-102.13,-37.41],[141.68,-37.41],[153.285,-39.715],[163.122,-46.288],[169.695,-56.125]],"c":true}]}],"ix":2},"nm":"Path 1","mn":"ADBE Vector Shape - Group","hd":false},{"ty":"tm","s":{"a":0,"k":0,"ix":1},"e":{"a":0,"k":100,"ix":2},"o":{"a":0,"k":251,"ix":3},"m":1,"ix":2,"nm":"Trim Paths 1","mn":"ADBE Vector Filter - Trim","hd":false},{"ty":"st","c":{"a":0,"k":[0.071,0.075,0.192,1],"ix":3,"x":"var $bm_rt;\n$bm_rt = comp('wired-outline-779-books').layer('control').effect('primary')('Color');"},"o":{"a":0,"k":100,"ix":4},"w":{"a":0,"k":12,"ix":5,"x":"var $bm_rt;\n$bm_rt = $bm_mul($bm_div(value, 2), comp('wired-outline-779-books').layer('control').effect('stroke')('Menu'));"},"lc":2,"lj":2,"bm":0,"nm":".primary","mn":"ADBE Vector Graphic - Stroke","hd":false,"cl":"primary"},{"ty":"tr","p":{"a":0,"k":[0,0],"ix":2},"a":{"a":0,"k":[0,0],"ix":1},"s":{"a":0,"k":[100,100],"ix":3},"r":{"a":0,"k":0,"ix":6},"o":{"a":0,"k":100,"ix":7},"sk":{"a":0,"k":0,"ix":4},"sa":{"a":0,"k":0,"ix":5},"nm":"Transform"}],"nm":"Vector","np":3,"cix":2,"bm":0,"ix":1,"mn":"ADBE Vector Group","hd":false},{"ty":"gr","it":[{"ind":0,"ty":"sh","ix":1,"ks":{"a":1,"k":[{"t":30,"s":[{"i":[[0,0],[0,0]],"o":[[0,0],[0,0]],"v":[[-336.705,0.001],[-336.295,0.021]],"c":false}],"h":1},{"i":{"x":0.833,"y":0.833},"o":{"x":0.167,"y":0.167},"t":53,"s":[{"i":[[0,0],[0,0]],"o":[[0,0],[0,0]],"v":[[-52.205,0],[-51.795,0.02]],"c":false}]},{"t":90,"s":[{"i":[[0,0],[0,0]],"o":[[0,0],[0,0]],"v":[[-52.205,0.5],[52.205,0.5]],"c":false}]}],"ix":2},"nm":"Path 1","mn":"ADBE Vector Shape - Group","hd":false},{"ty":"st","c":{"a":0,"k":[0.031,0.659,0.541,1],"ix":3,"x":"var $bm_rt;\n$bm_rt = comp('wired-outline-779-books').layer('control').effect('secondary')('Color');"},"o":{"a":0,"k":100,"ix":4},"w":{"a":0,"k":12,"ix":5,"x":"var $bm_rt;\n$bm_rt = $bm_mul($bm_div(value, 2), comp('wired-outline-779-books').layer('control').effect('stroke')('Menu'));"},"lc":2,"lj":2,"bm":0,"nm":".secondary","mn":"ADBE Vector Graphic - Stroke","hd":false,"cl":"secondary"},{"ty":"tr","p":{"a":0,"k":[44,0],"ix":2},"a":{"a":0,"k":[0,0],"ix":1},"s":{"a":0,"k":[100,100],"ix":3},"r":{"a":0,"k":0,"ix":6},"o":{"a":0,"k":100,"ix":7},"sk":{"a":0,"k":0,"ix":4},"sa":{"a":0,"k":0,"ix":5},"nm":"Transform"}],"nm":"Vector 2","np":2,"cix":2,"bm":0,"ix":2,"mn":"ADBE Vector Group","hd":false},{"ty":"gr","it":[{"ind":0,"ty":"sh","ix":1,"ks":{"a":1,"k":[{"i":{"x":0.833,"y":0.833},"o":{"x":0.167,"y":0.167},"t":30,"s":[{"i":[[0,0],[0,0]],"o":[[0,0],[0,0]],"v":[[-237.5,-37.42],[-237.5,37.699]],"c":false}]},{"i":{"x":0.833,"y":0.833},"o":{"x":0.167,"y":0.167},"t":53,"s":[{"i":[[0,0],[0,0]],"o":[[0,0],[0,0]],"v":[[-143,-37.42],[-143,37.699]],"c":false}]},{"i":{"x":0.833,"y":0.833},"o":{"x":0.167,"y":0.167},"t":80,"s":[{"i":[[0,0],[0,0]],"o":[[0,0],[0,0]],"v":[[-39,-37.44],[-39,37.679]],"c":false}]},{"t":90,"s":[{"i":[[0,0],[0,0]],"o":[[0,0],[0,0]],"v":[[0,-37.2],[0,37.919]],"c":false}]}],"ix":2},"nm":"Path 1","mn":"ADBE Vector Shape - Group","hd":false},{"ty":"st","c":{"a":0,"k":[0.031,0.659,0.541,1],"ix":3,"x":"var $bm_rt;\n$bm_rt = comp('wired-outline-779-books').layer('control').effect('secondary')('Color');"},"o":{"a":0,"k":100,"ix":4},"w":{"a":0,"k":12,"ix":5,"x":"var $bm_rt;\n$bm_rt = $bm_mul($bm_div(value, 2), comp('wired-outline-779-books').layer('control').effect('stroke')('Menu'));"},"lc":2,"lj":2,"bm":0,"nm":".secondary","mn":"ADBE Vector Graphic - Stroke","hd":false,"cl":"secondary"},{"ty":"tr","p":{"a":0,"k":[135.25,0],"ix":2},"a":{"a":0,"k":[0,0],"ix":1},"s":{"a":0,"k":[100,100],"ix":3},"r":{"a":0,"k":0,"ix":6},"o":{"a":0,"k":100,"ix":7},"sk":{"a":0,"k":0,"ix":4},"sa":{"a":0,"k":0,"ix":5},"nm":"Transform"}],"nm":"Vector 3","np":2,"cix":2,"bm":0,"ix":3,"mn":"ADBE Vector Group","hd":false},{"ty":"gr","it":[{"ind":0,"ty":"sh","ix":1,"ks":{"a":1,"k":[{"t":0,"s":[{"i":[[0,0],[0,0]],"o":[[0,0],[0,0]],"v":[[-145.515,-0.009],[-145.325,0.001]],"c":false}],"h":1},{"i":{"x":0.833,"y":0.833},"o":{"x":0.167,"y":0.167},"t":32,"s":[{"i":[[0,0],[0,0]],"o":[[0,0],[0,0]],"v":[[50.485,-0.01],[50.675,0]],"c":false}]},{"t":64,"s":[{"i":[[0,0],[0,0]],"o":[[0,0],[0,0]],"v":[[96.297,0.375],[50.237,0.375]],"c":false}]}],"ix":2},"nm":"Path 2","mn":"ADBE Vector Shape - Group","hd":false},{"ty":"st","c":{"a":0,"k":[0.031,0.659,0.541,1],"ix":3,"x":"var $bm_rt;\n$bm_rt = comp('wired-outline-779-books').layer('control').effect('secondary')('Color');"},"o":{"a":0,"k":100,"ix":4},"w":{"a":0,"k":12,"ix":5,"x":"var $bm_rt;\n$bm_rt = $bm_mul($bm_div(value, 2), comp('wired-outline-779-books').layer('control').effect('stroke')('Menu'));"},"lc":2,"lj":2,"bm":0,"nm":".secondary","mn":"ADBE Vector Graphic - Stroke","hd":false,"cl":"secondary"},{"ty":"tr","p":{"a":0,"k":[-147.375,0],"ix":2},"a":{"a":0,"k":[0,0],"ix":1},"s":{"a":0,"k":[100,100],"ix":3},"r":{"a":0,"k":0,"ix":6},"o":{"a":0,"k":100,"ix":7},"sk":{"a":0,"k":0,"ix":4},"sa":{"a":0,"k":0,"ix":5},"nm":"Transform"}],"nm":"Vector 4","np":2,"cix":2,"bm":0,"ix":4,"mn":"ADBE Vector Group","hd":false}],"ip":0,"op":1815,"st":15,"ct":1,"bm":0}]},{"id":"comp_2","nm":"book-1-4","fr":60,"layers":[{"ddd":0,"ind":1,"ty":4,"nm":"book-top 3","sr":1,"ks":{"o":{"a":0,"k":100,"ix":11},"r":{"a":0,"k":0,"ix":10},"p":{"a":0,"k":[215,126.99,0],"ix":2,"l":2},"a":{"a":0,"k":[0,0,0],"ix":1,"l":2},"s":{"a":0,"k":[100,100,100],"ix":6,"l":2}},"ao":0,"shapes":[{"ty":"gr","it":[{"ind":0,"ty":"sh","ix":1,"ks":{"a":1,"k":[{"i":{"x":0.833,"y":0.833},"o":{"x":0.167,"y":0.167},"t":30,"s":[{"i":[[0.001,3.982],[0,0],[0,-37.41],[-33.54,0],[0,0],[5.532,5.532],[7.824,0],[0,0],[0,0],[0,0],[4.661,1.864],[3.578,3.52],[1.94,4.63],[0,5.02],[-1.94,4.63],[-3.578,3.52],[-4.661,1.864],[-5.019,-0.082],[0,0],[-3.679,1.523],[-2.816,2.816],[-1.523,3.679]],"o":[[0,0],[-33.48,0],[0,41.56],[0,0],[0,-7.824],[-5.532,-5.532],[0,0],[0,0],[0,0],[-5.019,0.082],[-4.661,-1.864],[-3.578,-3.52],[-1.94,-4.63],[0,-5.02],[1.94,-4.63],[3.578,-3.52],[4.661,-1.864],[0,0],[3.982,0.001],[3.679,-1.523],[2.816,-2.816],[1.523,-3.679]],"v":[[-65.5,-67.95],[-111.37,-67.73],[-172,0.01],[-111.34,67.73],[-65.5,67.51],[-74.14,46.651],[-95,38.01],[-102,38.23],[-102.13,38.24],[-102.13,38.24],[-116.795,35.539],[-129.277,27.381],[-137.636,15.034],[-140.575,0.415],[-137.636,-14.204],[-129.277,-26.551],[-116.795,-34.709],[-102.13,-37.41],[-95.82,-37.63],[-84.215,-39.935],[-74.378,-46.507],[-67.805,-56.345]],"c":true}]},{"i":{"x":0.833,"y":0.833},"o":{"x":0.167,"y":0.167},"t":53,"s":[{"i":[[0.001,3.982],[0,0],[0,-37.41],[-33.54,0],[0,0],[5.532,5.532],[7.824,0],[0,0],[0,0],[0,0],[4.661,1.864],[3.578,3.52],[1.94,4.63],[0,5.02],[-1.94,4.63],[-3.578,3.52],[-4.661,1.864],[-5.019,-0.082],[0,0],[-3.679,1.523],[-2.816,2.816],[-1.523,3.679]],"o":[[0,0],[-33.48,0],[0,41.56],[0,0],[0,-7.824],[-5.532,-5.532],[0,0],[0,0],[0,0],[-5.019,0.082],[-4.661,-1.864],[-3.578,-3.52],[-1.94,-4.63],[0,-5.02],[1.94,-4.63],[3.578,-3.52],[4.661,-1.864],[0,0],[3.982,0.001],[3.679,-1.523],[2.816,-2.816],[1.523,-3.679]],"v":[[29,-67.95],[-111.37,-67.73],[-172,0.01],[-111.34,67.73],[29,67.51],[20.36,46.65],[-0.5,38.01],[-47.5,38.23],[-88.13,38.24],[-102.13,38.24],[-116.795,35.539],[-129.277,27.381],[-137.636,15.034],[-140.575,0.415],[-137.636,-14.204],[-129.277,-26.551],[-116.795,-34.709],[-102.13,-37.41],[-1.32,-37.63],[10.285,-39.935],[20.122,-46.508],[26.695,-56.345]],"c":true}]},{"i":{"x":0.833,"y":0.833},"o":{"x":0.167,"y":0.167},"t":80,"s":[{"i":[[0.001,3.982],[0,0],[0,-37.41],[-33.54,0],[0,0],[5.532,5.532],[7.824,0],[0,0],[0,0],[0,0],[4.661,1.864],[3.578,3.52],[1.94,4.63],[0,5.02],[-1.94,4.63],[-3.578,3.52],[-4.661,1.864],[-5.019,-0.082],[0,0],[-3.679,1.523],[-2.816,2.816],[-1.523,3.679]],"o":[[0,0],[-33.48,0],[0,41.56],[0,0],[0,-7.824],[-5.532,-5.532],[0,0],[0,0],[0,0],[-5.019,0.082],[-4.661,-1.864],[-3.578,-3.52],[-1.94,-4.63],[0,-5.02],[1.94,-4.63],[3.578,-3.52],[4.661,-1.864],[0,0],[3.982,0.001],[3.679,-1.523],[2.816,-2.816],[1.523,-3.679]],"v":[[133,-67.97],[-111.37,-67.73],[-172,0.01],[-111.34,67.73],[133,67.49],[124.36,46.63],[103.5,37.99],[-47.5,38.23],[-88.13,38.24],[-102.13,38.24],[-116.795,35.539],[-129.277,27.381],[-137.636,15.034],[-140.575,0.415],[-137.636,-14.204],[-129.277,-26.551],[-116.795,-34.709],[-102.13,-37.41],[102.68,-37.65],[114.285,-39.955],[124.122,-46.528],[130.695,-56.365]],"c":true}]},{"t":90,"s":[{"i":[[0.001,3.982],[0,0],[0,-37.41],[-33.54,0],[0,0],[5.532,5.532],[7.824,0],[0,0],[0,0],[0,0],[4.661,1.864],[3.578,3.52],[1.94,4.63],[0,5.02],[-1.94,4.63],[-3.578,3.52],[-4.661,1.864],[-5.019,-0.082],[0,0],[-3.679,1.523],[-2.816,2.816],[-1.523,3.679]],"o":[[0,0],[-33.48,0],[0,41.56],[0,0],[0,-7.824],[-5.532,-5.532],[0,0],[0,0],[0,0],[-5.019,0.082],[-4.661,-1.864],[-3.578,-3.52],[-1.94,-4.63],[0,-5.02],[1.94,-4.63],[3.578,-3.52],[4.661,-1.864],[0,0],[3.982,0.001],[3.679,-1.523],[2.816,-2.816],[1.523,-3.679]],"v":[[172,-67.73],[-111.37,-67.73],[-172,0.01],[-111.34,67.73],[172,67.73],[163.36,46.87],[142.5,38.23],[-47.5,38.23],[-88.13,38.24],[-102.13,38.24],[-116.795,35.539],[-129.277,27.381],[-137.636,15.034],[-140.575,0.415],[-137.636,-14.204],[-129.277,-26.551],[-116.795,-34.709],[-102.13,-37.41],[141.68,-37.41],[153.285,-39.715],[163.122,-46.288],[169.695,-56.125]],"c":true}]}],"ix":2},"nm":"Path 1","mn":"ADBE Vector Shape - Group","hd":false},{"ty":"tm","s":{"a":0,"k":0,"ix":1},"e":{"a":0,"k":100,"ix":2},"o":{"a":0,"k":251,"ix":3},"m":1,"ix":2,"nm":"Trim Paths 1","mn":"ADBE Vector Filter - Trim","hd":false},{"ty":"st","c":{"a":0,"k":[0.031,0.659,0.541,1],"ix":3,"x":"var $bm_rt;\n$bm_rt = comp('wired-outline-779-books').layer('control').effect('secondary')('Color');"},"o":{"a":0,"k":100,"ix":4},"w":{"a":0,"k":12,"ix":5,"x":"var $bm_rt;\n$bm_rt = $bm_mul($bm_div(value, 2), comp('wired-outline-779-books').layer('control').effect('stroke')('Menu'));"},"lc":2,"lj":2,"bm":0,"nm":".secondary","mn":"ADBE Vector Graphic - Stroke","hd":false,"cl":"secondary"},{"ty":"tr","p":{"a":0,"k":[0,0],"ix":2},"a":{"a":0,"k":[0,0],"ix":1},"s":{"a":0,"k":[100,100],"ix":3},"r":{"a":0,"k":0,"ix":6},"o":{"a":0,"k":100,"ix":7},"sk":{"a":0,"k":0,"ix":4},"sa":{"a":0,"k":0,"ix":5},"nm":"Transform"}],"nm":"Vector","np":3,"cix":2,"bm":0,"ix":1,"mn":"ADBE Vector Group","hd":false},{"ty":"gr","it":[{"ind":0,"ty":"sh","ix":1,"ks":{"a":1,"k":[{"t":30,"s":[{"i":[[0,0],[0,0]],"o":[[0,0],[0,0]],"v":[[-336.705,0.001],[-336.295,0.021]],"c":false}],"h":1},{"i":{"x":0.833,"y":0.833},"o":{"x":0.167,"y":0.167},"t":53,"s":[{"i":[[0,0],[0,0]],"o":[[0,0],[0,0]],"v":[[-52.205,0],[-51.795,0.02]],"c":false}]},{"t":90,"s":[{"i":[[0,0],[0,0]],"o":[[0,0],[0,0]],"v":[[-52.205,0.5],[52.205,0.5]],"c":false}]}],"ix":2},"nm":"Path 1","mn":"ADBE Vector Shape - Group","hd":false},{"ty":"st","c":{"a":0,"k":[0.071,0.075,0.192,1],"ix":3,"x":"var $bm_rt;\n$bm_rt = comp('wired-outline-779-books').layer('control').effect('primary')('Color');"},"o":{"a":0,"k":100,"ix":4},"w":{"a":0,"k":12,"ix":5,"x":"var $bm_rt;\n$bm_rt = $bm_mul($bm_div(value, 2), comp('wired-outline-779-books').layer('control').effect('stroke')('Menu'));"},"lc":2,"lj":2,"bm":0,"nm":".primary","mn":"ADBE Vector Graphic - Stroke","hd":false,"cl":"primary"},{"ty":"tr","p":{"a":0,"k":[44,0],"ix":2},"a":{"a":0,"k":[0,0],"ix":1},"s":{"a":0,"k":[100,100],"ix":3},"r":{"a":0,"k":0,"ix":6},"o":{"a":0,"k":100,"ix":7},"sk":{"a":0,"k":0,"ix":4},"sa":{"a":0,"k":0,"ix":5},"nm":"Transform"}],"nm":"Vector 2","np":2,"cix":2,"bm":0,"ix":2,"mn":"ADBE Vector Group","hd":false},{"ty":"gr","it":[{"ind":0,"ty":"sh","ix":1,"ks":{"a":1,"k":[{"i":{"x":0.833,"y":0.833},"o":{"x":0.167,"y":0.167},"t":30,"s":[{"i":[[0,0],[0,0]],"o":[[0,0],[0,0]],"v":[[-237.5,-37.42],[-237.5,37.699]],"c":false}]},{"i":{"x":0.833,"y":0.833},"o":{"x":0.167,"y":0.167},"t":53,"s":[{"i":[[0,0],[0,0]],"o":[[0,0],[0,0]],"v":[[-143,-37.42],[-143,37.699]],"c":false}]},{"i":{"x":0.833,"y":0.833},"o":{"x":0.167,"y":0.167},"t":80,"s":[{"i":[[0,0],[0,0]],"o":[[0,0],[0,0]],"v":[[-39,-37.44],[-39,37.679]],"c":false}]},{"t":90,"s":[{"i":[[0,0],[0,0]],"o":[[0,0],[0,0]],"v":[[0,-37.2],[0,37.919]],"c":false}]}],"ix":2},"nm":"Path 1","mn":"ADBE Vector Shape - Group","hd":false},{"ty":"st","c":{"a":0,"k":[0.071,0.075,0.192,1],"ix":3,"x":"var $bm_rt;\n$bm_rt = comp('wired-outline-779-books').layer('control').effect('primary')('Color');"},"o":{"a":0,"k":100,"ix":4},"w":{"a":0,"k":12,"ix":5,"x":"var $bm_rt;\n$bm_rt = $bm_mul($bm_div(value, 2), comp('wired-outline-779-books').layer('control').effect('stroke')('Menu'));"},"lc":2,"lj":2,"bm":0,"nm":".primary","mn":"ADBE Vector Graphic - Stroke","hd":false,"cl":"primary"},{"ty":"tr","p":{"a":0,"k":[135.25,0],"ix":2},"a":{"a":0,"k":[0,0],"ix":1},"s":{"a":0,"k":[100,100],"ix":3},"r":{"a":0,"k":0,"ix":6},"o":{"a":0,"k":100,"ix":7},"sk":{"a":0,"k":0,"ix":4},"sa":{"a":0,"k":0,"ix":5},"nm":"Transform"}],"nm":"Vector 3","np":2,"cix":2,"bm":0,"ix":3,"mn":"ADBE Vector Group","hd":false}],"ip":30,"op":1815,"st":15,"ct":1,"bm":0}]},{"id":"comp_3","nm":"hover-hit","fr":60,"layers":[{"ddd":0,"ind":1,"ty":4,"nm":"Vector","parent":2,"sr":1,"ks":{"o":{"a":0,"k":100,"ix":11},"r":{"a":1,"k":[{"i":{"x":[0.229],"y":[1]},"o":{"x":[0.154],"y":[0]},"t":0,"s":[0]},{"i":{"x":[0.667],"y":[1]},"o":{"x":[0.333],"y":[0]},"t":41,"s":[11]},{"i":{"x":[0.667],"y":[1]},"o":{"x":[0.333],"y":[0]},"t":53,"s":[-12]},{"i":{"x":[0.667],"y":[1]},"o":{"x":[0.333],"y":[0]},"t":66,"s":[23]},{"i":{"x":[0.667],"y":[1]},"o":{"x":[0.333],"y":[0]},"t":85,"s":[-7]},{"i":{"x":[0.667],"y":[1]},"o":{"x":[0.333],"y":[0]},"t":101,"s":[2]},{"t":114,"s":[0]}],"ix":10},"p":{"a":0,"k":[-67.815,-35.99,0],"ix":2,"l":2},"a":{"a":0,"k":[0,-60.5,0],"ix":1,"l":2},"s":{"a":0,"k":[100,100,100],"ix":6,"l":2}},"ao":0,"shapes":[{"ty":"gr","it":[{"ind":0,"ty":"sh","ix":1,"ks":{"a":1,"k":[{"i":{"x":0.667,"y":1},"o":{"x":0.333,"y":0},"t":41,"s":[{"i":[[0,0],[0,0],[0,0],[0,0],[0,24.667]],"o":[[0,24.667],[0,0],[0,0],[0,0],[0,0]],"v":[[-20.315,-37],[-20.315,37],[-0.005,14.16],[20.315,37],[20.315,-37]],"c":false}]},{"i":{"x":0.667,"y":1},"o":{"x":0.333,"y":0},"t":47,"s":[{"i":[[0,0],[0,0],[0,0],[0,0],[0,24.667]],"o":[[0,24.667],[0,0],[0,0],[0,0],[0,0]],"v":[[-20.315,-37],[-37.183,27.126],[-9.572,14.02],[0.228,42.977],[20.315,-37]],"c":false}]},{"i":{"x":0.667,"y":1},"o":{"x":0.333,"y":0},"t":56,"s":[{"i":[[0,0],[0,0],[0,0],[0,0],[0,24.667]],"o":[[0,24.667],[0,0],[0,0],[0,0],[0,0]],"v":[[-20.315,-37],[-1.457,41.306],[7.946,12.224],[35.738,24.957],[20.315,-37]],"c":false}]},{"i":{"x":0.667,"y":1},"o":{"x":0.333,"y":0},"t":72,"s":[{"i":[[0,0],[0,0],[0,0],[0,0],[0,24.667]],"o":[[0,24.667],[0,0],[0,0],[0,0],[0,0]],"v":[[-20.315,-37],[-37.183,27.126],[-9.572,14.02],[0.228,42.977],[20.315,-37]],"c":false}]},{"i":{"x":0.667,"y":1},"o":{"x":0.333,"y":0},"t":91,"s":[{"i":[[0,0],[0,0],[0,0],[0,0],[0,24.667]],"o":[[0,24.667],[0,0],[0,0],[0,0],[0,0]],"v":[[-20.315,-37],[-13.934,39.987],[2.484,14.207],[26.179,33.523],[20.315,-37]],"c":false}]},{"i":{"x":0.667,"y":1},"o":{"x":0.333,"y":0},"t":107,"s":[{"i":[[0,0],[0,0],[0,0],[0,0],[0,24.667]],"o":[[0,24.667],[0,0],[0,0],[0,0],[0,0]],"v":[[-20.315,-37],[-22.585,35.921],[-1.109,14.174],[17.99,38.044],[20.315,-37]],"c":false}]},{"t":120,"s":[{"i":[[0,0],[0,0],[0,0],[0,0],[0,24.667]],"o":[[0,24.667],[0,0],[0,0],[0,0],[0,0]],"v":[[-20.315,-37],[-20.315,37],[-0.005,14.16],[20.315,37],[20.315,-37]],"c":false}]}],"ix":2},"nm":"Path 1","mn":"ADBE Vector Shape - Group","hd":false},{"ty":"st","c":{"a":0,"k":[0.071,0.075,0.192,1],"ix":3,"x":"var $bm_rt;\n$bm_rt = comp('wired-outline-779-books').layer('control').effect('primary')('Color');"},"o":{"a":0,"k":100,"ix":4},"w":{"a":0,"k":12,"ix":5,"x":"var $bm_rt;\n$bm_rt = $bm_mul($bm_div(value, 2), comp('wired-outline-779-books').layer('control').effect('stroke')('Menu'));"},"lc":2,"lj":2,"bm":0,"nm":".primary","mn":"ADBE Vector Graphic - Stroke","hd":false,"cl":"primary"},{"ty":"tr","p":{"a":0,"k":[0,0],"ix":2},"a":{"a":0,"k":[0,0],"ix":1},"s":{"a":0,"k":[100,100],"ix":3},"r":{"a":0,"k":0,"ix":6},"o":{"a":0,"k":100,"ix":7},"sk":{"a":0,"k":0,"ix":4},"sa":{"a":0,"k":0,"ix":5},"nm":"Transform"}],"nm":"Vector","np":2,"cix":2,"bm":0,"ix":1,"mn":"ADBE Vector Group","hd":false}],"ip":0,"op":1800,"st":0,"ct":1,"bm":0},{"ddd":0,"ind":2,"ty":4,"nm":"book-top","sr":1,"ks":{"o":{"a":0,"k":100,"ix":11},"r":{"a":1,"k":[{"i":{"x":[0.08],"y":[0.887]},"o":{"x":[0.189],"y":[0]},"t":0,"s":[0]},{"i":{"x":[0.833],"y":[0.833]},"o":{"x":[0.707],"y":[0.169]},"t":21,"s":[-10]},{"i":{"x":[0.833],"y":[0.833]},"o":{"x":[0.167],"y":[0.167]},"t":41,"s":[-15]},{"i":{"x":[0.667],"y":[1]},"o":{"x":[0.167],"y":[0.167]},"t":47,"s":[0]},{"i":{"x":[0.667],"y":[1]},"o":{"x":[0.333],"y":[0]},"t":74,"s":[-6]},{"t":99,"s":[0]}],"ix":10},"p":{"a":1,"k":[{"i":{"x":0.08,"y":1},"o":{"x":0.189,"y":0},"t":0,"s":[215,126.99,0],"to":[0,0,0],"ti":[0,0,0]},{"i":{"x":0.833,"y":0.833},"o":{"x":0.333,"y":0},"t":30,"s":[215,105.99,0],"to":[0,0,0],"ti":[0,0,0]},{"i":{"x":0.833,"y":0.833},"o":{"x":0.167,"y":0.167},"t":41,"s":[215,120.99,0],"to":[0,0,0],"ti":[0,0,0]},{"i":{"x":0.667,"y":1},"o":{"x":0.167,"y":0.167},"t":47,"s":[215,143.99,0],"to":[0,0,0],"ti":[0,0,0]},{"i":{"x":0.667,"y":1},"o":{"x":0.333,"y":0},"t":61,"s":[215,116.99,0],"to":[0,0,0],"ti":[0,0,0]},{"t":86,"s":[215,126.99,0]}],"ix":2,"l":2},"a":{"a":0,"k":[0,0,0],"ix":1,"l":2},"s":{"a":0,"k":[100,100,100],"ix":6,"l":2}},"ao":0,"shapes":[{"ty":"gr","it":[{"ind":0,"ty":"sh","ix":1,"ks":{"a":0,"k":{"i":[[0.001,3.982],[0,0],[0,-37.41],[-33.54,0],[0,0],[5.532,5.532],[7.824,0],[0,0],[0,0],[0,0],[4.661,1.864],[3.578,3.52],[1.94,4.63],[0,5.02],[-1.94,4.63],[-3.578,3.52],[-4.661,1.864],[-5.019,-0.082],[0,0],[-3.679,1.523],[-2.816,2.816],[-1.523,3.679]],"o":[[0,0],[-33.48,0],[0,41.56],[0,0],[0,-7.824],[-5.532,-5.532],[0,0],[0,0],[0,0],[-5.019,0.082],[-4.661,-1.864],[-3.578,-3.52],[-1.94,-4.63],[0,-5.02],[1.94,-4.63],[3.578,-3.52],[4.661,-1.864],[0,0],[3.982,0.001],[3.679,-1.523],[2.816,-2.816],[1.523,-3.679]],"v":[[172,-67.73],[-111.37,-67.73],[-172,0.01],[-111.34,67.73],[172,67.73],[163.36,46.87],[142.5,38.23],[-47.5,38.23],[-88.13,38.24],[-102.13,38.24],[-116.795,35.539],[-129.277,27.381],[-137.636,15.034],[-140.575,0.415],[-137.636,-14.204],[-129.277,-26.551],[-116.795,-34.709],[-102.13,-37.41],[141.68,-37.41],[153.285,-39.715],[163.122,-46.288],[169.695,-56.125]],"c":true},"ix":2},"nm":"Path 1","mn":"ADBE Vector Shape - Group","hd":false},{"ty":"tm","s":{"a":1,"k":[{"i":{"x":[0],"y":[1]},"o":{"x":[0.333],"y":[0]},"t":0,"s":[1.4]},{"i":{"x":[0.667],"y":[1]},"o":{"x":[0.333],"y":[0]},"t":41,"s":[1.4]},{"t":48,"s":[1.4]}],"ix":1},"e":{"a":1,"k":[{"i":{"x":[0],"y":[1]},"o":{"x":[0.333],"y":[0]},"t":1,"s":[98.6]},{"i":{"x":[0.667],"y":[1]},"o":{"x":[0.333],"y":[0]},"t":41,"s":[98.4]},{"i":{"x":[0.833],"y":[1]},"o":{"x":[0.333],"y":[0]},"t":48,"s":[98.4]},{"i":{"x":[0.833],"y":[1]},"o":{"x":[0.167],"y":[0]},"t":90,"s":[98.2]},{"t":120,"s":[98.6]}],"ix":2},"o":{"a":1,"k":[{"i":{"x":[0],"y":[1]},"o":{"x":[0.333],"y":[0]},"t":0,"s":[251]},{"i":{"x":[0.667],"y":[1]},"o":{"x":[0.333],"y":[0]},"t":41,"s":[254.8]},{"i":{"x":[0.667],"y":[1]},"o":{"x":[0.333],"y":[0]},"t":48,"s":[252.8]},{"i":{"x":[0.667],"y":[0.552]},"o":{"x":[0.333],"y":[0]},"t":55,"s":[245.8]},{"i":{"x":[0.667],"y":[1]},"o":{"x":[0.333],"y":[0.417]},"t":59,"s":[250.186]},{"i":{"x":[0.667],"y":[1]},"o":{"x":[0.333],"y":[0]},"t":68,"s":[260.8]},{"i":{"x":[0.667],"y":[1]},"o":{"x":[0.333],"y":[0]},"t":85,"s":[249.1]},{"i":{"x":[0.667],"y":[1]},"o":{"x":[0.333],"y":[0]},"t":107,"s":[252.1]},{"t":120,"s":[251]}],"ix":3},"m":1,"ix":2,"nm":"Trim Paths 1","mn":"ADBE Vector Filter - Trim","hd":false},{"ty":"st","c":{"a":0,"k":[0.031,0.659,0.541,1],"ix":3,"x":"var $bm_rt;\n$bm_rt = comp('wired-outline-779-books').layer('control').effect('secondary')('Color');"},"o":{"a":0,"k":100,"ix":4},"w":{"a":0,"k":12,"ix":5,"x":"var $bm_rt;\n$bm_rt = $bm_mul($bm_div(value, 2), comp('wired-outline-779-books').layer('control').effect('stroke')('Menu'));"},"lc":2,"lj":2,"bm":0,"nm":".secondary","mn":"ADBE Vector Graphic - Stroke","hd":false,"cl":"secondary"},{"ty":"tr","p":{"a":0,"k":[0,0],"ix":2},"a":{"a":0,"k":[0,0],"ix":1},"s":{"a":0,"k":[100,100],"ix":3},"r":{"a":0,"k":0,"ix":6},"o":{"a":0,"k":100,"ix":7},"sk":{"a":0,"k":0,"ix":4},"sa":{"a":0,"k":0,"ix":5},"nm":"Transform"}],"nm":"Vector","np":3,"cix":2,"bm":0,"ix":1,"mn":"ADBE Vector Group","hd":false}],"ip":0,"op":1800,"st":0,"ct":1,"bm":0},{"ddd":0,"ind":3,"ty":4,"nm":"Vector","parent":2,"sr":1,"ks":{"o":{"a":0,"k":100,"ix":11},"r":{"a":0,"k":0,"ix":10},"p":{"a":0,"k":[44.175,0.4,0],"ix":2,"l":2},"a":{"a":0,"k":[0,0,0],"ix":1,"l":2},"s":{"a":0,"k":[100,100,100],"ix":6,"l":2}},"ao":0,"shapes":[{"ty":"gr","it":[{"ind":0,"ty":"sh","ix":1,"ks":{"a":0,"k":{"i":[[0,0],[0,0]],"o":[[0,0],[0,0]],"v":[[-52.205,0],[52.205,0]],"c":false},"ix":2},"nm":"Path 1","mn":"ADBE Vector Shape - Group","hd":false},{"ty":"st","c":{"a":0,"k":[0.071,0.075,0.192,1],"ix":3,"x":"var $bm_rt;\n$bm_rt = comp('wired-outline-779-books').layer('control').effect('primary')('Color');"},"o":{"a":0,"k":100,"ix":4},"w":{"a":0,"k":12,"ix":5,"x":"var $bm_rt;\n$bm_rt = $bm_mul($bm_div(value, 2), comp('wired-outline-779-books').layer('control').effect('stroke')('Menu'));"},"lc":2,"lj":2,"bm":0,"nm":".primary","mn":"ADBE Vector Graphic - Stroke","hd":false,"cl":"primary"},{"ty":"tr","p":{"a":0,"k":[0,0],"ix":2},"a":{"a":0,"k":[0,0],"ix":1},"s":{"a":0,"k":[100,100],"ix":3},"r":{"a":0,"k":0,"ix":6},"o":{"a":0,"k":100,"ix":7},"sk":{"a":0,"k":0,"ix":4},"sa":{"a":0,"k":0,"ix":5},"nm":"Transform"}],"nm":"Vector","np":2,"cix":2,"bm":0,"ix":1,"mn":"ADBE Vector Group","hd":false}],"ip":0,"op":1800,"st":0,"ct":1,"bm":0},{"ddd":0,"ind":4,"ty":4,"nm":"Vector","parent":2,"sr":1,"ks":{"o":{"a":0,"k":100,"ix":11},"r":{"a":0,"k":0,"ix":10},"p":{"a":0,"k":[135.23,0.405,0],"ix":2,"l":2},"a":{"a":0,"k":[0,0,0],"ix":1,"l":2},"s":{"a":0,"k":[100,100,100],"ix":6,"l":2}},"ao":0,"shapes":[{"ty":"gr","it":[{"ind":0,"ty":"sh","ix":1,"ks":{"a":0,"k":{"i":[[0,0],[0,0]],"o":[[0,0],[0,0]],"v":[[0,-37.825],[0,37.825]],"c":false},"ix":2},"nm":"Path 1","mn":"ADBE Vector Shape - Group","hd":false},{"ty":"st","c":{"a":0,"k":[0.071,0.075,0.192,1],"ix":3,"x":"var $bm_rt;\n$bm_rt = comp('wired-outline-779-books').layer('control').effect('primary')('Color');"},"o":{"a":0,"k":100,"ix":4},"w":{"a":0,"k":12,"ix":5,"x":"var $bm_rt;\n$bm_rt = $bm_mul($bm_div(value, 2), comp('wired-outline-779-books').layer('control').effect('stroke')('Menu'));"},"lc":2,"lj":2,"bm":0,"nm":".primary","mn":"ADBE Vector Graphic - Stroke","hd":false,"cl":"primary"},{"ty":"tr","p":{"a":0,"k":[0,0],"ix":2},"a":{"a":0,"k":[0,0],"ix":1},"s":{"a":0,"k":[100,100],"ix":3},"r":{"a":0,"k":0,"ix":6},"o":{"a":0,"k":100,"ix":7},"sk":{"a":0,"k":0,"ix":4},"sa":{"a":0,"k":0,"ix":5},"nm":"Transform"}],"nm":"Vector","np":2,"cix":2,"bm":0,"ix":1,"mn":"ADBE Vector Group","hd":false}],"ip":0,"op":1800,"st":0,"ct":1,"bm":0},{"ddd":0,"ind":5,"ty":4,"nm":"Vector","parent":2,"sr":1,"ks":{"o":{"a":0,"k":100,"ix":11},"r":{"a":0,"k":0,"ix":10},"p":{"a":0,"k":[-67.815,-23.29,0],"ix":2,"l":2},"a":{"a":0,"k":[0,0,0],"ix":1,"l":2},"s":{"a":0,"k":[100,100,100],"ix":6,"l":2}},"ao":0,"shapes":[{"ty":"gr","it":[{"ind":0,"ty":"sh","ix":1,"ks":{"a":1,"k":[{"i":{"x":0,"y":1},"o":{"x":0.333,"y":0},"t":0,"s":[{"i":[[0,0],[0,0]],"o":[[0,0],[0,0]],"v":[[-20.315,-11.88],[-20.315,14.13]],"c":false}]},{"i":{"x":0.833,"y":0.833},"o":{"x":0.333,"y":0},"t":41,"s":[{"i":[[0,0],[0,0]],"o":[[0,0],[0,0]],"v":[[-20.315,-11.88],[-24.657,9.084]],"c":false}]},{"i":{"x":0.833,"y":0.833},"o":{"x":0.167,"y":0.167},"t":48,"s":[{"i":[[0,0],[0,0]],"o":[[0,0],[0,0]],"v":[[-20.315,-11.88],[-19.037,13.105]],"c":false}]},{"i":{"x":0.667,"y":1},"o":{"x":0.167,"y":0.167},"t":50,"s":[{"i":[[0,0],[0,0]],"o":[[0,0],[0,0]],"v":[[-20.315,-11.88],[-16.486,13.676]],"c":false}]},{"i":{"x":0.833,"y":0.833},"o":{"x":0.333,"y":0},"t":52,"s":[{"i":[[0,0],[0,0]],"o":[[0,0],[0,0]],"v":[[-20.315,-11.88],[-16.625,15.548]],"c":false}]},{"i":{"x":0.667,"y":1},"o":{"x":0.167,"y":0.167},"t":53,"s":[{"i":[[0,0],[0,0]],"o":[[0,0],[0,0]],"v":[[-20.315,-11.88],[-15.26,14.644]],"c":false}]},{"i":{"x":0.667,"y":1},"o":{"x":0.333,"y":0},"t":66,"s":[{"i":[[0,0],[0,0]],"o":[[0,0],[0,0]],"v":[[-20.315,-11.88],[-27.345,1.88]],"c":false}]},{"i":{"x":0.667,"y":1},"o":{"x":0.333,"y":0},"t":85,"s":[{"i":[[0,0],[0,0]],"o":[[0,0],[0,0]],"v":[[-20.315,-11.88],[-17.93,11.444]],"c":false}]},{"i":{"x":0.667,"y":1},"o":{"x":0.333,"y":0},"t":101,"s":[{"i":[[0,0],[0,0]],"o":[[0,0],[0,0]],"v":[[-20.315,-11.88],[-21.065,13.13]],"c":false}]},{"t":114,"s":[{"i":[[0,0],[0,0]],"o":[[0,0],[0,0]],"v":[[-20.315,-11.88],[-20.315,14.13]],"c":false}]}],"ix":2},"nm":"Path 1","mn":"ADBE Vector Shape - Group","hd":false},{"ind":1,"ty":"sh","ix":2,"ks":{"a":1,"k":[{"i":{"x":0,"y":1},"o":{"x":0.333,"y":0},"t":0,"s":[{"i":[[0,0],[0,0]],"o":[[0,0],[0,0]],"v":[[20.315,-11.88],[20.315,14.13]],"c":false}]},{"i":{"x":0.833,"y":0.833},"o":{"x":0.333,"y":0},"t":41,"s":[{"i":[[0,0],[0,0]],"o":[[0,0],[0,0]],"v":[[20.315,-11.88],[15.679,12.111]],"c":false}]},{"i":{"x":0.833,"y":0.833},"o":{"x":0.167,"y":0.167},"t":48,"s":[{"i":[[0,0],[0,0]],"o":[[0,0],[0,0]],"v":[[20.315,-11.88],[22.159,10.236]],"c":false}]},{"i":{"x":0.667,"y":1},"o":{"x":0.167,"y":0.167},"t":50,"s":[{"i":[[0,0],[0,0]],"o":[[0,0],[0,0]],"v":[[20.315,-11.88],[24.072,8.34]],"c":false}]},{"i":{"x":0.667,"y":1},"o":{"x":0.333,"y":0},"t":53,"s":[{"i":[[0,0],[0,0]],"o":[[0,0],[0,0]],"v":[[20.315,-11.88],[24.896,6.548]],"c":false}]},{"i":{"x":0.667,"y":1},"o":{"x":0.333,"y":0},"t":66,"s":[{"i":[[0,0],[0,0]],"o":[[0,0],[0,0]],"v":[[20.315,-11.88],[10.158,16.267]],"c":false}]},{"i":{"x":0.667,"y":1},"o":{"x":0.333,"y":0},"t":85,"s":[{"i":[[0,0],[0,0]],"o":[[0,0],[0,0]],"v":[[20.315,-11.88],[23.15,9.823]],"c":false}]},{"i":{"x":0.667,"y":1},"o":{"x":0.333,"y":0},"t":101,"s":[{"i":[[0,0],[0,0]],"o":[[0,0],[0,0]],"v":[[20.315,-11.88],[19.565,13.13]],"c":false}]},{"t":114,"s":[{"i":[[0,0],[0,0]],"o":[[0,0],[0,0]],"v":[[20.315,-11.88],[20.315,14.13]],"c":false}]}],"ix":2},"nm":"Path 2","mn":"ADBE Vector Shape - Group","hd":false},{"ty":"mm","mm":1,"nm":"Merge Paths 1","mn":"ADBE Vector Filter - Merge","hd":false},{"ty":"st","c":{"a":0,"k":[0.071,0.075,0.192,1],"ix":3,"x":"var $bm_rt;\n$bm_rt = comp('wired-outline-779-books').layer('control').effect('primary')('Color');"},"o":{"a":0,"k":100,"ix":4},"w":{"a":0,"k":12,"ix":5,"x":"var $bm_rt;\n$bm_rt = $bm_mul($bm_div(value, 2), comp('wired-outline-779-books').layer('control').effect('stroke')('Menu'));"},"lc":2,"lj":2,"bm":0,"nm":".primary","mn":"ADBE Vector Graphic - Stroke","hd":false,"cl":"primary"},{"ty":"tr","p":{"a":0,"k":[0,0],"ix":2},"a":{"a":0,"k":[0,0],"ix":1},"s":{"a":0,"k":[100,100],"ix":3},"r":{"a":0,"k":0,"ix":6},"o":{"a":0,"k":100,"ix":7},"sk":{"a":0,"k":0,"ix":4},"sa":{"a":0,"k":0,"ix":5},"nm":"Transform"}],"nm":"Vector","np":4,"cix":2,"bm":0,"ix":1,"mn":"ADBE Vector Group","hd":false}],"ip":0,"op":1800,"st":0,"ct":1,"bm":0},{"ddd":0,"ind":6,"ty":4,"nm":"book","sr":1,"ks":{"o":{"a":0,"k":100,"ix":11},"r":{"a":1,"k":[{"i":{"x":[0.08],"y":[0.864]},"o":{"x":[0.189],"y":[0]},"t":0,"s":[0]},{"i":{"x":[0.833],"y":[0.833]},"o":{"x":[0.594],"y":[0.166]},"t":21,"s":[10]},{"i":{"x":[0.833],"y":[0.833]},"o":{"x":[0.167],"y":[0.167]},"t":41,"s":[15]},{"i":{"x":[0.667],"y":[1]},"o":{"x":[0.167],"y":[0.167]},"t":47,"s":[0]},{"i":{"x":[0.667],"y":[1]},"o":{"x":[0.333],"y":[0]},"t":74,"s":[6]},{"t":99,"s":[0]}],"ix":10},"p":{"a":1,"k":[{"i":{"x":0.08,"y":1},"o":{"x":0.189,"y":0},"t":0,"s":[215,303.01,0],"to":[0,0,0],"ti":[0,0,0]},{"i":{"x":0.833,"y":0.833},"o":{"x":0.333,"y":0},"t":30,"s":[215,336.01,0],"to":[0,0,0],"ti":[0,0,0]},{"i":{"x":0.833,"y":0.833},"o":{"x":0.167,"y":0.167},"t":41,"s":[215,327.01,0],"to":[0,0,0],"ti":[0,0,0]},{"i":{"x":0.667,"y":1},"o":{"x":0.167,"y":0.167},"t":47,"s":[215,285.01,0],"to":[0,0,0],"ti":[0,0,0]},{"i":{"x":0.667,"y":1},"o":{"x":0.333,"y":0},"t":61,"s":[215,313.01,0],"to":[0,0,0],"ti":[0,0,0]},{"t":86,"s":[215,303.01,0]}],"ix":2,"l":2},"a":{"a":0,"k":[0,0,0],"ix":1,"l":2},"s":{"a":0,"k":[100,100,100],"ix":6,"l":2}},"ao":0,"shapes":[{"ty":"gr","it":[{"ind":0,"ty":"sh","ix":1,"ks":{"a":0,"k":{"i":[[0,-37.4],[33.54,0],[0,0],[-1.484,3.582],[-2.743,2.74],[-3.583,1.48],[-3.877,-0.005],[0,0],[-7.094,7.092],[-0.003,10.031],[1.903,4.594],[3.517,3.514],[4.595,1.899],[4.972,-0.005],[0,0],[5.686,5.686],[0,8.041],[0,0]],"o":[[0,41.6],[0,0],[-0.001,-3.877],[1.484,-3.582],[2.743,-2.74],[3.583,-1.48],[0,0],[10.031,0],[7.094,-7.092],[0.001,-4.972],[-1.903,-4.594],[-3.517,-3.514],[-4.595,-1.899],[0,0],[-8.041,0],[-5.686,-5.686],[0,0],[33.48,0]],"v":[[172,-0.01],[111.34,67.74],[-172,67.74],[-169.754,56.442],[-163.352,46.867],[-153.77,40.474],[-142.47,38.24],[102.17,38.24],[128.916,27.163],[140,0.42],[137.119,-14.069],[128.909,-26.35],[116.622,-34.551],[102.13,-37.42],[-141.68,-37.42],[-163.119,-46.301],[-172,-67.74],[111.37,-67.74]],"c":true},"ix":2},"nm":"Path 1","mn":"ADBE Vector Shape - Group","hd":false},{"ty":"st","c":{"a":0,"k":[0.071,0.075,0.192,1],"ix":3,"x":"var $bm_rt;\n$bm_rt = comp('wired-outline-779-books').layer('control').effect('primary')('Color');"},"o":{"a":0,"k":100,"ix":4},"w":{"a":0,"k":12,"ix":5,"x":"var $bm_rt;\n$bm_rt = $bm_mul($bm_div(value, 2), comp('wired-outline-779-books').layer('control').effect('stroke')('Menu'));"},"lc":2,"lj":2,"bm":0,"nm":".primary","mn":"ADBE Vector Graphic - Stroke","hd":false,"cl":"primary"},{"ty":"tr","p":{"a":0,"k":[0,0],"ix":2},"a":{"a":0,"k":[0,0],"ix":1},"s":{"a":0,"k":[100,100],"ix":3},"r":{"a":0,"k":0,"ix":6},"o":{"a":0,"k":100,"ix":7},"sk":{"a":0,"k":0,"ix":4},"sa":{"a":0,"k":0,"ix":5},"nm":"Transform"}],"nm":"Vector","np":2,"cix":2,"bm":0,"ix":1,"mn":"ADBE Vector Group","hd":false}],"ip":0,"op":1800,"st":0,"ct":1,"bm":0},{"ddd":0,"ind":7,"ty":4,"nm":"Vector","parent":6,"sr":1,"ks":{"o":{"a":0,"k":100,"ix":11},"r":{"a":0,"k":0,"ix":10},"p":{"a":0,"k":[0.355,0.42,0],"ix":2,"l":2},"a":{"a":0,"k":[0,0,0],"ix":1,"l":2},"s":{"a":0,"k":[100,100,100],"ix":6,"l":2}},"ao":0,"shapes":[{"ty":"gr","it":[{"ind":0,"ty":"sh","ix":1,"ks":{"a":0,"k":{"i":[[0,0],[0,0]],"o":[[0,0],[0,0]],"v":[[7.675,0],[-96.735,0]],"c":false},"ix":2},"nm":"Path 1","mn":"ADBE Vector Shape - Group","hd":false},{"ind":1,"ty":"sh","ix":2,"ks":{"a":0,"k":{"i":[[0,0],[0,0]],"o":[[0,0],[0,0]],"v":[[96.735,0],[50.675,0]],"c":false},"ix":2},"nm":"Path 2","mn":"ADBE Vector Shape - Group","hd":false},{"ty":"mm","mm":1,"nm":"Merge Paths 1","mn":"ADBE Vector Filter - Merge","hd":false},{"ty":"st","c":{"a":0,"k":[0.031,0.659,0.541,1],"ix":3,"x":"var $bm_rt;\n$bm_rt = comp('wired-outline-779-books').layer('control').effect('secondary')('Color');"},"o":{"a":0,"k":100,"ix":4},"w":{"a":0,"k":12,"ix":5,"x":"var $bm_rt;\n$bm_rt = $bm_mul($bm_div(value, 2), comp('wired-outline-779-books').layer('control').effect('stroke')('Menu'));"},"lc":2,"lj":2,"bm":0,"nm":".secondary","mn":"ADBE Vector Graphic - Stroke","hd":false,"cl":"secondary"},{"ty":"tr","p":{"a":0,"k":[0,0],"ix":2},"a":{"a":0,"k":[0,0],"ix":1},"s":{"a":0,"k":[100,100],"ix":3},"r":{"a":0,"k":0,"ix":6},"o":{"a":0,"k":100,"ix":7},"sk":{"a":0,"k":0,"ix":4},"sa":{"a":0,"k":0,"ix":5},"nm":"Transform"}],"nm":"Vector","np":4,"cix":2,"bm":0,"ix":1,"mn":"ADBE Vector Group","hd":false}],"ip":0,"op":1800,"st":0,"ct":1,"bm":0},{"ddd":0,"ind":8,"ty":4,"nm":"Vector","parent":6,"sr":1,"ks":{"o":{"a":0,"k":100,"ix":11},"r":{"a":0,"k":0,"ix":10},"p":{"a":0,"k":[-135.23,0.42,0],"ix":2,"l":2},"a":{"a":0,"k":[0,0,0],"ix":1,"l":2},"s":{"a":0,"k":[100,100,100],"ix":6,"l":2}},"ao":0,"shapes":[{"ty":"gr","it":[{"ind":0,"ty":"sh","ix":1,"ks":{"a":0,"k":{"i":[[0,0],[0,0]],"o":[[0,0],[0,0]],"v":[[0,-37.82],[0,37.82]],"c":false},"ix":2},"nm":"Path 1","mn":"ADBE Vector Shape - Group","hd":false},{"ty":"st","c":{"a":0,"k":[0.031,0.659,0.541,1],"ix":3,"x":"var $bm_rt;\n$bm_rt = comp('wired-outline-779-books').layer('control').effect('secondary')('Color');"},"o":{"a":0,"k":100,"ix":4},"w":{"a":0,"k":12,"ix":5,"x":"var $bm_rt;\n$bm_rt = $bm_mul($bm_div(value, 2), comp('wired-outline-779-books').layer('control').effect('stroke')('Menu'));"},"lc":2,"lj":2,"bm":0,"nm":".secondary","mn":"ADBE Vector Graphic - Stroke","hd":false,"cl":"secondary"},{"ty":"tr","p":{"a":0,"k":[0,0],"ix":2},"a":{"a":0,"k":[0,0],"ix":1},"s":{"a":0,"k":[100,100],"ix":3},"r":{"a":0,"k":0,"ix":6},"o":{"a":0,"k":100,"ix":7},"sk":{"a":0,"k":0,"ix":4},"sa":{"a":0,"k":0,"ix":5},"nm":"Transform"}],"nm":"Vector","np":2,"cix":2,"bm":0,"ix":1,"mn":"ADBE Vector Group","hd":false}],"ip":0,"op":1800,"st":0,"ct":1,"bm":0}]}],"layers":[{"ddd":0,"ind":1,"ty":3,"nm":"control","sr":1,"ks":{"o":{"a":0,"k":0,"ix":11},"r":{"a":0,"k":0,"ix":10},"p":{"a":0,"k":[0,0],"ix":2,"l":2},"a":{"a":0,"k":[0,0,0],"ix":1,"l":2},"s":{"a":0,"k":[100,100,100],"ix":6,"l":2}},"ao":0,"ef":[{"ty":5,"nm":"stroke","np":3,"mn":"Pseudo/@@bzK/v/czRm+Dy3pc0lIX2g","ix":1,"en":1,"ef":[{"ty":7,"nm":"Menu","mn":"Pseudo/@@bzK/v/czRm+Dy3pc0lIX2g-0001","ix":1,"v":{"a":0,"k":2,"ix":1}}]},{"ty":5,"nm":"primary","np":3,"mn":"ADBE Color Control","ix":2,"en":1,"ef":[{"ty":2,"nm":"Color","mn":"ADBE Color Control-0001","ix":1,"v":{"a":0,"k":[0.071,0.075,0.192],"ix":1}}]},{"ty":5,"nm":"secondary","np":3,"mn":"ADBE Color Control","ix":3,"en":1,"ef":[{"ty":2,"nm":"Color","mn":"ADBE Color Control-0001","ix":1,"v":{"a":0,"k":[0.031,0.659,0.541],"ix":1}}]}],"ip":0,"op":221,"st":0,"bm":0},{"ddd":0,"ind":2,"ty":0,"nm":"in-reveal","refId":"comp_0","sr":1,"ks":{"o":{"a":0,"k":100,"ix":11},"r":{"a":0,"k":0,"ix":10},"p":{"a":0,"k":[215,215,0],"ix":2,"l":2},"a":{"a":0,"k":[215,215,0],"ix":1,"l":2},"s":{"a":0,"k":[100,100,100],"ix":6,"l":2}},"ao":0,"w":430,"h":430,"ip":0,"op":100,"st":0,"bm":0},{"ddd":0,"ind":3,"ty":0,"nm":"hover-hit","refId":"comp_3","sr":1,"ks":{"o":{"a":0,"k":100,"ix":11},"r":{"a":0,"k":0,"ix":10},"p":{"a":0,"k":[215,215,0],"ix":2,"l":2},"a":{"a":0,"k":[215,215,0],"ix":1,"l":2},"s":{"a":0,"k":[100,100,100],"ix":6,"l":2}},"ao":0,"w":430,"h":430,"ip":100,"op":230,"st":100,"bm":0}],"markers":[{"tm":0,"cm":"in-reveal","dr":90},{"tm":100,"cm":"default:hover-hit","dr":120}],"props":{}}