{"v":"5.12.1","fr":60,"ip":100,"op":220,"w":430,"h":430,"nm":"wired-outline-2550-logo-tinder","ddd":0,"assets":[{"id":"comp_0","nm":"in-reveal","fr":60,"layers":[{"ddd":0,"ind":1,"ty":0,"nm":"seqintro","refId":"comp_1","sr":1,"ks":{"o":{"a":0,"k":100,"ix":11},"r":{"a":0,"k":0,"ix":10},"p":{"a":0,"k":[215,382,0],"ix":2,"l":2},"a":{"a":0,"k":[215,382,0],"ix":1,"l":2},"s":{"a":1,"k":[{"i":{"x":[0.667,0.667,0.667],"y":[1,1,1]},"o":{"x":[0.167,0.167,0.167],"y":[0.167,0.167,0]},"t":1,"s":[100,100,100]},{"i":{"x":[0.833,0.833,0.833],"y":[0.833,0.833,1]},"o":{"x":[0.333,0.333,0.333],"y":[0,0,0]},"t":11,"s":[108,82,100]},{"t":20,"s":[112,85,100]}],"ix":6,"l":2}},"ao":0,"tm":{"a":1,"k":[{"i":{"x":[0.31],"y":[0.424]},"o":{"x":[0.167],"y":[0.167]},"t":1,"s":[0]},{"t":20,"s":[1]}],"ix":2},"w":430,"h":430,"ip":1,"op":21,"st":0,"bm":0},{"ddd":0,"ind":2,"ty":0,"nm":"sequence","refId":"comp_2","sr":1,"ks":{"o":{"a":0,"k":100,"ix":11},"r":{"a":0,"k":0,"ix":10},"p":{"a":0,"k":[215,385,0],"ix":2,"l":2},"a":{"a":0,"k":[215,385,0],"ix":1,"l":2},"s":{"a":1,"k":[{"i":{"x":[0.667,0.667,0.667],"y":[1,1,1]},"o":{"x":[0.167,0.167,0.167],"y":[0.167,0.167,0]},"t":20,"s":[112,85,100]},{"i":{"x":[0.667,0.667,0.667],"y":[1,1,1]},"o":{"x":[0.333,0.333,0.333],"y":[0,0,0]},"t":31,"s":[94,106,100]},{"t":47,"s":[100,100,100]}],"ix":6,"l":2}},"ao":0,"tm":{"a":1,"k":[{"i":{"x":[0.52],"y":[1]},"o":{"x":[0.167],"y":[0.167]},"t":20,"s":[0]},{"t":90,"s":[1]}],"ix":2},"w":430,"h":430,"ip":20,"op":1830,"st":30,"bm":0}]},{"id":"comp_1","nm":"seqintro","fr":60,"layers":[{"ddd":0,"ind":1,"ty":4,"nm":"Shape Layer 4","parent":2,"sr":1,"ks":{"o":{"a":0,"k":100,"ix":11},"r":{"a":0,"k":0,"ix":10},"p":{"a":0,"k":[4,96.5,0],"ix":2,"l":2},"a":{"a":0,"k":[4,94,0],"ix":1,"l":2},"s":{"a":0,"k":[100,100,100],"ix":6,"l":2}},"ao":0,"shapes":[{"ty":"gr","it":[{"ind":0,"ty":"sh","ix":1,"ks":{"a":1,"k":[{"i":{"x":0.833,"y":0.833},"o":{"x":0.167,"y":0.167},"t":0,"s":[{"i":[[-10.217,0],[0,-10.217],[10.217,0],[0,10.217]],"o":[[10.217,0],[0,10.217],[-10.217,0],[0,-10.217]],"v":[[-4,36.5],[14.5,55],[-4,73.5],[-22.5,55]],"c":true}]},{"i":{"x":0.833,"y":0.833},"o":{"x":0.167,"y":0.167},"t":7,"s":[{"i":[[-22.065,0.219],[-6.098,-13.767],[31.517,-1.048],[-6.643,16.049]],"o":[[23.117,-0.236],[6.957,15.786],[-27.134,0.854],[6.414,-15.767]],"v":[[-4.744,31.281],[44.598,40.267],[-3.767,74.198],[-53.148,40.883]],"c":true}]},{"i":{"x":0.833,"y":0.833},"o":{"x":0.167,"y":0.167},"t":16,"s":[{"i":[[-37.298,0.501],[-20.528,-28.235],[58.901,-2.395],[-15.184,23.548]],"o":[[39.701,-0.539],[15.901,22.945],[-48.883,1.952],[14.661,-22.901]],"v":[[-5.7,24.572],[94.795,10.467],[-3.467,75.095],[-102.195,14.233]],"c":true}]},{"i":{"x":0.833,"y":0.833},"o":{"x":0.167,"y":0.167},"t":25,"s":[{"i":[[-52.53,0.784],[-32.075,-38.37],[86.286,-3.742],[-23.725,31.046]],"o":[[56.286,-0.842],[24.845,30.104],[-70.633,3.049],[22.909,-30.036]],"v":[[-6.536,17.996],[116.456,-38.691],[-3.167,75.992],[-127.135,-37.024]],"c":true}]},{"t":30,"s":[{"i":[[-60.993,0.94],[-38.49,-44],[101.5,-4.49],[-28.47,35.212]],"o":[[65.5,-1.01],[29.814,34.082],[-82.716,3.659],[27.49,-34]],"v":[[-7,-43.99],[128.49,-66],[-3,76.49],[-140.99,-65.5]],"c":true}]}],"ix":2},"nm":"Path 1","mn":"ADBE Vector Shape - Group","hd":false},{"ty":"st","c":{"a":0,"k":[0.071,0.075,0.192,1],"ix":3,"x":"var $bm_rt;\n$bm_rt = comp('wired-outline-2550-logo-tinder').layer('control').effect('primary')('Color');"},"o":{"a":0,"k":100,"ix":4},"w":{"a":0,"k":12,"ix":5,"x":"var $bm_rt;\n$bm_rt = $bm_mul($bm_div(value, 2), comp('wired-outline-2550-logo-tinder').layer('control').effect('stroke')('Menu'));"},"lc":1,"lj":1,"ml":4,"bm":0,"nm":".primary","mn":"ADBE Vector Graphic - Stroke","hd":false,"cl":"primary"},{"ty":"tr","p":{"a":0,"k":[4,94],"ix":2},"a":{"a":0,"k":[0,0],"ix":1},"s":{"a":0,"k":[100,100],"ix":3},"r":{"a":0,"k":0,"ix":6},"o":{"a":0,"k":100,"ix":7},"sk":{"a":0,"k":0,"ix":4},"sa":{"a":0,"k":0,"ix":5},"nm":"Transform"}],"nm":"Ellipse 1","np":2,"cix":2,"bm":0,"ix":1,"mn":"ADBE Vector Group","hd":false}],"ip":0,"op":31,"st":0,"ct":1,"bm":0},{"ddd":0,"ind":2,"ty":4,"nm":"body 6","sr":1,"ks":{"o":{"a":0,"k":100,"ix":11},"r":{"a":0,"k":0,"ix":10},"p":{"a":0,"k":[215,386.442,0],"ix":2,"l":2},"a":{"a":0,"k":[0,173.942,0],"ix":1,"l":2},"s":{"a":0,"k":[100,100,100],"ix":6,"l":2}},"ao":0,"shapes":[{"ty":"gr","it":[{"ind":0,"ty":"sh","ix":1,"ks":{"a":1,"k":[{"i":{"x":0.833,"y":0.833},"o":{"x":0.167,"y":0.167},"t":30,"s":[{"i":[[-10.145,14.348],[1.015,19.092],[27.906,-5.096],[46.981,-2.497],[32.784,-14.204],[-38.997,-38.598],[-45.38,0.392]],"o":[[17.474,-22.494],[-1.842,-21.961],[-33.522,12.799],[-58.257,-4.759],[-29.597,18.954],[21.059,17.879],[61.75,-0.533]],"v":[[109.193,113.937],[133.747,47.088],[88.284,11.276],[-6.505,50.938],[-121.832,18.278],[-90.05,133.725],[-0.335,176.841]],"c":true}]},{"i":{"x":0.833,"y":0.833},"o":{"x":0.167,"y":0.167},"t":47,"s":[{"i":[[-7.529,51.063],[15.091,27.502],[1.352,19.504],[54.228,-10.897],[47.813,6.828],[-16.899,-46.389],[-66.609,0.17]],"o":[[6.93,-35.595],[-14.238,-27.155],[-64.489,40.211],[-13.257,-26.573],[-18.523,30.06],[17.586,53.593],[74.075,-0.231]],"v":[[140.697,61.941],[123.167,-23.784],[80.826,-97.409],[-42.684,4.223],[-126.526,-48.874],[-133.428,74.563],[-0.144,174.381]],"c":true}]},{"t":60,"s":[{"i":[[2.449,83.07],[25.855,33.933],[37.293,14.1],[59.77,-17.321],[-3.569,23.997],[0,-52.347],[-82.843,0]],"o":[[-1.134,-45.613],[-23.717,-31.128],[12.981,60.16],[-11.202,-21.566],[-40.909,26.685],[0,82.521],[83.5,0]],"v":[[149.937,18.615],[107.214,-102.936],[13.97,-172.5],[-70.351,-31.5],[-82.067,-102.008],[-150,23.083],[0.001,172.5]],"c":true}]}],"ix":2},"nm":"Path 1","mn":"ADBE Vector Shape - Group","hd":false},{"ty":"st","c":{"a":0,"k":[0.071,0.075,0.192,1],"ix":3,"x":"var $bm_rt;\n$bm_rt = comp('wired-outline-2550-logo-tinder').layer('control').effect('primary')('Color');"},"o":{"a":0,"k":100,"ix":4},"w":{"a":0,"k":12,"ix":5,"x":"var $bm_rt;\n$bm_rt = $bm_mul($bm_div(value, 2), comp('wired-outline-2550-logo-tinder').layer('control').effect('stroke')('Menu'));"},"lc":2,"lj":2,"bm":0,"nm":".primary","mn":"ADBE Vector Graphic - Stroke","hd":false,"cl":"primary"},{"ty":"tr","p":{"a":0,"k":[0,112.586],"ix":2},"a":{"a":0,"k":[0,112.586],"ix":1},"s":{"a":1,"k":[{"i":{"x":[0.667,0.667],"y":[1,1]},"o":{"x":[0.167,0.167],"y":[0.167,0.167]},"t":0,"s":[100,100]},{"i":{"x":[0.667,0.667],"y":[1,1]},"o":{"x":[0.333,0.333],"y":[0,0]},"t":8,"s":[105,95]},{"i":{"x":[0.667,0.667],"y":[1,1]},"o":{"x":[0.333,0.333],"y":[0,0]},"t":18,"s":[97,103]},{"i":{"x":[0.667,0.667],"y":[1,1]},"o":{"x":[0.333,0.333],"y":[0,0]},"t":30,"s":[105,95]},{"i":{"x":[0.667,0.667],"y":[1,1]},"o":{"x":[0.333,0.333],"y":[0,0]},"t":41,"s":[97,103]},{"i":{"x":[0.833,0.833],"y":[0.833,0.833]},"o":{"x":[0.333,0.333],"y":[0,0]},"t":53,"s":[105,95]},{"t":60,"s":[100.009,99.991]}],"ix":3},"r":{"a":0,"k":0,"ix":6},"o":{"a":0,"k":100,"ix":7},"sk":{"a":0,"k":0,"ix":4},"sa":{"a":0,"k":0,"ix":5},"nm":"Transform"}],"nm":"body","np":2,"cix":2,"bm":0,"ix":1,"mn":"ADBE Vector Group","hd":false}],"ip":30,"op":1800,"st":0,"ct":1,"bm":0}]},{"id":"comp_2","nm":"sequence","fr":60,"layers":[{"ddd":0,"ind":1,"ty":4,"nm":"body 4","sr":1,"ks":{"o":{"a":0,"k":100,"ix":11},"r":{"a":0,"k":0,"ix":10},"p":{"a":0,"k":[215,235,0],"ix":2,"l":2},"a":{"a":0,"k":[0,22.5,0],"ix":1,"l":2},"s":{"a":0,"k":[100,100,100],"ix":6,"l":2}},"ao":0,"shapes":[{"ty":"gr","it":[{"ind":0,"ty":"sh","ix":1,"ks":{"a":1,"k":[{"i":{"x":0.833,"y":0.833},"o":{"x":0.167,"y":0.167},"t":0,"s":[{"i":[[2.449,83.07],[77.947,29.471],[59.77,-17.321],[-3.569,23.997],[0,-52.347],[-82.843,0]],"o":[[-2.174,-87.456],[12.981,60.16],[-11.202,-21.566],[-40.909,26.685],[0,82.521],[83.5,0]],"v":[[149.937,18.615],[13.97,-172.5],[-70.351,-31.5],[-82.067,-102.008],[-150,23.083],[0.001,172.5]],"c":true}]},{"i":{"x":0.833,"y":0.833},"o":{"x":0.167,"y":0.167},"t":4,"s":[{"i":[[2.449,83.07],[65.271,33.773],[59.77,-17.321],[9.404,21.46],[0,-52.347],[-82.843,0]],"o":[[-2.174,-87.456],[1.527,63.584],[-15.458,-29.814],[-29.715,31.04],[0,82.521],[83.5,0]],"v":[[149.937,18.615],[40.979,-172.5],[-62.351,-31.5],[-104.534,-107.037],[-150,23.083],[0.001,172.5]],"c":true}]},{"i":{"x":0.833,"y":0.833},"o":{"x":0.167,"y":0.167},"t":7,"s":[{"i":[[2.449,83.07],[55.764,37],[59.77,-17.321],[19.134,19.558],[0,-52.347],[-82.843,0]],"o":[[-2.174,-87.456],[-7.063,66.152],[-18.649,-36],[-21.32,34.306],[0,82.521],[83.5,0]],"v":[[149.937,18.615],[61.236,-172.5],[-56.351,-31.5],[-112.134,-112.058],[-150,23.083],[0.001,172.5]],"c":true}]},{"i":{"x":0.833,"y":0.833},"o":{"x":0.167,"y":0.167},"t":10,"s":[{"i":[[2.449,83.07],[44.739,38],[59.77,-17.321],[13.859,29.355],[0,-52.347],[-82.843,0]],"o":[[-2.174,-87.456],[-15.653,68.72],[-15.649,-34.5],[3.859,34.355],[0,82.521],[83.5,0]],"v":[[149.937,18.615],[77.261,-165.5],[-50.351,-31.5],[-118.859,-121.855],[-150,23.083],[0.001,172.5]],"c":true}]},{"i":{"x":0.833,"y":0.833},"o":{"x":0.167,"y":0.167},"t":12,"s":[{"i":[[2.449,83.07],[42.455,36.8],[59.77,-17.321],[21.942,23.62],[0,-52.347],[-82.843,0]],"o":[[-2.174,-87.456],[-21.38,70.432],[-13.649,-33.5],[2.742,37.82],[0,82.521],[83.5,0]],"v":[[149.937,18.615],[84.745,-168.3],[-46.351,-31.5],[-111.742,-118.92],[-150,23.083],[0.001,172.5]],"c":true}]},{"i":{"x":0.833,"y":0.833},"o":{"x":0.167,"y":0.167},"t":15,"s":[{"i":[[2.449,83.07],[39.03,35],[59.77,-17.321],[34.067,15.017],[0,-52.347],[-82.843,0]],"o":[[-2.174,-87.456],[-29.97,73],[-10.649,-32],[1.067,43.017],[0,82.521],[83.5,0]],"v":[[149.937,18.615],[95.97,-172.5],[-40.351,-31.5],[-91.067,-94.517],[-150,23.083],[0.001,172.5]],"c":true}]},{"i":{"x":0.833,"y":0.833},"o":{"x":0.167,"y":0.167},"t":17,"s":[{"i":[[2.449,83.07],[30.102,46],[58.514,-19.545],[25.405,16.653],[0,-52.347],[-82.843,0]],"o":[[-2.174,-87.456],[-22.398,66],[-7.507,-32],[-4.53,40.839],[0,82.521],[83.5,0]],"v":[[149.937,18.615],[103.398,-187],[-44.351,-31.5],[-82.905,-98.153],[-150,23.083],[0.001,172.5]],"c":true}]},{"i":{"x":0.833,"y":0.833},"o":{"x":0.167,"y":0.167},"t":19,"s":[{"i":[[2.449,83.07],[21.173,57],[57.258,-21.769],[16.743,18.289],[0,-52.347],[-82.843,0]],"o":[[-2.174,-87.456],[-14.827,59],[-4.364,-32],[-10.127,38.662],[0,82.521],[83.5,0]],"v":[[149.937,18.615],[106.827,-193.5],[-48.351,-31.5],[-74.743,-101.789],[-150,23.083],[0.001,172.5]],"c":true}]},{"i":{"x":0.833,"y":0.833},"o":{"x":0.167,"y":0.167},"t":22,"s":[{"i":[[2.449,83.07],[22.03,62],[55.374,-25.104],[12,15.493],[0,-52.347],[-82.843,0]],"o":[[-2.174,-87.456],[-43.97,49],[0.351,-32],[-18.522,35.395],[0,82.521],[83.5,0]],"v":[[149.937,18.615],[101.97,-176.5],[-54.351,-31.5],[-70,-101.993],[-150,23.083],[0.001,172.5]],"c":true}]},{"i":{"x":0.833,"y":0.833},"o":{"x":0.167,"y":0.167},"t":26,"s":[{"i":[[2.449,83.07],[30.03,29],[52.862,-29.552],[4.215,19.745],[0,-52.347],[-82.843,0]],"o":[[-2.174,-87.456],[-63.97,35],[-5.426,-26.783],[-29.715,31.04],[0,82.521],[83.5,0]],"v":[[149.937,18.615],[90.97,-150.5],[-62.351,-31.5],[-70.034,-102],[-150,23.083],[0.001,172.5]],"c":true}]},{"i":{"x":0.833,"y":0.833},"o":{"x":0.167,"y":0.167},"t":30,"s":[{"i":[[2.449,83.07],[3.03,93],[50.351,-34],[-3.569,23.997],[0,-52.347],[-82.843,0]],"o":[[-2.174,-87.456],[-83.97,9],[-11.202,-21.566],[-40.909,26.685],[0,82.521],[83.5,0]],"v":[[149.937,18.615],[79.97,-153.5],[-70.351,-31.5],[-82.067,-102.008],[-150,23.083],[0.001,172.5]],"c":true}]},{"i":{"x":0.833,"y":0.833},"o":{"x":0.167,"y":0.167},"t":34,"s":[{"i":[[2.449,83.07],[-3.77,104.4],[36.484,-40.667],[6.467,21.602],[0,-52.347],[-82.843,0]],"o":[[-2.174,-87.456],[-71.17,20.467],[-11.054,-24.348],[-29.715,31.04],[0,82.521],[83.5,0]],"v":[[149.937,18.615],[57.636,-172.5],[-62.351,-31.5],[-100.534,-102],[-150,23.083],[0.001,172.5]],"c":true}]},{"i":{"x":0.833,"y":0.833},"o":{"x":0.167,"y":0.167},"t":38,"s":[{"i":[[2.449,83.07],[7.43,94.8],[22.617,-47.333],[16.503,19.208],[0,-52.347],[-82.843,0]],"o":[[-2.174,-87.456],[-58.37,31.933],[-10.907,-27.131],[3,33.493],[0,82.521],[83.5,0]],"v":[[149.937,18.615],[38.303,-172.5],[-54.351,-31.5],[-119,-116.993],[-150,23.083],[0.001,172.5]],"c":true}]},{"i":{"x":0.833,"y":0.833},"o":{"x":0.167,"y":0.167},"t":41,"s":[{"i":[[2.449,83.07],[17.697,73],[12.217,-52.333],[24.031,17.412],[0,-52.347],[-82.843,0]],"o":[[-2.174,-87.456],[-48.77,40.533],[-10.797,-29.218],[-10.127,38.662],[0,82.521],[83.5,0]],"v":[[149.937,18.615],[12.303,-179.5],[-48.351,-31.5],[-109.029,-109.789],[-150,23.083],[0.001,172.5]],"c":true}]},{"i":{"x":0.833,"y":0.833},"o":{"x":0.167,"y":0.167},"t":45,"s":[{"i":[[2.449,83.07],[27.03,78],[-1.649,-59],[34.067,15.017],[0,-52.347],[-82.843,0]],"o":[[-2.174,-87.456],[-35.97,52],[-10.649,-32],[1.067,43.017],[0,82.521],[83.5,0]],"v":[[149.937,18.615],[-7.03,-189.5],[-40.351,-31.5],[-95.067,-101.517],[-150,23.083],[0.001,172.5]],"c":true}]},{"i":{"x":0.833,"y":0.833},"o":{"x":0.167,"y":0.167},"t":48,"s":[{"i":[[2.449,83.07],[37.214,68.294],[10.634,-50.664],[22.467,20.115],[0,-52.347],[-82.843,0]],"o":[[-2.174,-87.456],[-26.18,53.632],[-10.76,-29.913],[-13.033,38.115],[0,82.521],[83.5,0]],"v":[[149.937,18.615],[-4.43,-178.5],[-46.351,-31.5],[-80.467,-101.615],[-150,23.083],[0.001,172.5]],"c":true}]},{"i":{"x":0.833,"y":0.833},"o":{"x":0.167,"y":0.167},"t":51,"s":[{"i":[[2.449,83.07],[51.83,44],[22.918,-42.328],[10.867,25.214],[0,-52.347],[-82.843,0]],"o":[[-2.174,-87.456],[-16.39,55.264],[-10.87,-27.826],[-27.133,33.214],[0,82.521],[83.5,0]],"v":[[149.937,18.615],[0.17,-164.5],[-52.351,-31.5],[-69.867,-101.714],[-150,23.083],[0.001,172.5]],"c":true}]},{"i":{"x":0.833,"y":0.833},"o":{"x":0.167,"y":0.167},"t":55,"s":[{"i":[[2.449,83.07],[60.975,45.647],[39.297,-31.214],[-1.711,28.345],[0,-52.347],[-82.843,0]],"o":[[-2.174,-87.456],[-3.336,57.44],[-8.649,-24],[-33.256,30.312],[0,82.521],[83.5,0]],"v":[[149.937,18.615],[2.081,-165.5],[-60.351,-31.5],[-68.289,-101.845],[-150,23.083],[0.001,172.5]],"c":true}]},{"t":60,"s":[{"i":[[2.449,83.07],[77.947,29.471],[59.77,-17.321],[-3.569,23.997],[0,-52.347],[-82.843,0]],"o":[[-2.174,-87.456],[12.981,60.16],[-11.202,-21.566],[-40.909,26.685],[0,82.521],[83.5,0]],"v":[[149.937,18.615],[13.97,-172.5],[-70.351,-31.5],[-82.067,-102.008],[-150,23.083],[0.001,172.5]],"c":true}]}],"ix":2},"nm":"Path 1","mn":"ADBE Vector Shape - Group","hd":false},{"ty":"st","c":{"a":0,"k":[0.071,0.075,0.192,1],"ix":3,"x":"var $bm_rt;\n$bm_rt = comp('wired-outline-2550-logo-tinder').layer('control').effect('primary')('Color');"},"o":{"a":0,"k":100,"ix":4},"w":{"a":0,"k":12,"ix":5,"x":"var $bm_rt;\n$bm_rt = $bm_mul($bm_div(value, 2), comp('wired-outline-2550-logo-tinder').layer('control').effect('stroke')('Menu'));"},"lc":2,"lj":2,"bm":0,"nm":".primary","mn":"ADBE Vector Graphic - Stroke","hd":false,"cl":"primary"},{"ty":"tr","p":{"a":0,"k":[0,112.586],"ix":2},"a":{"a":0,"k":[0,112.586],"ix":1},"s":{"a":1,"k":[{"i":{"x":[0.667,0.667],"y":[1,1]},"o":{"x":[0.167,0.167],"y":[0.167,0.167]},"t":0,"s":[100,100]},{"i":{"x":[0.667,0.667],"y":[1,1]},"o":{"x":[0.333,0.333],"y":[0,0]},"t":8,"s":[105,95]},{"i":{"x":[0.667,0.667],"y":[1,1]},"o":{"x":[0.333,0.333],"y":[0,0]},"t":18,"s":[97,103]},{"i":{"x":[0.667,0.667],"y":[1,1]},"o":{"x":[0.333,0.333],"y":[0,0]},"t":30,"s":[105,95]},{"i":{"x":[0.667,0.667],"y":[1,1]},"o":{"x":[0.333,0.333],"y":[0,0]},"t":41,"s":[97,103]},{"i":{"x":[0.833,0.833],"y":[0.833,0.833]},"o":{"x":[0.333,0.333],"y":[0,0]},"t":53,"s":[105,95]},{"t":60,"s":[100.009,99.991]}],"ix":3},"r":{"a":0,"k":0,"ix":6},"o":{"a":0,"k":100,"ix":7},"sk":{"a":0,"k":0,"ix":4},"sa":{"a":0,"k":0,"ix":5},"nm":"Transform"}],"nm":"body","np":2,"cix":2,"bm":0,"ix":1,"mn":"ADBE Vector Group","hd":false}],"ip":0,"op":1800,"st":0,"ct":1,"bm":0}]},{"id":"comp_3","nm":"hover-flame","fr":60,"layers":[{"ddd":0,"ind":1,"ty":0,"nm":"sequence","parent":2,"refId":"comp_2","sr":1,"ks":{"o":{"a":0,"k":100,"ix":11},"r":{"a":0,"k":0,"ix":10},"p":{"a":0,"k":[215,339,0],"ix":2,"l":2},"a":{"a":0,"k":[215,339,0],"ix":1,"l":2},"s":{"a":0,"k":[100,100,100],"ix":6,"l":2}},"ao":0,"tm":{"a":1,"k":[{"i":{"x":[0.667],"y":[1]},"o":{"x":[0.167],"y":[0.167]},"t":46,"s":[0]},{"t":120,"s":[1]}],"ix":2},"w":430,"h":430,"ip":46,"op":1800,"st":60,"bm":0},{"ddd":0,"ind":2,"ty":0,"nm":"sequence","refId":"comp_2","sr":1,"ks":{"o":{"a":0,"k":100,"ix":11},"r":{"a":0,"k":0,"ix":10},"p":{"a":0,"k":[215,339,0],"ix":2,"l":2},"a":{"a":0,"k":[215,339,0],"ix":1,"l":2},"s":{"a":1,"k":[{"i":{"x":[0.667,0.667,0.667],"y":[1,1,1]},"o":{"x":[0.333,0.333,0.333],"y":[0,0,0]},"t":0,"s":[100,100,100]},{"i":{"x":[0.667,0.667,0.667],"y":[1,1,1]},"o":{"x":[0.333,0.333,0.333],"y":[0,0,0]},"t":8,"s":[110,95,100]},{"i":{"x":[0.667,0.667,0.667],"y":[1,1,1]},"o":{"x":[0.333,0.333,0.333],"y":[0,0,0]},"t":18,"s":[98,103,100]},{"i":{"x":[0.667,0.667,0.667],"y":[1,1,1]},"o":{"x":[0.333,0.333,0.333],"y":[0,0,0]},"t":30,"s":[110,95,100]},{"i":{"x":[0.667,0.667,0.667],"y":[1,1,1]},"o":{"x":[0.333,0.333,0.333],"y":[0,0,0]},"t":41,"s":[98,103,100]},{"i":{"x":[0.667,0.667,0.667],"y":[1,1,1]},"o":{"x":[0.333,0.333,0.333],"y":[0,0,0]},"t":53,"s":[110,95,100]},{"i":{"x":[0.667,0.667,0.667],"y":[1,1,1]},"o":{"x":[0.333,0.333,0.333],"y":[0,0,0]},"t":64,"s":[98,103,100]},{"i":{"x":[0.667,0.667,0.667],"y":[1,1,1]},"o":{"x":[0.333,0.333,0.333],"y":[0,0,0]},"t":76,"s":[110,95,100]},{"i":{"x":[0.667,0.667,0.667],"y":[1,1,1]},"o":{"x":[0.333,0.333,0.333],"y":[0,0,0]},"t":87,"s":[98,103,100]},{"i":{"x":[0.667,0.667,0.667],"y":[1,1,1]},"o":{"x":[0.333,0.333,0.333],"y":[0,0,0]},"t":99,"s":[105,98,100]},{"i":{"x":[0.667,0.667,0.667],"y":[1,1,1]},"o":{"x":[0.333,0.333,0.333],"y":[0,0,0]},"t":110,"s":[102,98,100]},{"t":120,"s":[100,100,100]}],"ix":6,"l":2}},"ao":0,"tm":{"a":1,"k":[{"i":{"x":[0.833],"y":[0.833]},"o":{"x":[0.167],"y":[0.167]},"t":0,"s":[0]},{"t":46,"s":[1]}],"ix":2},"w":430,"h":430,"ip":0,"op":46,"st":0,"bm":0}]},{"id":"comp_4","nm":"loop-cycle","fr":60,"layers":[{"ddd":0,"ind":1,"ty":0,"nm":"sequence","refId":"comp_2","sr":1,"ks":{"o":{"a":0,"k":100,"ix":11},"r":{"a":0,"k":0,"ix":10},"p":{"a":0,"k":[215,215,0],"ix":2,"l":2},"a":{"a":0,"k":[215,215,0],"ix":1,"l":2},"s":{"a":0,"k":[100,100,100],"ix":6,"l":2}},"ao":0,"w":430,"h":430,"ip":0,"op":1800,"st":0,"bm":0}]},{"id":"comp_5","nm":"morph-circle","fr":60,"layers":[{"ddd":0,"ind":1,"ty":4,"nm":"circle","sr":1,"ks":{"o":{"a":0,"k":100,"ix":11},"r":{"a":0,"k":-45,"ix":10},"p":{"a":0,"k":[215,215,0],"ix":2,"l":2},"a":{"a":0,"k":[0,0,0],"ix":1,"l":2},"s":{"a":0,"k":[100,100,100],"ix":6,"l":2}},"ao":0,"shapes":[{"ty":"gr","it":[{"d":1,"ty":"el","s":{"a":1,"k":[{"i":{"x":[0.4,0.4],"y":[1,1]},"o":{"x":[0.333,0.333],"y":[0,0]},"t":0,"s":[413,413]},{"t":30,"s":[335,335]}],"ix":2},"p":{"a":0,"k":[0,0],"ix":3},"nm":"Ellipse Path 1","mn":"ADBE Vector Shape - Ellipse","hd":false},{"ty":"st","c":{"a":0,"k":[0.071,0.075,0.192,1],"ix":3,"x":"var $bm_rt;\n$bm_rt = comp('wired-outline-2550-logo-tinder').layer('control').effect('primary')('Color');"},"o":{"a":0,"k":100,"ix":4},"w":{"a":0,"k":12,"ix":5,"x":"var $bm_rt;\n$bm_rt = $bm_mul($bm_div(value, 2), comp('wired-outline-2550-logo-tinder').layer('control').effect('stroke')('Menu'));"},"lc":2,"lj":2,"bm":0,"nm":".primary","mn":"ADBE Vector Graphic - Stroke","hd":false,"cl":"primary"},{"ty":"tr","p":{"a":0,"k":[0,0],"ix":2},"a":{"a":0,"k":[0,0],"ix":1},"s":{"a":0,"k":[100,100],"ix":3},"r":{"a":0,"k":180,"ix":6},"o":{"a":0,"k":100,"ix":7},"sk":{"a":0,"k":0,"ix":4},"sa":{"a":0,"k":0,"ix":5},"nm":"Transform"}],"nm":"circle 2","np":2,"cix":2,"bm":0,"ix":1,"mn":"ADBE Vector Group","hd":false},{"ty":"gr","it":[{"d":1,"ty":"el","s":{"a":1,"k":[{"i":{"x":[0.4,0.4],"y":[1,1]},"o":{"x":[0.333,0.333],"y":[0,0]},"t":0,"s":[413,413]},{"t":30,"s":[335,335]}],"ix":2},"p":{"a":0,"k":[0,0],"ix":3},"nm":"Ellipse Path 1","mn":"ADBE Vector Shape - Ellipse","hd":false},{"ty":"st","c":{"a":0,"k":[0.071,0.075,0.192,1],"ix":3,"x":"var $bm_rt;\n$bm_rt = comp('wired-outline-2550-logo-tinder').layer('control').effect('primary')('Color');"},"o":{"a":0,"k":100,"ix":4},"w":{"a":0,"k":12,"ix":5,"x":"var $bm_rt;\n$bm_rt = $bm_mul($bm_div(value, 2), comp('wired-outline-2550-logo-tinder').layer('control').effect('stroke')('Menu'));"},"lc":2,"lj":2,"bm":0,"nm":".primary","mn":"ADBE Vector Graphic - Stroke","hd":false,"cl":"primary"},{"ty":"tr","p":{"a":0,"k":[0,0],"ix":2},"a":{"a":0,"k":[0,0],"ix":1},"s":{"a":0,"k":[100,100],"ix":3},"r":{"a":0,"k":0,"ix":6},"o":{"a":0,"k":100,"ix":7},"sk":{"a":0,"k":0,"ix":4},"sa":{"a":0,"k":0,"ix":5},"nm":"Transform"}],"nm":"circle","np":2,"cix":2,"bm":0,"ix":2,"mn":"ADBE Vector Group","hd":false},{"ty":"tm","s":{"a":1,"k":[{"i":{"x":[0.4],"y":[1]},"o":{"x":[0.333],"y":[0]},"t":0,"s":[50]},{"t":30,"s":[25]}],"ix":1},"e":{"a":1,"k":[{"i":{"x":[0.4],"y":[1]},"o":{"x":[0.333],"y":[0]},"t":0,"s":[50]},{"t":30,"s":[75]}],"ix":2},"o":{"a":0,"k":0,"ix":3},"m":1,"ix":3,"nm":"Trim Paths 1","mn":"ADBE Vector Filter - Trim","hd":false}],"ip":0,"op":1800,"st":0,"ct":1,"bm":0},{"ddd":0,"ind":2,"ty":0,"nm":"sequence-change","refId":"comp_6","sr":1,"ks":{"o":{"a":0,"k":100,"ix":11},"r":{"a":0,"k":0,"ix":10},"p":{"a":0,"k":[215,339,0],"ix":2,"l":2},"a":{"a":0,"k":[215,339,0],"ix":1,"l":2},"s":{"a":0,"k":[100,100,100],"ix":6,"l":2}},"ao":0,"tm":{"a":1,"k":[{"i":{"x":[0.667],"y":[1]},"o":{"x":[0.333],"y":[0]},"t":0,"s":[0]},{"t":30,"s":[1]}],"ix":2},"w":430,"h":430,"ip":0,"op":46,"st":0,"bm":0}]},{"id":"comp_6","nm":"sequence-change","fr":60,"layers":[{"ddd":0,"ind":1,"ty":4,"nm":"body 4","sr":1,"ks":{"o":{"a":0,"k":100,"ix":11},"r":{"a":0,"k":0,"ix":10},"p":{"a":1,"k":[{"i":{"x":0.833,"y":0.833},"o":{"x":0.167,"y":0.167},"t":0,"s":[215,235,0],"to":[0,0,0],"ti":[0,0,0]},{"t":60,"s":[215,225,0]}],"ix":2,"l":2},"a":{"a":0,"k":[0,22.5,0],"ix":1,"l":2},"s":{"a":1,"k":[{"i":{"x":[0.833,0.833,0.833],"y":[0.833,0.833,0.833]},"o":{"x":[0.167,0.167,0.167],"y":[0.167,0.167,0.167]},"t":0,"s":[100,100,100]},{"t":60,"s":[60,60,100]}],"ix":6,"l":2}},"ao":0,"shapes":[{"ty":"gr","it":[{"ind":0,"ty":"sh","ix":1,"ks":{"a":1,"k":[{"i":{"x":0.833,"y":0.833},"o":{"x":0.167,"y":0.167},"t":0,"s":[{"i":[[2.449,83.07],[77.947,29.471],[59.77,-17.321],[-3.569,23.997],[0,-52.347],[-82.843,0]],"o":[[-2.174,-87.456],[12.981,60.16],[-11.202,-21.566],[-40.909,26.685],[0,82.521],[83.5,0]],"v":[[149.937,18.615],[13.97,-172.5],[-70.351,-31.5],[-82.067,-102.008],[-150,23.083],[0.001,172.5]],"c":true}]},{"i":{"x":0.833,"y":0.833},"o":{"x":0.167,"y":0.167},"t":4,"s":[{"i":[[2.449,83.07],[65.271,33.773],[59.77,-17.321],[9.404,21.46],[0,-52.347],[-82.843,0]],"o":[[-2.174,-87.456],[1.527,63.584],[-15.458,-29.814],[-29.715,31.04],[0,82.521],[83.5,0]],"v":[[149.937,18.615],[40.979,-172.5],[-62.351,-31.5],[-104.534,-107.037],[-150,23.083],[0.001,172.5]],"c":true}]},{"i":{"x":0.833,"y":0.833},"o":{"x":0.167,"y":0.167},"t":7,"s":[{"i":[[2.449,83.07],[55.764,37],[59.77,-17.321],[19.134,19.558],[0,-52.347],[-82.843,0]],"o":[[-2.174,-87.456],[-7.063,66.152],[-18.649,-36],[-21.32,34.306],[0,82.521],[83.5,0]],"v":[[149.937,18.615],[61.236,-172.5],[-56.351,-31.5],[-112.134,-112.058],[-150,23.083],[0.001,172.5]],"c":true}]},{"i":{"x":0.833,"y":0.833},"o":{"x":0.167,"y":0.167},"t":10,"s":[{"i":[[2.449,83.07],[44.739,38],[59.77,-17.321],[13.859,29.355],[0,-52.347],[-82.843,0]],"o":[[-2.174,-87.456],[-15.653,68.72],[-15.649,-34.5],[3.859,34.355],[0,82.521],[83.5,0]],"v":[[149.937,18.615],[77.261,-165.5],[-50.351,-31.5],[-118.859,-121.855],[-150,23.083],[0.001,172.5]],"c":true}]},{"i":{"x":0.833,"y":0.833},"o":{"x":0.167,"y":0.167},"t":12,"s":[{"i":[[2.449,83.07],[42.455,36.8],[59.77,-17.321],[21.942,23.62],[0,-52.347],[-82.843,0]],"o":[[-2.174,-87.456],[-21.38,70.432],[-13.649,-33.5],[2.742,37.82],[0,82.521],[83.5,0]],"v":[[149.937,18.615],[84.745,-168.3],[-46.351,-31.5],[-111.742,-118.92],[-150,23.083],[0.001,172.5]],"c":true}]},{"i":{"x":0.833,"y":0.833},"o":{"x":0.167,"y":0.167},"t":15,"s":[{"i":[[2.449,83.07],[39.03,35],[59.77,-17.321],[34.067,15.017],[0,-52.347],[-82.843,0]],"o":[[-2.174,-87.456],[-29.97,73],[-10.649,-32],[1.067,43.017],[0,82.521],[83.5,0]],"v":[[149.937,18.615],[95.97,-172.5],[-40.351,-31.5],[-91.067,-94.517],[-150,23.083],[0.001,172.5]],"c":true}]},{"i":{"x":0.833,"y":0.833},"o":{"x":0.167,"y":0.167},"t":17,"s":[{"i":[[2.449,83.07],[30.102,46],[58.514,-19.545],[25.405,16.653],[0,-52.347],[-82.843,0]],"o":[[-2.174,-87.456],[-22.398,66],[-7.507,-32],[-4.53,40.839],[0,82.521],[83.5,0]],"v":[[149.937,18.615],[103.398,-187],[-44.351,-31.5],[-82.905,-98.153],[-150,23.083],[0.001,172.5]],"c":true}]},{"i":{"x":0.833,"y":0.833},"o":{"x":0.167,"y":0.167},"t":19,"s":[{"i":[[2.449,83.07],[21.173,57],[57.258,-21.769],[16.743,18.289],[0,-52.347],[-82.843,0]],"o":[[-2.174,-87.456],[-14.827,59],[-4.364,-32],[-10.127,38.662],[0,82.521],[83.5,0]],"v":[[149.937,18.615],[106.827,-193.5],[-48.351,-31.5],[-74.743,-101.789],[-150,23.083],[0.001,172.5]],"c":true}]},{"i":{"x":0.833,"y":0.833},"o":{"x":0.167,"y":0.167},"t":22,"s":[{"i":[[2.449,83.07],[22.03,62],[55.374,-25.104],[12,15.493],[0,-52.347],[-82.843,0]],"o":[[-2.174,-87.456],[-43.97,49],[0.351,-32],[-18.522,35.395],[0,82.521],[83.5,0]],"v":[[149.937,18.615],[101.97,-176.5],[-54.351,-31.5],[-70,-101.993],[-150,23.083],[0.001,172.5]],"c":true}]},{"i":{"x":0.833,"y":0.833},"o":{"x":0.167,"y":0.167},"t":26,"s":[{"i":[[2.449,83.07],[30.03,29],[52.862,-29.552],[4.215,19.745],[0,-52.347],[-82.843,0]],"o":[[-2.174,-87.456],[-63.97,35],[-5.426,-26.783],[-29.715,31.04],[0,82.521],[83.5,0]],"v":[[149.937,18.615],[90.97,-150.5],[-62.351,-31.5],[-70.034,-102],[-150,23.083],[0.001,172.5]],"c":true}]},{"i":{"x":0.833,"y":0.833},"o":{"x":0.167,"y":0.167},"t":30,"s":[{"i":[[2.449,83.07],[3.03,93],[50.351,-34],[-3.569,23.997],[0,-52.347],[-82.843,0]],"o":[[-2.174,-87.456],[-83.97,9],[-11.202,-21.566],[-40.909,26.685],[0,82.521],[83.5,0]],"v":[[149.937,18.615],[79.97,-153.5],[-70.351,-31.5],[-82.067,-102.008],[-150,23.083],[0.001,172.5]],"c":true}]},{"i":{"x":0.833,"y":0.833},"o":{"x":0.167,"y":0.167},"t":34,"s":[{"i":[[2.449,83.07],[-3.77,104.4],[36.484,-40.667],[6.467,21.602],[0,-52.347],[-82.843,0]],"o":[[-2.174,-87.456],[-71.17,20.467],[-11.054,-24.348],[-29.715,31.04],[0,82.521],[83.5,0]],"v":[[149.937,18.615],[57.636,-172.5],[-62.351,-31.5],[-100.534,-102],[-150,23.083],[0.001,172.5]],"c":true}]},{"i":{"x":0.833,"y":0.833},"o":{"x":0.167,"y":0.167},"t":38,"s":[{"i":[[2.449,83.07],[7.43,94.8],[22.617,-47.333],[16.503,19.208],[0,-52.347],[-82.843,0]],"o":[[-2.174,-87.456],[-58.37,31.933],[-10.907,-27.131],[3,33.493],[0,82.521],[83.5,0]],"v":[[149.937,18.615],[38.303,-172.5],[-54.351,-31.5],[-119,-116.993],[-150,23.083],[0.001,172.5]],"c":true}]},{"i":{"x":0.833,"y":0.833},"o":{"x":0.167,"y":0.167},"t":41,"s":[{"i":[[2.449,83.07],[17.697,73],[12.217,-52.333],[24.031,17.412],[0,-52.347],[-82.843,0]],"o":[[-2.174,-87.456],[-48.77,40.533],[-10.797,-29.218],[-10.127,38.662],[0,82.521],[83.5,0]],"v":[[149.937,18.615],[12.303,-179.5],[-48.351,-31.5],[-109.029,-109.789],[-150,23.083],[0.001,172.5]],"c":true}]},{"i":{"x":0.833,"y":0.833},"o":{"x":0.167,"y":0.167},"t":45,"s":[{"i":[[2.449,83.07],[27.03,78],[-1.649,-59],[34.067,15.017],[0,-52.347],[-82.843,0]],"o":[[-2.174,-87.456],[-35.97,52],[-10.649,-32],[1.067,43.017],[0,82.521],[83.5,0]],"v":[[149.937,18.615],[-7.03,-189.5],[-40.351,-31.5],[-95.067,-101.517],[-150,23.083],[0.001,172.5]],"c":true}]},{"i":{"x":0.833,"y":0.833},"o":{"x":0.167,"y":0.167},"t":48,"s":[{"i":[[2.449,83.07],[37.214,68.294],[10.634,-50.664],[22.467,20.115],[0,-52.347],[-82.843,0]],"o":[[-2.174,-87.456],[-26.18,53.632],[-10.76,-29.913],[-13.033,38.115],[0,82.521],[83.5,0]],"v":[[149.937,18.615],[-4.43,-178.5],[-46.351,-31.5],[-80.467,-101.615],[-150,23.083],[0.001,172.5]],"c":true}]},{"i":{"x":0.833,"y":0.833},"o":{"x":0.167,"y":0.167},"t":51,"s":[{"i":[[2.449,83.07],[51.83,44],[22.918,-42.328],[10.867,25.214],[0,-52.347],[-82.843,0]],"o":[[-2.174,-87.456],[-16.39,55.264],[-10.87,-27.826],[-27.133,33.214],[0,82.521],[83.5,0]],"v":[[149.937,18.615],[0.17,-164.5],[-52.351,-31.5],[-69.867,-101.714],[-150,23.083],[0.001,172.5]],"c":true}]},{"i":{"x":0.833,"y":0.833},"o":{"x":0.167,"y":0.167},"t":55,"s":[{"i":[[2.449,83.07],[60.975,45.647],[39.297,-31.214],[-1.711,28.345],[0,-52.347],[-82.843,0]],"o":[[-2.174,-87.456],[-3.336,57.44],[-8.649,-24],[-33.256,30.312],[0,82.521],[83.5,0]],"v":[[149.937,18.615],[2.081,-165.5],[-60.351,-31.5],[-68.289,-101.845],[-150,23.083],[0.001,172.5]],"c":true}]},{"t":60,"s":[{"i":[[2.449,83.07],[77.947,29.471],[59.77,-17.321],[-3.569,23.997],[0,-52.347],[-82.843,0]],"o":[[-2.174,-87.456],[12.981,60.16],[-11.202,-21.566],[-40.909,26.685],[0,82.521],[83.5,0]],"v":[[149.937,18.615],[13.97,-172.5],[-70.351,-31.5],[-82.067,-102.008],[-150,23.083],[0.001,172.5]],"c":true}]}],"ix":2},"nm":"Path 1","mn":"ADBE Vector Shape - Group","hd":false},{"ty":"st","c":{"a":0,"k":[0.071,0.075,0.192,1],"ix":3,"x":"var $bm_rt;\n$bm_rt = comp('wired-outline-2550-logo-tinder').layer('control').effect('primary')('Color');"},"o":{"a":1,"k":[{"i":{"x":[0.833],"y":[0.833]},"o":{"x":[0.167],"y":[0.167]},"t":6,"s":[100]},{"t":23,"s":[0]}],"ix":4},"w":{"a":1,"k":[{"i":{"x":[0.833],"y":[0.833]},"o":{"x":[0.167],"y":[0.167]},"t":0,"s":[12]},{"t":60,"s":[20]}],"ix":5,"x":"var $bm_rt;\n$bm_rt = $bm_mul($bm_div(value, 2), comp('wired-outline-2550-logo-tinder').layer('control').effect('stroke')('Menu'));"},"lc":1,"lj":2,"bm":0,"nm":".primary","mn":"ADBE Vector Graphic - Stroke","hd":false,"cl":"primary"},{"ty":"st","c":{"a":0,"k":[0.031,0.659,0.541,1],"ix":3,"x":"var $bm_rt;\n$bm_rt = comp('wired-outline-2550-logo-tinder').layer('control').effect('secondary')('Color');"},"o":{"a":1,"k":[{"i":{"x":[0.833],"y":[0.833]},"o":{"x":[0.167],"y":[0.167]},"t":0,"s":[0]},{"t":5,"s":[100]}],"ix":4},"w":{"a":1,"k":[{"i":{"x":[0.833],"y":[0.833]},"o":{"x":[0.167],"y":[0.167]},"t":0,"s":[12]},{"t":60,"s":[20]}],"ix":5,"x":"var $bm_rt;\n$bm_rt = $bm_mul($bm_div(value, 2), comp('wired-outline-2550-logo-tinder').layer('control').effect('stroke')('Menu'));"},"lc":1,"lj":2,"bm":0,"nm":".secondary","mn":"ADBE Vector Graphic - Stroke","hd":false,"cl":"secondary"},{"ty":"tr","p":{"a":0,"k":[0,112.586],"ix":2},"a":{"a":0,"k":[0,112.586],"ix":1},"s":{"a":1,"k":[{"i":{"x":[0.667,0.667],"y":[1,1]},"o":{"x":[0.167,0.167],"y":[0.167,0.167]},"t":0,"s":[100,100]},{"i":{"x":[0.667,0.667],"y":[1,1]},"o":{"x":[0.333,0.333],"y":[0,0]},"t":8,"s":[105,95]},{"i":{"x":[0.667,0.667],"y":[1,1]},"o":{"x":[0.333,0.333],"y":[0,0]},"t":18,"s":[97,103]},{"i":{"x":[0.667,0.667],"y":[1,1]},"o":{"x":[0.333,0.333],"y":[0,0]},"t":30,"s":[105,95]},{"i":{"x":[0.667,0.667],"y":[1,1]},"o":{"x":[0.333,0.333],"y":[0,0]},"t":41,"s":[97,103]},{"i":{"x":[0.833,0.833],"y":[0.833,0.833]},"o":{"x":[0.333,0.333],"y":[0,0]},"t":53,"s":[105,95]},{"t":60,"s":[100.009,99.991]}],"ix":3},"r":{"a":0,"k":0,"ix":6},"o":{"a":0,"k":100,"ix":7},"sk":{"a":0,"k":0,"ix":4},"sa":{"a":0,"k":0,"ix":5},"nm":"Transform"}],"nm":"body","np":3,"cix":2,"bm":0,"ix":1,"mn":"ADBE Vector Group","hd":false}],"ip":0,"op":1800,"st":0,"ct":1,"bm":0}]},{"id":"comp_7","nm":"morph-square","fr":60,"layers":[{"ddd":0,"ind":1,"ty":4,"nm":"rect 2","sr":1,"ks":{"o":{"a":0,"k":100,"ix":11},"r":{"a":0,"k":0,"ix":10},"p":{"a":0,"k":[215,215,0],"ix":2,"l":2},"a":{"a":0,"k":[0,0,0],"ix":1,"l":2},"s":{"a":0,"k":[100,100,100],"ix":6,"l":2}},"ao":0,"shapes":[{"ty":"gr","it":[{"ty":"rc","d":1,"s":{"a":1,"k":[{"i":{"x":[0.07,0.07],"y":[1,1]},"o":{"x":[0.167,0.167],"y":[0,0.167]},"t":7,"s":[320,0]},{"t":30,"s":[320,320]}],"ix":2},"p":{"a":0,"k":[0,0],"ix":3},"r":{"a":0,"k":20,"ix":4},"nm":"Rectangle Path 1","mn":"ADBE Vector Shape - Rect","hd":false},{"ty":"st","c":{"a":0,"k":[0.071,0.075,0.192,1],"ix":3,"x":"var $bm_rt;\n$bm_rt = comp('wired-outline-2550-logo-tinder').layer('control').effect('primary')('Color');"},"o":{"a":0,"k":100,"ix":4},"w":{"a":0,"k":12,"ix":5,"x":"var $bm_rt;\n$bm_rt = $bm_mul($bm_div(value, 2), comp('wired-outline-2550-logo-tinder').layer('control').effect('stroke')('Menu'));"},"lc":1,"lj":2,"bm":0,"nm":".primary","mn":"ADBE Vector Graphic - Stroke","hd":false,"cl":"primary"},{"ty":"tr","p":{"a":0,"k":[0,0],"ix":2},"a":{"a":0,"k":[0,0],"ix":1},"s":{"a":0,"k":[100,100],"ix":3},"r":{"a":0,"k":0,"ix":6},"o":{"a":0,"k":100,"ix":7},"sk":{"a":0,"k":0,"ix":4},"sa":{"a":0,"k":0,"ix":5},"nm":"Transform"}],"nm":"rect","np":2,"cix":2,"bm":0,"ix":1,"mn":"ADBE Vector Group","hd":false}],"ip":17,"op":1800,"st":0,"ct":1,"bm":0},{"ddd":0,"ind":2,"ty":0,"nm":"sequence-change","refId":"comp_6","sr":1,"ks":{"o":{"a":0,"k":100,"ix":11},"r":{"a":0,"k":0,"ix":10},"p":{"a":0,"k":[215,339,0],"ix":2,"l":2},"a":{"a":0,"k":[215,339,0],"ix":1,"l":2},"s":{"a":0,"k":[100,100,100],"ix":6,"l":2}},"ao":0,"tm":{"a":1,"k":[{"i":{"x":[0.667],"y":[1]},"o":{"x":[0.333],"y":[0]},"t":0,"s":[0]},{"t":30,"s":[1]}],"ix":2},"w":430,"h":430,"ip":0,"op":46,"st":0,"bm":0},{"ddd":0,"ind":3,"ty":0,"nm":"sequence-change-mask","td":1,"refId":"comp_8","sr":1,"ks":{"o":{"a":0,"k":100,"ix":11},"r":{"a":0,"k":0,"ix":10},"p":{"a":0,"k":[215,339,0],"ix":2,"l":2},"a":{"a":0,"k":[215,339,0],"ix":1,"l":2},"s":{"a":0,"k":[100,100,100],"ix":6,"l":2}},"ao":0,"tm":{"a":1,"k":[{"i":{"x":[0.667],"y":[1]},"o":{"x":[0.333],"y":[0]},"t":0,"s":[0]},{"t":30,"s":[1]}],"ix":2},"w":430,"h":430,"ip":0,"op":46,"st":0,"bm":0},{"ddd":0,"ind":4,"ty":4,"nm":"rect","tt":2,"tp":3,"sr":1,"ks":{"o":{"a":0,"k":100,"ix":11},"r":{"a":0,"k":0,"ix":10},"p":{"a":0,"k":[215,215,0],"ix":2,"l":2},"a":{"a":0,"k":[0,0,0],"ix":1,"l":2},"s":{"a":0,"k":[100,100,100],"ix":6,"l":2}},"ao":0,"shapes":[{"ty":"gr","it":[{"ty":"rc","d":1,"s":{"a":1,"k":[{"i":{"x":[0.07,0.07],"y":[1,1]},"o":{"x":[0.167,0.167],"y":[0,0.167]},"t":7,"s":[320,0]},{"t":30,"s":[320,320]}],"ix":2},"p":{"a":0,"k":[0,0],"ix":3},"r":{"a":0,"k":20,"ix":4},"nm":"Rectangle Path 1","mn":"ADBE Vector Shape - Rect","hd":false},{"ty":"st","c":{"a":0,"k":[0.071,0.075,0.192,1],"ix":3,"x":"var $bm_rt;\n$bm_rt = comp('wired-outline-2550-logo-tinder').layer('control').effect('primary')('Color');"},"o":{"a":0,"k":100,"ix":4},"w":{"a":0,"k":12,"ix":5,"x":"var $bm_rt;\n$bm_rt = $bm_mul($bm_div(value, 2), comp('wired-outline-2550-logo-tinder').layer('control').effect('stroke')('Menu'));"},"lc":1,"lj":2,"bm":0,"nm":".primary","mn":"ADBE Vector Graphic - Stroke","hd":false,"cl":"primary"},{"ty":"tr","p":{"a":0,"k":[0,0],"ix":2},"a":{"a":0,"k":[0,0],"ix":1},"s":{"a":0,"k":[100,100],"ix":3},"r":{"a":0,"k":0,"ix":6},"o":{"a":0,"k":100,"ix":7},"sk":{"a":0,"k":0,"ix":4},"sa":{"a":0,"k":0,"ix":5},"nm":"Transform"}],"nm":"rect","np":2,"cix":2,"bm":0,"ix":1,"mn":"ADBE Vector Group","hd":false}],"ip":7,"op":17,"st":0,"ct":1,"bm":0}]},{"id":"comp_8","nm":"sequence-change-mask","fr":60,"layers":[{"ddd":0,"ind":1,"ty":4,"nm":"body 4","sr":1,"ks":{"o":{"a":0,"k":100,"ix":11},"r":{"a":0,"k":0,"ix":10},"p":{"a":1,"k":[{"i":{"x":0.833,"y":0.833},"o":{"x":0.167,"y":0.167},"t":0,"s":[215,235,0],"to":[0,0,0],"ti":[0,0,0]},{"t":60,"s":[215,225,0]}],"ix":2,"l":2},"a":{"a":0,"k":[0,22.5,0],"ix":1,"l":2},"s":{"a":1,"k":[{"i":{"x":[0.833,0.833,0.833],"y":[0.833,0.833,0.833]},"o":{"x":[0.167,0.167,0.167],"y":[0.167,0.167,0.167]},"t":0,"s":[100,100,100]},{"t":60,"s":[60,60,100]}],"ix":6,"l":2}},"ao":0,"shapes":[{"ty":"gr","it":[{"ind":0,"ty":"sh","ix":1,"ks":{"a":1,"k":[{"i":{"x":0.833,"y":0.833},"o":{"x":0.167,"y":0.167},"t":0,"s":[{"i":[[2.449,83.07],[77.947,29.471],[59.77,-17.321],[-3.569,23.997],[0,-52.347],[-82.843,0]],"o":[[-2.174,-87.456],[12.981,60.16],[-11.202,-21.566],[-40.909,26.685],[0,82.521],[83.5,0]],"v":[[149.937,18.615],[13.97,-172.5],[-70.351,-31.5],[-82.067,-102.008],[-150,23.083],[0.001,172.5]],"c":true}]},{"i":{"x":0.833,"y":0.833},"o":{"x":0.167,"y":0.167},"t":4,"s":[{"i":[[2.449,83.07],[65.271,33.773],[59.77,-17.321],[9.404,21.46],[0,-52.347],[-82.843,0]],"o":[[-2.174,-87.456],[1.527,63.584],[-15.458,-29.814],[-29.715,31.04],[0,82.521],[83.5,0]],"v":[[149.937,18.615],[40.979,-172.5],[-62.351,-31.5],[-104.534,-107.037],[-150,23.083],[0.001,172.5]],"c":true}]},{"i":{"x":0.833,"y":0.833},"o":{"x":0.167,"y":0.167},"t":7,"s":[{"i":[[2.449,83.07],[55.764,37],[59.77,-17.321],[19.134,19.558],[0,-52.347],[-82.843,0]],"o":[[-2.174,-87.456],[-7.063,66.152],[-18.649,-36],[-21.32,34.306],[0,82.521],[83.5,0]],"v":[[149.937,18.615],[61.236,-172.5],[-56.351,-31.5],[-112.134,-112.058],[-150,23.083],[0.001,172.5]],"c":true}]},{"i":{"x":0.833,"y":0.833},"o":{"x":0.167,"y":0.167},"t":10,"s":[{"i":[[2.449,83.07],[44.739,38],[59.77,-17.321],[13.859,29.355],[0,-52.347],[-82.843,0]],"o":[[-2.174,-87.456],[-15.653,68.72],[-15.649,-34.5],[3.859,34.355],[0,82.521],[83.5,0]],"v":[[149.937,18.615],[77.261,-165.5],[-50.351,-31.5],[-118.859,-121.855],[-150,23.083],[0.001,172.5]],"c":true}]},{"i":{"x":0.833,"y":0.833},"o":{"x":0.167,"y":0.167},"t":12,"s":[{"i":[[2.449,83.07],[42.455,36.8],[59.77,-17.321],[21.942,23.62],[0,-52.347],[-82.843,0]],"o":[[-2.174,-87.456],[-21.38,70.432],[-13.649,-33.5],[2.742,37.82],[0,82.521],[83.5,0]],"v":[[149.937,18.615],[84.745,-168.3],[-46.351,-31.5],[-111.742,-118.92],[-150,23.083],[0.001,172.5]],"c":true}]},{"i":{"x":0.833,"y":0.833},"o":{"x":0.167,"y":0.167},"t":15,"s":[{"i":[[2.449,83.07],[39.03,35],[59.77,-17.321],[34.067,15.017],[0,-52.347],[-82.843,0]],"o":[[-2.174,-87.456],[-29.97,73],[-10.649,-32],[1.067,43.017],[0,82.521],[83.5,0]],"v":[[149.937,18.615],[95.97,-172.5],[-40.351,-31.5],[-91.067,-94.517],[-150,23.083],[0.001,172.5]],"c":true}]},{"i":{"x":0.833,"y":0.833},"o":{"x":0.167,"y":0.167},"t":17,"s":[{"i":[[2.449,83.07],[30.102,46],[58.514,-19.545],[25.405,16.653],[0,-52.347],[-82.843,0]],"o":[[-2.174,-87.456],[-22.398,66],[-7.507,-32],[-4.53,40.839],[0,82.521],[83.5,0]],"v":[[149.937,18.615],[103.398,-187],[-44.351,-31.5],[-82.905,-98.153],[-150,23.083],[0.001,172.5]],"c":true}]},{"i":{"x":0.833,"y":0.833},"o":{"x":0.167,"y":0.167},"t":19,"s":[{"i":[[2.449,83.07],[21.173,57],[57.258,-21.769],[16.743,18.289],[0,-52.347],[-82.843,0]],"o":[[-2.174,-87.456],[-14.827,59],[-4.364,-32],[-10.127,38.662],[0,82.521],[83.5,0]],"v":[[149.937,18.615],[106.827,-193.5],[-48.351,-31.5],[-74.743,-101.789],[-150,23.083],[0.001,172.5]],"c":true}]},{"i":{"x":0.833,"y":0.833},"o":{"x":0.167,"y":0.167},"t":22,"s":[{"i":[[2.449,83.07],[22.03,62],[55.374,-25.104],[12,15.493],[0,-52.347],[-82.843,0]],"o":[[-2.174,-87.456],[-43.97,49],[0.351,-32],[-18.522,35.395],[0,82.521],[83.5,0]],"v":[[149.937,18.615],[101.97,-176.5],[-54.351,-31.5],[-70,-101.993],[-150,23.083],[0.001,172.5]],"c":true}]},{"i":{"x":0.833,"y":0.833},"o":{"x":0.167,"y":0.167},"t":26,"s":[{"i":[[2.449,83.07],[30.03,29],[52.862,-29.552],[4.215,19.745],[0,-52.347],[-82.843,0]],"o":[[-2.174,-87.456],[-63.97,35],[-5.426,-26.783],[-29.715,31.04],[0,82.521],[83.5,0]],"v":[[149.937,18.615],[90.97,-150.5],[-62.351,-31.5],[-70.034,-102],[-150,23.083],[0.001,172.5]],"c":true}]},{"i":{"x":0.833,"y":0.833},"o":{"x":0.167,"y":0.167},"t":30,"s":[{"i":[[2.449,83.07],[3.03,93],[50.351,-34],[-3.569,23.997],[0,-52.347],[-82.843,0]],"o":[[-2.174,-87.456],[-83.97,9],[-11.202,-21.566],[-40.909,26.685],[0,82.521],[83.5,0]],"v":[[149.937,18.615],[79.97,-153.5],[-70.351,-31.5],[-82.067,-102.008],[-150,23.083],[0.001,172.5]],"c":true}]},{"i":{"x":0.833,"y":0.833},"o":{"x":0.167,"y":0.167},"t":34,"s":[{"i":[[2.449,83.07],[-3.77,104.4],[36.484,-40.667],[6.467,21.602],[0,-52.347],[-82.843,0]],"o":[[-2.174,-87.456],[-71.17,20.467],[-11.054,-24.348],[-29.715,31.04],[0,82.521],[83.5,0]],"v":[[149.937,18.615],[57.636,-172.5],[-62.351,-31.5],[-100.534,-102],[-150,23.083],[0.001,172.5]],"c":true}]},{"i":{"x":0.833,"y":0.833},"o":{"x":0.167,"y":0.167},"t":38,"s":[{"i":[[2.449,83.07],[7.43,94.8],[22.617,-47.333],[16.503,19.208],[0,-52.347],[-82.843,0]],"o":[[-2.174,-87.456],[-58.37,31.933],[-10.907,-27.131],[3,33.493],[0,82.521],[83.5,0]],"v":[[149.937,18.615],[38.303,-172.5],[-54.351,-31.5],[-119,-116.993],[-150,23.083],[0.001,172.5]],"c":true}]},{"i":{"x":0.833,"y":0.833},"o":{"x":0.167,"y":0.167},"t":41,"s":[{"i":[[2.449,83.07],[17.697,73],[12.217,-52.333],[24.031,17.412],[0,-52.347],[-82.843,0]],"o":[[-2.174,-87.456],[-48.77,40.533],[-10.797,-29.218],[-10.127,38.662],[0,82.521],[83.5,0]],"v":[[149.937,18.615],[12.303,-179.5],[-48.351,-31.5],[-109.029,-109.789],[-150,23.083],[0.001,172.5]],"c":true}]},{"i":{"x":0.833,"y":0.833},"o":{"x":0.167,"y":0.167},"t":45,"s":[{"i":[[2.449,83.07],[27.03,78],[-1.649,-59],[34.067,15.017],[0,-52.347],[-82.843,0]],"o":[[-2.174,-87.456],[-35.97,52],[-10.649,-32],[1.067,43.017],[0,82.521],[83.5,0]],"v":[[149.937,18.615],[-7.03,-189.5],[-40.351,-31.5],[-95.067,-101.517],[-150,23.083],[0.001,172.5]],"c":true}]},{"i":{"x":0.833,"y":0.833},"o":{"x":0.167,"y":0.167},"t":48,"s":[{"i":[[2.449,83.07],[37.214,68.294],[10.634,-50.664],[22.467,20.115],[0,-52.347],[-82.843,0]],"o":[[-2.174,-87.456],[-26.18,53.632],[-10.76,-29.913],[-13.033,38.115],[0,82.521],[83.5,0]],"v":[[149.937,18.615],[-4.43,-178.5],[-46.351,-31.5],[-80.467,-101.615],[-150,23.083],[0.001,172.5]],"c":true}]},{"i":{"x":0.833,"y":0.833},"o":{"x":0.167,"y":0.167},"t":51,"s":[{"i":[[2.449,83.07],[51.83,44],[22.918,-42.328],[10.867,25.214],[0,-52.347],[-82.843,0]],"o":[[-2.174,-87.456],[-16.39,55.264],[-10.87,-27.826],[-27.133,33.214],[0,82.521],[83.5,0]],"v":[[149.937,18.615],[0.17,-164.5],[-52.351,-31.5],[-69.867,-101.714],[-150,23.083],[0.001,172.5]],"c":true}]},{"i":{"x":0.833,"y":0.833},"o":{"x":0.167,"y":0.167},"t":55,"s":[{"i":[[2.449,83.07],[60.975,45.647],[39.297,-31.214],[-1.711,28.345],[0,-52.347],[-82.843,0]],"o":[[-2.174,-87.456],[-3.336,57.44],[-8.649,-24],[-33.256,30.312],[0,82.521],[83.5,0]],"v":[[149.937,18.615],[2.081,-165.5],[-60.351,-31.5],[-68.289,-101.845],[-150,23.083],[0.001,172.5]],"c":true}]},{"t":60,"s":[{"i":[[2.449,83.07],[77.947,29.471],[59.77,-17.321],[-3.569,23.997],[0,-52.347],[-82.843,0]],"o":[[-2.174,-87.456],[12.981,60.16],[-11.202,-21.566],[-40.909,26.685],[0,82.521],[83.5,0]],"v":[[149.937,18.615],[13.97,-172.5],[-70.351,-31.5],[-82.067,-102.008],[-150,23.083],[0.001,172.5]],"c":true}]}],"ix":2},"nm":"Path 1","mn":"ADBE Vector Shape - Group","hd":false},{"ty":"fl","c":{"a":0,"k":[1,0,0,1],"ix":4},"o":{"a":0,"k":100,"ix":5},"r":1,"bm":0,"nm":"Fill 1","mn":"ADBE Vector Graphic - Fill","hd":false},{"ty":"tr","p":{"a":0,"k":[0,112.586],"ix":2},"a":{"a":0,"k":[0,112.586],"ix":1},"s":{"a":1,"k":[{"i":{"x":[0.667,0.667],"y":[1,1]},"o":{"x":[0.167,0.167],"y":[0.167,0.167]},"t":0,"s":[100,100]},{"i":{"x":[0.667,0.667],"y":[1,1]},"o":{"x":[0.333,0.333],"y":[0,0]},"t":8,"s":[105,95]},{"i":{"x":[0.667,0.667],"y":[1,1]},"o":{"x":[0.333,0.333],"y":[0,0]},"t":18,"s":[97,103]},{"i":{"x":[0.667,0.667],"y":[1,1]},"o":{"x":[0.333,0.333],"y":[0,0]},"t":30,"s":[105,95]},{"i":{"x":[0.667,0.667],"y":[1,1]},"o":{"x":[0.333,0.333],"y":[0,0]},"t":41,"s":[97,103]},{"i":{"x":[0.833,0.833],"y":[0.833,0.833]},"o":{"x":[0.333,0.333],"y":[0,0]},"t":53,"s":[105,95]},{"t":60,"s":[100.009,99.991]}],"ix":3},"r":{"a":0,"k":0,"ix":6},"o":{"a":0,"k":100,"ix":7},"sk":{"a":0,"k":0,"ix":4},"sa":{"a":0,"k":0,"ix":5},"nm":"Transform"}],"nm":"body","np":2,"cix":2,"bm":0,"ix":1,"mn":"ADBE Vector Group","hd":false}],"ip":0,"op":1800,"st":0,"ct":1,"bm":0}]}],"layers":[{"ddd":0,"ind":1,"ty":3,"nm":"control","sr":1,"ks":{"o":{"a":0,"k":0,"ix":11},"r":{"a":0,"k":0,"ix":10},"p":{"a":0,"k":[0,0],"ix":2,"l":2},"a":{"a":0,"k":[0,0,0],"ix":1,"l":2},"s":{"a":0,"k":[100,100,100],"ix":6,"l":2}},"ao":0,"ef":[{"ty":5,"nm":"stroke","np":3,"mn":"Pseudo/@@2PHNODtQQAmxOtygaTBcgg","ix":1,"en":1,"ef":[{"ty":7,"nm":"Menu","mn":"Pseudo/@@2PHNODtQQAmxOtygaTBcgg-0001","ix":1,"v":{"a":0,"k":2,"ix":1}}]},{"ty":5,"nm":"primary","np":3,"mn":"ADBE Color Control","ix":2,"en":1,"ef":[{"ty":2,"nm":"Color","mn":"ADBE Color Control-0001","ix":1,"v":{"a":0,"k":[0.071,0.075,0.192],"ix":1}}]},{"ty":5,"nm":"secondary","np":3,"mn":"ADBE Color Control","ix":3,"en":1,"ef":[{"ty":2,"nm":"Color","mn":"ADBE Color Control-0001","ix":1,"v":{"a":0,"k":[0.031,0.659,0.541],"ix":1}}]}],"ip":0,"op":371,"st":0,"bm":0},{"ddd":0,"ind":2,"ty":0,"nm":"in-reveal","refId":"comp_0","sr":1,"ks":{"o":{"a":0,"k":100,"ix":11},"r":{"a":0,"k":0,"ix":10},"p":{"a":0,"k":[215,215,0],"ix":2,"l":2},"a":{"a":0,"k":[215,215,0],"ix":1,"l":2},"s":{"a":0,"k":[100,100,100],"ix":6,"l":2}},"ao":0,"w":430,"h":430,"ip":0,"op":100,"st":0,"bm":0},{"ddd":0,"ind":3,"ty":0,"nm":"hover-flame","refId":"comp_3","sr":1,"ks":{"o":{"a":0,"k":100,"ix":11},"r":{"a":0,"k":0,"ix":10},"p":{"a":0,"k":[215,215,0],"ix":2,"l":2},"a":{"a":0,"k":[215,215,0],"ix":1,"l":2},"s":{"a":0,"k":[100,100,100],"ix":6,"l":2}},"ao":0,"w":430,"h":430,"ip":100,"op":230,"st":100,"bm":0},{"ddd":0,"ind":4,"ty":0,"nm":"loop-cycle","refId":"comp_4","sr":1,"ks":{"o":{"a":0,"k":100,"ix":11},"r":{"a":0,"k":0,"ix":10},"p":{"a":0,"k":[215,215,0],"ix":2,"l":2},"a":{"a":0,"k":[215,215,0],"ix":1,"l":2},"s":{"a":0,"k":[100,100,100],"ix":6,"l":2}},"ao":0,"w":430,"h":430,"ip":230,"op":300,"st":230,"bm":0},{"ddd":0,"ind":5,"ty":0,"nm":"morph-circle","refId":"comp_5","sr":1,"ks":{"o":{"a":0,"k":100,"ix":11},"r":{"a":0,"k":0,"ix":10},"p":{"a":0,"k":[215,215,0],"ix":2,"l":2},"a":{"a":0,"k":[215,215,0],"ix":1,"l":2},"s":{"a":0,"k":[100,100,100],"ix":6,"l":2}},"ao":0,"w":430,"h":430,"ip":300,"op":340,"st":300,"bm":0},{"ddd":0,"ind":6,"ty":0,"nm":"morph-square","refId":"comp_7","sr":1,"ks":{"o":{"a":0,"k":100,"ix":11},"r":{"a":0,"k":0,"ix":10},"p":{"a":0,"k":[215,215,0],"ix":2,"l":2},"a":{"a":0,"k":[215,215,0],"ix":1,"l":2},"s":{"a":0,"k":[100,100,100],"ix":6,"l":2}},"ao":0,"w":430,"h":430,"ip":340,"op":380,"st":340,"bm":0}],"markers":[{"tm":0,"cm":"in-reveal","dr":90},{"tm":100,"cm":"default:hover-flame","dr":120},{"tm":230,"cm":"loop-cycle","dr":60},{"tm":300,"cm":"morph-circle","dr":30},{"tm":340,"cm":"morph-square","dr":30}],"props":{}}