{"v":"5.12.1","fr":60,"ip":0,"op":50,"w":430,"h":430,"nm":"wired-outline-70-attachment","ddd":0,"assets":[{"id":"comp_0","nm":"hover-pinch","fr":60,"layers":[{"ddd":0,"ind":1,"ty":4,"nm":"clip","sr":1,"ks":{"o":{"a":0,"k":100,"ix":11},"r":{"a":1,"k":[{"i":{"x":[0.02],"y":[1]},"o":{"x":[0.167],"y":[0.167]},"t":0,"s":[0]},{"i":{"x":[0.833],"y":[0.833]},"o":{"x":[0.98],"y":[0]},"t":12,"s":[17]},{"i":{"x":[0.833],"y":[0.833]},"o":{"x":[0.167],"y":[0.167]},"t":32,"s":[-6]},{"i":{"x":[0.23],"y":[1]},"o":{"x":[0.167],"y":[0.167]},"t":40,"s":[4]},{"t":50,"s":[0]}],"ix":10},"p":{"a":1,"k":[{"i":{"x":0.308,"y":1},"o":{"x":0.167,"y":0.167},"t":0,"s":[215,220,0],"to":[3.333,4.167,0],"ti":[0,0,0]},{"i":{"x":0.833,"y":0.833},"o":{"x":0.747,"y":0},"t":12,"s":[235,245,0],"to":[0,0,0],"ti":[3.333,4.167,0]},{"t":32,"s":[215,220,0]}],"ix":2,"l":2},"a":{"a":0,"k":[0,0,0],"ix":1,"l":2},"s":{"a":0,"k":[100,100,100],"ix":6,"l":2}},"ao":0,"shapes":[{"ty":"gr","it":[{"ind":0,"ty":"sh","ix":1,"ks":{"a":1,"k":[{"i":{"x":0.308,"y":1},"o":{"x":0.167,"y":0.167},"t":0,"s":[{"i":[[0,0],[0,0],[-22.091,0],[0,-22.091],[0,0],[33.137,0],[0,33.137],[0,0],[-44.183,0],[0,-44.183],[0,0]],"o":[[0,0],[0,-22.091],[22.091,0],[0,0],[0,33.137],[-33.137,0],[0,0],[0,-44.183],[44.183,0],[0,0],[0,0]],"v":[[-40,125],[-40,-105],[0,-145],[40,-105],[40,145],[-20,205],[-80,145],[-80,-125],[0,-205],[80,-125],[80,125]],"c":false}]},{"i":{"x":0.833,"y":0.833},"o":{"x":0.747,"y":0},"t":12,"s":[{"i":[[0,0],[0,0],[-22.091,0],[0,-22.091],[0,0],[33.137,0],[4.591,34.829],[0,0],[-41.311,-0.076],[-1.263,-41.292],[0,0]],"o":[[0,0],[0,-22.091],[22.091,0],[0,0],[0,33.137],[-33.137,0],[0,0],[-1.263,-41.292],[41.311,0.076],[0,0],[0,0]],"v":[[-40,125],[-40,-105],[0,-145],[40,-105],[40,145],[-20,205],[-80,145],[-132.997,-131.562],[-60.485,-206.19],[16.603,-131.288],[40.541,107.492]],"c":false}]},{"i":{"x":0.833,"y":0.833},"o":{"x":0.167,"y":0.167},"t":32,"s":[{"i":[[0,0],[0,0],[-22.091,0],[0,-22.091],[0,0],[33.137,0],[0,33.137],[0,0],[-44.183,0],[0,-44.183],[0,0]],"o":[[0,0],[0,-22.091],[22.091,0],[0,0],[0,33.137],[-33.137,0],[0,0],[0,-44.183],[44.183,0],[0,0],[0,0]],"v":[[-32.968,125.739],[-50.789,-107.2],[-10.789,-147.201],[29.211,-107.2],[40,145],[-20,205],[-80,145],[-80,-125],[0,-205],[80,-125],[80,125]],"c":false}]},{"i":{"x":0.329,"y":1},"o":{"x":0.167,"y":0.167},"t":40,"s":[{"i":[[0,0],[0,0],[-22.091,0],[0,-22.091],[0,0],[33.137,0],[0,33.137],[0,0],[-44.183,0],[0,-44.183],[0,0]],"o":[[0,0],[0,-22.091],[22.091,0],[0,0],[-4.275,36.444],[-33.137,0],[0,0],[0,-44.183],[44.183,0],[0,0],[0,0]],"v":[[-46.726,125.116],[-29.419,-105.74],[10.581,-145.74],[50.581,-105.74],[40,145],[-20,205],[-80,145],[-80,-125],[0,-205],[80,-125],[80,125]],"c":false}]},{"t":50,"s":[{"i":[[0,0],[0,0],[-22.091,0],[0,-22.091],[0,0],[33.137,0],[0,33.137],[0,0],[-44.183,0],[0,-44.183],[0,0]],"o":[[0,0],[0,-22.091],[22.091,0],[0,0],[0,33.137],[-33.137,0],[0,0],[0,-44.183],[44.183,0],[0,0],[0,0]],"v":[[-40,125],[-40,-105],[0,-145],[40,-105],[40,145],[-20,205],[-80,145],[-80,-125],[0,-205],[80,-125],[80,125]],"c":false}]}],"ix":2},"nm":"Path 1","mn":"ADBE Vector Shape - Group","hd":false},{"ty":"st","c":{"a":0,"k":[0.071,0.075,0.192,1],"ix":3,"x":"var $bm_rt;\n$bm_rt = comp('wired-outline-70-attachment').layer('control').effect('primary')('Color');"},"o":{"a":0,"k":100,"ix":4},"w":{"a":0,"k":12,"ix":5,"x":"var $bm_rt;\n$bm_rt = $bm_mul($bm_div(value, 2), comp('wired-outline-70-attachment').layer('control').effect('stroke')('Menu'));"},"lc":2,"lj":2,"bm":0,"nm":".primary","mn":"ADBE Vector Graphic - Stroke","hd":false,"cl":"primary"},{"ty":"tr","p":{"a":0,"k":[0,0],"ix":2},"a":{"a":0,"k":[0,0],"ix":1},"s":{"a":0,"k":[100,100],"ix":3},"r":{"a":0,"k":45,"ix":6},"o":{"a":0,"k":100,"ix":7},"sk":{"a":0,"k":0,"ix":4},"sa":{"a":0,"k":0,"ix":5},"nm":"Transform"}],"nm":"clip","np":2,"cix":2,"bm":0,"ix":1,"mn":"ADBE Vector Group","hd":false}],"ip":0,"op":300,"st":0,"ct":1,"bm":0}]}],"layers":[{"ddd":0,"ind":1,"ty":3,"nm":"control","sr":1,"ks":{"o":{"a":0,"k":0,"ix":11},"r":{"a":0,"k":0,"ix":10},"p":{"a":0,"k":[0,0],"ix":2,"l":2},"a":{"a":0,"k":[0,0,0],"ix":1,"l":2},"s":{"a":0,"k":[100,100,100],"ix":6,"l":2}},"ao":0,"ef":[{"ty":5,"nm":"stroke","np":3,"mn":"Pseudo/@@+eYyqzCxQ7a58EjnVD/icw","ix":1,"en":1,"ef":[{"ty":7,"nm":"Menu","mn":"Pseudo/@@+eYyqzCxQ7a58EjnVD/icw-0001","ix":1,"v":{"a":0,"k":2,"ix":1}}]},{"ty":5,"nm":"primary","np":3,"mn":"ADBE Color Control","ix":2,"en":1,"ef":[{"ty":2,"nm":"Color","mn":"ADBE Color Control-0001","ix":1,"v":{"a":0,"k":[0.071,0.075,0.192],"ix":1}}]}],"ip":0,"op":51,"st":0,"bm":0},{"ddd":0,"ind":2,"ty":0,"nm":"hover-pinch","refId":"comp_0","sr":1,"ks":{"o":{"a":0,"k":100,"ix":11},"r":{"a":0,"k":0,"ix":10},"p":{"a":0,"k":[215,215,0],"ix":2,"l":2},"a":{"a":0,"k":[215,215,0],"ix":1,"l":2},"s":{"a":0,"k":[100,100,100],"ix":6,"l":2}},"ao":0,"w":430,"h":430,"ip":0,"op":60,"st":0,"bm":0}],"markers":[{"tm":0,"cm":"default:hover-pinch","dr":50}],"props":{}}