{"v":"5.12.1","fr":60,"ip":0,"op":115,"w":430,"h":430,"nm":"wired-outline-1023-portfolio","ddd":0,"assets":[{"id":"comp_0","nm":"hover-pinch","fr":60,"layers":[{"ddd":0,"ind":1,"ty":4,"nm":"body","sr":1,"ks":{"o":{"a":0,"k":100,"ix":11},"r":{"a":0,"k":0,"ix":10},"p":{"a":0,"k":[325,383.859,0],"ix":2,"l":2},"a":{"a":0,"k":[0,12.929,0],"ix":1,"l":2},"s":{"a":0,"k":[100,100,100],"ix":6,"l":2}},"ao":0,"shapes":[{"ty":"gr","it":[{"ind":0,"ty":"sh","ix":1,"ks":{"a":1,"k":[{"i":{"x":0.667,"y":1},"o":{"x":0.333,"y":0},"t":0,"s":[{"i":[[12.426,0],[0,-12.426],[0,0],[-12.426,0],[0,12.426],[0,0]],"o":[[-12.426,0],[0,0],[0,12.426],[12.426,0],[0,0],[0,-12.426]],"v":[[0,-22.5],[-22.5,0],[-22.5,0],[0,22.5],[22.5,0],[22.5,0]],"c":true}]},{"i":{"x":0.667,"y":1},"o":{"x":0.333,"y":0},"t":19,"s":[{"i":[[12.426,0],[0,-12.426],[0,0],[-12.426,0],[0,12.426],[0,0]],"o":[[-12.426,0],[0,0],[0,12.426],[12.426,0],[0,0],[0,-12.426]],"v":[[-21.25,-22.571],[-43.75,-0.071],[-43.75,-0.071],[-21.25,22.429],[1.25,-0.071],[1.25,-0.071]],"c":true}]},{"i":{"x":0.667,"y":1},"o":{"x":0.333,"y":0},"t":40,"s":[{"i":[[12.426,0],[0,-12.426],[0,0],[-12.426,0],[0,12.426],[0,0]],"o":[[-12.426,0],[0,0],[0,12.426],[12.426,0],[0,0],[0,-12.426]],"v":[[-21.25,-22.571],[-43.75,-0.071],[-43.75,-0.071],[-21.25,22.429],[1.25,-0.071],[1.25,-0.071]],"c":true}]},{"i":{"x":0.667,"y":1},"o":{"x":0.333,"y":0},"t":59,"s":[{"i":[[12.426,0],[0,-12.426],[0,0],[-12.426,0],[0,12.426],[0,0]],"o":[[-12.426,0],[0,0],[0,12.426],[12.426,0],[0,0],[0,-12.426]],"v":[[23.25,-22.712],[0.75,-0.212],[0.75,-0.212],[23.25,22.288],[45.75,-0.212],[45.75,-0.212]],"c":true}]},{"i":{"x":0.667,"y":1},"o":{"x":0.333,"y":0},"t":80,"s":[{"i":[[12.426,0],[0,-12.426],[0,0],[-12.426,0],[0,12.426],[0,0]],"o":[[-12.426,0],[0,0],[0,12.426],[12.426,0],[0,0],[0,-12.426]],"v":[[23.25,-22.712],[0.75,-0.212],[0.75,-0.212],[23.25,22.288],[45.75,-0.212],[45.75,-0.212]],"c":true}]},{"t":99,"s":[{"i":[[12.426,0],[0,-12.426],[0,0],[-12.426,0],[0,12.426],[0,0]],"o":[[-12.426,0],[0,0],[0,12.426],[12.426,0],[0,0],[0,-12.426]],"v":[[0,-22.5],[-22.5,0],[-22.5,0],[0,22.5],[22.5,0],[22.5,0]],"c":true}]}],"ix":2},"nm":"Path 1","mn":"ADBE Vector Shape - Group","hd":false},{"ty":"st","c":{"a":0,"k":[0.031,0.659,0.541,1],"ix":3,"x":"var $bm_rt;\n$bm_rt = comp('wired-outline-1023-portfolio').layer('control').effect('secondary')('Color');"},"o":{"a":0,"k":100,"ix":4},"w":{"a":0,"k":12,"ix":5,"x":"var $bm_rt;\n$bm_rt = $bm_mul($bm_div(value, 2), comp('wired-outline-1023-portfolio').layer('control').effect('stroke')('Menu'));"},"lc":2,"lj":2,"bm":0,"nm":".secondary","mn":"ADBE Vector Graphic - Stroke","hd":false,"cl":"secondary"},{"ty":"tr","p":{"a":1,"k":[{"i":{"x":0.667,"y":1},"o":{"x":0.333,"y":0},"t":0,"s":[0,-58],"to":[0,0],"ti":[0,0]},{"i":{"x":0.667,"y":1},"o":{"x":0.333,"y":0},"t":8,"s":[0,-47],"to":[0,0],"ti":[0,0]},{"i":{"x":0.667,"y":0.667},"o":{"x":0.333,"y":0.333},"t":19,"s":[0,-58],"to":[0,0],"ti":[0,0]},{"i":{"x":0.667,"y":1},"o":{"x":0.333,"y":0},"t":40,"s":[0,-58],"to":[0,0],"ti":[0,0]},{"i":{"x":0.667,"y":1},"o":{"x":0.333,"y":0},"t":48,"s":[0,-47],"to":[0,0],"ti":[0,0]},{"i":{"x":0.667,"y":0.667},"o":{"x":0.333,"y":0.333},"t":59,"s":[0,-58],"to":[0,0],"ti":[0,0]},{"i":{"x":0.667,"y":1},"o":{"x":0.333,"y":0},"t":80,"s":[0,-58],"to":[0,0],"ti":[0,0]},{"i":{"x":0.667,"y":1},"o":{"x":0.333,"y":0},"t":88,"s":[0,-47],"to":[0,0],"ti":[0,0]},{"t":99,"s":[0,-58]}],"ix":2},"a":{"a":0,"k":[0,0],"ix":1},"s":{"a":0,"k":[100,100],"ix":3},"r":{"a":0,"k":0,"ix":6},"o":{"a":0,"k":100,"ix":7},"sk":{"a":0,"k":0,"ix":4},"sa":{"a":0,"k":0,"ix":5},"nm":"Transform"}],"nm":"head","np":2,"cix":2,"bm":0,"ix":1,"mn":"ADBE Vector Group","hd":false},{"ty":"gr","it":[{"ind":0,"ty":"sh","ix":1,"ks":{"a":1,"k":[{"i":{"x":0.667,"y":1},"o":{"x":0.333,"y":0},"t":0,"s":[{"i":[[0,0],[0.029,0.455],[-15.163,0],[0,0],[-2.017,-14.609],[0,0]],"o":[[0,0],[2.018,-14.608],[0,0],[15.164,0],[0,0],[0,0]],"v":[[-44.718,13.821],[-44.716,12.928],[-15,-12.929],[15,-12.929],[44.716,12.929],[44.784,14.178]],"c":false}]},{"i":{"x":0.667,"y":1},"o":{"x":0.333,"y":0},"t":19,"s":[{"i":[[0,0],[0.013,0.195],[-6.489,0],[0,0],[-5.521,-18.365],[0,0]],"o":[[0,0],[0,-6.565],[0,0],[19.718,0],[0,0],[0,0]],"v":[[-44.718,13.821],[-44.683,0.386],[-32,-12.929],[6.053,-12.929],[41.232,13.433],[41.569,15.024]],"c":false}]},{"i":{"x":0.667,"y":1},"o":{"x":0.333,"y":0},"t":40,"s":[{"i":[[0,0],[0.013,0.195],[-6.489,0],[0,0],[-5.521,-18.365],[0,0]],"o":[[0,0],[0,-6.565],[0,0],[19.718,0],[0,0],[0,0]],"v":[[-44.718,13.821],[-44.683,0.386],[-32,-12.929],[6.053,-12.929],[41.232,13.433],[41.569,15.024]],"c":false}]},{"i":{"x":0.667,"y":1},"o":{"x":0.333,"y":0},"t":59,"s":[{"i":[[0,0],[-0.074,0.605],[-20.265,0],[0,0],[-1.103,-7.987],[0,0]],"o":[[0,0],[6.256,-18.689],[0,0],[8.29,0],[0,0],[0,0]],"v":[[-42.519,16.618],[-42.297,15.446],[-5.001,-12.929],[28.5,-12.929],[44.747,1.208],[44.817,11.641]],"c":false}]},{"i":{"x":0.667,"y":1},"o":{"x":0.333,"y":0},"t":80,"s":[{"i":[[0,0],[-0.074,0.605],[-20.265,0],[0,0],[-1.103,-7.987],[0,0]],"o":[[0,0],[6.256,-18.689],[0,0],[8.29,0],[0,0],[0,0]],"v":[[-42.519,16.618],[-42.297,15.446],[-5.001,-12.929],[28.5,-12.929],[44.747,1.208],[44.817,11.641]],"c":false}]},{"t":99,"s":[{"i":[[0,0],[0.029,0.455],[-15.163,0],[0,0],[-2.017,-14.609],[0,0]],"o":[[0,0],[2.018,-14.608],[0,0],[15.164,0],[0,0],[0,0]],"v":[[-44.718,13.821],[-44.716,12.928],[-15,-12.929],[15,-12.929],[44.716,12.929],[44.784,14.178]],"c":false}]}],"ix":2},"nm":"Path 1","mn":"ADBE Vector Shape - Group","hd":false},{"ty":"st","c":{"a":0,"k":[0.031,0.659,0.541,1],"ix":3,"x":"var $bm_rt;\n$bm_rt = comp('wired-outline-1023-portfolio').layer('control').effect('secondary')('Color');"},"o":{"a":0,"k":100,"ix":4},"w":{"a":0,"k":12,"ix":5,"x":"var $bm_rt;\n$bm_rt = $bm_mul($bm_div(value, 2), comp('wired-outline-1023-portfolio').layer('control').effect('stroke')('Menu'));"},"lc":1,"lj":1,"ml":4,"bm":0,"nm":".secondary","mn":"ADBE Vector Graphic - Stroke","hd":false,"cl":"secondary"},{"ty":"tr","p":{"a":0,"k":[0,0],"ix":2},"a":{"a":0,"k":[0,0],"ix":1},"s":{"a":0,"k":[100,100],"ix":3},"r":{"a":0,"k":0,"ix":6},"o":{"a":0,"k":100,"ix":7},"sk":{"a":0,"k":0,"ix":4},"sa":{"a":0,"k":0,"ix":5},"nm":"Transform"}],"nm":"body","np":2,"cix":2,"bm":0,"ix":2,"mn":"ADBE Vector Group","hd":false}],"ip":0,"op":1800,"st":0,"ct":1,"bm":0},{"ddd":0,"ind":2,"ty":4,"nm":"circle","sr":1,"ks":{"o":{"a":0,"k":100,"ix":11},"r":{"a":0,"k":0,"ix":10},"p":{"a":0,"k":[325,330,0],"ix":2,"l":2},"a":{"a":0,"k":[0,0,0],"ix":1,"l":2},"s":{"a":0,"k":[100,100,100],"ix":6,"l":2}},"ao":0,"shapes":[{"ty":"gr","it":[{"ind":0,"ty":"sh","ix":1,"ks":{"a":0,"k":{"i":[[-12.127,10.08],[0,21.658],[38.66,0],[0,-38.66],[-15.448,-12.84],[-17.003,0]],"o":[[15.449,-12.84],[0,-38.66],[-38.66,0],[0,21.657],[12.128,10.081],[17.002,0]],"v":[[44.716,53.859],[70,0],[0,-70],[-70,0],[-44.717,53.857],[0,70]],"c":true},"ix":2},"nm":"Path 1","mn":"ADBE Vector Shape - Group","hd":false},{"ty":"st","c":{"a":0,"k":[0.031,0.659,0.541,1],"ix":3,"x":"var $bm_rt;\n$bm_rt = comp('wired-outline-1023-portfolio').layer('control').effect('secondary')('Color');"},"o":{"a":0,"k":100,"ix":4},"w":{"a":0,"k":12,"ix":5,"x":"var $bm_rt;\n$bm_rt = $bm_mul($bm_div(value, 2), comp('wired-outline-1023-portfolio').layer('control').effect('stroke')('Menu'));"},"lc":1,"lj":1,"ml":4,"bm":0,"nm":".secondary","mn":"ADBE Vector Graphic - Stroke","hd":false,"cl":"secondary"},{"ty":"tr","p":{"a":0,"k":[0,0],"ix":2},"a":{"a":0,"k":[0,0],"ix":1},"s":{"a":0,"k":[100,100],"ix":3},"r":{"a":0,"k":0,"ix":6},"o":{"a":0,"k":100,"ix":7},"sk":{"a":0,"k":0,"ix":4},"sa":{"a":0,"k":0,"ix":5},"nm":"Transform"}],"nm":"circle","np":2,"cix":2,"bm":0,"ix":1,"mn":"ADBE Vector Group","hd":false}],"ip":0,"op":1800,"st":0,"ct":1,"bm":0},{"ddd":0,"ind":3,"ty":4,"nm":"mask","td":1,"sr":1,"ks":{"o":{"a":0,"k":100,"ix":11},"r":{"a":0,"k":0,"ix":10},"p":{"a":0,"k":[325,330,0],"ix":2,"l":2},"a":{"a":0,"k":[0,0,0],"ix":1,"l":2},"s":{"a":0,"k":[100,100,100],"ix":6,"l":2}},"ao":0,"shapes":[{"ty":"gr","it":[{"ind":0,"ty":"sh","ix":1,"ks":{"a":0,"k":{"i":[[-12.127,10.08],[0,21.658],[38.66,0],[0,-38.66],[-15.448,-12.84],[-17.003,0]],"o":[[15.449,-12.84],[0,-38.66],[-38.66,0],[0,21.657],[12.128,10.081],[17.002,0]],"v":[[44.716,53.859],[70,0],[0,-70],[-70,0],[-44.717,53.857],[0,70]],"c":true},"ix":2},"nm":"Path 1","mn":"ADBE Vector Shape - Group","hd":false},{"ty":"fl","c":{"a":0,"k":[1,0,0,1],"ix":4},"o":{"a":0,"k":100,"ix":5},"r":1,"bm":0,"nm":"Fill 1","mn":"ADBE Vector Graphic - Fill","hd":false},{"ty":"tr","p":{"a":0,"k":[0,0],"ix":2},"a":{"a":0,"k":[0,0],"ix":1},"s":{"a":0,"k":[100,100],"ix":3},"r":{"a":0,"k":0,"ix":6},"o":{"a":0,"k":100,"ix":7},"sk":{"a":0,"k":0,"ix":4},"sa":{"a":0,"k":0,"ix":5},"nm":"Transform"}],"nm":"circle","np":2,"cix":2,"bm":0,"ix":1,"mn":"ADBE Vector Group","hd":false}],"ip":0,"op":1800,"st":0,"ct":1,"bm":0},{"ddd":0,"ind":4,"ty":4,"nm":"Vector","tt":2,"tp":3,"sr":1,"ks":{"o":{"a":0,"k":100,"ix":11},"r":{"a":1,"k":[{"i":{"x":[0.28],"y":[1]},"o":{"x":[0.333],"y":[0]},"t":6,"s":[0]},{"i":{"x":[0.667],"y":[1]},"o":{"x":[0.72],"y":[0]},"t":27,"s":[7]},{"i":{"x":[0.667],"y":[1]},"o":{"x":[0.333],"y":[0]},"t":47,"s":[-7]},{"i":{"x":[0.667],"y":[1]},"o":{"x":[0.333],"y":[0]},"t":66,"s":[7]},{"i":{"x":[0.667],"y":[1]},"o":{"x":[0.333],"y":[0]},"t":91,"s":[-2]},{"t":115,"s":[0]}],"ix":10},"p":{"a":1,"k":[{"i":{"x":0.667,"y":1},"o":{"x":0.333,"y":0},"t":0,"s":[215.002,74.759,0],"to":[0,0,0],"ti":[0,0,0]},{"i":{"x":0.667,"y":1},"o":{"x":0.333,"y":0},"t":21,"s":[215.002,107.759,0],"to":[0,0,0],"ti":[0,0,0]},{"i":{"x":0.667,"y":1},"o":{"x":0.333,"y":0},"t":41,"s":[215.002,61.759,0],"to":[0,0,0],"ti":[0,0,0]},{"i":{"x":0.667,"y":1},"o":{"x":0.333,"y":0},"t":60,"s":[215.002,82.759,0],"to":[0,0,0],"ti":[0,0,0]},{"t":85,"s":[215.002,74.759,0]}],"ix":2,"l":2},"a":{"a":0,"k":[0.002,-130.241,0],"ix":1,"l":2},"s":{"a":0,"k":[100,100,100],"ix":6,"l":2}},"ao":0,"shapes":[{"ty":"gr","it":[{"ind":0,"ty":"sh","ix":1,"ks":{"a":0,"k":{"i":[[0,0],[0,0]],"o":[[0,0],[0,0]],"v":[[175,30],[-175,30]],"c":false},"ix":2},"nm":"Path 1","mn":"ADBE Vector Shape - Group","hd":false},{"ind":1,"ty":"sh","ix":2,"ks":{"a":0,"k":{"i":[[0,0],[0,0],[0,0],[0,0]],"o":[[0,0],[0,0],[0,0],[0,0]],"v":[[48,30],[48,70],[-42,70],[-42,30]],"c":false},"ix":2},"nm":"Path 2","mn":"ADBE Vector Shape - Group","hd":false},{"ind":2,"ty":"sh","ix":3,"ks":{"a":0,"k":{"i":[[0,0],[0,16.569],[0,0],[16.569,0],[0,0],[0,-16.569],[0,0],[-16.569,0]],"o":[[16.569,0],[0,0],[0,-16.569],[0,0],[-16.569,0],[0,0],[0,16.569],[0,0]],"v":[[145,155],[175,125],[175,-75],[145,-105],[-145,-105],[-175,-75],[-175,125],[-145,155]],"c":true},"ix":2},"nm":"Path 3","mn":"ADBE Vector Shape - Group","hd":false},{"ind":3,"ty":"sh","ix":4,"ks":{"a":0,"k":{"i":[[0,0],[0,0],[-11.046,0],[0,0],[0,-11.046],[0,0]],"o":[[0,0],[0,-11.046],[0,0],[11.046,0],[0,0],[0,0]],"v":[[-75,-105],[-75,-135],[-55,-155],[55,-155],[75,-135],[75,-105]],"c":false},"ix":2},"nm":"Path 4","mn":"ADBE Vector Shape - Group","hd":false},{"ty":"mm","mm":1,"nm":"Merge Paths 1","mn":"ADBE Vector Filter - Merge","hd":false},{"ty":"st","c":{"a":0,"k":[0.071,0.075,0.192,1],"ix":3,"x":"var $bm_rt;\n$bm_rt = comp('wired-outline-1023-portfolio').layer('control').effect('primary')('Color');"},"o":{"a":0,"k":100,"ix":4},"w":{"a":0,"k":12,"ix":5,"x":"var $bm_rt;\n$bm_rt = $bm_mul($bm_div(value, 2), comp('wired-outline-1023-portfolio').layer('control').effect('stroke')('Menu'));"},"lc":2,"lj":2,"bm":0,"nm":".primary","mn":"ADBE Vector Graphic - Stroke","hd":false,"cl":"primary"},{"ty":"tr","p":{"a":0,"k":[0,0],"ix":2},"a":{"a":0,"k":[0,0],"ix":1},"s":{"a":0,"k":[100,100],"ix":3},"r":{"a":0,"k":0,"ix":6},"o":{"a":0,"k":100,"ix":7},"sk":{"a":0,"k":0,"ix":4},"sa":{"a":0,"k":0,"ix":5},"nm":"Transform"}],"nm":"Vector","np":6,"cix":2,"bm":0,"ix":1,"mn":"ADBE Vector Group","hd":false}],"ip":0,"op":1800,"st":0,"ct":1,"bm":0}]}],"layers":[{"ddd":0,"ind":1,"ty":3,"nm":"control","sr":1,"ks":{"o":{"a":0,"k":0,"ix":11},"r":{"a":0,"k":0,"ix":10},"p":{"a":0,"k":[0,0],"ix":2,"l":2},"a":{"a":0,"k":[0,0,0],"ix":1,"l":2},"s":{"a":0,"k":[100,100,100],"ix":6,"l":2}},"ao":0,"ef":[{"ty":5,"nm":"stroke","np":3,"mn":"Pseudo/@@6kWrvyFsSXGKSBfM2Va1cA","ix":1,"en":1,"ef":[{"ty":7,"nm":"Menu","mn":"Pseudo/@@6kWrvyFsSXGKSBfM2Va1cA-0001","ix":1,"v":{"a":0,"k":2,"ix":1}}]},{"ty":5,"nm":"primary","np":3,"mn":"ADBE Color Control","ix":2,"en":1,"ef":[{"ty":2,"nm":"Color","mn":"ADBE Color Control-0001","ix":1,"v":{"a":0,"k":[0.071,0.075,0.192],"ix":1}}]},{"ty":5,"nm":"secondary","np":3,"mn":"ADBE Color Control","ix":3,"en":1,"ef":[{"ty":2,"nm":"Color","mn":"ADBE Color Control-0001","ix":1,"v":{"a":0,"k":[0.031,0.659,0.541],"ix":1}}]}],"ip":0,"op":116,"st":0,"bm":0},{"ddd":0,"ind":2,"ty":0,"nm":"hover-pinch","refId":"comp_0","sr":1,"ks":{"o":{"a":0,"k":100,"ix":11},"r":{"a":0,"k":0,"ix":10},"p":{"a":0,"k":[215,215,0],"ix":2,"l":2},"a":{"a":0,"k":[215,215,0],"ix":1,"l":2},"s":{"a":0,"k":[100,100,100],"ix":6,"l":2}},"ao":0,"w":430,"h":430,"ip":0,"op":125,"st":0,"bm":0}],"markers":[{"tm":0,"cm":"default:hover-pinch","dr":115}],"props":{}}