{"v":"5.12.1","fr":60,"ip":100,"op":252,"w":430,"h":430,"nm":"wired-outline-967-questionnaire","ddd":0,"assets":[{"id":"comp_0","nm":"in-reveal","fr":60,"layers":[{"ddd":0,"ind":1,"ty":4,"nm":"Pen","sr":1,"ks":{"o":{"a":0,"k":100,"ix":11},"r":{"a":1,"k":[{"i":{"x":[0.362],"y":[1]},"o":{"x":[0.333],"y":[0]},"t":29.076,"s":[0]},{"i":{"x":[0.378],"y":[1]},"o":{"x":[0.333],"y":[0]},"t":60.809,"s":[8]},{"t":90,"s":[0]}],"ix":10},"p":{"a":1,"k":[{"i":{"x":0.271,"y":1},"o":{"x":0.333,"y":0},"t":24,"s":[351.686,215.19,0],"to":[0,0,0],"ti":[0,0,0]},{"i":{"x":0.378,"y":1},"o":{"x":0.333,"y":0},"t":44.541,"s":[370.686,235.19,0],"to":[0,0,0],"ti":[0,0,0]},{"t":76.400390625,"s":[351.686,215.19,0]}],"ix":2,"l":2},"a":{"a":0,"k":[386.686,250.19,0],"ix":1,"l":2},"s":{"a":0,"k":[100,100,100],"ix":6,"l":2}},"ao":0,"shapes":[{"ty":"gr","it":[{"ind":0,"ty":"sh","ix":1,"ks":{"a":1,"k":[{"i":{"x":0.833,"y":0.833},"o":{"x":0.167,"y":0.167},"t":24,"s":[{"i":[[-11.529,0],[0,-11.184],[11.529,0],[0,11.184]],"o":[[11.529,0],[0,11.184],[-11.529,0],[0,-11.184]],"v":[[-0.323,-344.125],[20.552,-323.875],[-0.323,-303.625],[-21.198,-323.875]],"c":true}]},{"i":{"x":0.18,"y":1},"o":{"x":0.167,"y":0.167},"t":32.885,"s":[{"i":[[-11.529,0],[0,-11.184],[11.529,0],[0,11.184]],"o":[[11.529,0],[0,11.184],[-11.529,0],[0,-11.184]],"v":[[0.49,-255.5],[21.365,-235.25],[0.49,-215],[-20.385,-235.25]],"c":true}]},{"t":68.423828125,"s":[{"i":[[-11.529,0],[0,0],[11.529,0],[0,0]],"o":[[11.529,0],[0,0],[-11.529,0],[0,0]],"v":[[0.125,-23.5],[21,-23.5],[0.125,-23.5],[-20.75,-23.5]],"c":true}]}],"ix":2},"nm":"Path 1","mn":"ADBE Vector Shape - Group","hd":false},{"ty":"st","c":{"a":0,"k":[0.031,0.659,0.541,1],"ix":3,"x":"var $bm_rt;\n$bm_rt = comp('wired-outline-967-questionnaire').layer('control').effect('secondary')('Color');"},"o":{"a":0,"k":100,"ix":4},"w":{"a":0,"k":12.04,"ix":5,"x":"var $bm_rt;\n$bm_rt = $bm_mul($bm_div(value, 2), comp('wired-outline-967-questionnaire').layer('control').effect('stroke')('Menu'));"},"lc":1,"lj":1,"ml":4,"bm":0,"nm":".secondary","mn":"ADBE Vector Graphic - Stroke","hd":false,"cl":"secondary"},{"ty":"tr","p":{"a":0,"k":[386.5,434],"ix":2},"a":{"a":0,"k":[0,0],"ix":1},"s":{"a":0,"k":[100,100],"ix":3},"r":{"a":0,"k":0,"ix":6},"o":{"a":0,"k":100,"ix":7},"sk":{"a":0,"k":0,"ix":4},"sa":{"a":0,"k":0,"ix":5},"nm":"Transform"}],"nm":"Ellipse 1","np":2,"cix":2,"bm":0,"ix":1,"mn":"ADBE Vector Group","hd":false},{"ty":"gr","it":[{"ind":0,"ty":"sh","ix":1,"ks":{"a":1,"k":[{"i":{"x":0.833,"y":0.833},"o":{"x":0.167,"y":0.167},"t":24,"s":[{"i":[[0,0],[0,0]],"o":[[0,0],[0,0]],"v":[[21.273,-288.309],[20.607,-280.694]],"c":false}]},{"i":{"x":0.18,"y":1},"o":{"x":0.167,"y":0.167},"t":32.885,"s":[{"i":[[0,0],[0,0]],"o":[[0,0],[0,0]],"v":[[22.049,-217.934],[21.419,-192.069]],"c":false}]},{"t":68.423828125,"s":[{"i":[[0,0],[0,0]],"o":[[0,0],[0,0]],"v":[[21.055,-18.684],[21.055,19.565]],"c":false}]}],"ix":2},"nm":"Path 1","mn":"ADBE Vector Shape - Group","hd":false},{"ty":"st","c":{"a":0,"k":[0.031,0.659,0.541,1],"ix":3,"x":"var $bm_rt;\n$bm_rt = comp('wired-outline-967-questionnaire').layer('control').effect('secondary')('Color');"},"o":{"a":0,"k":100,"ix":4},"w":{"a":0,"k":12.04,"ix":5,"x":"var $bm_rt;\n$bm_rt = $bm_mul($bm_div(value, 2), comp('wired-outline-967-questionnaire').layer('control').effect('stroke')('Menu'));"},"lc":2,"lj":2,"bm":0,"nm":".secondary","mn":"ADBE Vector Graphic - Stroke","hd":false,"cl":"secondary"},{"ty":"tr","p":{"a":0,"k":[386.713,390.935],"ix":2},"a":{"a":0,"k":[0,0],"ix":1},"s":{"a":0,"k":[100,100],"ix":3},"r":{"a":0,"k":0,"ix":6},"o":{"a":0,"k":100,"ix":7},"sk":{"a":0,"k":0,"ix":4},"sa":{"a":0,"k":0,"ix":5},"nm":"Transform"}],"nm":"Group 1","np":2,"cix":2,"bm":0,"ix":2,"mn":"ADBE Vector Group","hd":false},{"ty":"gr","it":[{"ind":0,"ty":"sh","ix":1,"ks":{"a":1,"k":[{"i":{"x":0.833,"y":0.833},"o":{"x":0.167,"y":0.167},"t":24,"s":[{"i":[[0,0],[14.466,0.069],[0,0],[0,0]],"o":[[0,0],[-14.787,-0.07],[0,0],[0,0]],"v":[[21.246,-269.671],[-0.177,-280.25],[-20.836,-269.534],[-21.374,-261.747]],"c":false}]},{"i":{"x":0.18,"y":1},"o":{"x":0.167,"y":0.167},"t":32.885,"s":[{"i":[[0,0],[14.466,0.069],[0,0],[0,0]],"o":[[0,0],[-14.787,-0.07],[0,0],[0,0]],"v":[[22.022,-199.296],[0.599,-209.875],[-20.06,-199.159],[-20.562,-173.122]],"c":false}]},{"t":68.423828125,"s":[{"i":[[0,0],[0,0],[0,0],[0,0]],"o":[[0,0],[0,0],[0,0],[0,0]],"v":[[21.027,0],[-0.77,0.065],[-21.055,0.125],[-20.926,38.75]],"c":false}]}],"ix":2},"nm":"Path 1","mn":"ADBE Vector Shape - Group","hd":false},{"ty":"st","c":{"a":0,"k":[0.031,0.659,0.541,1],"ix":3,"x":"var $bm_rt;\n$bm_rt = comp('wired-outline-967-questionnaire').layer('control').effect('secondary')('Color');"},"o":{"a":0,"k":100,"ix":4},"w":{"a":0,"k":12.04,"ix":5,"x":"var $bm_rt;\n$bm_rt = $bm_mul($bm_div(value, 2), comp('wired-outline-967-questionnaire').layer('control').effect('stroke')('Menu'));"},"lc":2,"lj":2,"bm":0,"nm":".secondary","mn":"ADBE Vector Graphic - Stroke","hd":false,"cl":"secondary"},{"ty":"tr","p":{"a":0,"k":[386.713,371.75],"ix":2},"a":{"a":0,"k":[0,0],"ix":1},"s":{"a":0,"k":[100,100],"ix":3},"r":{"a":0,"k":0,"ix":6},"o":{"a":0,"k":100,"ix":7},"sk":{"a":0,"k":0,"ix":4},"sa":{"a":0,"k":0,"ix":5},"nm":"Transform"}],"nm":"Group 2","np":2,"cix":2,"bm":0,"ix":3,"mn":"ADBE Vector Group","hd":false},{"ty":"gr","it":[{"ind":0,"ty":"sh","ix":1,"ks":{"a":1,"k":[{"i":{"x":0.833,"y":0.833},"o":{"x":0.167,"y":0.167},"t":24,"s":[{"i":[[0,0],[0,0],[0,0]],"o":[[0,0],[0,0],[0,0]],"v":[[-21.019,-17.854],[0,-32.911],[21.043,-17.964]],"c":false}]},{"i":{"x":0.18,"y":1},"o":{"x":0.167,"y":0.167},"t":32.885,"s":[{"i":[[0,0],[0,0],[0,0]],"o":[[0,0],[0,0],[0,0]],"v":[[-21.019,-7.854],[0,-29.786],[21.043,-7.964]],"c":false}]},{"t":68.423828125,"s":[{"i":[[0,0],[0,0],[0,0]],"o":[[0,0],[0,0],[0,0]],"v":[[-21.031,29.896],[0,-29.786],[21.031,29.786]],"c":false}]}],"ix":2},"nm":"Path 1","mn":"ADBE Vector Shape - Group","hd":false},{"ty":"st","c":{"a":0,"k":[0.071,0.075,0.192,1],"ix":3,"x":"var $bm_rt;\n$bm_rt = comp('wired-outline-967-questionnaire').layer('control').effect('primary')('Color');"},"o":{"a":0,"k":100,"ix":4},"w":{"a":0,"k":12.04,"ix":5,"x":"var $bm_rt;\n$bm_rt = $bm_mul($bm_div(value, 2), comp('wired-outline-967-questionnaire').layer('control').effect('stroke')('Menu'));"},"lc":2,"lj":2,"bm":0,"nm":".primary","mn":"ADBE Vector Graphic - Stroke","hd":false,"cl":"primary"},{"ty":"tr","p":{"a":0,"k":[386.713,119.667],"ix":2},"a":{"a":0,"k":[0,0],"ix":1},"s":{"a":0,"k":[100,100],"ix":3},"r":{"a":0,"k":0,"ix":6},"o":{"a":0,"k":100,"ix":7},"sk":{"a":0,"k":0,"ix":4},"sa":{"a":0,"k":0,"ix":5},"nm":"Transform"}],"nm":"Group 3","np":2,"cix":2,"bm":0,"ix":4,"mn":"ADBE Vector Group","hd":false},{"ty":"gr","it":[{"ind":0,"ty":"sh","ix":1,"ks":{"a":1,"k":[{"i":{"x":0.833,"y":0.833},"o":{"x":0.167,"y":0.167},"t":24,"s":[{"i":[[0,0],[0,0],[-12.892,-0.315],[0,0],[0,0]],"o":[[0,0],[0,0],[12.116,0.296],[0,0],[0,0]],"v":[[-20.891,-158.523],[-21.015,-158.898],[0.421,-171.398],[21.039,-158.898],[21.218,-157.976]],"c":false}]},{"i":{"x":0.18,"y":1},"o":{"x":0.167,"y":0.167},"t":32.885,"s":[{"i":[[0,0],[0,0],[-12.892,-0.315],[0,0],[0,0]],"o":[[0,0],[0,0],[12.116,0.296],[0,0],[0,0]],"v":[[-20.115,-88.148],[-21.015,-148.898],[0.421,-161.398],[21.039,-148.898],[21.994,-87.601]],"c":false}]},{"t":68.423828125,"s":[{"i":[[0,0],[0,0],[-12.25,0.046],[0,0],[0,0]],"o":[[0,0],[0,0],[13.25,-0.05],[0,0],[0,0]],"v":[[-21.11,111.398],[-21.027,-111.148],[0.537,-111.148],[21.027,-111.148],[21,111.898]],"c":false}]}],"ix":2},"nm":"Path 1","mn":"ADBE Vector Shape - Group","hd":false},{"ty":"st","c":{"a":0,"k":[0.071,0.075,0.192,1],"ix":3,"x":"var $bm_rt;\n$bm_rt = comp('wired-outline-967-questionnaire').layer('control').effect('primary')('Color');"},"o":{"a":0,"k":100,"ix":4},"w":{"a":0,"k":12.04,"ix":5,"x":"var $bm_rt;\n$bm_rt = $bm_mul($bm_div(value, 2), comp('wired-outline-967-questionnaire').layer('control').effect('stroke')('Menu'));"},"lc":2,"lj":2,"bm":0,"nm":".primary","mn":"ADBE Vector Graphic - Stroke","hd":false,"cl":"primary"},{"ty":"tr","p":{"a":0,"k":[386.713,260.602],"ix":2},"a":{"a":0,"k":[0,0],"ix":1},"s":{"a":0,"k":[100,100],"ix":3},"r":{"a":0,"k":0,"ix":6},"o":{"a":0,"k":100,"ix":7},"sk":{"a":0,"k":0,"ix":4},"sa":{"a":0,"k":0,"ix":5},"nm":"Transform"}],"nm":"Group 4","np":2,"cix":2,"bm":0,"ix":5,"mn":"ADBE Vector Group","hd":false},{"ty":"gr","it":[{"ty":"st","c":{"a":0,"k":[0.031,0.659,0.541,1],"ix":3,"x":"var $bm_rt;\n$bm_rt = comp('wired-outline-967-questionnaire').layer('control').effect('secondary')('Color');"},"o":{"a":0,"k":100,"ix":4},"w":{"a":0,"k":12.04,"ix":5,"x":"var $bm_rt;\n$bm_rt = $bm_mul($bm_div(value, 2), comp('wired-outline-967-questionnaire').layer('control').effect('stroke')('Menu'));"},"lc":2,"lj":2,"bm":0,"nm":".secondary","mn":"ADBE Vector Graphic - Stroke","hd":false,"cl":"secondary"},{"ty":"tr","p":{"a":0,"k":[386.713,371.75],"ix":2},"a":{"a":0,"k":[0,0],"ix":1},"s":{"a":0,"k":[100,100],"ix":3},"r":{"a":0,"k":0,"ix":6},"o":{"a":0,"k":100,"ix":7},"sk":{"a":0,"k":0,"ix":4},"sa":{"a":0,"k":0,"ix":5},"nm":"Transform"}],"nm":"Group 5","np":1,"cix":2,"bm":0,"ix":6,"mn":"ADBE Vector Group","hd":false}],"ip":24,"op":881,"st":37,"ct":1,"bm":0},{"ddd":0,"ind":2,"ty":4,"nm":"Notes 2","sr":1,"ks":{"o":{"a":0,"k":100,"ix":11},"r":{"a":0,"k":0,"ix":10},"p":{"a":1,"k":[{"i":{"x":0.19,"y":1},"o":{"x":0.167,"y":0.167},"t":1,"s":[170.995,241.656,0],"to":[0,-6.667,0],"ti":[0,6.667,0]},{"t":45.525390625,"s":[170.995,201.656,0]}],"ix":2,"l":2},"a":{"a":0,"k":[205.995,236.656,0],"ix":1,"l":2},"s":{"a":0,"k":[100,100,100],"ix":6,"l":2}},"ao":0,"shapes":[{"ty":"gr","it":[{"ty":"gr","it":[{"ty":"gr","it":[{"ind":0,"ty":"sh","ix":1,"ks":{"a":1,"k":[{"i":{"x":0.06,"y":1},"o":{"x":0.167,"y":0.167},"t":1,"s":[{"i":[[0,0],[0,0],[0,0],[0,0]],"o":[[0,0],[0,0],[0,0],[0,0]],"v":[[-0.315,18.681],[-0.102,18.681],[-0.102,-18.681],[-0.315,-18.681]],"c":true}]},{"t":45.525390625,"s":[{"i":[[0,0],[0,0],[0,0],[0,0]],"o":[[0,0],[0,0],[0,0],[0,0]],"v":[[56.713,18.681],[-56.713,18.681],[-56.713,-18.681],[56.713,-18.681]],"c":true}]}],"ix":2},"nm":"Path 1","mn":"ADBE Vector Shape - Group","hd":false},{"ind":1,"ty":"sh","ix":2,"ks":{"a":1,"k":[{"i":{"x":0.06,"y":1},"o":{"x":0.167,"y":0.167},"t":1,"s":[{"i":[[0,0],[0,0],[0,0],[0,0]],"o":[[0,0],[0,0],[0,0],[0,0]],"v":[[-0.161,-18.68],[-0.161,-39.37],[-0.256,-39.37],[-0.256,-18.68]],"c":false}]},{"t":45.525390625,"s":[{"i":[[0,0],[0,0],[0,0],[0,0]],"o":[[0,0],[0,0],[0,0],[0,0]],"v":[[-25.166,-18.68],[-25.166,-39.37],[25.164,-39.37],[25.164,-18.68]],"c":false}]}],"ix":2},"nm":"Path 2","mn":"ADBE Vector Shape - Group","hd":false},{"ty":"st","c":{"a":0,"k":[0.071,0.075,0.192,1],"ix":3,"x":"var $bm_rt;\n$bm_rt = comp('wired-outline-967-questionnaire').layer('control').effect('primary')('Color');"},"o":{"a":0,"k":100,"ix":4},"w":{"a":0,"k":12.04,"ix":5,"x":"var $bm_rt;\n$bm_rt = $bm_mul($bm_div(value, 2), comp('wired-outline-967-questionnaire').layer('control').effect('stroke')('Menu'));"},"lc":2,"lj":2,"bm":0,"nm":".primary","mn":"ADBE Vector Graphic - Stroke","hd":false,"cl":"primary"},{"ty":"tr","p":{"a":0,"k":[205.996,102.561],"ix":2},"a":{"a":0,"k":[0,0],"ix":1},"s":{"a":0,"k":[100,100],"ix":3},"r":{"a":0,"k":0,"ix":6},"o":{"a":0,"k":100,"ix":7},"sk":{"a":0,"k":0,"ix":4},"sa":{"a":0,"k":0,"ix":5},"nm":"Transform"}],"nm":"Group 1","np":3,"cix":2,"bm":0,"ix":1,"mn":"ADBE Vector Group","hd":false},{"ty":"gr","it":[{"ty":"gr","it":[{"ind":0,"ty":"sh","ix":1,"ks":{"a":1,"k":[{"i":{"x":0.833,"y":0.71},"o":{"x":0.167,"y":0},"t":1,"s":[{"i":[[0,0],[0,0],[0,0],[0,0],[0,0],[0,0]],"o":[[0,0],[0,0],[0,0],[0,0],[0,0],[0,0]],"v":[[-0.314,-160.12],[-0.42,-160.12],[-0.419,-128.88],[0.005,-128.88],[0.004,-160.12],[-0.102,-160.12]],"c":false}]},{"i":{"x":0.833,"y":0.71},"o":{"x":0.167,"y":0.29},"t":2.203,"s":[{"i":[[0,0],[0,0],[0,0],[0,0],[0,0],[0,0]],"o":[[0,0],[0,0],[0,0],[0,0],[0,0],[0,0]],"v":[[1.037,-160.226],[61.505,-160.12],[61.28,-128.88],[-61.92,-128.88],[-61.695,-160.12],[-1.122,-160.226]],"c":false}]},{"i":{"x":0.833,"y":0.833},"o":{"x":0.167,"y":0.29},"t":4.609,"s":[{"i":[[0,0],[0,0],[0,0],[0,0],[0,0],[0,0]],"o":[[0,0],[0,0],[0,0],[0,0],[0,0],[0,0]],"v":[[10.543,-160.12],[79.886,-160.12],[79.687,-100.88],[-80.208,-100.88],[-80.009,-160.12],[-12.54,-160.12]],"c":false}]},{"i":{"x":0.833,"y":0.862},"o":{"x":0.167,"y":0.167},"t":14.236,"s":[{"i":[[0,0],[0,0],[0,0],[0,0],[0,0],[0,0]],"o":[[0,0],[0,0],[0,0],[0,0],[0,0],[0,0]],"v":[[41.715,-160.12],[95.58,-160.12],[95.23,-35.38],[-95.995,-35.38],[-95.645,-160.12],[-41.715,-160.12]],"c":false}]},{"i":{"x":0.203,"y":1},"o":{"x":0.167,"y":0.138},"t":23.865,"s":[{"i":[[0,0],[0,0],[0,0],[0,0],[0,0],[0,0]],"o":[[0,0],[0,0],[0,0],[0,0],[0,0],[0,0]],"v":[[51.715,-160.12],[105.843,-160.12],[105.702,88.667],[-105.995,88.667],[-105.853,-160.12],[-51.715,-160.12]],"c":false}]},{"t":45.525390625,"s":[{"i":[[0,0],[0,0],[0,0],[0,0],[0,0],[0,0]],"o":[[0,0],[0,0],[0,0],[0,0],[0,0],[0,0]],"v":[[56.715,-160.12],[113.415,-160.12],[113.415,160.12],[-113.415,160.12],[-113.415,-160.12],[-56.715,-160.12]],"c":false}]}],"ix":2},"nm":"Path 1","mn":"ADBE Vector Shape - Group","hd":false},{"ty":"st","c":{"a":0,"k":[0.071,0.075,0.192,1],"ix":3,"x":"var $bm_rt;\n$bm_rt = comp('wired-outline-967-questionnaire').layer('control').effect('primary')('Color');"},"o":{"a":0,"k":100,"ix":4},"w":{"a":0,"k":12.04,"ix":5,"x":"var $bm_rt;\n$bm_rt = $bm_mul($bm_div(value, 2), comp('wired-outline-967-questionnaire').layer('control').effect('stroke')('Menu'));"},"lc":2,"lj":2,"bm":0,"nm":".primary","mn":"ADBE Vector Graphic - Stroke","hd":false,"cl":"primary"},{"ty":"tr","p":{"a":0,"k":[0,0],"ix":2},"a":{"a":0,"k":[0,0],"ix":1},"s":{"a":0,"k":[100,100],"ix":3},"r":{"a":0,"k":0,"ix":6},"o":{"a":0,"k":100,"ix":7},"sk":{"a":0,"k":0,"ix":4},"sa":{"a":0,"k":0,"ix":5},"nm":"Transform"}],"nm":"Group 1","np":2,"cix":2,"bm":0,"ix":1,"mn":"ADBE Vector Group","hd":false},{"ty":"tr","p":{"a":0,"k":[205.995,250.001],"ix":2},"a":{"a":0,"k":[0,0],"ix":1},"s":{"a":0,"k":[100,100],"ix":3},"r":{"a":0,"k":0,"ix":6},"o":{"a":0,"k":100,"ix":7},"sk":{"a":0,"k":0,"ix":4},"sa":{"a":0,"k":0,"ix":5},"nm":"Transform"}],"nm":"Group 3","np":1,"cix":2,"bm":0,"ix":2,"mn":"ADBE Vector Group","hd":false},{"ty":"tr","p":{"a":0,"k":[205.995,250.001],"ix":2},"a":{"a":0,"k":[205.995,250.001],"ix":1},"s":{"a":0,"k":[100,100],"ix":3},"r":{"a":0,"k":0,"ix":6},"o":{"a":0,"k":100,"ix":7},"sk":{"a":0,"k":0,"ix":4},"sa":{"a":0,"k":0,"ix":5},"nm":"Transform"}],"nm":"Group 1","np":2,"cix":2,"bm":0,"ix":1,"mn":"ADBE Vector Group","hd":false},{"ty":"tr","p":{"a":0,"k":[205.995,236.656],"ix":2},"a":{"a":0,"k":[205.995,236.656],"ix":1},"s":{"a":0,"k":[100,100],"ix":3},"r":{"a":0,"k":0,"ix":6},"o":{"a":0,"k":100,"ix":7},"sk":{"a":0,"k":0,"ix":4},"sa":{"a":0,"k":0,"ix":5},"nm":"Transform"}],"nm":"Group 1","np":1,"cix":2,"bm":0,"ix":1,"mn":"ADBE Vector Group","hd":false}],"ip":1,"op":822,"st":-22,"ct":1,"bm":0},{"ddd":0,"ind":3,"ty":4,"nm":"Notes","parent":2,"sr":1,"ks":{"o":{"a":0,"k":100,"ix":11},"r":{"a":0,"k":0,"ix":10},"p":{"a":0,"k":[205.995,236.656,0],"ix":2,"l":2},"a":{"a":0,"k":[205.995,236.656,0],"ix":1,"l":2},"s":{"a":0,"k":[100,100,100],"ix":6,"l":2}},"ao":0,"shapes":[{"ty":"gr","it":[{"ty":"gr","it":[{"ty":"gr","it":[{"ind":0,"ty":"sh","ix":1,"ks":{"a":0,"k":{"i":[[0,0],[0,0]],"o":[[0,0],[0,0]],"v":[[-75.064,186.901],[-0.052,186.901]],"c":false},"ix":2},"nm":"Path 3","mn":"ADBE Vector Shape - Group","hd":false},{"ty":"st","c":{"a":0,"k":[0.071,0.075,0.192,1],"ix":3,"x":"var $bm_rt;\n$bm_rt = comp('wired-outline-967-questionnaire').layer('control').effect('primary')('Color');"},"o":{"a":0,"k":100,"ix":4},"w":{"a":0,"k":12.04,"ix":5,"x":"var $bm_rt;\n$bm_rt = $bm_mul($bm_div(value, 2), comp('wired-outline-967-questionnaire').layer('control').effect('stroke')('Menu'));"},"lc":2,"lj":2,"bm":0,"nm":".primary","mn":"ADBE Vector Graphic - Stroke","hd":false,"cl":"primary"},{"ty":"tm","s":{"a":0,"k":0,"ix":1},"e":{"a":1,"k":[{"i":{"x":[0.17],"y":[1]},"o":{"x":[0.167],"y":[0.167]},"t":21.457,"s":[0]},{"t":52.74609375,"s":[100]}],"ix":2},"o":{"a":0,"k":0,"ix":3},"m":1,"ix":3,"nm":"Trim Paths 1","mn":"ADBE Vector Filter - Trim","hd":false},{"ty":"tr","p":{"a":0,"k":[205.996,102.561],"ix":2},"a":{"a":0,"k":[0,0],"ix":1},"s":{"a":0,"k":[100,100],"ix":3},"r":{"a":0,"k":0,"ix":6},"o":{"a":0,"k":100,"ix":7},"sk":{"a":0,"k":0,"ix":4},"sa":{"a":0,"k":0,"ix":5},"nm":"Transform"}],"nm":"Group 4","np":3,"cix":2,"bm":0,"ix":1,"mn":"ADBE Vector Group","hd":false},{"ty":"gr","it":[{"ind":0,"ty":"sh","ix":1,"ks":{"a":0,"k":{"i":[[0,0],[0,0]],"o":[[0,0],[0,0]],"v":[[-75.064,153.805],[75.064,153.805]],"c":false},"ix":2},"nm":"Path 4","mn":"ADBE Vector Shape - Group","hd":false},{"ty":"st","c":{"a":0,"k":[0.071,0.075,0.192,1],"ix":3,"x":"var $bm_rt;\n$bm_rt = comp('wired-outline-967-questionnaire').layer('control').effect('primary')('Color');"},"o":{"a":0,"k":100,"ix":4},"w":{"a":0,"k":12.04,"ix":5,"x":"var $bm_rt;\n$bm_rt = $bm_mul($bm_div(value, 2), comp('wired-outline-967-questionnaire').layer('control').effect('stroke')('Menu'));"},"lc":2,"lj":2,"bm":0,"nm":".primary","mn":"ADBE Vector Graphic - Stroke","hd":false,"cl":"primary"},{"ty":"tm","s":{"a":0,"k":0,"ix":1},"e":{"a":1,"k":[{"i":{"x":[0.17],"y":[1]},"o":{"x":[0.167],"y":[0.167]},"t":17.848,"s":[0]},{"t":50.33984375,"s":[100]}],"ix":2},"o":{"a":0,"k":0,"ix":3},"m":1,"ix":3,"nm":"Trim Paths 1","mn":"ADBE Vector Filter - Trim","hd":false},{"ty":"tr","p":{"a":0,"k":[205.996,102.561],"ix":2},"a":{"a":0,"k":[0,0],"ix":1},"s":{"a":0,"k":[100,100],"ix":3},"r":{"a":0,"k":0,"ix":6},"o":{"a":0,"k":100,"ix":7},"sk":{"a":0,"k":0,"ix":4},"sa":{"a":0,"k":0,"ix":5},"nm":"Transform"}],"nm":"Group 3","np":3,"cix":2,"bm":0,"ix":2,"mn":"ADBE Vector Group","hd":false},{"ty":"gr","it":[{"ind":0,"ty":"sh","ix":1,"ks":{"a":0,"k":{"i":[[0,0],[0,0]],"o":[[0,0],[0,0]],"v":[[-75.064,109.201],[-0.052,109.201]],"c":false},"ix":2},"nm":"Path 5","mn":"ADBE Vector Shape - Group","hd":false},{"ty":"st","c":{"a":0,"k":[0.071,0.075,0.192,1],"ix":3,"x":"var $bm_rt;\n$bm_rt = comp('wired-outline-967-questionnaire').layer('control').effect('primary')('Color');"},"o":{"a":0,"k":100,"ix":4},"w":{"a":0,"k":12.04,"ix":5,"x":"var $bm_rt;\n$bm_rt = $bm_mul($bm_div(value, 2), comp('wired-outline-967-questionnaire').layer('control').effect('stroke')('Menu'));"},"lc":2,"lj":2,"bm":0,"nm":".primary","mn":"ADBE Vector Graphic - Stroke","hd":false,"cl":"primary"},{"ty":"tm","s":{"a":0,"k":0,"ix":1},"e":{"a":1,"k":[{"i":{"x":[0.17],"y":[1]},"o":{"x":[0.167],"y":[0.167]},"t":13.033,"s":[0]},{"t":47.931640625,"s":[100]}],"ix":2},"o":{"a":0,"k":0,"ix":3},"m":1,"ix":3,"nm":"Trim Paths 1","mn":"ADBE Vector Filter - Trim","hd":false},{"ty":"tr","p":{"a":0,"k":[205.996,102.561],"ix":2},"a":{"a":0,"k":[0,0],"ix":1},"s":{"a":0,"k":[100,100],"ix":3},"r":{"a":0,"k":0,"ix":6},"o":{"a":0,"k":100,"ix":7},"sk":{"a":0,"k":0,"ix":4},"sa":{"a":0,"k":0,"ix":5},"nm":"Transform"}],"nm":"Group 2","np":3,"cix":2,"bm":0,"ix":3,"mn":"ADBE Vector Group","hd":false},{"ty":"gr","it":[{"ind":0,"ty":"sh","ix":1,"ks":{"a":0,"k":{"i":[[0,0],[0,0]],"o":[[0,0],[0,0]],"v":[[-75.064,76.105],[75.064,76.105]],"c":false},"ix":2},"nm":"Path 6","mn":"ADBE Vector Shape - Group","hd":false},{"ty":"st","c":{"a":0,"k":[0.071,0.075,0.192,1],"ix":3,"x":"var $bm_rt;\n$bm_rt = comp('wired-outline-967-questionnaire').layer('control').effect('primary')('Color');"},"o":{"a":0,"k":100,"ix":4},"w":{"a":0,"k":12.04,"ix":5,"x":"var $bm_rt;\n$bm_rt = $bm_mul($bm_div(value, 2), comp('wired-outline-967-questionnaire').layer('control').effect('stroke')('Menu'));"},"lc":2,"lj":2,"bm":0,"nm":".primary","mn":"ADBE Vector Graphic - Stroke","hd":false,"cl":"primary"},{"ty":"tm","s":{"a":0,"k":0,"ix":1},"e":{"a":1,"k":[{"i":{"x":[0.17],"y":[1]},"o":{"x":[0.167],"y":[0.167]},"t":10.627,"s":[0]},{"t":45.525390625,"s":[100]}],"ix":2},"o":{"a":0,"k":0,"ix":3},"m":1,"ix":3,"nm":"Trim Paths 1","mn":"ADBE Vector Filter - Trim","hd":false},{"ty":"tr","p":{"a":0,"k":[205.996,102.561],"ix":2},"a":{"a":0,"k":[0,0],"ix":1},"s":{"a":0,"k":[100,100],"ix":3},"r":{"a":0,"k":0,"ix":6},"o":{"a":0,"k":100,"ix":7},"sk":{"a":0,"k":0,"ix":4},"sa":{"a":0,"k":0,"ix":5},"nm":"Transform"}],"nm":"Group 1","np":3,"cix":2,"bm":0,"ix":4,"mn":"ADBE Vector Group","hd":false},{"ty":"tr","p":{"a":0,"k":[205.995,250.001],"ix":2},"a":{"a":0,"k":[205.995,250.001],"ix":1},"s":{"a":0,"k":[100,100],"ix":3},"r":{"a":0,"k":0,"ix":6},"o":{"a":0,"k":100,"ix":7},"sk":{"a":0,"k":0,"ix":4},"sa":{"a":0,"k":0,"ix":5},"nm":"Transform"}],"nm":"Group 7","np":4,"cix":2,"bm":0,"ix":1,"mn":"ADBE Vector Group","hd":false},{"ty":"gr","it":[{"ty":"gr","it":[{"ind":0,"ty":"sh","ix":1,"ks":{"a":0,"k":{"i":[[0,0],[0,0]],"o":[[0,0],[0,0]],"v":[[-0.014,0],[0.014,0]],"c":false},"ix":2},"nm":"Path 1","mn":"ADBE Vector Shape - Group","hd":false},{"ty":"st","c":{"a":0,"k":[0.031,0.659,0.541,1],"ix":3,"x":"var $bm_rt;\n$bm_rt = comp('wired-outline-967-questionnaire').layer('control').effect('secondary')('Color');"},"o":{"a":0,"k":100,"ix":4},"w":{"a":1,"k":[{"t":27.475,"s":[0],"h":1},{"t":32,"s":[12],"h":1}],"ix":5,"x":"var $bm_rt;\n$bm_rt = $bm_mul($bm_div(value, 2), comp('wired-outline-967-questionnaire').layer('control').effect('stroke')('Menu'));"},"lc":2,"lj":2,"bm":0,"nm":".secondary","mn":"ADBE Vector Graphic - Stroke","hd":false,"cl":"secondary"},{"ty":"tr","p":{"a":0,"k":[205.954,378.996],"ix":2},"a":{"a":0,"k":[0,0],"ix":1},"s":{"a":0,"k":[100,100],"ix":3},"r":{"a":0,"k":0,"ix":6},"o":{"a":0,"k":100,"ix":7},"sk":{"a":0,"k":0,"ix":4},"sa":{"a":0,"k":0,"ix":5},"nm":"Transform"}],"nm":"Group 1","np":2,"cix":2,"bm":0,"ix":1,"mn":"ADBE Vector Group","hd":false},{"ty":"gr","it":[{"ind":0,"ty":"sh","ix":1,"ks":{"a":0,"k":{"i":[[0,0],[-6.827,0],[0,-6.827],[2.458,-2.321],[0,0]],"o":[[0,-6.827],[6.827,0],[0,3.993],[-7.767,7.334],[0,0]],"v":[[-12.36,-4.698],[-0.003,-17.061],[12.36,-4.698],[7.607,5.987],[-0.003,17.061]],"c":false},"ix":2},"nm":"Path 1","mn":"ADBE Vector Shape - Group","hd":false},{"ty":"tm","s":{"a":1,"k":[{"i":{"x":[0.2],"y":[1]},"o":{"x":[0.167],"y":[0.167]},"t":26,"s":[0]},{"t":72,"s":[100]}],"ix":1},"e":{"a":0,"k":0,"ix":2},"o":{"a":0,"k":0,"ix":3},"m":1,"ix":2,"nm":"Trim Paths 1","mn":"ADBE Vector Filter - Trim","hd":false},{"ty":"st","c":{"a":0,"k":[0.031,0.659,0.541,1],"ix":3,"x":"var $bm_rt;\n$bm_rt = comp('wired-outline-967-questionnaire').layer('control').effect('secondary')('Color');"},"o":{"a":0,"k":100,"ix":4},"w":{"a":0,"k":12.04,"ix":5,"x":"var $bm_rt;\n$bm_rt = $bm_mul($bm_div(value, 2), comp('wired-outline-967-questionnaire').layer('control').effect('stroke')('Menu'));"},"lc":2,"lj":2,"bm":0,"nm":".secondary","mn":"ADBE Vector Graphic - Stroke","hd":false,"cl":"secondary"},{"ty":"tr","p":{"a":0,"k":[205.996,342.061],"ix":2},"a":{"a":0,"k":[0,0],"ix":1},"s":{"a":0,"k":[100,100],"ix":3},"r":{"a":0,"k":0,"ix":6},"o":{"a":0,"k":100,"ix":7},"sk":{"a":0,"k":0,"ix":4},"sa":{"a":0,"k":0,"ix":5},"nm":"Transform"}],"nm":"Group 3","np":3,"cix":2,"bm":0,"ix":2,"mn":"ADBE Vector Group","hd":false},{"ty":"tr","p":{"a":1,"k":[{"i":{"x":0.2,"y":1},"o":{"x":0.333,"y":0},"t":22.66,"s":[205.996,351.061],"to":[0,-1.5],"ti":[0,1.5]},{"t":64.951171875,"s":[205.996,342.061]}],"ix":2},"a":{"a":0,"k":[205.996,342.061],"ix":1},"s":{"a":0,"k":[100,100],"ix":3},"r":{"a":0,"k":0,"ix":6},"o":{"a":0,"k":100,"ix":7},"sk":{"a":0,"k":0,"ix":4},"sa":{"a":0,"k":0,"ix":5},"nm":"Transform"}],"nm":"Group 4","np":2,"cix":2,"bm":0,"ix":2,"mn":"ADBE Vector Group","hd":false},{"ty":"tr","p":{"a":0,"k":[205.995,236.656],"ix":2},"a":{"a":0,"k":[205.995,236.656],"ix":1},"s":{"a":0,"k":[100,100],"ix":3},"r":{"a":0,"k":0,"ix":6},"o":{"a":0,"k":100,"ix":7},"sk":{"a":0,"k":0,"ix":4},"sa":{"a":0,"k":0,"ix":5},"nm":"Transform"}],"nm":"Group 1","np":2,"cix":2,"bm":0,"ix":1,"mn":"ADBE Vector Group","hd":false}],"ip":7,"op":822,"st":-22,"ct":1,"bm":0}]},{"id":"comp_1","nm":"hover-pinch","fr":60,"layers":[{"ddd":0,"ind":1,"ty":4,"nm":"Pen","sr":1,"ks":{"o":{"a":0,"k":100,"ix":11},"r":{"a":1,"k":[{"i":{"x":[0.851],"y":[0.465]},"o":{"x":[0.739],"y":[0]},"t":0,"s":[0]},{"i":{"x":[0.493],"y":[0.757]},"o":{"x":[0.233],"y":[0.252]},"t":17,"s":[-60.019]},{"i":{"x":[0.667],"y":[1]},"o":{"x":[0.155],"y":[0.626]},"t":22,"s":[-118.776]},{"i":{"x":[0.63],"y":[1]},"o":{"x":[0.838],"y":[0]},"t":48,"s":[-155.102]},{"i":{"x":[0.741],"y":[0.371]},"o":{"x":[0.414],"y":[0]},"t":62,"s":[-155]},{"i":{"x":[0.653],"y":[0.426]},"o":{"x":[0.167],"y":[0.09]},"t":91,"s":[-149.118]},{"i":{"x":[0.236],"y":[1]},"o":{"x":[0.509],"y":[0.22]},"t":111.123,"s":[-132.118]},{"t":152,"s":[0]}],"ix":10},"p":{"a":1,"k":[{"i":{"x":0.667,"y":0.575},"o":{"x":0.333,"y":0},"t":0,"s":[351.713,54.881,0],"to":[0,0,0],"ti":[19.667,-43,0]},{"i":{"x":0.667,"y":1},"o":{"x":0.333,"y":0.476},"t":17,"s":[262.389,153.69,0],"to":[-19.667,43,0],"ti":[0,0,0]},{"i":{"x":0.667,"y":1},"o":{"x":0.976,"y":0},"t":40,"s":[233.713,312.881,0],"to":[0,0,0],"ti":[0,0,0]},{"i":{"x":0.038,"y":1},"o":{"x":0.333,"y":0},"t":62,"s":[217.213,334.381,0],"to":[0,0,0],"ti":[0,0,0]},{"i":{"x":0.038,"y":0.038},"o":{"x":0.167,"y":0.167},"t":91,"s":[233.713,302.881,0],"to":[0,0,0],"ti":[0,0,0]},{"i":{"x":0.477,"y":1},"o":{"x":0.449,"y":0},"t":109,"s":[233.713,302.881,0],"to":[0,0,0],"ti":[0,0,0]},{"t":152,"s":[351.713,54.881,0]}],"ix":2,"l":2},"a":{"a":1,"k":[{"i":{"x":0.667,"y":1},"o":{"x":0.333,"y":0},"t":0,"s":[386.713,89.881,0],"to":[0,0,0],"ti":[0,0,0]},{"i":{"x":0.298,"y":1},"o":{"x":0.333,"y":0},"t":16.666,"s":[386.713,147.881,0],"to":[0,0,0],"ti":[0,0,0]},{"i":{"x":0.667,"y":0.667},"o":{"x":0.167,"y":0.167},"t":48,"s":[386.713,89.881,0],"to":[0,0,0],"ti":[0,0,0]},{"i":{"x":0.667,"y":0.667},"o":{"x":0.167,"y":0.167},"t":91,"s":[386.713,89.881,0],"to":[0,0,0],"ti":[0,0,0]},{"i":{"x":0.667,"y":1},"o":{"x":0.725,"y":0},"t":94.145,"s":[386.713,89.881,0],"to":[0,0,0],"ti":[0,0,0]},{"i":{"x":0.546,"y":1},"o":{"x":0.333,"y":0},"t":125.588,"s":[386.713,146.881,0],"to":[0,0,0],"ti":[0,0,0]},{"t":152,"s":[386.713,89.881,0]}],"ix":1,"l":2},"s":{"a":0,"k":[100,100,100],"ix":6,"l":2}},"ao":0,"shapes":[{"ty":"gr","it":[{"ind":0,"ty":"sh","ix":1,"ks":{"a":1,"k":[{"i":{"x":0.667,"y":1},"o":{"x":0.333,"y":0},"t":0,"s":[{"i":[[-11.529,0],[0,0],[11.529,0],[0,0]],"o":[[11.529,0],[0,0],[-11.529,0],[0,0]],"v":[[0.125,-23.5],[21,-23.5],[0.125,-23.5],[-20.75,-23.5]],"c":true}]},{"i":{"x":0.561,"y":1},"o":{"x":0.333,"y":0},"t":16.666,"s":[{"i":[[-11.529,0],[0,-11.184],[11.529,0],[0,11.184]],"o":[[11.529,0],[0,11.184],[-11.529,0],[0,-11.184]],"v":[[0.49,-255.5],[21.365,-235.25],[0.49,-215],[-20.385,-235.25]],"c":true}]},{"i":{"x":0.667,"y":1},"o":{"x":0.167,"y":0},"t":48,"s":[{"i":[[-11.529,0],[0,0],[11.529,0],[0,0]],"o":[[11.529,0],[0,0],[-11.529,0],[0,0]],"v":[[0.125,-23.5],[21,-23.5],[0.125,-23.5],[-20.75,-23.5]],"c":true}]},{"i":{"x":0.667,"y":1},"o":{"x":0.167,"y":0},"t":91,"s":[{"i":[[-11.529,0],[0,0],[11.529,0],[0,0]],"o":[[11.529,0],[0,0],[-11.529,0],[0,0]],"v":[[0.125,-23.5],[21,-23.5],[0.125,-23.5],[-20.75,-23.5]],"c":true}]},{"i":{"x":0.2,"y":1},"o":{"x":0.167,"y":0},"t":125.588,"s":[{"i":[[-11.529,0],[0,-11.184],[11.529,0],[0,11.184]],"o":[[11.529,0],[0,11.184],[-11.529,0],[0,-11.184]],"v":[[0.49,-255.5],[21.365,-235.25],[0.49,-215],[-20.385,-235.25]],"c":true}]},{"t":152,"s":[{"i":[[-11.529,0],[0,0],[11.529,0],[0,0]],"o":[[11.529,0],[0,0],[-11.529,0],[0,0]],"v":[[0.125,-23.5],[21,-23.5],[0.125,-23.5],[-20.75,-23.5]],"c":true}]}],"ix":2},"nm":"Path 1","mn":"ADBE Vector Shape - Group","hd":false},{"ty":"st","c":{"a":0,"k":[0.031,0.659,0.541,1],"ix":3,"x":"var $bm_rt;\n$bm_rt = comp('wired-outline-967-questionnaire').layer('control').effect('secondary')('Color');"},"o":{"a":0,"k":100,"ix":4},"w":{"a":0,"k":12.04,"ix":5,"x":"var $bm_rt;\n$bm_rt = $bm_mul($bm_div(value, 2), comp('wired-outline-967-questionnaire').layer('control').effect('stroke')('Menu'));"},"lc":1,"lj":1,"ml":4,"bm":0,"nm":".secondary","mn":"ADBE Vector Graphic - Stroke","hd":false,"cl":"secondary"},{"ty":"tr","p":{"a":0,"k":[386.5,434],"ix":2},"a":{"a":0,"k":[0,0],"ix":1},"s":{"a":0,"k":[100,100],"ix":3},"r":{"a":0,"k":0,"ix":6},"o":{"a":0,"k":100,"ix":7},"sk":{"a":0,"k":0,"ix":4},"sa":{"a":0,"k":0,"ix":5},"nm":"Transform"}],"nm":"Ellipse 1","np":2,"cix":2,"bm":0,"ix":1,"mn":"ADBE Vector Group","hd":false},{"ty":"gr","it":[{"ind":0,"ty":"sh","ix":1,"ks":{"a":1,"k":[{"i":{"x":0.667,"y":1},"o":{"x":0.333,"y":0},"t":0,"s":[{"i":[[0,0],[0,0]],"o":[[0,0],[0,0]],"v":[[21.055,-18.684],[21.055,19.565]],"c":false}]},{"i":{"x":0.561,"y":1},"o":{"x":0.333,"y":0},"t":16.666,"s":[{"i":[[0,0],[0,0]],"o":[[0,0],[0,0]],"v":[[22.049,-217.934],[21.419,-192.069]],"c":false}]},{"i":{"x":0.667,"y":1},"o":{"x":0.167,"y":0},"t":48,"s":[{"i":[[0,0],[0,0]],"o":[[0,0],[0,0]],"v":[[21.055,-18.684],[21.055,19.565]],"c":false}]},{"i":{"x":0.667,"y":1},"o":{"x":0.167,"y":0},"t":91,"s":[{"i":[[0,0],[0,0]],"o":[[0,0],[0,0]],"v":[[21.055,-18.684],[21.055,19.565]],"c":false}]},{"i":{"x":0.2,"y":1},"o":{"x":0.167,"y":0},"t":125.588,"s":[{"i":[[0,0],[0,0]],"o":[[0,0],[0,0]],"v":[[22.049,-217.934],[21.419,-192.069]],"c":false}]},{"t":152,"s":[{"i":[[0,0],[0,0]],"o":[[0,0],[0,0]],"v":[[21.055,-18.684],[21.055,19.565]],"c":false}]}],"ix":2},"nm":"Path 1","mn":"ADBE Vector Shape - Group","hd":false},{"ty":"st","c":{"a":0,"k":[0.031,0.659,0.541,1],"ix":3,"x":"var $bm_rt;\n$bm_rt = comp('wired-outline-967-questionnaire').layer('control').effect('secondary')('Color');"},"o":{"a":0,"k":100,"ix":4},"w":{"a":0,"k":12.04,"ix":5,"x":"var $bm_rt;\n$bm_rt = $bm_mul($bm_div(value, 2), comp('wired-outline-967-questionnaire').layer('control').effect('stroke')('Menu'));"},"lc":2,"lj":2,"bm":0,"nm":".secondary","mn":"ADBE Vector Graphic - Stroke","hd":false,"cl":"secondary"},{"ty":"tr","p":{"a":0,"k":[386.713,390.935],"ix":2},"a":{"a":0,"k":[0,0],"ix":1},"s":{"a":0,"k":[100,100],"ix":3},"r":{"a":0,"k":0,"ix":6},"o":{"a":0,"k":100,"ix":7},"sk":{"a":0,"k":0,"ix":4},"sa":{"a":0,"k":0,"ix":5},"nm":"Transform"}],"nm":"Group 1","np":2,"cix":2,"bm":0,"ix":2,"mn":"ADBE Vector Group","hd":false},{"ty":"gr","it":[{"ind":0,"ty":"sh","ix":1,"ks":{"a":1,"k":[{"i":{"x":0.667,"y":1},"o":{"x":0.333,"y":0},"t":0,"s":[{"i":[[0,0],[0,0],[0,0],[0,0]],"o":[[0,0],[0,0],[0,0],[0,0]],"v":[[21.027,0],[-0.77,0.065],[-21.055,0.125],[-20.926,38.75]],"c":false}]},{"i":{"x":0.561,"y":1},"o":{"x":0.333,"y":0},"t":16.666,"s":[{"i":[[0,0],[14.466,0.069],[0,0],[0,0]],"o":[[0,0],[-14.787,-0.07],[0,0],[0,0]],"v":[[22.022,-199.296],[0.599,-209.875],[-20.06,-199.159],[-20.562,-173.122]],"c":false}]},{"i":{"x":0.667,"y":1},"o":{"x":0.167,"y":0},"t":48,"s":[{"i":[[0,0],[0,0],[0,0],[0,0]],"o":[[0,0],[0,0],[0,0],[0,0]],"v":[[21.027,0],[-0.77,0.065],[-21.055,0.125],[-20.926,38.75]],"c":false}]},{"i":{"x":0.667,"y":1},"o":{"x":0.167,"y":0},"t":91,"s":[{"i":[[0,0],[0,0],[0,0],[0,0]],"o":[[0,0],[0,0],[0,0],[0,0]],"v":[[21.027,0],[-0.77,0.065],[-21.055,0.125],[-20.926,38.75]],"c":false}]},{"i":{"x":0.2,"y":1},"o":{"x":0.167,"y":0},"t":125.588,"s":[{"i":[[0,0],[14.466,0.069],[0,0],[0,0]],"o":[[0,0],[-14.787,-0.07],[0,0],[0,0]],"v":[[22.022,-199.296],[0.599,-209.875],[-20.06,-199.159],[-20.562,-173.122]],"c":false}]},{"t":152,"s":[{"i":[[0,0],[0,0],[0,0],[0,0]],"o":[[0,0],[0,0],[0,0],[0,0]],"v":[[21.027,0],[-0.77,0.065],[-21.055,0.125],[-20.926,38.75]],"c":false}]}],"ix":2},"nm":"Path 1","mn":"ADBE Vector Shape - Group","hd":false},{"ty":"st","c":{"a":0,"k":[0.031,0.659,0.541,1],"ix":3,"x":"var $bm_rt;\n$bm_rt = comp('wired-outline-967-questionnaire').layer('control').effect('secondary')('Color');"},"o":{"a":0,"k":100,"ix":4},"w":{"a":0,"k":12.04,"ix":5,"x":"var $bm_rt;\n$bm_rt = $bm_mul($bm_div(value, 2), comp('wired-outline-967-questionnaire').layer('control').effect('stroke')('Menu'));"},"lc":2,"lj":2,"bm":0,"nm":".secondary","mn":"ADBE Vector Graphic - Stroke","hd":false,"cl":"secondary"},{"ty":"tr","p":{"a":0,"k":[386.713,371.75],"ix":2},"a":{"a":0,"k":[0,0],"ix":1},"s":{"a":0,"k":[100,100],"ix":3},"r":{"a":0,"k":0,"ix":6},"o":{"a":0,"k":100,"ix":7},"sk":{"a":0,"k":0,"ix":4},"sa":{"a":0,"k":0,"ix":5},"nm":"Transform"}],"nm":"Group 2","np":2,"cix":2,"bm":0,"ix":3,"mn":"ADBE Vector Group","hd":false},{"ty":"gr","it":[{"ind":0,"ty":"sh","ix":1,"ks":{"a":1,"k":[{"i":{"x":0.667,"y":1},"o":{"x":0.333,"y":0},"t":0,"s":[{"i":[[0,0],[0,0],[0,0]],"o":[[0,0],[0,0],[0,0]],"v":[[-21.031,29.896],[0,-29.786],[21.031,29.786]],"c":false}]},{"i":{"x":0.561,"y":1},"o":{"x":0.333,"y":0},"t":16.666,"s":[{"i":[[0,0],[0,0],[0,0]],"o":[[0,0],[0,0],[0,0]],"v":[[-21.019,-7.854],[0,-29.786],[21.043,-7.964]],"c":false}]},{"i":{"x":0.667,"y":1},"o":{"x":0.167,"y":0},"t":48,"s":[{"i":[[0,0],[0,0],[0,0]],"o":[[0,0],[0,0],[0,0]],"v":[[-21.031,29.896],[0,-29.786],[21.031,29.786]],"c":false}]},{"i":{"x":0.667,"y":1},"o":{"x":0.167,"y":0},"t":91,"s":[{"i":[[0,0],[0,0],[0,0]],"o":[[0,0],[0,0],[0,0]],"v":[[-21.031,29.896],[0,-29.786],[21.031,29.786]],"c":false}]},{"i":{"x":0.2,"y":1},"o":{"x":0.167,"y":0},"t":125.588,"s":[{"i":[[0,0],[0,0],[0,0]],"o":[[0,0],[0,0],[0,0]],"v":[[-21.019,-7.854],[0,-29.786],[21.043,-7.964]],"c":false}]},{"t":152,"s":[{"i":[[0,0],[0,0],[0,0]],"o":[[0,0],[0,0],[0,0]],"v":[[-21.031,29.896],[0,-29.786],[21.031,29.786]],"c":false}]}],"ix":2},"nm":"Path 1","mn":"ADBE Vector Shape - Group","hd":false},{"ty":"st","c":{"a":0,"k":[0.071,0.075,0.192,1],"ix":3,"x":"var $bm_rt;\n$bm_rt = comp('wired-outline-967-questionnaire').layer('control').effect('primary')('Color');"},"o":{"a":0,"k":100,"ix":4},"w":{"a":0,"k":12.04,"ix":5,"x":"var $bm_rt;\n$bm_rt = $bm_mul($bm_div(value, 2), comp('wired-outline-967-questionnaire').layer('control').effect('stroke')('Menu'));"},"lc":2,"lj":2,"bm":0,"nm":".primary","mn":"ADBE Vector Graphic - Stroke","hd":false,"cl":"primary"},{"ty":"tr","p":{"a":0,"k":[386.713,119.667],"ix":2},"a":{"a":0,"k":[0,0],"ix":1},"s":{"a":0,"k":[100,100],"ix":3},"r":{"a":0,"k":0,"ix":6},"o":{"a":0,"k":100,"ix":7},"sk":{"a":0,"k":0,"ix":4},"sa":{"a":0,"k":0,"ix":5},"nm":"Transform"}],"nm":"Group 3","np":2,"cix":2,"bm":0,"ix":4,"mn":"ADBE Vector Group","hd":false},{"ty":"gr","it":[{"ind":0,"ty":"sh","ix":1,"ks":{"a":1,"k":[{"i":{"x":0.667,"y":1},"o":{"x":0.333,"y":0},"t":0,"s":[{"i":[[0,0],[0,0],[-12.25,0.046],[0,0],[0,0]],"o":[[0,0],[0,0],[13.25,-0.05],[0,0],[0,0]],"v":[[-21.11,111.398],[-21.027,-111.148],[0.537,-111.148],[21.027,-111.148],[21,111.898]],"c":false}]},{"i":{"x":0.561,"y":1},"o":{"x":0.333,"y":0},"t":16.666,"s":[{"i":[[0,0],[0,0],[-12.892,-0.315],[0,0],[0,0]],"o":[[0,0],[0,0],[12.116,0.296],[0,0],[0,0]],"v":[[-20.115,-88.148],[-21.015,-148.898],[0.421,-161.398],[21.039,-148.898],[21.994,-87.601]],"c":false}]},{"i":{"x":0.667,"y":1},"o":{"x":0.167,"y":0},"t":48,"s":[{"i":[[0,0],[0,0],[-12.25,0.046],[0,0],[0,0]],"o":[[0,0],[0,0],[13.25,-0.05],[0,0],[0,0]],"v":[[-21.11,111.398],[-21.027,-111.148],[0.537,-111.148],[21.027,-111.148],[21,111.898]],"c":false}]},{"i":{"x":0.667,"y":1},"o":{"x":0.167,"y":0},"t":91,"s":[{"i":[[0,0],[0,0],[-12.25,0.046],[0,0],[0,0]],"o":[[0,0],[0,0],[13.25,-0.05],[0,0],[0,0]],"v":[[-21.11,111.398],[-21.027,-111.148],[0.537,-111.148],[21.027,-111.148],[21,111.898]],"c":false}]},{"i":{"x":0.2,"y":1},"o":{"x":0.167,"y":0},"t":125.588,"s":[{"i":[[0,0],[0,0],[-12.892,-0.315],[0,0],[0,0]],"o":[[0,0],[0,0],[12.116,0.296],[0,0],[0,0]],"v":[[-20.115,-88.148],[-21.015,-148.898],[0.421,-161.398],[21.039,-148.898],[21.994,-87.601]],"c":false}]},{"t":152,"s":[{"i":[[0,0],[0,0],[-12.25,0.046],[0,0],[0,0]],"o":[[0,0],[0,0],[13.25,-0.05],[0,0],[0,0]],"v":[[-21.11,111.398],[-21.027,-111.148],[0.537,-111.148],[21.027,-111.148],[21,111.898]],"c":false}]}],"ix":2},"nm":"Path 1","mn":"ADBE Vector Shape - Group","hd":false},{"ty":"st","c":{"a":0,"k":[0.071,0.075,0.192,1],"ix":3,"x":"var $bm_rt;\n$bm_rt = comp('wired-outline-967-questionnaire').layer('control').effect('primary')('Color');"},"o":{"a":0,"k":100,"ix":4},"w":{"a":0,"k":12.04,"ix":5,"x":"var $bm_rt;\n$bm_rt = $bm_mul($bm_div(value, 2), comp('wired-outline-967-questionnaire').layer('control').effect('stroke')('Menu'));"},"lc":2,"lj":2,"bm":0,"nm":".primary","mn":"ADBE Vector Graphic - Stroke","hd":false,"cl":"primary"},{"ty":"tr","p":{"a":0,"k":[386.713,260.602],"ix":2},"a":{"a":0,"k":[0,0],"ix":1},"s":{"a":0,"k":[100,100],"ix":3},"r":{"a":0,"k":0,"ix":6},"o":{"a":0,"k":100,"ix":7},"sk":{"a":0,"k":0,"ix":4},"sa":{"a":0,"k":0,"ix":5},"nm":"Transform"}],"nm":"Group 4","np":2,"cix":2,"bm":0,"ix":5,"mn":"ADBE Vector Group","hd":false},{"ty":"gr","it":[{"ty":"st","c":{"a":0,"k":[0.031,0.659,0.541,1],"ix":3,"x":"var $bm_rt;\n$bm_rt = comp('wired-outline-967-questionnaire').layer('control').effect('secondary')('Color');"},"o":{"a":0,"k":100,"ix":4},"w":{"a":0,"k":12.04,"ix":5,"x":"var $bm_rt;\n$bm_rt = $bm_mul($bm_div(value, 2), comp('wired-outline-967-questionnaire').layer('control').effect('stroke')('Menu'));"},"lc":2,"lj":2,"bm":0,"nm":".secondary","mn":"ADBE Vector Graphic - Stroke","hd":false,"cl":"secondary"},{"ty":"tr","p":{"a":0,"k":[386.713,371.75],"ix":2},"a":{"a":0,"k":[0,0],"ix":1},"s":{"a":0,"k":[100,100],"ix":3},"r":{"a":0,"k":0,"ix":6},"o":{"a":0,"k":100,"ix":7},"sk":{"a":0,"k":0,"ix":4},"sa":{"a":0,"k":0,"ix":5},"nm":"Transform"}],"nm":"Group 5","np":1,"cix":2,"bm":0,"ix":6,"mn":"ADBE Vector Group","hd":false}],"ip":0,"op":844,"st":0,"ct":1,"bm":0},{"ddd":0,"ind":2,"ty":4,"nm":"mask","td":1,"sr":1,"ks":{"o":{"a":0,"k":100,"ix":11},"r":{"a":1,"k":[{"i":{"x":[0.851],"y":[0.465]},"o":{"x":[0.739],"y":[0]},"t":0,"s":[0]},{"i":{"x":[0.493],"y":[0.757]},"o":{"x":[0.233],"y":[0.252]},"t":17,"s":[-60.019]},{"i":{"x":[0.667],"y":[1]},"o":{"x":[0.155],"y":[0.626]},"t":22,"s":[-118.776]},{"i":{"x":[0.63],"y":[1]},"o":{"x":[0.838],"y":[0]},"t":48,"s":[-155.102]},{"i":{"x":[0.741],"y":[0.371]},"o":{"x":[0.414],"y":[0]},"t":62,"s":[-155]},{"i":{"x":[0.653],"y":[0.426]},"o":{"x":[0.167],"y":[0.09]},"t":91,"s":[-149.118]},{"i":{"x":[0.236],"y":[1]},"o":{"x":[0.509],"y":[0.22]},"t":111.123,"s":[-132.118]},{"t":152,"s":[0]}],"ix":10},"p":{"a":1,"k":[{"i":{"x":0.667,"y":0.575},"o":{"x":0.333,"y":0},"t":0,"s":[351.713,54.881,0],"to":[0,0,0],"ti":[19.667,-43,0]},{"i":{"x":0.667,"y":1},"o":{"x":0.333,"y":0.476},"t":17,"s":[262.389,153.69,0],"to":[-19.667,43,0],"ti":[0,0,0]},{"i":{"x":0.667,"y":1},"o":{"x":0.976,"y":0},"t":40,"s":[233.713,312.881,0],"to":[0,0,0],"ti":[0,0,0]},{"i":{"x":0.038,"y":1},"o":{"x":0.333,"y":0},"t":62,"s":[217.213,334.381,0],"to":[0,0,0],"ti":[0,0,0]},{"i":{"x":0.038,"y":0.038},"o":{"x":0.167,"y":0.167},"t":91,"s":[233.713,302.881,0],"to":[0,0,0],"ti":[0,0,0]},{"i":{"x":0.477,"y":1},"o":{"x":0.449,"y":0},"t":109,"s":[233.713,302.881,0],"to":[0,0,0],"ti":[0,0,0]},{"t":152,"s":[351.713,54.881,0]}],"ix":2,"l":2},"a":{"a":1,"k":[{"i":{"x":0.667,"y":1},"o":{"x":0.333,"y":0},"t":0,"s":[386.713,89.881,0],"to":[0,0,0],"ti":[0,0,0]},{"i":{"x":0.298,"y":1},"o":{"x":0.333,"y":0},"t":16.666,"s":[386.713,147.881,0],"to":[0,0,0],"ti":[0,0,0]},{"i":{"x":0.667,"y":0.667},"o":{"x":0.167,"y":0.167},"t":48,"s":[386.713,89.881,0],"to":[0,0,0],"ti":[0,0,0]},{"i":{"x":0.667,"y":0.667},"o":{"x":0.167,"y":0.167},"t":91,"s":[386.713,89.881,0],"to":[0,0,0],"ti":[0,0,0]},{"i":{"x":0.667,"y":1},"o":{"x":0.725,"y":0},"t":94.145,"s":[386.713,89.881,0],"to":[0,0,0],"ti":[0,0,0]},{"i":{"x":0.546,"y":1},"o":{"x":0.333,"y":0},"t":125.588,"s":[386.713,146.881,0],"to":[0,0,0],"ti":[0,0,0]},{"t":152,"s":[386.713,89.881,0]}],"ix":1,"l":2},"s":{"a":0,"k":[100,100,100],"ix":6,"l":2}},"ao":0,"shapes":[{"ty":"gr","it":[{"ind":0,"ty":"sh","ix":1,"ks":{"a":1,"k":[{"i":{"x":0.667,"y":1},"o":{"x":0.333,"y":0},"t":0,"s":[{"i":[[-11.529,0],[0,0],[11.529,0],[0,0]],"o":[[11.529,0],[0,0],[-11.529,0],[0,0]],"v":[[0.125,-23.5],[21,-23.5],[0.125,-23.5],[-20.75,-23.5]],"c":true}]},{"i":{"x":0.561,"y":1},"o":{"x":0.333,"y":0},"t":16.666,"s":[{"i":[[-11.529,0],[0,-11.184],[11.529,0],[0,11.184]],"o":[[11.529,0],[0,11.184],[-11.529,0],[0,-11.184]],"v":[[0.49,-255.5],[21.365,-235.25],[0.49,-215],[-20.385,-235.25]],"c":true}]},{"i":{"x":0.667,"y":1},"o":{"x":0.167,"y":0},"t":48,"s":[{"i":[[-11.529,0],[0,0],[11.529,0],[0,0]],"o":[[11.529,0],[0,0],[-11.529,0],[0,0]],"v":[[0.125,-23.5],[21,-23.5],[0.125,-23.5],[-20.75,-23.5]],"c":true}]},{"i":{"x":0.667,"y":1},"o":{"x":0.167,"y":0},"t":91,"s":[{"i":[[-11.529,0],[0,0],[11.529,0],[0,0]],"o":[[11.529,0],[0,0],[-11.529,0],[0,0]],"v":[[0.125,-23.5],[21,-23.5],[0.125,-23.5],[-20.75,-23.5]],"c":true}]},{"i":{"x":0.2,"y":1},"o":{"x":0.167,"y":0},"t":125.588,"s":[{"i":[[-11.529,0],[0,-11.184],[11.529,0],[0,11.184]],"o":[[11.529,0],[0,11.184],[-11.529,0],[0,-11.184]],"v":[[0.49,-255.5],[21.365,-235.25],[0.49,-215],[-20.385,-235.25]],"c":true}]},{"t":152,"s":[{"i":[[-11.529,0],[0,0],[11.529,0],[0,0]],"o":[[11.529,0],[0,0],[-11.529,0],[0,0]],"v":[[0.125,-23.5],[21,-23.5],[0.125,-23.5],[-20.75,-23.5]],"c":true}]}],"ix":2},"nm":"Path 1","mn":"ADBE Vector Shape - Group","hd":false},{"ty":"tr","p":{"a":0,"k":[386.5,434],"ix":2},"a":{"a":0,"k":[0,0],"ix":1},"s":{"a":0,"k":[100,100],"ix":3},"r":{"a":0,"k":0,"ix":6},"o":{"a":0,"k":100,"ix":7},"sk":{"a":0,"k":0,"ix":4},"sa":{"a":0,"k":0,"ix":5},"nm":"Transform"}],"nm":"Ellipse 1","np":2,"cix":2,"bm":0,"ix":1,"mn":"ADBE Vector Group","hd":false},{"ty":"gr","it":[{"ind":0,"ty":"sh","ix":1,"ks":{"a":1,"k":[{"i":{"x":0.667,"y":1},"o":{"x":0.333,"y":0},"t":0,"s":[{"i":[[0,0],[0,0]],"o":[[0,0],[0,0]],"v":[[21.055,-18.684],[21.055,19.565]],"c":false}]},{"i":{"x":0.561,"y":1},"o":{"x":0.333,"y":0},"t":16.666,"s":[{"i":[[0,0],[0,0]],"o":[[0,0],[0,0]],"v":[[22.049,-217.934],[21.419,-192.069]],"c":false}]},{"i":{"x":0.667,"y":1},"o":{"x":0.167,"y":0},"t":48,"s":[{"i":[[0,0],[0,0]],"o":[[0,0],[0,0]],"v":[[21.055,-18.684],[21.055,19.565]],"c":false}]},{"i":{"x":0.667,"y":1},"o":{"x":0.167,"y":0},"t":91,"s":[{"i":[[0,0],[0,0]],"o":[[0,0],[0,0]],"v":[[21.055,-18.684],[21.055,19.565]],"c":false}]},{"i":{"x":0.2,"y":1},"o":{"x":0.167,"y":0},"t":125.588,"s":[{"i":[[0,0],[0,0]],"o":[[0,0],[0,0]],"v":[[22.049,-217.934],[21.419,-192.069]],"c":false}]},{"t":152,"s":[{"i":[[0,0],[0,0]],"o":[[0,0],[0,0]],"v":[[21.055,-18.684],[21.055,19.565]],"c":false}]}],"ix":2},"nm":"Path 1","mn":"ADBE Vector Shape - Group","hd":false},{"ty":"tr","p":{"a":0,"k":[386.713,390.935],"ix":2},"a":{"a":0,"k":[0,0],"ix":1},"s":{"a":0,"k":[100,100],"ix":3},"r":{"a":0,"k":0,"ix":6},"o":{"a":0,"k":100,"ix":7},"sk":{"a":0,"k":0,"ix":4},"sa":{"a":0,"k":0,"ix":5},"nm":"Transform"}],"nm":"Group 1","np":2,"cix":2,"bm":0,"ix":2,"mn":"ADBE Vector Group","hd":false},{"ty":"gr","it":[{"ind":0,"ty":"sh","ix":1,"ks":{"a":1,"k":[{"i":{"x":0.667,"y":1},"o":{"x":0.333,"y":0},"t":0,"s":[{"i":[[0,0],[0,0],[0,0],[0,0]],"o":[[0,0],[0,0],[0,0],[0,0]],"v":[[-20.926,38.75],[-21.055,0.125],[-0.77,0.065],[21.027,0]],"c":false}]},{"i":{"x":0.561,"y":1},"o":{"x":0.333,"y":0},"t":16.666,"s":[{"i":[[0,0],[0,0],[-14.787,-0.07],[0,0]],"o":[[0,0],[0,0],[14.466,0.069],[0,0]],"v":[[-20.562,-173.122],[-20.06,-199.159],[0.599,-209.875],[22.022,-199.296]],"c":false}]},{"i":{"x":0.667,"y":1},"o":{"x":0.167,"y":0},"t":48,"s":[{"i":[[0,0],[0,0],[0,0],[0,0]],"o":[[0,0],[0,0],[0,0],[0,0]],"v":[[-20.926,38.75],[-21.055,0.125],[-0.77,0.065],[21.027,0]],"c":false}]},{"i":{"x":0.667,"y":1},"o":{"x":0.167,"y":0},"t":91,"s":[{"i":[[0,0],[0,0],[0,0],[0,0]],"o":[[0,0],[0,0],[0,0],[0,0]],"v":[[-20.926,38.75],[-21.055,0.125],[-0.77,0.065],[21.027,0]],"c":false}]},{"i":{"x":0.2,"y":1},"o":{"x":0.167,"y":0},"t":125.588,"s":[{"i":[[0,0],[0,0],[-14.787,-0.07],[0,0]],"o":[[0,0],[0,0],[14.466,0.069],[0,0]],"v":[[-20.562,-173.122],[-20.06,-199.159],[0.599,-209.875],[22.022,-199.296]],"c":false}]},{"t":152,"s":[{"i":[[0,0],[0,0],[0,0],[0,0]],"o":[[0,0],[0,0],[0,0],[0,0]],"v":[[-20.926,38.75],[-21.055,0.125],[-0.77,0.065],[21.027,0]],"c":false}]}],"ix":2},"nm":"Path 1","mn":"ADBE Vector Shape - Group","hd":false},{"ty":"tr","p":{"a":0,"k":[386.713,371.75],"ix":2},"a":{"a":0,"k":[0,0],"ix":1},"s":{"a":0,"k":[100,100],"ix":3},"r":{"a":0,"k":0,"ix":6},"o":{"a":0,"k":100,"ix":7},"sk":{"a":0,"k":0,"ix":4},"sa":{"a":0,"k":0,"ix":5},"nm":"Transform"}],"nm":"Group 2","np":2,"cix":2,"bm":0,"ix":3,"mn":"ADBE Vector Group","hd":false},{"ty":"gr","it":[{"ind":0,"ty":"sh","ix":1,"ks":{"a":1,"k":[{"i":{"x":0.667,"y":1},"o":{"x":0.333,"y":0},"t":0,"s":[{"i":[[0,0],[0,0],[0,0]],"o":[[0,0],[0,0],[0,0]],"v":[[-21.031,29.896],[0,-29.786],[21.031,29.786]],"c":false}]},{"i":{"x":0.561,"y":1},"o":{"x":0.333,"y":0},"t":16.666,"s":[{"i":[[0,0],[0,0],[0,0]],"o":[[0,0],[0,0],[0,0]],"v":[[-21.019,-7.854],[0,-29.786],[21.043,-7.964]],"c":false}]},{"i":{"x":0.667,"y":1},"o":{"x":0.167,"y":0},"t":48,"s":[{"i":[[0,0],[0,0],[0,0]],"o":[[0,0],[0,0],[0,0]],"v":[[-21.031,29.896],[0,-29.786],[21.031,29.786]],"c":false}]},{"i":{"x":0.667,"y":1},"o":{"x":0.167,"y":0},"t":91,"s":[{"i":[[0,0],[0,0],[0,0]],"o":[[0,0],[0,0],[0,0]],"v":[[-21.031,29.896],[0,-29.786],[21.031,29.786]],"c":false}]},{"i":{"x":0.2,"y":1},"o":{"x":0.167,"y":0},"t":125.588,"s":[{"i":[[0,0],[0,0],[0,0]],"o":[[0,0],[0,0],[0,0]],"v":[[-21.019,-7.854],[0,-29.786],[21.043,-7.964]],"c":false}]},{"t":152,"s":[{"i":[[0,0],[0,0],[0,0]],"o":[[0,0],[0,0],[0,0]],"v":[[-21.031,29.896],[0,-29.786],[21.031,29.786]],"c":false}]}],"ix":2},"nm":"Path 1","mn":"ADBE Vector Shape - Group","hd":false},{"ty":"tr","p":{"a":0,"k":[386.713,119.667],"ix":2},"a":{"a":0,"k":[0,0],"ix":1},"s":{"a":0,"k":[100,100],"ix":3},"r":{"a":0,"k":0,"ix":6},"o":{"a":0,"k":100,"ix":7},"sk":{"a":0,"k":0,"ix":4},"sa":{"a":0,"k":0,"ix":5},"nm":"Transform"}],"nm":"Group 3","np":2,"cix":2,"bm":0,"ix":4,"mn":"ADBE Vector Group","hd":false},{"ty":"gr","it":[{"ind":0,"ty":"sh","ix":1,"ks":{"a":1,"k":[{"i":{"x":0.667,"y":1},"o":{"x":0.333,"y":0},"t":0,"s":[{"i":[[0,0],[0,0],[-12.25,0.046],[0,0],[0,0]],"o":[[0,0],[0,0],[13.25,-0.05],[0,0],[0,0]],"v":[[-21.11,111.398],[-21.027,-111.148],[0.537,-111.148],[21.027,-111.148],[21,111.898]],"c":false}]},{"i":{"x":0.561,"y":1},"o":{"x":0.333,"y":0},"t":16.666,"s":[{"i":[[0,0],[0,0],[-12.892,-0.315],[0,0],[0,0]],"o":[[0,0],[0,0],[12.116,0.296],[0,0],[0,0]],"v":[[-20.115,-88.148],[-21.015,-148.898],[0.421,-161.398],[21.039,-148.898],[21.994,-87.601]],"c":false}]},{"i":{"x":0.667,"y":1},"o":{"x":0.167,"y":0},"t":48,"s":[{"i":[[0,0],[0,0],[-12.25,0.046],[0,0],[0,0]],"o":[[0,0],[0,0],[13.25,-0.05],[0,0],[0,0]],"v":[[-21.11,111.398],[-21.027,-111.148],[0.537,-111.148],[21.027,-111.148],[21,111.898]],"c":false}]},{"i":{"x":0.667,"y":1},"o":{"x":0.167,"y":0},"t":91,"s":[{"i":[[0,0],[0,0],[-12.25,0.046],[0,0],[0,0]],"o":[[0,0],[0,0],[13.25,-0.05],[0,0],[0,0]],"v":[[-21.11,111.398],[-21.027,-111.148],[0.537,-111.148],[21.027,-111.148],[21,111.898]],"c":false}]},{"i":{"x":0.2,"y":1},"o":{"x":0.167,"y":0},"t":125.588,"s":[{"i":[[0,0],[0,0],[-12.892,-0.315],[0,0],[0,0]],"o":[[0,0],[0,0],[12.116,0.296],[0,0],[0,0]],"v":[[-20.115,-88.148],[-21.015,-148.898],[0.421,-161.398],[21.039,-148.898],[21.994,-87.601]],"c":false}]},{"t":152,"s":[{"i":[[0,0],[0,0],[-12.25,0.046],[0,0],[0,0]],"o":[[0,0],[0,0],[13.25,-0.05],[0,0],[0,0]],"v":[[-21.11,111.398],[-21.027,-111.148],[0.537,-111.148],[21.027,-111.148],[21,111.898]],"c":false}]}],"ix":2},"nm":"Path 1","mn":"ADBE Vector Shape - Group","hd":false},{"ty":"tr","p":{"a":0,"k":[386.713,260.602],"ix":2},"a":{"a":0,"k":[0,0],"ix":1},"s":{"a":0,"k":[100,100],"ix":3},"r":{"a":0,"k":0,"ix":6},"o":{"a":0,"k":100,"ix":7},"sk":{"a":0,"k":0,"ix":4},"sa":{"a":0,"k":0,"ix":5},"nm":"Transform"}],"nm":"Group 4","np":2,"cix":2,"bm":0,"ix":5,"mn":"ADBE Vector Group","hd":false},{"ty":"gr","it":[{"ty":"tr","p":{"a":0,"k":[386.713,371.75],"ix":2},"a":{"a":0,"k":[0,0],"ix":1},"s":{"a":0,"k":[100,100],"ix":3},"r":{"a":0,"k":0,"ix":6},"o":{"a":0,"k":100,"ix":7},"sk":{"a":0,"k":0,"ix":4},"sa":{"a":0,"k":0,"ix":5},"nm":"Transform"}],"nm":"Group 5","np":1,"cix":2,"bm":0,"ix":6,"mn":"ADBE Vector Group","hd":false},{"ty":"fl","c":{"a":0,"k":[1,0,0,1],"ix":4},"o":{"a":0,"k":100,"ix":5},"r":1,"bm":0,"nm":"Fill 1","mn":"ADBE Vector Graphic - Fill","hd":false}],"ip":0,"op":844,"st":0,"ct":1,"bm":0},{"ddd":0,"ind":3,"ty":4,"nm":"Notes","tt":2,"tp":2,"sr":1,"ks":{"o":{"a":0,"k":100,"ix":11},"r":{"a":0,"k":0,"ix":10},"p":{"a":1,"k":[{"i":{"x":0.1,"y":1},"o":{"x":0.333,"y":0},"t":0,"s":[170.995,201.656,0],"to":[-0.667,6.333,0],"ti":[2.979,-11.229,0]},{"i":{"x":0.667,"y":1},"o":{"x":0.294,"y":0},"t":60,"s":[166.995,239.656,0],"to":[-0.716,2.697,0],"ti":[0.681,-1.17,0]},{"i":{"x":0.2,"y":1},"o":{"x":0.333,"y":0},"t":65,"s":[163.317,245.457,0],"to":[1.512,-0.391,0],"ti":[-0.655,2.175,0]},{"i":{"x":0.344,"y":1},"o":{"x":0.8,"y":0},"t":91,"s":[166.995,239.656,0],"to":[2.136,-7.097,0],"ti":[-0.667,6.333,0]},{"t":152,"s":[170.995,201.656,0]}],"ix":2,"l":2},"a":{"a":0,"k":[205.995,236.656,0],"ix":1,"l":2},"s":{"a":0,"k":[100,100,100],"ix":6,"l":2}},"ao":0,"shapes":[{"ty":"gr","it":[{"ty":"gr","it":[{"ty":"gr","it":[{"ind":0,"ty":"sh","ix":1,"ks":{"a":0,"k":{"i":[[0,0],[0,0],[0,0],[0,0]],"o":[[0,0],[0,0],[0,0],[0,0]],"v":[[56.713,18.681],[-56.713,18.681],[-56.713,-18.681],[56.713,-18.681]],"c":true},"ix":2},"nm":"Path 1","mn":"ADBE Vector Shape - Group","hd":false},{"ind":1,"ty":"sh","ix":2,"ks":{"a":0,"k":{"i":[[0,0],[0,0],[0,0],[0,0]],"o":[[0,0],[0,0],[0,0],[0,0]],"v":[[-25.166,-18.68],[-25.166,-39.37],[25.164,-39.37],[25.164,-18.68]],"c":false},"ix":2},"nm":"Path 2","mn":"ADBE Vector Shape - Group","hd":false},{"ind":2,"ty":"sh","ix":3,"ks":{"a":0,"k":{"i":[[0,0],[0,0]],"o":[[0,0],[0,0]],"v":[[-0.052,186.901],[-75.064,186.901]],"c":false},"ix":2},"nm":"Path 3","mn":"ADBE Vector Shape - Group","hd":false},{"ind":3,"ty":"sh","ix":4,"ks":{"a":0,"k":{"i":[[0,0],[0,0]],"o":[[0,0],[0,0]],"v":[[75.064,153.805],[-75.064,153.805]],"c":false},"ix":2},"nm":"Path 4","mn":"ADBE Vector Shape - Group","hd":false},{"ind":4,"ty":"sh","ix":5,"ks":{"a":0,"k":{"i":[[0,0],[0,0]],"o":[[0,0],[0,0]],"v":[[-0.052,109.201],[-75.064,109.201]],"c":false},"ix":2},"nm":"Path 5","mn":"ADBE Vector Shape - Group","hd":false},{"ind":5,"ty":"sh","ix":6,"ks":{"a":0,"k":{"i":[[0,0],[0,0]],"o":[[0,0],[0,0]],"v":[[75.064,76.105],[-75.064,76.105]],"c":false},"ix":2},"nm":"Path 6","mn":"ADBE Vector Shape - Group","hd":false},{"ty":"st","c":{"a":0,"k":[0.071,0.075,0.192,1],"ix":3,"x":"var $bm_rt;\n$bm_rt = comp('wired-outline-967-questionnaire').layer('control').effect('primary')('Color');"},"o":{"a":0,"k":100,"ix":4},"w":{"a":0,"k":12.04,"ix":5,"x":"var $bm_rt;\n$bm_rt = $bm_mul($bm_div(value, 2), comp('wired-outline-967-questionnaire').layer('control').effect('stroke')('Menu'));"},"lc":2,"lj":2,"bm":0,"nm":".primary","mn":"ADBE Vector Graphic - Stroke","hd":false,"cl":"primary"},{"ty":"tr","p":{"a":0,"k":[205.996,102.561],"ix":2},"a":{"a":0,"k":[0,0],"ix":1},"s":{"a":0,"k":[100,100],"ix":3},"r":{"a":0,"k":0,"ix":6},"o":{"a":0,"k":100,"ix":7},"sk":{"a":0,"k":0,"ix":4},"sa":{"a":0,"k":0,"ix":5},"nm":"Transform"}],"nm":"Group 1","np":7,"cix":2,"bm":0,"ix":1,"mn":"ADBE Vector Group","hd":false},{"ty":"gr","it":[{"ty":"gr","it":[{"ind":0,"ty":"sh","ix":1,"ks":{"a":0,"k":{"i":[[0,0],[0,0],[0,0],[0,0],[0,0],[0,0]],"o":[[0,0],[0,0],[0,0],[0,0],[0,0],[0,0]],"v":[[56.715,-160.12],[113.415,-160.12],[113.415,160.12],[-113.415,160.12],[-113.415,-160.12],[-56.715,-160.12]],"c":false},"ix":2},"nm":"Path 1","mn":"ADBE Vector Shape - Group","hd":false},{"ty":"st","c":{"a":0,"k":[0.071,0.075,0.192,1],"ix":3,"x":"var $bm_rt;\n$bm_rt = comp('wired-outline-967-questionnaire').layer('control').effect('primary')('Color');"},"o":{"a":0,"k":100,"ix":4},"w":{"a":0,"k":12.04,"ix":5,"x":"var $bm_rt;\n$bm_rt = $bm_mul($bm_div(value, 2), comp('wired-outline-967-questionnaire').layer('control').effect('stroke')('Menu'));"},"lc":2,"lj":2,"bm":0,"nm":".primary","mn":"ADBE Vector Graphic - Stroke","hd":false,"cl":"primary"},{"ty":"tr","p":{"a":0,"k":[0,0],"ix":2},"a":{"a":0,"k":[0,0],"ix":1},"s":{"a":0,"k":[100,100],"ix":3},"r":{"a":0,"k":0,"ix":6},"o":{"a":0,"k":100,"ix":7},"sk":{"a":0,"k":0,"ix":4},"sa":{"a":0,"k":0,"ix":5},"nm":"Transform"}],"nm":"Group 1","np":2,"cix":2,"bm":0,"ix":1,"mn":"ADBE Vector Group","hd":false},{"ty":"tr","p":{"a":0,"k":[205.995,250.001],"ix":2},"a":{"a":0,"k":[0,0],"ix":1},"s":{"a":0,"k":[100,100],"ix":3},"r":{"a":0,"k":0,"ix":6},"o":{"a":0,"k":100,"ix":7},"sk":{"a":0,"k":0,"ix":4},"sa":{"a":0,"k":0,"ix":5},"nm":"Transform"}],"nm":"Group 3","np":1,"cix":2,"bm":0,"ix":2,"mn":"ADBE Vector Group","hd":false},{"ty":"tr","p":{"a":0,"k":[205.995,250.001],"ix":2},"a":{"a":0,"k":[205.995,250.001],"ix":1},"s":{"a":0,"k":[100,100],"ix":3},"r":{"a":0,"k":0,"ix":6},"o":{"a":0,"k":100,"ix":7},"sk":{"a":0,"k":0,"ix":4},"sa":{"a":0,"k":0,"ix":5},"nm":"Transform"}],"nm":"Group 1","np":2,"cix":2,"bm":0,"ix":1,"mn":"ADBE Vector Group","hd":false},{"ty":"gr","it":[{"ty":"gr","it":[{"ind":0,"ty":"sh","ix":1,"ks":{"a":0,"k":{"i":[[0,0],[0,0]],"o":[[0,0],[0,0]],"v":[[-0.014,0],[0.014,0]],"c":false},"ix":2},"nm":"Path 1","mn":"ADBE Vector Shape - Group","hd":false},{"ty":"st","c":{"a":0,"k":[0.031,0.659,0.541,1],"ix":3,"x":"var $bm_rt;\n$bm_rt = comp('wired-outline-967-questionnaire').layer('control').effect('secondary')('Color');"},"o":{"a":0,"k":100,"ix":4},"w":{"a":0,"k":12.04,"ix":5,"x":"var $bm_rt;\n$bm_rt = $bm_mul($bm_div(value, 2), comp('wired-outline-967-questionnaire').layer('control').effect('stroke')('Menu'));"},"lc":2,"lj":2,"bm":0,"nm":".secondary","mn":"ADBE Vector Graphic - Stroke","hd":false,"cl":"secondary"},{"ty":"tr","p":{"a":0,"k":[205.954,378.996],"ix":2},"a":{"a":0,"k":[0,0],"ix":1},"s":{"a":0,"k":[100,100],"ix":3},"r":{"a":0,"k":0,"ix":6},"o":{"a":0,"k":100,"ix":7},"sk":{"a":0,"k":0,"ix":4},"sa":{"a":0,"k":0,"ix":5},"nm":"Transform"}],"nm":"Group 1","np":2,"cix":2,"bm":0,"ix":1,"mn":"ADBE Vector Group","hd":false},{"ty":"gr","it":[{"ind":0,"ty":"sh","ix":1,"ks":{"a":0,"k":{"i":[[0,0],[-6.827,0],[0,-6.827],[2.458,-2.321],[0,0]],"o":[[0,-6.827],[6.827,0],[0,3.993],[-7.767,7.334],[0,0]],"v":[[-12.36,-4.698],[-0.003,-17.061],[12.36,-4.698],[7.607,5.987],[-0.003,17.061]],"c":false},"ix":2},"nm":"Path 1","mn":"ADBE Vector Shape - Group","hd":false},{"ty":"tm","s":{"a":1,"k":[{"i":{"x":[0.2],"y":[1]},"o":{"x":[0.167],"y":[0.167]},"t":71,"s":[0]},{"t":120,"s":[100]}],"ix":1},"e":{"a":0,"k":0,"ix":2},"o":{"a":0,"k":0,"ix":3},"m":1,"ix":2,"nm":"Trim Paths 1","mn":"ADBE Vector Filter - Trim","hd":false},{"ty":"st","c":{"a":0,"k":[0.031,0.659,0.541,1],"ix":3,"x":"var $bm_rt;\n$bm_rt = comp('wired-outline-967-questionnaire').layer('control').effect('secondary')('Color');"},"o":{"a":0,"k":100,"ix":4},"w":{"a":0,"k":12.04,"ix":5,"x":"var $bm_rt;\n$bm_rt = $bm_mul($bm_div(value, 2), comp('wired-outline-967-questionnaire').layer('control').effect('stroke')('Menu'));"},"lc":2,"lj":2,"bm":0,"nm":".secondary","mn":"ADBE Vector Graphic - Stroke","hd":false,"cl":"secondary"},{"ty":"tr","p":{"a":0,"k":[205.996,342.061],"ix":2},"a":{"a":0,"k":[0,0],"ix":1},"s":{"a":0,"k":[100,100],"ix":3},"r":{"a":0,"k":0,"ix":6},"o":{"a":0,"k":100,"ix":7},"sk":{"a":0,"k":0,"ix":4},"sa":{"a":0,"k":0,"ix":5},"nm":"Transform"}],"nm":"Group 3","np":3,"cix":2,"bm":0,"ix":2,"mn":"ADBE Vector Group","hd":false},{"ty":"gr","it":[{"ind":0,"ty":"sh","ix":1,"ks":{"a":0,"k":{"i":[[0,0],[-7.767,7.334],[0,3.993],[6.827,0],[0,-6.827]],"o":[[0,0],[2.458,-2.321],[0,-6.827],[-6.827,0],[0,0]],"v":[[-0.003,17.061],[7.607,5.987],[12.36,-4.698],[-0.003,-17.061],[-12.36,-4.698]],"c":false},"ix":2},"nm":"Path 1","mn":"ADBE Vector Shape - Group","hd":false},{"ty":"tm","s":{"a":0,"k":0,"ix":1},"e":{"a":1,"k":[{"i":{"x":[0.833],"y":[0.833]},"o":{"x":[0.8],"y":[0]},"t":54,"s":[100]},{"t":79,"s":[0]}],"ix":2},"o":{"a":0,"k":0,"ix":3},"m":1,"ix":2,"nm":"Trim Paths 1","mn":"ADBE Vector Filter - Trim","hd":false},{"ty":"st","c":{"a":0,"k":[0.031,0.659,0.541,1],"ix":3,"x":"var $bm_rt;\n$bm_rt = comp('wired-outline-967-questionnaire').layer('control').effect('secondary')('Color');"},"o":{"a":0,"k":100,"ix":4},"w":{"a":0,"k":12.04,"ix":5,"x":"var $bm_rt;\n$bm_rt = $bm_mul($bm_div(value, 2), comp('wired-outline-967-questionnaire').layer('control').effect('stroke')('Menu'));"},"lc":2,"lj":2,"bm":0,"nm":".secondary","mn":"ADBE Vector Graphic - Stroke","hd":false,"cl":"secondary"},{"ty":"tr","p":{"a":0,"k":[205.996,342.061],"ix":2},"a":{"a":0,"k":[0,0],"ix":1},"s":{"a":0,"k":[100,100],"ix":3},"r":{"a":0,"k":0,"ix":6},"o":{"a":0,"k":100,"ix":7},"sk":{"a":0,"k":0,"ix":4},"sa":{"a":0,"k":0,"ix":5},"nm":"Transform"}],"nm":"Group 2","np":3,"cix":2,"bm":0,"ix":3,"mn":"ADBE Vector Group","hd":false},{"ty":"tr","p":{"a":1,"k":[{"i":{"x":0.667,"y":1},"o":{"x":0.333,"y":0},"t":54,"s":[205.996,342.061],"to":[0,1.5],"ti":[0,0]},{"i":{"x":0.2,"y":1},"o":{"x":0.333,"y":0},"t":69,"s":[205.996,351.061],"to":[0,0],"ti":[0,1.5]},{"t":97,"s":[205.996,342.061]}],"ix":2},"a":{"a":0,"k":[205.996,342.061],"ix":1},"s":{"a":0,"k":[100,100],"ix":3},"r":{"a":0,"k":0,"ix":6},"o":{"a":0,"k":100,"ix":7},"sk":{"a":0,"k":0,"ix":4},"sa":{"a":0,"k":0,"ix":5},"nm":"Transform"}],"nm":"Group 4","np":3,"cix":2,"bm":0,"ix":2,"mn":"ADBE Vector Group","hd":false},{"ty":"tr","p":{"a":0,"k":[205.995,236.656],"ix":2},"a":{"a":0,"k":[205.995,236.656],"ix":1},"s":{"a":0,"k":[100,100],"ix":3},"r":{"a":0,"k":0,"ix":6},"o":{"a":0,"k":100,"ix":7},"sk":{"a":1,"k":[{"i":{"x":[0.1],"y":[1]},"o":{"x":[0.333],"y":[0]},"t":0,"s":[0]},{"i":{"x":[0.667],"y":[1]},"o":{"x":[0.294],"y":[0]},"t":60,"s":[-15]},{"i":{"x":[0.2],"y":[1]},"o":{"x":[0.333],"y":[0]},"t":65,"s":[-16.58]},{"i":{"x":[0.344],"y":[1]},"o":{"x":[0.8],"y":[0]},"t":91,"s":[-15]},{"t":152,"s":[0]}],"ix":4},"sa":{"a":0,"k":0,"ix":5},"nm":"Transform"}],"nm":"Group 1","np":2,"cix":2,"bm":0,"ix":1,"mn":"ADBE Vector Group","hd":false}],"ip":0,"op":844,"st":0,"ct":1,"bm":0}]}],"layers":[{"ddd":0,"ind":1,"ty":3,"nm":"control","sr":1,"ks":{"o":{"a":0,"k":0,"ix":11},"r":{"a":0,"k":0,"ix":10},"p":{"a":0,"k":[0,0],"ix":2,"l":2},"a":{"a":0,"k":[0,0,0],"ix":1,"l":2},"s":{"a":0,"k":[100,100,100],"ix":6,"l":2}},"ao":0,"ef":[{"ty":5,"nm":"stroke","np":3,"mn":"Pseudo/@@XL5raesATBCC5Kchf8t3fg","ix":1,"en":1,"ef":[{"ty":7,"nm":"Menu","mn":"Pseudo/@@XL5raesATBCC5Kchf8t3fg-0001","ix":1,"v":{"a":0,"k":2,"ix":1}}]},{"ty":5,"nm":"primary","np":3,"mn":"ADBE Color Control","ix":2,"en":1,"ef":[{"ty":2,"nm":"Color","mn":"ADBE Color Control-0001","ix":1,"v":{"a":0,"k":[0.071,0.075,0.192],"ix":1}}]},{"ty":5,"nm":"secondary","np":3,"mn":"ADBE Color Control","ix":3,"en":1,"ef":[{"ty":2,"nm":"Color","mn":"ADBE Color Control-0001","ix":1,"v":{"a":0,"k":[0.031,0.659,0.541],"ix":1}}]}],"ip":0,"op":253,"st":0,"bm":0},{"ddd":0,"ind":2,"ty":0,"nm":"in-reveal","refId":"comp_0","sr":1,"ks":{"o":{"a":0,"k":100,"ix":11},"r":{"a":0,"k":0,"ix":10},"p":{"a":0,"k":[215,215,0],"ix":2,"l":2},"a":{"a":0,"k":[215,215,0],"ix":1,"l":2},"s":{"a":0,"k":[100,100,100],"ix":6,"l":2}},"ao":0,"w":430,"h":430,"ip":0,"op":100,"st":0,"bm":0},{"ddd":0,"ind":3,"ty":0,"nm":"hover-pinch","refId":"comp_1","sr":1,"ks":{"o":{"a":0,"k":100,"ix":11},"r":{"a":0,"k":0,"ix":10},"p":{"a":0,"k":[215,215,0],"ix":2,"l":2},"a":{"a":0,"k":[215,215,0],"ix":1,"l":2},"s":{"a":0,"k":[100,100,100],"ix":6,"l":2}},"ao":0,"w":430,"h":430,"ip":100,"op":262,"st":100,"bm":0}],"markers":[{"tm":0,"cm":"in-reveal","dr":90},{"tm":100,"cm":"default:hover-pinch","dr":152}],"props":{}}