{"v":"5.8.1","fr":60,"ip":0,"op":120,"w":430,"h":430,"nm":"wired-outline-645-people-handshake-transation","ddd":0,"assets":[{"id":"comp_0","nm":"hover-pinch","fr":60,"layers":[{"ddd":0,"ind":1,"ty":4,"nm":"Arm_L","parent":3,"sr":1,"ks":{"o":{"a":0,"k":100,"ix":11},"r":{"a":1,"k":[{"i":{"x":[0.667],"y":[1]},"o":{"x":[0.333],"y":[0]},"t":0,"s":[0]},{"i":{"x":[0.667],"y":[1]},"o":{"x":[0.333],"y":[0]},"t":20,"s":[6]},{"i":{"x":[0.667],"y":[1]},"o":{"x":[0.333],"y":[0]},"t":40,"s":[0]},{"i":{"x":[0.667],"y":[1]},"o":{"x":[0.333],"y":[0]},"t":60,"s":[6]},{"i":{"x":[0.667],"y":[1]},"o":{"x":[0.333],"y":[0]},"t":80,"s":[0]},{"i":{"x":[0.667],"y":[1]},"o":{"x":[0.333],"y":[0]},"t":100,"s":[6]},{"t":120,"s":[0]}],"ix":10},"p":{"a":1,"k":[{"i":{"x":0.667,"y":1},"o":{"x":0.333,"y":0},"t":0,"s":[-89.337,-79.597,0],"to":[1.568,0.505,0],"ti":[0,0,0]},{"i":{"x":0.667,"y":1},"o":{"x":0.333,"y":0},"t":20,"s":[-79.931,-76.567,0],"to":[0,0,0],"ti":[0,0,0]},{"i":{"x":0.667,"y":1},"o":{"x":0.333,"y":0},"t":40,"s":[-89.337,-79.597,0],"to":[0,0,0],"ti":[0,0,0]},{"i":{"x":0.667,"y":1},"o":{"x":0.333,"y":0},"t":60,"s":[-79.931,-76.567,0],"to":[0,0,0],"ti":[0,0,0]},{"i":{"x":0.667,"y":1},"o":{"x":0.333,"y":0},"t":80,"s":[-89.337,-79.597,0],"to":[0,0,0],"ti":[0,0,0]},{"i":{"x":0.667,"y":1},"o":{"x":0.333,"y":0},"t":100,"s":[-79.931,-76.567,0],"to":[0,0,0],"ti":[1.568,0.505,0]},{"t":120,"s":[-89.337,-79.597,0]}],"ix":2,"l":2},"a":{"a":0,"k":[-89.337,-79.597,0],"ix":1,"l":2},"s":{"a":0,"k":[100,100,100],"ix":6,"l":2}},"ao":0,"shapes":[{"ty":"gr","it":[{"ind":0,"ty":"sh","ix":1,"ks":{"a":1,"k":[{"i":{"x":0.667,"y":1},"o":{"x":0.333,"y":0},"t":0,"s":[{"i":[[0,0],[0,0],[0,0],[23.172,4.353],[0,0],[0,0]],"o":[[0,0],[0,0],[0,0],[0,0],[0,0],[0,0]],"v":[[-69.671,-69.666],[-36.113,-27.052],[17.72,3.137],[-8.778,21.927],[-56.629,-4.787],[-105.394,-69.582]],"c":false}]},{"i":{"x":0.667,"y":1},"o":{"x":0.333,"y":0},"t":20,"s":[{"i":[[0,0],[0,0],[0,0],[20.424,11.779],[0,0],[0,0]],"o":[[0,0],[0,0],[0,0],[0,0],[0,0],[0,0]],"v":[[-69.671,-69.666],[-38.236,-31.58],[6.405,13.33],[-24.819,22.286],[-64.967,-17.363],[-105.394,-69.582]],"c":false}]},{"i":{"x":0.667,"y":1},"o":{"x":0.333,"y":0},"t":40,"s":[{"i":[[0,0],[0,0],[0,0],[23.172,4.353],[0,0],[0,0]],"o":[[0,0],[0,0],[0,0],[0,0],[0,0],[0,0]],"v":[[-69.671,-69.666],[-36.113,-27.052],[17.72,3.137],[-8.778,21.927],[-56.629,-4.787],[-105.394,-69.582]],"c":false}]},{"i":{"x":0.667,"y":1},"o":{"x":0.333,"y":0},"t":60,"s":[{"i":[[0,0],[0,0],[0,0],[20.424,11.779],[0,0],[0,0]],"o":[[0,0],[0,0],[0,0],[0,0],[0,0],[0,0]],"v":[[-69.671,-69.666],[-38.236,-31.58],[6.405,13.33],[-24.819,22.286],[-64.967,-17.363],[-105.394,-69.582]],"c":false}]},{"i":{"x":0.667,"y":1},"o":{"x":0.333,"y":0},"t":80,"s":[{"i":[[0,0],[0,0],[0,0],[23.172,4.353],[0,0],[0,0]],"o":[[0,0],[0,0],[0,0],[0,0],[0,0],[0,0]],"v":[[-69.671,-69.666],[-36.113,-27.052],[17.72,3.137],[-8.778,21.927],[-56.629,-4.787],[-105.394,-69.582]],"c":false}]},{"i":{"x":0.667,"y":1},"o":{"x":0.333,"y":0},"t":100,"s":[{"i":[[0,0],[0,0],[0,0],[20.424,11.779],[0,0],[0,0]],"o":[[0,0],[0,0],[0,0],[0,0],[0,0],[0,0]],"v":[[-69.671,-69.666],[-38.236,-31.58],[6.405,13.33],[-24.819,22.286],[-64.967,-17.363],[-105.394,-69.582]],"c":false}]},{"t":120,"s":[{"i":[[0,0],[0,0],[0,0],[23.172,4.353],[0,0],[0,0]],"o":[[0,0],[0,0],[0,0],[0,0],[0,0],[0,0]],"v":[[-69.671,-69.666],[-36.113,-27.052],[17.72,3.137],[-8.778,21.927],[-56.629,-4.787],[-105.394,-69.582]],"c":false}]}],"ix":2},"nm":"Path 1","mn":"ADBE Vector Shape - Group","hd":false},{"ty":"st","c":{"a":0,"k":[0.031,0.659,0.541,1],"ix":3,"x":"var $bm_rt;\n$bm_rt = comp('wired-outline-645-people-handshake-transation').layer('control').effect('secondary')('Color');"},"o":{"a":0,"k":100,"ix":4},"w":{"a":0,"k":12.04,"ix":5,"x":"var $bm_rt;\n$bm_rt = $bm_mul($bm_div(value, 2), comp('wired-outline-645-people-handshake-transation').layer('control').effect('stroke')('Menu'));"},"lc":2,"lj":2,"bm":0,"nm":".secondary","mn":"ADBE Vector Graphic - Stroke","hd":false,"cl":"secondary"},{"ty":"tr","p":{"a":0,"k":[0,0],"ix":2},"a":{"a":0,"k":[0,0],"ix":1},"s":{"a":0,"k":[100,100],"ix":3},"r":{"a":0,"k":0,"ix":6},"o":{"a":0,"k":100,"ix":7},"sk":{"a":0,"k":0,"ix":4},"sa":{"a":0,"k":0,"ix":5},"nm":"Transform"}],"nm":"Group 1","np":2,"cix":2,"bm":0,"ix":1,"mn":"ADBE Vector Group","hd":false}],"ip":0,"op":844,"st":0,"bm":0},{"ddd":0,"ind":2,"ty":4,"nm":"Arm_L-matte 2","parent":3,"td":1,"sr":1,"ks":{"o":{"a":0,"k":100,"ix":11},"r":{"a":1,"k":[{"i":{"x":[0.667],"y":[1]},"o":{"x":[0.333],"y":[0]},"t":0,"s":[0]},{"i":{"x":[0.667],"y":[1]},"o":{"x":[0.333],"y":[0]},"t":20,"s":[6]},{"i":{"x":[0.667],"y":[1]},"o":{"x":[0.333],"y":[0]},"t":40,"s":[0]},{"i":{"x":[0.667],"y":[1]},"o":{"x":[0.333],"y":[0]},"t":60,"s":[6]},{"i":{"x":[0.667],"y":[1]},"o":{"x":[0.333],"y":[0]},"t":80,"s":[0]},{"i":{"x":[0.667],"y":[1]},"o":{"x":[0.333],"y":[0]},"t":100,"s":[6]},{"t":120,"s":[0]}],"ix":10},"p":{"a":1,"k":[{"i":{"x":0.667,"y":1},"o":{"x":0.333,"y":0},"t":0,"s":[-89.337,-79.597,0],"to":[1.568,0.505,0],"ti":[0,0,0]},{"i":{"x":0.667,"y":1},"o":{"x":0.333,"y":0},"t":20,"s":[-79.931,-76.567,0],"to":[0,0,0],"ti":[0,0,0]},{"i":{"x":0.667,"y":1},"o":{"x":0.333,"y":0},"t":40,"s":[-89.337,-79.597,0],"to":[0,0,0],"ti":[0,0,0]},{"i":{"x":0.667,"y":1},"o":{"x":0.333,"y":0},"t":60,"s":[-79.931,-76.567,0],"to":[0,0,0],"ti":[0,0,0]},{"i":{"x":0.667,"y":1},"o":{"x":0.333,"y":0},"t":80,"s":[-89.337,-79.597,0],"to":[0,0,0],"ti":[0,0,0]},{"i":{"x":0.667,"y":1},"o":{"x":0.333,"y":0},"t":100,"s":[-79.931,-76.567,0],"to":[0,0,0],"ti":[1.568,0.505,0]},{"t":120,"s":[-89.337,-79.597,0]}],"ix":2,"l":2},"a":{"a":0,"k":[-89.337,-79.597,0],"ix":1,"l":2},"s":{"a":0,"k":[100,100,100],"ix":6,"l":2}},"ao":0,"shapes":[{"ty":"gr","it":[{"ind":0,"ty":"sh","ix":1,"ks":{"a":1,"k":[{"i":{"x":0.667,"y":1},"o":{"x":0.333,"y":0},"t":0,"s":[{"i":[[0,0],[0,0],[0,0],[23.172,4.353],[0,0],[0,0]],"o":[[0,0],[0,0],[0,0],[0,0],[0,0],[0,0]],"v":[[-69.671,-69.666],[-36.113,-27.052],[17.72,3.137],[-8.778,21.927],[-56.629,-4.787],[-105.394,-69.582]],"c":false}]},{"i":{"x":0.667,"y":1},"o":{"x":0.333,"y":0},"t":20,"s":[{"i":[[0,0],[0,0],[0,0],[20.424,11.779],[0,0],[0,0]],"o":[[0,0],[0,0],[0,0],[0,0],[0,0],[0,0]],"v":[[-69.671,-69.666],[-38.236,-31.58],[6.405,13.33],[-24.819,22.286],[-64.967,-17.363],[-105.394,-69.582]],"c":false}]},{"i":{"x":0.667,"y":1},"o":{"x":0.333,"y":0},"t":40,"s":[{"i":[[0,0],[0,0],[0,0],[23.172,4.353],[0,0],[0,0]],"o":[[0,0],[0,0],[0,0],[0,0],[0,0],[0,0]],"v":[[-69.671,-69.666],[-36.113,-27.052],[17.72,3.137],[-8.778,21.927],[-56.629,-4.787],[-105.394,-69.582]],"c":false}]},{"i":{"x":0.667,"y":1},"o":{"x":0.333,"y":0},"t":60,"s":[{"i":[[0,0],[0,0],[0,0],[20.424,11.779],[0,0],[0,0]],"o":[[0,0],[0,0],[0,0],[0,0],[0,0],[0,0]],"v":[[-69.671,-69.666],[-38.236,-31.58],[6.405,13.33],[-24.819,22.286],[-64.967,-17.363],[-105.394,-69.582]],"c":false}]},{"i":{"x":0.667,"y":1},"o":{"x":0.333,"y":0},"t":80,"s":[{"i":[[0,0],[0,0],[0,0],[23.172,4.353],[0,0],[0,0]],"o":[[0,0],[0,0],[0,0],[0,0],[0,0],[0,0]],"v":[[-69.671,-69.666],[-36.113,-27.052],[17.72,3.137],[-8.778,21.927],[-56.629,-4.787],[-105.394,-69.582]],"c":false}]},{"i":{"x":0.667,"y":1},"o":{"x":0.333,"y":0},"t":100,"s":[{"i":[[0,0],[0,0],[0,0],[20.424,11.779],[0,0],[0,0]],"o":[[0,0],[0,0],[0,0],[0,0],[0,0],[0,0]],"v":[[-69.671,-69.666],[-38.236,-31.58],[6.405,13.33],[-24.819,22.286],[-64.967,-17.363],[-105.394,-69.582]],"c":false}]},{"t":120,"s":[{"i":[[0,0],[0,0],[0,0],[23.172,4.353],[0,0],[0,0]],"o":[[0,0],[0,0],[0,0],[0,0],[0,0],[0,0]],"v":[[-69.671,-69.666],[-36.113,-27.052],[17.72,3.137],[-8.778,21.927],[-56.629,-4.787],[-105.394,-69.582]],"c":false}]}],"ix":2},"nm":"Path 1","mn":"ADBE Vector Shape - Group","hd":false},{"ty":"fl","c":{"a":0,"k":[1,1,1,1],"ix":4},"o":{"a":0,"k":100,"ix":5},"r":1,"bm":0,"nm":"Fill 1","mn":"ADBE Vector Graphic - Fill","hd":false},{"ty":"tr","p":{"a":0,"k":[0,0],"ix":2},"a":{"a":0,"k":[0,0],"ix":1},"s":{"a":0,"k":[100,100],"ix":3},"r":{"a":0,"k":0,"ix":6},"o":{"a":0,"k":100,"ix":7},"sk":{"a":0,"k":0,"ix":4},"sa":{"a":0,"k":0,"ix":5},"nm":"Transform"}],"nm":"Group 1","np":2,"cix":2,"bm":0,"ix":1,"mn":"ADBE Vector Group","hd":false}],"ip":0,"op":844,"st":0,"bm":0},{"ddd":0,"ind":3,"ty":4,"nm":"Body_L","tt":2,"sr":1,"ks":{"o":{"a":0,"k":100,"ix":11},"r":{"a":0,"k":0,"ix":10},"p":{"a":0,"k":[122.595,401.925,0],"ix":2,"l":2},"a":{"a":0,"k":[-92.405,186.925,0],"ix":1,"l":2},"s":{"a":1,"k":[{"i":{"x":[0.667,0.667,0.667],"y":[1,1,1]},"o":{"x":[0.333,0.333,0.333],"y":[0,0,0]},"t":0,"s":[100,100,100]},{"i":{"x":[0.667,0.667,0.667],"y":[1,1,1]},"o":{"x":[0.333,0.333,0.333],"y":[0,0,0]},"t":20,"s":[101,99,100]},{"i":{"x":[0.667,0.667,0.667],"y":[1,1,1]},"o":{"x":[0.333,0.333,0.333],"y":[0,0,0]},"t":40,"s":[100,100,100]},{"i":{"x":[0.667,0.667,0.667],"y":[1,1,1]},"o":{"x":[0.333,0.333,0.333],"y":[0,0,0]},"t":60,"s":[101,99,100]},{"i":{"x":[0.667,0.667,0.667],"y":[1,1,1]},"o":{"x":[0.333,0.333,0.333],"y":[0,0,0]},"t":80,"s":[100,100,100]},{"i":{"x":[0.667,0.667,0.667],"y":[1,1,1]},"o":{"x":[0.333,0.333,0.333],"y":[0,0,0]},"t":100,"s":[101,99,100]},{"t":120,"s":[100,100,100]}],"ix":6,"l":2}},"ao":0,"shapes":[{"ty":"gr","it":[{"ind":0,"ty":"sh","ix":1,"ks":{"a":1,"k":[{"i":{"x":0.667,"y":1},"o":{"x":0.333,"y":0},"t":0,"s":[{"i":[[0,0],[0,0],[0,0],[-17.672,0],[0,0],[0,-17.672]],"o":[[0,0],[0,0],[0,-17.672],[0,0],[17.672,0],[0,0]],"v":[[-69.728,5.662],[-133.725,5.662],[-133.725,-70.044],[-101.727,-102.042],[-101.727,-102.042],[-69.728,-70.044]],"c":true}]},{"i":{"x":0.667,"y":1},"o":{"x":0.333,"y":0},"t":20,"s":[{"i":[[0,0],[0,0],[0,0],[-17.601,-1.583],[0,0],[1.583,-17.601]],"o":[[0,0],[0,0],[1.583,-17.601],[0,0],[17.601,1.583],[0,0]],"v":[[-67.254,8.285],[-130.994,2.552],[-124.212,-72.849],[-89.476,-101.852],[-89.476,-101.852],[-60.473,-67.116]],"c":true}]},{"i":{"x":0.667,"y":1},"o":{"x":0.333,"y":0},"t":40,"s":[{"i":[[0,0],[0,0],[0,0],[-17.672,0],[0,0],[0,-17.672]],"o":[[0,0],[0,0],[0,-17.672],[0,0],[17.672,0],[0,0]],"v":[[-69.728,5.662],[-133.725,5.662],[-133.725,-70.044],[-101.727,-102.042],[-101.727,-102.042],[-69.728,-70.044]],"c":true}]},{"i":{"x":0.667,"y":1},"o":{"x":0.333,"y":0},"t":60,"s":[{"i":[[0,0],[0,0],[0,0],[-17.601,-1.583],[0,0],[1.583,-17.601]],"o":[[0,0],[0,0],[1.583,-17.601],[0,0],[17.601,1.583],[0,0]],"v":[[-67.254,8.285],[-130.994,2.552],[-124.212,-72.849],[-89.476,-101.852],[-89.476,-101.852],[-60.473,-67.116]],"c":true}]},{"i":{"x":0.667,"y":1},"o":{"x":0.333,"y":0},"t":80,"s":[{"i":[[0,0],[0,0],[0,0],[-17.672,0],[0,0],[0,-17.672]],"o":[[0,0],[0,0],[0,-17.672],[0,0],[17.672,0],[0,0]],"v":[[-69.728,5.662],[-133.725,5.662],[-133.725,-70.044],[-101.727,-102.042],[-101.727,-102.042],[-69.728,-70.044]],"c":true}]},{"i":{"x":0.667,"y":1},"o":{"x":0.333,"y":0},"t":100,"s":[{"i":[[0,0],[0,0],[0,0],[-17.601,-1.583],[0,0],[1.583,-17.601]],"o":[[0,0],[0,0],[1.583,-17.601],[0,0],[17.601,1.583],[0,0]],"v":[[-67.254,8.285],[-130.994,2.552],[-124.212,-72.849],[-89.476,-101.852],[-89.476,-101.852],[-60.473,-67.116]],"c":true}]},{"t":120,"s":[{"i":[[0,0],[0,0],[0,0],[-17.672,0],[0,0],[0,-17.672]],"o":[[0,0],[0,0],[0,-17.672],[0,0],[17.672,0],[0,0]],"v":[[-69.728,5.662],[-133.725,5.662],[-133.725,-70.044],[-101.727,-102.042],[-101.727,-102.042],[-69.728,-70.044]],"c":true}]}],"ix":2},"nm":"Path 1","mn":"ADBE Vector Shape - Group","hd":false},{"ty":"st","c":{"a":0,"k":[0.031,0.659,0.541,1],"ix":3,"x":"var $bm_rt;\n$bm_rt = comp('wired-outline-645-people-handshake-transation').layer('control').effect('secondary')('Color');"},"o":{"a":0,"k":100,"ix":4},"w":{"a":0,"k":12.04,"ix":5,"x":"var $bm_rt;\n$bm_rt = $bm_mul($bm_div(value, 2), comp('wired-outline-645-people-handshake-transation').layer('control').effect('stroke')('Menu'));"},"lc":2,"lj":2,"bm":0,"nm":".secondary","mn":"ADBE Vector Graphic - Stroke","hd":false,"cl":"secondary"},{"ty":"tr","p":{"a":0,"k":[0,0],"ix":2},"a":{"a":0,"k":[0,0],"ix":1},"s":{"a":0,"k":[100,100],"ix":3},"r":{"a":0,"k":0,"ix":6},"o":{"a":0,"k":100,"ix":7},"sk":{"a":0,"k":0,"ix":4},"sa":{"a":0,"k":0,"ix":5},"nm":"Transform"}],"nm":"Group 1","np":2,"cix":2,"bm":0,"ix":1,"mn":"ADBE Vector Group","hd":false},{"ty":"gr","it":[{"ind":0,"ty":"sh","ix":1,"ks":{"a":1,"k":[{"i":{"x":0.667,"y":1},"o":{"x":0.333,"y":0},"t":0,"s":[{"i":[[0,0],[0,0],[-8.805,0],[0,0],[0,0]],"o":[[0,0],[0,0],[8.296,-13.1],[0,0],[0,0]],"v":[[-118.402,5.676],[-112.418,186.925],[-52.43,186.925],[-76.915,161.187],[-69.71,5.663]],"c":false}]},{"i":{"x":0.667,"y":1},"o":{"x":0.333,"y":0},"t":20,"s":[{"i":[[0,0],[0,0],[-8.805,0],[0,0],[0,0]],"o":[[0,0],[0,0],[8.296,-13.1],[0,0],[0,0]],"v":[[-115.734,3.938],[-112.418,186.925],[-52.43,186.925],[-76.915,161.187],[-67.236,8.287]],"c":false}]},{"i":{"x":0.667,"y":1},"o":{"x":0.333,"y":0},"t":40,"s":[{"i":[[0,0],[0,0],[-8.805,0],[0,0],[0,0]],"o":[[0,0],[0,0],[8.296,-13.1],[0,0],[0,0]],"v":[[-118.402,5.676],[-112.418,186.925],[-52.43,186.925],[-76.915,161.187],[-69.71,5.663]],"c":false}]},{"i":{"x":0.667,"y":1},"o":{"x":0.333,"y":0},"t":60,"s":[{"i":[[0,0],[0,0],[-8.805,0],[0,0],[0,0]],"o":[[0,0],[0,0],[8.296,-13.1],[0,0],[0,0]],"v":[[-115.734,3.938],[-112.418,186.925],[-52.43,186.925],[-76.915,161.187],[-67.236,8.287]],"c":false}]},{"i":{"x":0.667,"y":1},"o":{"x":0.333,"y":0},"t":80,"s":[{"i":[[0,0],[0,0],[-8.805,0],[0,0],[0,0]],"o":[[0,0],[0,0],[8.296,-13.1],[0,0],[0,0]],"v":[[-118.402,5.676],[-112.418,186.925],[-52.43,186.925],[-76.915,161.187],[-69.71,5.663]],"c":false}]},{"i":{"x":0.667,"y":1},"o":{"x":0.333,"y":0},"t":100,"s":[{"i":[[0,0],[0,0],[-8.805,0],[0,0],[0,0]],"o":[[0,0],[0,0],[8.296,-13.1],[0,0],[0,0]],"v":[[-115.734,3.938],[-112.418,186.925],[-52.43,186.925],[-76.915,161.187],[-67.236,8.287]],"c":false}]},{"t":120,"s":[{"i":[[0,0],[0,0],[-8.805,0],[0,0],[0,0]],"o":[[0,0],[0,0],[8.296,-13.1],[0,0],[0,0]],"v":[[-118.402,5.676],[-112.418,186.925],[-52.43,186.925],[-76.915,161.187],[-69.71,5.663]],"c":false}]}],"ix":2},"nm":"Path 1","mn":"ADBE Vector Shape - Group","hd":false},{"ty":"st","c":{"a":0,"k":[0.071,0.075,0.192,1],"ix":3,"x":"var $bm_rt;\n$bm_rt = comp('wired-outline-645-people-handshake-transation').layer('control').effect('primary')('Color');"},"o":{"a":0,"k":100,"ix":4},"w":{"a":0,"k":12.04,"ix":5,"x":"var $bm_rt;\n$bm_rt = $bm_mul($bm_div(value, 2), comp('wired-outline-645-people-handshake-transation').layer('control').effect('stroke')('Menu'));"},"lc":2,"lj":2,"bm":0,"nm":".primary","mn":"ADBE Vector Graphic - Stroke","hd":false,"cl":"primary"},{"ty":"tr","p":{"a":0,"k":[0,0],"ix":2},"a":{"a":0,"k":[0,0],"ix":1},"s":{"a":0,"k":[100,100],"ix":3},"r":{"a":0,"k":0,"ix":6},"o":{"a":0,"k":100,"ix":7},"sk":{"a":0,"k":0,"ix":4},"sa":{"a":0,"k":0,"ix":5},"nm":"Transform"}],"nm":"Group 2","np":2,"cix":2,"bm":0,"ix":2,"mn":"ADBE Vector Group","hd":false},{"ty":"gr","it":[{"ind":0,"ty":"sh","ix":1,"ks":{"a":1,"k":[{"i":{"x":0.667,"y":1},"o":{"x":0.333,"y":0},"t":0,"s":[{"i":[[0,0],[0,0],[0,0],[0,0]],"o":[[-8.67,0],[0,0],[0,0],[0,0]],"v":[[-112.42,186.9],[-127.71,186.9],[-133.69,5.66],[-133.69,5.65]],"c":false}]},{"i":{"x":0.667,"y":1},"o":{"x":0.333,"y":0},"t":20,"s":[{"i":[[0,0],[0,0],[0,0],[0,0]],"o":[[-8.67,0],[0,0],[0,0],[0,0]],"v":[[-112.42,186.9],[-127.71,186.9],[-130.959,2.553],[-130.958,2.543]],"c":false}]},{"i":{"x":0.667,"y":1},"o":{"x":0.333,"y":0},"t":40,"s":[{"i":[[0,0],[0,0],[0,0],[0,0]],"o":[[-8.67,0],[0,0],[0,0],[0,0]],"v":[[-112.42,186.9],[-127.71,186.9],[-133.69,5.66],[-133.69,5.65]],"c":false}]},{"i":{"x":0.667,"y":1},"o":{"x":0.333,"y":0},"t":60,"s":[{"i":[[0,0],[0,0],[0,0],[0,0]],"o":[[-8.67,0],[0,0],[0,0],[0,0]],"v":[[-112.42,186.9],[-127.71,186.9],[-130.959,2.553],[-130.958,2.543]],"c":false}]},{"i":{"x":0.667,"y":1},"o":{"x":0.333,"y":0},"t":80,"s":[{"i":[[0,0],[0,0],[0,0],[0,0]],"o":[[-8.67,0],[0,0],[0,0],[0,0]],"v":[[-112.42,186.9],[-127.71,186.9],[-133.69,5.66],[-133.69,5.65]],"c":false}]},{"i":{"x":0.667,"y":1},"o":{"x":0.333,"y":0},"t":100,"s":[{"i":[[0,0],[0,0],[0,0],[0,0]],"o":[[-8.67,0],[0,0],[0,0],[0,0]],"v":[[-112.42,186.9],[-127.71,186.9],[-130.959,2.553],[-130.958,2.543]],"c":false}]},{"t":120,"s":[{"i":[[0,0],[0,0],[0,0],[0,0]],"o":[[-8.67,0],[0,0],[0,0],[0,0]],"v":[[-112.42,186.9],[-127.71,186.9],[-133.69,5.66],[-133.69,5.65]],"c":false}]}],"ix":2},"nm":"Path 1","mn":"ADBE Vector Shape - Group","hd":false},{"ty":"st","c":{"a":0,"k":[0.071,0.075,0.192,1],"ix":3,"x":"var $bm_rt;\n$bm_rt = comp('wired-outline-645-people-handshake-transation').layer('control').effect('primary')('Color');"},"o":{"a":0,"k":100,"ix":4},"w":{"a":0,"k":12.04,"ix":5,"x":"var $bm_rt;\n$bm_rt = $bm_mul($bm_div(value, 2), comp('wired-outline-645-people-handshake-transation').layer('control').effect('stroke')('Menu'));"},"lc":2,"lj":2,"bm":0,"nm":".primary","mn":"ADBE Vector Graphic - Stroke","hd":false,"cl":"primary"},{"ty":"tr","p":{"a":0,"k":[0,0],"ix":2},"a":{"a":0,"k":[0,0],"ix":1},"s":{"a":0,"k":[100,100],"ix":3},"r":{"a":0,"k":0,"ix":6},"o":{"a":0,"k":100,"ix":7},"sk":{"a":0,"k":0,"ix":4},"sa":{"a":0,"k":0,"ix":5},"nm":"Transform"}],"nm":"Group 3","np":2,"cix":2,"bm":0,"ix":3,"mn":"ADBE Vector Group","hd":false}],"ip":0,"op":844,"st":0,"bm":0},{"ddd":0,"ind":4,"ty":4,"nm":"Head-L","parent":3,"sr":1,"ks":{"o":{"a":0,"k":100,"ix":11},"r":{"a":1,"k":[{"i":{"x":[0.667],"y":[1]},"o":{"x":[0.333],"y":[0]},"t":0,"s":[0]},{"i":{"x":[0.667],"y":[1]},"o":{"x":[0.333],"y":[0]},"t":20,"s":[9]},{"i":{"x":[0.667],"y":[1]},"o":{"x":[0.333],"y":[0]},"t":40,"s":[0]},{"i":{"x":[0.667],"y":[1]},"o":{"x":[0.333],"y":[0]},"t":60,"s":[9]},{"i":{"x":[0.667],"y":[1]},"o":{"x":[0.333],"y":[0]},"t":80,"s":[0]},{"i":{"x":[0.667],"y":[1]},"o":{"x":[0.333],"y":[0]},"t":100,"s":[9]},{"t":120,"s":[0]}],"ix":10},"p":{"a":1,"k":[{"i":{"x":0.667,"y":1},"o":{"x":0.333,"y":0},"t":0,"s":[-106.62,-143.896,0],"to":[2.021,0.084,0],"ti":[0,0,0]},{"i":{"x":0.667,"y":1},"o":{"x":0.333,"y":0},"t":20,"s":[-94.492,-143.391,0],"to":[0,0,0],"ti":[0,0,0]},{"i":{"x":0.667,"y":1},"o":{"x":0.333,"y":0},"t":40,"s":[-106.62,-143.896,0],"to":[0,0,0],"ti":[0,0,0]},{"i":{"x":0.667,"y":1},"o":{"x":0.333,"y":0},"t":60,"s":[-94.492,-143.391,0],"to":[0,0,0],"ti":[0,0,0]},{"i":{"x":0.667,"y":1},"o":{"x":0.333,"y":0},"t":80,"s":[-106.62,-143.896,0],"to":[0,0,0],"ti":[0,0,0]},{"i":{"x":0.667,"y":1},"o":{"x":0.333,"y":0},"t":100,"s":[-94.492,-143.391,0],"to":[0,0,0],"ti":[2.021,0.084,0]},{"t":120,"s":[-106.62,-143.896,0]}],"ix":2,"l":2},"a":{"a":0,"k":[-106.62,-143.896,0],"ix":1,"l":2},"s":{"a":0,"k":[100,100,100],"ix":6,"l":2}},"ao":0,"shapes":[{"ty":"gr","it":[{"ind":0,"ty":"sh","ix":1,"ks":{"a":0,"k":{"i":[[-11.579,0],[0,0],[0,3.463],[0,0],[11.579,0],[0,0],[0,-11.579],[0,0]],"o":[[0,0],[3.463,0],[0,0],[0,-11.579],[0,0],[-11.579,0],[0,0],[0,11.579]],"v":[[-96.521,-127.867],[-76.964,-127.867],[-70.667,-134.164],[-70.667,-165.872],[-91.72,-186.925],[-96.521,-186.925],[-117.574,-165.872],[-117.574,-148.92]],"c":true},"ix":2},"nm":"Path 1","mn":"ADBE Vector Shape - Group","hd":false},{"ty":"st","c":{"a":0,"k":[0.071,0.075,0.192,1],"ix":3,"x":"var $bm_rt;\n$bm_rt = comp('wired-outline-645-people-handshake-transation').layer('control').effect('primary')('Color');"},"o":{"a":0,"k":100,"ix":4},"w":{"a":0,"k":12.04,"ix":5,"x":"var $bm_rt;\n$bm_rt = $bm_mul($bm_div(value, 2), comp('wired-outline-645-people-handshake-transation').layer('control').effect('stroke')('Menu'));"},"lc":2,"lj":2,"bm":0,"nm":".primary","mn":"ADBE Vector Graphic - Stroke","hd":false,"cl":"primary"},{"ty":"tr","p":{"a":0,"k":[0,0],"ix":2},"a":{"a":0,"k":[0,0],"ix":1},"s":{"a":0,"k":[100,100],"ix":3},"r":{"a":0,"k":0,"ix":6},"o":{"a":0,"k":100,"ix":7},"sk":{"a":0,"k":0,"ix":4},"sa":{"a":0,"k":0,"ix":5},"nm":"Transform"}],"nm":"Group 1","np":2,"cix":2,"bm":0,"ix":1,"mn":"ADBE Vector Group","hd":false}],"ip":0,"op":844,"st":0,"bm":0},{"ddd":0,"ind":5,"ty":4,"nm":"Arm_R","parent":7,"sr":1,"ks":{"o":{"a":0,"k":100,"ix":11},"r":{"a":1,"k":[{"i":{"x":[0.667],"y":[1]},"o":{"x":[0.333],"y":[0]},"t":0,"s":[0]},{"i":{"x":[0.667],"y":[1]},"o":{"x":[0.333],"y":[0]},"t":20,"s":[-5]},{"i":{"x":[0.667],"y":[1]},"o":{"x":[0.333],"y":[0]},"t":40,"s":[0]},{"i":{"x":[0.667],"y":[1]},"o":{"x":[0.333],"y":[0]},"t":60,"s":[-5]},{"i":{"x":[0.667],"y":[1]},"o":{"x":[0.333],"y":[0]},"t":80,"s":[0]},{"i":{"x":[0.667],"y":[1]},"o":{"x":[0.333],"y":[0]},"t":100,"s":[-5]},{"t":120,"s":[0]}],"ix":10},"p":{"a":1,"k":[{"i":{"x":0.667,"y":1},"o":{"x":0.333,"y":0},"t":0,"s":[115.72,-86.01,0],"to":[-1.485,-0.463,0],"ti":[0,0,0]},{"i":{"x":0.667,"y":1},"o":{"x":0.333,"y":0},"t":20,"s":[106.81,-88.788,0],"to":[0,0,0],"ti":[0,0,0]},{"i":{"x":0.667,"y":1},"o":{"x":0.333,"y":0},"t":40,"s":[115.72,-86.01,0],"to":[0,0,0],"ti":[0,0,0]},{"i":{"x":0.667,"y":1},"o":{"x":0.333,"y":0},"t":60,"s":[106.81,-88.788,0],"to":[0,0,0],"ti":[0,0,0]},{"i":{"x":0.667,"y":1},"o":{"x":0.333,"y":0},"t":80,"s":[115.72,-86.01,0],"to":[0,0,0],"ti":[0,0,0]},{"i":{"x":0.667,"y":1},"o":{"x":0.333,"y":0},"t":100,"s":[106.81,-88.788,0],"to":[0,0,0],"ti":[-1.485,-0.463,0]},{"t":120,"s":[115.72,-86.01,0]}],"ix":2,"l":2},"a":{"a":0,"k":[115.72,-86.01,0],"ix":1,"l":2},"s":{"a":0,"k":[100,100,100],"ix":6,"l":2}},"ao":0,"shapes":[{"ty":"gr","it":[{"ind":0,"ty":"sh","ix":1,"ks":{"a":0,"k":{"i":[[0,0],[0,0],[0,0],[0,0],[-8.46,22.34],[0,0],[0,0],[0,0],[0,0]],"o":[[0,0],[0,0],[0,0],[0,0],[0,0],[0,0],[0,0],[0,0],[0,0]],"v":[[89.88,-69.28],[110.11,-21.23],[109.73,5.07],[109.21,40.9],[140.81,27.5],[141.56,-27.63],[119.7,-79.81],[119.69,-79.84],[117.1,-86.01]],"c":false},"ix":2},"nm":"Path 1","mn":"ADBE Vector Shape - Group","hd":false},{"ty":"st","c":{"a":0,"k":[0.031,0.659,0.541,1],"ix":3,"x":"var $bm_rt;\n$bm_rt = comp('wired-outline-645-people-handshake-transation').layer('control').effect('secondary')('Color');"},"o":{"a":0,"k":100,"ix":4},"w":{"a":0,"k":12.04,"ix":5,"x":"var $bm_rt;\n$bm_rt = $bm_mul($bm_div(value, 2), comp('wired-outline-645-people-handshake-transation').layer('control').effect('stroke')('Menu'));"},"lc":2,"lj":2,"bm":0,"nm":".secondary","mn":"ADBE Vector Graphic - Stroke","hd":false,"cl":"secondary"},{"ty":"tr","p":{"a":0,"k":[0,0],"ix":2},"a":{"a":0,"k":[0,0],"ix":1},"s":{"a":0,"k":[100,100],"ix":3},"r":{"a":0,"k":0,"ix":6},"o":{"a":0,"k":100,"ix":7},"sk":{"a":0,"k":0,"ix":4},"sa":{"a":0,"k":0,"ix":5},"nm":"Transform"}],"nm":"Group 1","np":3,"cix":2,"bm":0,"ix":1,"mn":"ADBE Vector Group","hd":false}],"ip":0,"op":844,"st":0,"bm":0},{"ddd":0,"ind":6,"ty":4,"nm":"Arm_matte","parent":7,"td":1,"sr":1,"ks":{"o":{"a":0,"k":100,"ix":11},"r":{"a":1,"k":[{"i":{"x":[0.667],"y":[1]},"o":{"x":[0.333],"y":[0]},"t":0,"s":[0]},{"i":{"x":[0.667],"y":[1]},"o":{"x":[0.333],"y":[0]},"t":20,"s":[-5]},{"i":{"x":[0.667],"y":[1]},"o":{"x":[0.333],"y":[0]},"t":40,"s":[0]},{"i":{"x":[0.667],"y":[1]},"o":{"x":[0.333],"y":[0]},"t":60,"s":[-5]},{"i":{"x":[0.667],"y":[1]},"o":{"x":[0.333],"y":[0]},"t":80,"s":[0]},{"i":{"x":[0.667],"y":[1]},"o":{"x":[0.333],"y":[0]},"t":100,"s":[-5]},{"t":120,"s":[0]}],"ix":10},"p":{"a":1,"k":[{"i":{"x":0.667,"y":1},"o":{"x":0.333,"y":0},"t":0,"s":[115.72,-86.01,0],"to":[-1.485,-0.463,0],"ti":[0,0,0]},{"i":{"x":0.667,"y":1},"o":{"x":0.333,"y":0},"t":20,"s":[106.81,-88.788,0],"to":[0,0,0],"ti":[0,0,0]},{"i":{"x":0.667,"y":1},"o":{"x":0.333,"y":0},"t":40,"s":[115.72,-86.01,0],"to":[0,0,0],"ti":[0,0,0]},{"i":{"x":0.667,"y":1},"o":{"x":0.333,"y":0},"t":60,"s":[106.81,-88.788,0],"to":[0,0,0],"ti":[0,0,0]},{"i":{"x":0.667,"y":1},"o":{"x":0.333,"y":0},"t":80,"s":[115.72,-86.01,0],"to":[0,0,0],"ti":[0,0,0]},{"i":{"x":0.667,"y":1},"o":{"x":0.333,"y":0},"t":100,"s":[106.81,-88.788,0],"to":[0,0,0],"ti":[-1.485,-0.463,0]},{"t":120,"s":[115.72,-86.01,0]}],"ix":2,"l":2},"a":{"a":0,"k":[115.72,-86.01,0],"ix":1,"l":2},"s":{"a":0,"k":[100,100,100],"ix":6,"l":2}},"ao":0,"shapes":[{"ty":"gr","it":[{"ind":0,"ty":"sh","ix":1,"ks":{"a":0,"k":{"i":[[0,0],[0,0],[0,0],[0,0],[-8.46,22.34],[0,0],[0,0],[0,0],[0,0]],"o":[[0,0],[0,0],[0,0],[0,0],[0,0],[0,0],[0,0],[0,0],[0,0]],"v":[[89.88,-69.28],[110.11,-21.23],[109.73,5.07],[109.21,40.9],[140.81,27.5],[141.56,-27.63],[119.7,-79.81],[119.69,-79.84],[117.1,-86.01]],"c":false},"ix":2},"nm":"Path 1","mn":"ADBE Vector Shape - Group","hd":false},{"ty":"st","c":{"a":0,"k":[0.031,0.659,0.541,1],"ix":3,"x":"var $bm_rt;\n$bm_rt = comp('wired-outline-645-people-handshake-transation').layer('control').effect('secondary')('Color');"},"o":{"a":0,"k":100,"ix":4},"w":{"a":0,"k":0,"ix":5,"x":"var $bm_rt;\n$bm_rt = $bm_mul($bm_div(value, 2), comp('wired-outline-645-people-handshake-transation').layer('control').effect('stroke')('Menu'));"},"lc":2,"lj":2,"bm":0,"nm":".secondary","mn":"ADBE Vector Graphic - Stroke","hd":false,"cl":"secondary"},{"ty":"tr","p":{"a":0,"k":[0,0],"ix":2},"a":{"a":0,"k":[0,0],"ix":1},"s":{"a":0,"k":[100,100],"ix":3},"r":{"a":0,"k":0,"ix":6},"o":{"a":0,"k":100,"ix":7},"sk":{"a":0,"k":0,"ix":4},"sa":{"a":0,"k":0,"ix":5},"nm":"Transform"}],"nm":"Group 1","np":3,"cix":2,"bm":0,"ix":1,"mn":"ADBE Vector Group","hd":false},{"ty":"fl","c":{"a":0,"k":[1,0,0,1],"ix":4},"o":{"a":0,"k":100,"ix":5},"r":1,"bm":0,"nm":"Fill 1","mn":"ADBE Vector Graphic - Fill","hd":false}],"ip":0,"op":844,"st":0,"bm":0},{"ddd":0,"ind":7,"ty":4,"nm":"Body_R","tt":2,"sr":1,"ks":{"o":{"a":0,"k":100,"ix":11},"r":{"a":0,"k":0,"ix":10},"p":{"a":0,"k":[294.795,401.333,0],"ix":2,"l":2},"a":{"a":0,"k":[79.795,186.333,0],"ix":1,"l":2},"s":{"a":1,"k":[{"i":{"x":[0.667,0.667,0.667],"y":[1,1,1]},"o":{"x":[0.333,0.333,0.333],"y":[0,0,0]},"t":0,"s":[100,100,100]},{"i":{"x":[0.667,0.667,0.667],"y":[1,1,1]},"o":{"x":[0.333,0.333,0.333],"y":[0,0,0]},"t":20,"s":[101,99,100]},{"i":{"x":[0.667,0.667,0.667],"y":[1,1,1]},"o":{"x":[0.333,0.333,0.333],"y":[0,0,0]},"t":40,"s":[100,100,100]},{"i":{"x":[0.667,0.667,0.667],"y":[1,1,1]},"o":{"x":[0.333,0.333,0.333],"y":[0,0,0]},"t":60,"s":[101,99,100]},{"i":{"x":[0.667,0.667,0.667],"y":[1,1,1]},"o":{"x":[0.333,0.333,0.333],"y":[0,0,0]},"t":80,"s":[100,100,100]},{"i":{"x":[0.667,0.667,0.667],"y":[1,1,1]},"o":{"x":[0.333,0.333,0.333],"y":[0,0,0]},"t":100,"s":[101,99,100]},{"t":120,"s":[100,100,100]}],"ix":6,"l":2}},"ao":0,"shapes":[{"ty":"gr","it":[{"ind":0,"ty":"sh","ix":1,"ks":{"a":1,"k":[{"i":{"x":0.667,"y":1},"o":{"x":0.333,"y":0},"t":0,"s":[{"i":[[0,0],[0.2,0.31],[11.71,0],[5.79,-5.79],[0,-8.84],[0,0],[0,0],[0,0],[0,0],[0.87,2.91]],"o":[[-0.17,-0.32],[-5.57,-9.38],[-8.84,0],[-5.79,5.79],[0,0],[0,0],[0,0],[0,0],[0,-3.2],[0,0]],"v":[[117.1,-86.01],[116.55,-86.96],[89.03,-102.63],[66.4,-93.26],[57.03,-70.64],[57.03,5.07],[109.73,5.07],[121.03,5.07],[121.03,-70.64],[119.69,-79.84]],"c":false}]},{"i":{"x":0.667,"y":1},"o":{"x":0.333,"y":0},"t":20,"s":[{"i":[[0,0],[0.233,0.286],[11.64,-1.276],[5.124,-6.387],[-0.963,-8.787],[0,0],[0,0],[0,0],[0,0],[1.182,2.798]],"o":[[-0.204,-0.3],[-6.559,-8.717],[-8.787,0.963],[-5.124,6.387],[0,0],[0,0],[0,0],[0,0],[-0.349,-3.181],[0,0]],"v":[[107.925,-88.802],[107.274,-89.686],[78.211,-102.263],[56.737,-90.483],[49.888,-66.976],[58.139,8.283],[110.525,2.539],[121.758,1.308],[113.507,-73.951],[111.172,-82.951]],"c":false}]},{"i":{"x":0.667,"y":1},"o":{"x":0.333,"y":0},"t":40,"s":[{"i":[[0,0],[0.2,0.31],[11.71,0],[5.79,-5.79],[0,-8.84],[0,0],[0,0],[0,0],[0,0],[0.87,2.91]],"o":[[-0.17,-0.32],[-5.57,-9.38],[-8.84,0],[-5.79,5.79],[0,0],[0,0],[0,0],[0,0],[0,-3.2],[0,0]],"v":[[117.1,-86.01],[116.55,-86.96],[89.03,-102.63],[66.4,-93.26],[57.03,-70.64],[57.03,5.07],[109.73,5.07],[121.03,5.07],[121.03,-70.64],[119.69,-79.84]],"c":false}]},{"i":{"x":0.667,"y":1},"o":{"x":0.333,"y":0},"t":60,"s":[{"i":[[0,0],[0.233,0.286],[11.64,-1.276],[5.124,-6.387],[-0.963,-8.787],[0,0],[0,0],[0,0],[0,0],[1.182,2.798]],"o":[[-0.204,-0.3],[-6.559,-8.717],[-8.787,0.963],[-5.124,6.387],[0,0],[0,0],[0,0],[0,0],[-0.349,-3.181],[0,0]],"v":[[107.925,-88.802],[107.274,-89.686],[78.211,-102.263],[56.737,-90.483],[49.888,-66.976],[58.139,8.283],[110.525,2.539],[121.758,1.308],[113.507,-73.951],[111.172,-82.951]],"c":false}]},{"i":{"x":0.667,"y":1},"o":{"x":0.333,"y":0},"t":80,"s":[{"i":[[0,0],[0.2,0.31],[11.71,0],[5.79,-5.79],[0,-8.84],[0,0],[0,0],[0,0],[0,0],[0.87,2.91]],"o":[[-0.17,-0.32],[-5.57,-9.38],[-8.84,0],[-5.79,5.79],[0,0],[0,0],[0,0],[0,0],[0,-3.2],[0,0]],"v":[[117.1,-86.01],[116.55,-86.96],[89.03,-102.63],[66.4,-93.26],[57.03,-70.64],[57.03,5.07],[109.73,5.07],[121.03,5.07],[121.03,-70.64],[119.69,-79.84]],"c":false}]},{"i":{"x":0.667,"y":1},"o":{"x":0.333,"y":0},"t":100,"s":[{"i":[[0,0],[0.233,0.286],[11.64,-1.276],[5.124,-6.387],[-0.963,-8.787],[0,0],[0,0],[0,0],[0,0],[1.182,2.798]],"o":[[-0.204,-0.3],[-6.559,-8.717],[-8.787,0.963],[-5.124,6.387],[0,0],[0,0],[0,0],[0,0],[-0.349,-3.181],[0,0]],"v":[[107.925,-88.802],[107.274,-89.686],[78.211,-102.263],[56.737,-90.483],[49.888,-66.976],[58.139,8.283],[110.525,2.539],[121.758,1.308],[113.507,-73.951],[111.172,-82.951]],"c":false}]},{"t":120,"s":[{"i":[[0,0],[0.2,0.31],[11.71,0],[5.79,-5.79],[0,-8.84],[0,0],[0,0],[0,0],[0,0],[0.87,2.91]],"o":[[-0.17,-0.32],[-5.57,-9.38],[-8.84,0],[-5.79,5.79],[0,0],[0,0],[0,0],[0,0],[0,-3.2],[0,0]],"v":[[117.1,-86.01],[116.55,-86.96],[89.03,-102.63],[66.4,-93.26],[57.03,-70.64],[57.03,5.07],[109.73,5.07],[121.03,5.07],[121.03,-70.64],[119.69,-79.84]],"c":false}]}],"ix":2},"nm":"Path 1","mn":"ADBE Vector Shape - Group","hd":false},{"ty":"st","c":{"a":0,"k":[0.031,0.659,0.541,1],"ix":3,"x":"var $bm_rt;\n$bm_rt = comp('wired-outline-645-people-handshake-transation').layer('control').effect('secondary')('Color');"},"o":{"a":0,"k":100,"ix":4},"w":{"a":0,"k":12.04,"ix":5,"x":"var $bm_rt;\n$bm_rt = $bm_mul($bm_div(value, 2), comp('wired-outline-645-people-handshake-transation').layer('control').effect('stroke')('Menu'));"},"lc":2,"lj":2,"bm":0,"nm":".secondary","mn":"ADBE Vector Graphic - Stroke","hd":false,"cl":"secondary"},{"ty":"tr","p":{"a":0,"k":[0,0],"ix":2},"a":{"a":0,"k":[0,0],"ix":1},"s":{"a":0,"k":[100,100],"ix":3},"r":{"a":0,"k":0,"ix":6},"o":{"a":0,"k":100,"ix":7},"sk":{"a":0,"k":0,"ix":4},"sa":{"a":0,"k":0,"ix":5},"nm":"Transform"}],"nm":"Group 1","np":3,"cix":2,"bm":0,"ix":1,"mn":"ADBE Vector Group","hd":false},{"ty":"gr","it":[{"ind":0,"ty":"sh","ix":1,"ks":{"a":1,"k":[{"i":{"x":0.667,"y":1},"o":{"x":0.333,"y":0},"t":0,"s":[{"i":[[0,0],[0,0],[8.805,0],[0,0],[0,0]],"o":[[0,0],[0,0],[-8.296,-13.1],[0,0],[0,0]],"v":[[121.197,5.084],[115.213,186.333],[61.225,186.333],[78.71,160.596],[75.505,5.071]],"c":false}]},{"i":{"x":0.667,"y":1},"o":{"x":0.333,"y":0},"t":20,"s":[{"i":[[0,0],[0,0],[8.805,0],[0,0],[0,0]],"o":[[0,0],[0,0],[-8.296,-13.1],[0,0],[0,0]],"v":[[121.925,1.303],[115.213,186.333],[61.225,186.333],[78.71,160.596],[76.504,6.271]],"c":false}]},{"i":{"x":0.667,"y":1},"o":{"x":0.333,"y":0},"t":40,"s":[{"i":[[0,0],[0,0],[8.805,0],[0,0],[0,0]],"o":[[0,0],[0,0],[-8.296,-13.1],[0,0],[0,0]],"v":[[121.197,5.084],[115.213,186.333],[61.225,186.333],[78.71,160.596],[75.505,5.071]],"c":false}]},{"i":{"x":0.667,"y":1},"o":{"x":0.333,"y":0},"t":60,"s":[{"i":[[0,0],[0,0],[8.805,0],[0,0],[0,0]],"o":[[0,0],[0,0],[-8.296,-13.1],[0,0],[0,0]],"v":[[121.925,1.303],[115.213,186.333],[61.225,186.333],[78.71,160.596],[76.504,6.271]],"c":false}]},{"i":{"x":0.667,"y":1},"o":{"x":0.333,"y":0},"t":80,"s":[{"i":[[0,0],[0,0],[8.805,0],[0,0],[0,0]],"o":[[0,0],[0,0],[-8.296,-13.1],[0,0],[0,0]],"v":[[121.197,5.084],[115.213,186.333],[61.225,186.333],[78.71,160.596],[75.505,5.071]],"c":false}]},{"i":{"x":0.667,"y":1},"o":{"x":0.333,"y":0},"t":100,"s":[{"i":[[0,0],[0,0],[8.805,0],[0,0],[0,0]],"o":[[0,0],[0,0],[-8.296,-13.1],[0,0],[0,0]],"v":[[121.925,1.303],[115.213,186.333],[61.225,186.333],[78.71,160.596],[76.504,6.271]],"c":false}]},{"t":120,"s":[{"i":[[0,0],[0,0],[8.805,0],[0,0],[0,0]],"o":[[0,0],[0,0],[-8.296,-13.1],[0,0],[0,0]],"v":[[121.197,5.084],[115.213,186.333],[61.225,186.333],[78.71,160.596],[75.505,5.071]],"c":false}]}],"ix":2},"nm":"Path 1","mn":"ADBE Vector Shape - Group","hd":false},{"ty":"st","c":{"a":0,"k":[0.071,0.075,0.192,1],"ix":3,"x":"var $bm_rt;\n$bm_rt = comp('wired-outline-645-people-handshake-transation').layer('control').effect('primary')('Color');"},"o":{"a":0,"k":100,"ix":4},"w":{"a":0,"k":12.04,"ix":5,"x":"var $bm_rt;\n$bm_rt = $bm_mul($bm_div(value, 2), comp('wired-outline-645-people-handshake-transation').layer('control').effect('stroke')('Menu'));"},"lc":2,"lj":2,"bm":0,"nm":".primary","mn":"ADBE Vector Graphic - Stroke","hd":false,"cl":"primary"},{"ty":"tr","p":{"a":0,"k":[0,0],"ix":2},"a":{"a":0,"k":[0,0],"ix":1},"s":{"a":0,"k":[100,100],"ix":3},"r":{"a":0,"k":0,"ix":6},"o":{"a":0,"k":100,"ix":7},"sk":{"a":0,"k":0,"ix":4},"sa":{"a":0,"k":0,"ix":5},"nm":"Transform"}],"nm":"Group 2","np":2,"cix":2,"bm":0,"ix":2,"mn":"ADBE Vector Group","hd":false},{"ty":"gr","it":[{"ind":0,"ty":"sh","ix":1,"ks":{"a":1,"k":[{"i":{"x":0.667,"y":1},"o":{"x":0.333,"y":0},"t":0,"s":[{"i":[[0,0],[0,0],[-8.3,-13.1],[-9.73,0],[-13.96,0]],"o":[[0,0],[0,0],[3.15,0],[5.4,0],[0,0]],"v":[[57.02,5.07],[64.22,160.6],[39.74,186.33],[61.23,186.33],[99.72,186.33]],"c":false}]},{"i":{"x":0.667,"y":1},"o":{"x":0.333,"y":0},"t":20,"s":[{"i":[[0,0],[0,0],[-8.3,-13.1],[-9.73,0],[-13.96,0]],"o":[[0,0],[0,0],[3.15,0],[5.4,0],[0,0]],"v":[[58.129,8.284],[64.22,160.6],[39.74,186.33],[61.23,186.33],[99.72,186.33]],"c":false}]},{"i":{"x":0.667,"y":1},"o":{"x":0.333,"y":0},"t":40,"s":[{"i":[[0,0],[0,0],[-8.3,-13.1],[-9.73,0],[-13.96,0]],"o":[[0,0],[0,0],[3.15,0],[5.4,0],[0,0]],"v":[[57.02,5.07],[64.22,160.6],[39.74,186.33],[61.23,186.33],[99.72,186.33]],"c":false}]},{"i":{"x":0.667,"y":1},"o":{"x":0.333,"y":0},"t":60,"s":[{"i":[[0,0],[0,0],[-8.3,-13.1],[-9.73,0],[-13.96,0]],"o":[[0,0],[0,0],[3.15,0],[5.4,0],[0,0]],"v":[[58.129,8.284],[64.22,160.6],[39.74,186.33],[61.23,186.33],[99.72,186.33]],"c":false}]},{"i":{"x":0.667,"y":1},"o":{"x":0.333,"y":0},"t":80,"s":[{"i":[[0,0],[0,0],[-8.3,-13.1],[-9.73,0],[-13.96,0]],"o":[[0,0],[0,0],[3.15,0],[5.4,0],[0,0]],"v":[[57.02,5.07],[64.22,160.6],[39.74,186.33],[61.23,186.33],[99.72,186.33]],"c":false}]},{"i":{"x":0.667,"y":1},"o":{"x":0.333,"y":0},"t":100,"s":[{"i":[[0,0],[0,0],[-8.3,-13.1],[-9.73,0],[-13.96,0]],"o":[[0,0],[0,0],[3.15,0],[5.4,0],[0,0]],"v":[[58.129,8.284],[64.22,160.6],[39.74,186.33],[61.23,186.33],[99.72,186.33]],"c":false}]},{"t":120,"s":[{"i":[[0,0],[0,0],[-8.3,-13.1],[-9.73,0],[-13.96,0]],"o":[[0,0],[0,0],[3.15,0],[5.4,0],[0,0]],"v":[[57.02,5.07],[64.22,160.6],[39.74,186.33],[61.23,186.33],[99.72,186.33]],"c":false}]}],"ix":2},"nm":"Path 1","mn":"ADBE Vector Shape - Group","hd":false},{"ty":"st","c":{"a":0,"k":[0.071,0.075,0.192,1],"ix":3,"x":"var $bm_rt;\n$bm_rt = comp('wired-outline-645-people-handshake-transation').layer('control').effect('primary')('Color');"},"o":{"a":0,"k":100,"ix":4},"w":{"a":0,"k":12.04,"ix":5,"x":"var $bm_rt;\n$bm_rt = $bm_mul($bm_div(value, 2), comp('wired-outline-645-people-handshake-transation').layer('control').effect('stroke')('Menu'));"},"lc":2,"lj":2,"bm":0,"nm":".primary","mn":"ADBE Vector Graphic - Stroke","hd":false,"cl":"primary"},{"ty":"tr","p":{"a":0,"k":[0,0],"ix":2},"a":{"a":0,"k":[0,0],"ix":1},"s":{"a":0,"k":[100,100],"ix":3},"r":{"a":0,"k":0,"ix":6},"o":{"a":0,"k":100,"ix":7},"sk":{"a":0,"k":0,"ix":4},"sa":{"a":0,"k":0,"ix":5},"nm":"Transform"}],"nm":"Group 3","np":2,"cix":2,"bm":0,"ix":3,"mn":"ADBE Vector Group","hd":false}],"ip":0,"op":844,"st":0,"bm":0},{"ddd":0,"ind":8,"ty":4,"nm":"Arm_L-matte","parent":3,"td":1,"sr":1,"ks":{"o":{"a":0,"k":100,"ix":11},"r":{"a":1,"k":[{"i":{"x":[0.667],"y":[1]},"o":{"x":[0.333],"y":[0]},"t":0,"s":[0]},{"i":{"x":[0.667],"y":[1]},"o":{"x":[0.333],"y":[0]},"t":20,"s":[6]},{"i":{"x":[0.667],"y":[1]},"o":{"x":[0.333],"y":[0]},"t":40,"s":[0]},{"i":{"x":[0.667],"y":[1]},"o":{"x":[0.333],"y":[0]},"t":60,"s":[6]},{"i":{"x":[0.667],"y":[1]},"o":{"x":[0.333],"y":[0]},"t":80,"s":[0]},{"i":{"x":[0.667],"y":[1]},"o":{"x":[0.333],"y":[0]},"t":100,"s":[6]},{"t":120,"s":[0]}],"ix":10},"p":{"a":1,"k":[{"i":{"x":0.667,"y":1},"o":{"x":0.333,"y":0},"t":0,"s":[-89.337,-79.597,0],"to":[1.568,0.505,0],"ti":[0,0,0]},{"i":{"x":0.667,"y":1},"o":{"x":0.333,"y":0},"t":20,"s":[-79.931,-76.567,0],"to":[0,0,0],"ti":[0,0,0]},{"i":{"x":0.667,"y":1},"o":{"x":0.333,"y":0},"t":40,"s":[-89.337,-79.597,0],"to":[0,0,0],"ti":[0,0,0]},{"i":{"x":0.667,"y":1},"o":{"x":0.333,"y":0},"t":60,"s":[-79.931,-76.567,0],"to":[0,0,0],"ti":[0,0,0]},{"i":{"x":0.667,"y":1},"o":{"x":0.333,"y":0},"t":80,"s":[-89.337,-79.597,0],"to":[0,0,0],"ti":[0,0,0]},{"i":{"x":0.667,"y":1},"o":{"x":0.333,"y":0},"t":100,"s":[-79.931,-76.567,0],"to":[0,0,0],"ti":[1.568,0.505,0]},{"t":120,"s":[-89.337,-79.597,0]}],"ix":2,"l":2},"a":{"a":0,"k":[-89.337,-79.597,0],"ix":1,"l":2},"s":{"a":0,"k":[100,100,100],"ix":6,"l":2}},"ao":0,"shapes":[{"ty":"gr","it":[{"ind":0,"ty":"sh","ix":1,"ks":{"a":1,"k":[{"i":{"x":0.667,"y":1},"o":{"x":0.333,"y":0},"t":0,"s":[{"i":[[0,0],[0,0],[0,0],[23.172,4.353],[0,0],[0,0]],"o":[[0,0],[0,0],[0,0],[0,0],[0,0],[0,0]],"v":[[-69.671,-69.666],[-36.113,-27.052],[17.72,3.137],[-8.778,21.927],[-56.629,-4.787],[-105.394,-69.582]],"c":false}]},{"i":{"x":0.667,"y":1},"o":{"x":0.333,"y":0},"t":20,"s":[{"i":[[0,0],[0,0],[0,0],[20.424,11.779],[0,0],[0,0]],"o":[[0,0],[0,0],[0,0],[0,0],[0,0],[0,0]],"v":[[-69.671,-69.666],[-38.236,-31.58],[6.405,13.33],[-24.819,22.286],[-64.967,-17.363],[-105.394,-69.582]],"c":false}]},{"i":{"x":0.667,"y":1},"o":{"x":0.333,"y":0},"t":40,"s":[{"i":[[0,0],[0,0],[0,0],[23.172,4.353],[0,0],[0,0]],"o":[[0,0],[0,0],[0,0],[0,0],[0,0],[0,0]],"v":[[-69.671,-69.666],[-36.113,-27.052],[17.72,3.137],[-8.778,21.927],[-56.629,-4.787],[-105.394,-69.582]],"c":false}]},{"i":{"x":0.667,"y":1},"o":{"x":0.333,"y":0},"t":60,"s":[{"i":[[0,0],[0,0],[0,0],[20.424,11.779],[0,0],[0,0]],"o":[[0,0],[0,0],[0,0],[0,0],[0,0],[0,0]],"v":[[-69.671,-69.666],[-38.236,-31.58],[6.405,13.33],[-24.819,22.286],[-64.967,-17.363],[-105.394,-69.582]],"c":false}]},{"i":{"x":0.667,"y":1},"o":{"x":0.333,"y":0},"t":80,"s":[{"i":[[0,0],[0,0],[0,0],[23.172,4.353],[0,0],[0,0]],"o":[[0,0],[0,0],[0,0],[0,0],[0,0],[0,0]],"v":[[-69.671,-69.666],[-36.113,-27.052],[17.72,3.137],[-8.778,21.927],[-56.629,-4.787],[-105.394,-69.582]],"c":false}]},{"i":{"x":0.667,"y":1},"o":{"x":0.333,"y":0},"t":100,"s":[{"i":[[0,0],[0,0],[0,0],[20.424,11.779],[0,0],[0,0]],"o":[[0,0],[0,0],[0,0],[0,0],[0,0],[0,0]],"v":[[-69.671,-69.666],[-38.236,-31.58],[6.405,13.33],[-24.819,22.286],[-64.967,-17.363],[-105.394,-69.582]],"c":false}]},{"t":120,"s":[{"i":[[0,0],[0,0],[0,0],[23.172,4.353],[0,0],[0,0]],"o":[[0,0],[0,0],[0,0],[0,0],[0,0],[0,0]],"v":[[-69.671,-69.666],[-36.113,-27.052],[17.72,3.137],[-8.778,21.927],[-56.629,-4.787],[-105.394,-69.582]],"c":false}]}],"ix":2},"nm":"Path 1","mn":"ADBE Vector Shape - Group","hd":false},{"ty":"fl","c":{"a":0,"k":[1,1,1,1],"ix":4},"o":{"a":0,"k":100,"ix":5},"r":1,"bm":0,"nm":"Fill 1","mn":"ADBE Vector Graphic - Fill","hd":false},{"ty":"tr","p":{"a":0,"k":[0,0],"ix":2},"a":{"a":0,"k":[0,0],"ix":1},"s":{"a":0,"k":[100,100],"ix":3},"r":{"a":0,"k":0,"ix":6},"o":{"a":0,"k":100,"ix":7},"sk":{"a":0,"k":0,"ix":4},"sa":{"a":0,"k":0,"ix":5},"nm":"Transform"}],"nm":"Group 1","np":2,"cix":2,"bm":0,"ix":1,"mn":"ADBE Vector Group","hd":false}],"ip":0,"op":844,"st":0,"bm":0},{"ddd":0,"ind":9,"ty":4,"nm":"Arm_R","parent":7,"tt":2,"sr":1,"ks":{"o":{"a":0,"k":100,"ix":11},"r":{"a":1,"k":[{"i":{"x":[0.667],"y":[1]},"o":{"x":[0.333],"y":[0]},"t":0,"s":[0]},{"i":{"x":[0.667],"y":[1]},"o":{"x":[0.333],"y":[0]},"t":20,"s":[-13]},{"i":{"x":[0.667],"y":[1]},"o":{"x":[0.333],"y":[0]},"t":40,"s":[0]},{"i":{"x":[0.667],"y":[1]},"o":{"x":[0.333],"y":[0]},"t":60,"s":[-13]},{"i":{"x":[0.667],"y":[1]},"o":{"x":[0.333],"y":[0]},"t":80,"s":[0]},{"i":{"x":[0.667],"y":[1]},"o":{"x":[0.333],"y":[0]},"t":100,"s":[-13]},{"t":120,"s":[0]}],"ix":10},"p":{"a":1,"k":[{"i":{"x":0.667,"y":1},"o":{"x":0.333,"y":0},"t":0,"s":[80.144,-76.688,0],"to":[-1.815,-0.505,0],"ti":[0,0,0]},{"i":{"x":0.667,"y":1},"o":{"x":0.333,"y":0},"t":20,"s":[69.253,-79.719,0],"to":[0,0,0],"ti":[0,0,0]},{"i":{"x":0.667,"y":1},"o":{"x":0.333,"y":0},"t":40,"s":[80.144,-76.688,0],"to":[0,0,0],"ti":[0,0,0]},{"i":{"x":0.667,"y":1},"o":{"x":0.333,"y":0},"t":60,"s":[69.253,-79.719,0],"to":[0,0,0],"ti":[0,0,0]},{"i":{"x":0.667,"y":1},"o":{"x":0.333,"y":0},"t":80,"s":[80.144,-76.688,0],"to":[0,0,0],"ti":[0,0,0]},{"i":{"x":0.667,"y":1},"o":{"x":0.333,"y":0},"t":100,"s":[69.253,-79.719,0],"to":[0,0,0],"ti":[-1.815,-0.505,0]},{"t":120,"s":[80.144,-76.688,0]}],"ix":2,"l":2},"a":{"a":0,"k":[80.144,-76.688,0],"ix":1,"l":2},"s":{"a":0,"k":[100,100,100],"ix":6,"l":2}},"ao":0,"shapes":[{"ty":"gr","it":[{"ind":0,"ty":"sh","ix":1,"ks":{"a":1,"k":[{"i":{"x":0.667,"y":1},"o":{"x":0.333,"y":0},"t":0,"s":[{"i":[[0,0],[0,0],[0,0],[-23.172,4.353],[0,0],[0,0]],"o":[[0,0],[0,0],[0,0],[0,0],[0,0],[0,0]],"v":[[56.728,-60.382],[29.42,-25.644],[-24.413,4.546],[2.085,23.335],[49.936,-3.379],[56.826,-12.799]],"c":false}]},{"i":{"x":0.667,"y":1},"o":{"x":0.333,"y":0},"t":20,"s":[{"i":[[0,0],[0,0],[0,0],[-22.03,8.401],[0,0],[0,0]],"o":[[0,0],[0,0],[0,0],[0,0],[0,0],[0,0]],"v":[[57.365,-63.203],[21.394,-29.643],[-26.217,9.632],[3.197,23.414],[45.54,-11.378],[52.537,-18.964]],"c":false}]},{"i":{"x":0.667,"y":1},"o":{"x":0.333,"y":0},"t":40,"s":[{"i":[[0,0],[0,0],[0,0],[-23.172,4.353],[0,0],[0,0]],"o":[[0,0],[0,0],[0,0],[0,0],[0,0],[0,0]],"v":[[56.728,-60.382],[29.42,-25.644],[-24.413,4.546],[2.085,23.335],[49.936,-3.379],[56.826,-12.799]],"c":false}]},{"i":{"x":0.667,"y":1},"o":{"x":0.333,"y":0},"t":60,"s":[{"i":[[0,0],[0,0],[0,0],[-22.03,8.401],[0,0],[0,0]],"o":[[0,0],[0,0],[0,0],[0,0],[0,0],[0,0]],"v":[[57.365,-63.203],[21.394,-29.643],[-26.217,9.632],[3.197,23.414],[45.54,-11.378],[52.537,-18.964]],"c":false}]},{"i":{"x":0.667,"y":1},"o":{"x":0.333,"y":0},"t":80,"s":[{"i":[[0,0],[0,0],[0,0],[-23.172,4.353],[0,0],[0,0]],"o":[[0,0],[0,0],[0,0],[0,0],[0,0],[0,0]],"v":[[56.728,-60.382],[29.42,-25.644],[-24.413,4.546],[2.085,23.335],[49.936,-3.379],[56.826,-12.799]],"c":false}]},{"i":{"x":0.667,"y":1},"o":{"x":0.333,"y":0},"t":100,"s":[{"i":[[0,0],[0,0],[0,0],[-22.03,8.401],[0,0],[0,0]],"o":[[0,0],[0,0],[0,0],[0,0],[0,0],[0,0]],"v":[[57.365,-63.203],[21.394,-29.643],[-26.217,9.632],[3.197,23.414],[45.54,-11.378],[52.537,-18.964]],"c":false}]},{"t":120,"s":[{"i":[[0,0],[0,0],[0,0],[-23.172,4.353],[0,0],[0,0]],"o":[[0,0],[0,0],[0,0],[0,0],[0,0],[0,0]],"v":[[56.728,-60.382],[29.42,-25.644],[-24.413,4.546],[2.085,23.335],[49.936,-3.379],[56.826,-12.799]],"c":false}]}],"ix":2},"nm":"Path 1","mn":"ADBE Vector Shape - Group","hd":false},{"ty":"st","c":{"a":0,"k":[0.031,0.659,0.541,1],"ix":3,"x":"var $bm_rt;\n$bm_rt = comp('wired-outline-645-people-handshake-transation').layer('control').effect('secondary')('Color');"},"o":{"a":0,"k":100,"ix":4},"w":{"a":0,"k":12.04,"ix":5,"x":"var $bm_rt;\n$bm_rt = $bm_mul($bm_div(value, 2), comp('wired-outline-645-people-handshake-transation').layer('control').effect('stroke')('Menu'));"},"lc":2,"lj":2,"bm":0,"nm":".secondary","mn":"ADBE Vector Graphic - Stroke","hd":false,"cl":"secondary"},{"ty":"tr","p":{"a":0,"k":[0,0],"ix":2},"a":{"a":0,"k":[0,0],"ix":1},"s":{"a":0,"k":[100,100],"ix":3},"r":{"a":0,"k":0,"ix":6},"o":{"a":0,"k":100,"ix":7},"sk":{"a":0,"k":0,"ix":4},"sa":{"a":0,"k":0,"ix":5},"nm":"Transform"}],"nm":"Group 1","np":3,"cix":2,"bm":0,"ix":1,"mn":"ADBE Vector Group","hd":false}],"ip":0,"op":844,"st":0,"bm":0},{"ddd":0,"ind":10,"ty":4,"nm":"Head_R","parent":7,"sr":1,"ks":{"o":{"a":0,"k":100,"ix":11},"r":{"a":1,"k":[{"i":{"x":[0.667],"y":[1]},"o":{"x":[0.333],"y":[0]},"t":0,"s":[0]},{"i":{"x":[0.667],"y":[1]},"o":{"x":[0.333],"y":[0]},"t":20,"s":[-8]},{"i":{"x":[0.667],"y":[1]},"o":{"x":[0.333],"y":[0]},"t":40,"s":[0]},{"i":{"x":[0.667],"y":[1]},"o":{"x":[0.333],"y":[0]},"t":60,"s":[-8]},{"i":{"x":[0.667],"y":[1]},"o":{"x":[0.333],"y":[0]},"t":80,"s":[0]},{"i":{"x":[0.667],"y":[1]},"o":{"x":[0.333],"y":[0]},"t":100,"s":[-8]},{"t":120,"s":[0]}],"ix":10},"p":{"a":1,"k":[{"i":{"x":0.667,"y":1},"o":{"x":0.333,"y":0},"t":0,"s":[86.427,-141.487,0],"to":[-1.485,0.421,0],"ti":[0,0,0]},{"i":{"x":0.667,"y":1},"o":{"x":0.333,"y":0},"t":20,"s":[77.516,-138.962,0],"to":[0,0,0],"ti":[0,0,0]},{"i":{"x":0.667,"y":1},"o":{"x":0.333,"y":0},"t":40,"s":[86.427,-141.487,0],"to":[0,0,0],"ti":[0,0,0]},{"i":{"x":0.667,"y":1},"o":{"x":0.333,"y":0},"t":60,"s":[77.516,-138.962,0],"to":[0,0,0],"ti":[0,0,0]},{"i":{"x":0.667,"y":1},"o":{"x":0.333,"y":0},"t":80,"s":[86.427,-141.487,0],"to":[0,0,0],"ti":[0,0,0]},{"i":{"x":0.667,"y":1},"o":{"x":0.333,"y":0},"t":100,"s":[77.516,-138.962,0],"to":[0,0,0],"ti":[-1.485,0.421,0]},{"t":120,"s":[86.427,-141.487,0]}],"ix":2,"l":2},"a":{"a":0,"k":[86.427,-141.487,0],"ix":1,"l":2},"s":{"a":0,"k":[100,100,100],"ix":6,"l":2}},"ao":0,"shapes":[{"ty":"gr","it":[{"ind":0,"ty":"sh","ix":1,"ks":{"a":0,"k":{"i":[[11.579,0],[0,0],[0,3.463],[0,0],[-11.579,0],[0,0],[0,-11.579],[0,0]],"o":[[0,0],[-3.463,0],[0,0],[0,-11.579],[0,0],[11.579,0],[0,0],[0,11.579]],"v":[[83.828,-128.458],[64.271,-128.458],[57.974,-134.755],[57.974,-166.464],[79.026,-187.516],[83.828,-187.516],[104.88,-166.464],[104.88,-149.511]],"c":true},"ix":2},"nm":"Path 1","mn":"ADBE Vector Shape - Group","hd":false},{"ty":"st","c":{"a":0,"k":[0.071,0.075,0.192,1],"ix":3,"x":"var $bm_rt;\n$bm_rt = comp('wired-outline-645-people-handshake-transation').layer('control').effect('primary')('Color');"},"o":{"a":0,"k":100,"ix":4},"w":{"a":0,"k":12.04,"ix":5,"x":"var $bm_rt;\n$bm_rt = $bm_mul($bm_div(value, 2), comp('wired-outline-645-people-handshake-transation').layer('control').effect('stroke')('Menu'));"},"lc":2,"lj":2,"bm":0,"nm":".primary","mn":"ADBE Vector Graphic - Stroke","hd":false,"cl":"primary"},{"ty":"tr","p":{"a":0,"k":[0,0],"ix":2},"a":{"a":0,"k":[0,0],"ix":1},"s":{"a":0,"k":[100,100],"ix":3},"r":{"a":0,"k":0,"ix":6},"o":{"a":0,"k":100,"ix":7},"sk":{"a":0,"k":0,"ix":4},"sa":{"a":0,"k":0,"ix":5},"nm":"Transform"}],"nm":"Group 1","np":2,"cix":2,"bm":0,"ix":1,"mn":"ADBE Vector Group","hd":false}],"ip":0,"op":844,"st":0,"bm":0}]}],"layers":[{"ddd":0,"ind":1,"ty":3,"nm":"control","sr":1,"ks":{"o":{"a":0,"k":0,"ix":11},"r":{"a":0,"k":0,"ix":10},"p":{"a":0,"k":[0,0],"ix":2,"l":2},"a":{"a":0,"k":[0,0,0],"ix":1,"l":2},"s":{"a":0,"k":[100,100,100],"ix":6,"l":2}},"ao":0,"ef":[{"ty":5,"nm":"stroke","np":3,"mn":"Pseudo/@@Nx9o8e0oQTiHiza3aQ1R6A","ix":1,"en":1,"ef":[{"ty":7,"nm":"Menu","mn":"Pseudo/@@Nx9o8e0oQTiHiza3aQ1R6A-0001","ix":1,"v":{"a":0,"k":2,"ix":1}}]},{"ty":5,"nm":"primary","np":3,"mn":"ADBE Color Control","ix":2,"en":1,"ef":[{"ty":2,"nm":"Color","mn":"ADBE Color Control-0001","ix":1,"v":{"a":0,"k":[0.071,0.075,0.192],"ix":1}}]},{"ty":5,"nm":"secondary","np":3,"mn":"ADBE Color Control","ix":3,"en":1,"ef":[{"ty":2,"nm":"Color","mn":"ADBE Color Control-0001","ix":1,"v":{"a":0,"k":[0.031,0.659,0.541],"ix":1}}]}],"ip":0,"op":121,"st":0,"bm":0},{"ddd":0,"ind":2,"ty":0,"nm":"hover-pinch","refId":"comp_0","sr":1,"ks":{"o":{"a":0,"k":100,"ix":11},"r":{"a":0,"k":0,"ix":10},"p":{"a":0,"k":[215,215,0],"ix":2,"l":2},"a":{"a":0,"k":[215,215,0],"ix":1,"l":2},"s":{"a":0,"k":[100,100,100],"ix":6,"l":2}},"ao":0,"w":430,"h":430,"ip":0,"op":130,"st":0,"bm":0}],"markers":[{"tm":0,"cm":"default:hover-pinch","dr":120}]}