{"v":"5.12.1","fr":60,"ip":100,"op":224,"w":430,"h":430,"nm":"wired-outline-1780-medal-first-place","ddd":0,"assets":[{"id":"comp_0","nm":"in-reveal","fr":60,"layers":[{"ddd":0,"ind":1,"ty":4,"nm":"Medal","sr":1,"ks":{"o":{"a":0,"k":100,"ix":11},"r":{"a":1,"k":[{"i":{"x":[0.828],"y":[1]},"o":{"x":[0.581],"y":[0]},"t":14,"s":[0]},{"i":{"x":[0.667],"y":[1]},"o":{"x":[0.333],"y":[0]},"t":37,"s":[12]},{"i":{"x":[0.667],"y":[1]},"o":{"x":[0.333],"y":[0]},"t":52,"s":[-7]},{"i":{"x":[0.505],"y":[1]},"o":{"x":[0.274],"y":[0]},"t":70,"s":[3]},{"t":84,"s":[0]}],"ix":10},"p":{"a":1,"k":[{"i":{"x":0.667,"y":1},"o":{"x":0.716,"y":0},"t":14,"s":[215,-191.385,0],"to":[0,0,0],"ti":[0,0,0]},{"i":{"x":0.667,"y":1},"o":{"x":0.333,"y":0},"t":43,"s":[215,42.615,0],"to":[0,0,0],"ti":[0,0,0]},{"i":{"x":0.667,"y":1},"o":{"x":0.333,"y":0},"t":62.318,"s":[215,-0.385,0],"to":[0,0,0],"ti":[0,0,0]},{"t":77,"s":[215,14.615,0]}],"ix":2,"l":2},"a":{"a":0,"k":[250,49.615,0],"ix":1,"l":2},"s":{"a":0,"k":[100,100,100],"ix":6,"l":2}},"ao":0,"shapes":[{"ty":"gr","it":[{"ty":"gr","it":[{"ind":0,"ty":"sh","ix":1,"ks":{"a":0,"k":{"i":[[0,0],[0,0],[0,0]],"o":[[0,0],[0,0],[0,0]],"v":[[-7.23,-8.452],[7.23,-22.912],[7.23,22.912]],"c":false},"ix":2},"nm":"Path 1","mn":"ADBE Vector Shape - Group","hd":false},{"ty":"tm","s":{"a":1,"k":[{"i":{"x":[0.14],"y":[1]},"o":{"x":[0.167],"y":[0.167]},"t":0,"s":[65]},{"t":32,"s":[0]}],"ix":1},"e":{"a":1,"k":[{"i":{"x":[0.14],"y":[1]},"o":{"x":[0.167],"y":[0.167]},"t":0,"s":[65]},{"t":32,"s":[100]}],"ix":2},"o":{"a":0,"k":0,"ix":3},"m":1,"ix":2,"nm":"Trim Paths 1","mn":"ADBE Vector Filter - Trim","hd":false},{"ty":"st","c":{"a":0,"k":[0.031,0.659,0.541,1],"ix":3,"x":"var $bm_rt;\n$bm_rt = comp('wired-outline-1780-medal-first-place').layer('control').effect('secondary')('Color');"},"o":{"a":0,"k":100,"ix":4},"w":{"a":0,"k":12,"ix":5,"x":"var $bm_rt;\n$bm_rt = $bm_mul($bm_div(value, 2), comp('wired-outline-1780-medal-first-place').layer('control').effect('stroke')('Menu'));"},"lc":2,"lj":2,"bm":0,"nm":".secondary","mn":"ADBE Vector Graphic - Stroke","hd":false,"cl":"secondary"},{"ty":"tr","p":{"a":0,"k":[245.636,332.114],"ix":2},"a":{"a":0,"k":[0,0],"ix":1},"s":{"a":0,"k":[100,100],"ix":3},"r":{"a":0,"k":0,"ix":6},"o":{"a":0,"k":100,"ix":7},"sk":{"a":0,"k":0,"ix":4},"sa":{"a":0,"k":0,"ix":5},"nm":"Transform"}],"nm":"Group 2","np":3,"cix":2,"bm":0,"ix":1,"mn":"ADBE Vector Group","hd":false},{"ty":"gr","it":[{"ind":0,"ty":"sh","ix":1,"ks":{"a":0,"k":{"i":[[0,29.427],[-29.427,0],[0,-29.427],[29.427,0]],"o":[[0,-29.427],[29.427,0],[0,29.427],[-29.427,0]],"v":[[-53.281,0],[0,-53.281],[53.281,0],[0,53.281]],"c":true},"ix":2},"nm":"Path 1","mn":"ADBE Vector Shape - Group","hd":false},{"ty":"st","c":{"a":0,"k":[0.071,0.075,0.192,1],"ix":3,"x":"var $bm_rt;\n$bm_rt = comp('wired-outline-1780-medal-first-place').layer('control').effect('primary')('Color');"},"o":{"a":0,"k":100,"ix":4},"w":{"a":0,"k":12,"ix":5,"x":"var $bm_rt;\n$bm_rt = $bm_mul($bm_div(value, 2), comp('wired-outline-1780-medal-first-place').layer('control').effect('stroke')('Menu'));"},"lc":2,"lj":2,"bm":0,"d":[{"n":"d","nm":"dash","v":{"a":0,"k":0.1,"ix":1}},{"n":"g","nm":"gap","v":{"a":0,"k":28,"ix":2}}],"nm":".primary","mn":"ADBE Vector Graphic - Stroke","hd":false,"cl":"primary"},{"ty":"tr","p":{"a":0,"k":[250,332.114],"ix":2},"a":{"a":0,"k":[0,0],"ix":1},"s":{"a":1,"k":[{"i":{"x":[0.14,0.14],"y":[1,1]},"o":{"x":[0.167,0.167],"y":[0.167,0.167]},"t":3,"s":[69,69]},{"t":32,"s":[100,100]}],"ix":3},"r":{"a":1,"k":[{"i":{"x":[0.14],"y":[1]},"o":{"x":[0.167],"y":[0.167]},"t":0,"s":[-84]},{"t":32,"s":[0]}],"ix":6},"o":{"a":1,"k":[{"t":0,"s":[0],"h":1},{"t":3,"s":[100],"h":1}],"ix":7},"sk":{"a":0,"k":0,"ix":4},"sa":{"a":0,"k":0,"ix":5},"nm":"Transform"}],"nm":"Group 3","np":2,"cix":2,"bm":0,"ix":2,"mn":"ADBE Vector Group","hd":false},{"ty":"gr","it":[{"ind":0,"ty":"sh","ix":1,"ks":{"a":1,"k":[{"i":{"x":0.11,"y":1},"o":{"x":0.167,"y":0.167},"t":0,"s":[{"i":[[0,14.636],[-14.636,0],[0,-14.636],[14.636,0]],"o":[[0,-14.636],[14.636,0],[0,14.636],[-14.636,0]],"v":[[-26.5,0],[0,-26.5],[26.5,0],[0,26.5]],"c":true}]},{"t":32,"s":[{"i":[[0,43.081],[-43.081,0],[0,-43.081],[43.081,0]],"o":[[0,-43.081],[43.081,0],[0,43.081],[-43.081,0]],"v":[[-78.005,0],[0,-78.005],[78.005,0],[0,78.005]],"c":true}]}],"ix":2},"nm":"Path 1","mn":"ADBE Vector Shape - Group","hd":false},{"ty":"st","c":{"a":0,"k":[0.071,0.075,0.192,1],"ix":3,"x":"var $bm_rt;\n$bm_rt = comp('wired-outline-1780-medal-first-place').layer('control').effect('primary')('Color');"},"o":{"a":0,"k":100,"ix":4},"w":{"a":0,"k":12,"ix":5,"x":"var $bm_rt;\n$bm_rt = $bm_mul($bm_div(value, 2), comp('wired-outline-1780-medal-first-place').layer('control').effect('stroke')('Menu'));"},"lc":2,"lj":2,"bm":0,"nm":".primary","mn":"ADBE Vector Graphic - Stroke","hd":false,"cl":"primary"},{"ty":"tr","p":{"a":0,"k":[250,332.114],"ix":2},"a":{"a":0,"k":[0,0],"ix":1},"s":{"a":0,"k":[100,100],"ix":3},"r":{"a":0,"k":0,"ix":6},"o":{"a":0,"k":100,"ix":7},"sk":{"a":0,"k":0,"ix":4},"sa":{"a":0,"k":0,"ix":5},"nm":"Transform"}],"nm":"Group 4","np":2,"cix":2,"bm":0,"ix":3,"mn":"ADBE Vector Group","hd":false},{"ty":"tr","p":{"a":0,"k":[250,332.114],"ix":2},"a":{"a":0,"k":[250,332.114],"ix":1},"s":{"a":0,"k":[100,100],"ix":3},"r":{"a":1,"k":[{"i":{"x":[0.828],"y":[1]},"o":{"x":[0.581],"y":[0]},"t":14,"s":[0]},{"i":{"x":[0.667],"y":[1]},"o":{"x":[0.333],"y":[0]},"t":43,"s":[29]},{"i":{"x":[0.667],"y":[1]},"o":{"x":[0.333],"y":[0]},"t":58,"s":[-14]},{"i":{"x":[0.505],"y":[1]},"o":{"x":[0.274],"y":[0]},"t":76,"s":[3]},{"t":90,"s":[0]}],"ix":6},"o":{"a":0,"k":100,"ix":7},"sk":{"a":0,"k":0,"ix":4},"sa":{"a":0,"k":0,"ix":5},"nm":"Transform"}],"nm":"Group 1","np":3,"cix":2,"bm":0,"ix":1,"mn":"ADBE Vector Group","hd":false}],"ip":1,"op":844,"st":0,"ct":1,"bm":0},{"ddd":0,"ind":2,"ty":4,"nm":"mask","td":1,"sr":1,"ks":{"o":{"a":0,"k":100,"ix":11},"r":{"a":1,"k":[{"i":{"x":[0.828],"y":[1]},"o":{"x":[0.581],"y":[0]},"t":14,"s":[0]},{"i":{"x":[0.667],"y":[1]},"o":{"x":[0.333],"y":[0]},"t":37,"s":[12]},{"i":{"x":[0.667],"y":[1]},"o":{"x":[0.333],"y":[0]},"t":52,"s":[-7]},{"i":{"x":[0.505],"y":[1]},"o":{"x":[0.274],"y":[0]},"t":70,"s":[3]},{"t":84,"s":[0]}],"ix":10},"p":{"a":1,"k":[{"i":{"x":0.667,"y":1},"o":{"x":0.716,"y":0},"t":14,"s":[215,-191.385,0],"to":[0,0,0],"ti":[0,0,0]},{"i":{"x":0.667,"y":1},"o":{"x":0.333,"y":0},"t":43,"s":[215,42.615,0],"to":[0,0,0],"ti":[0,0,0]},{"i":{"x":0.667,"y":1},"o":{"x":0.333,"y":0},"t":62.318,"s":[215,-0.385,0],"to":[0,0,0],"ti":[0,0,0]},{"t":77,"s":[215,14.615,0]}],"ix":2,"l":2},"a":{"a":0,"k":[250,49.615,0],"ix":1,"l":2},"s":{"a":0,"k":[100,100,100],"ix":6,"l":2}},"ao":0,"shapes":[{"ty":"gr","it":[{"ty":"gr","it":[{"ind":0,"ty":"sh","ix":1,"ks":{"a":1,"k":[{"i":{"x":0.11,"y":1},"o":{"x":0.167,"y":0.167},"t":0,"s":[{"i":[[0,14.636],[-14.636,0],[0,-14.636],[14.636,0]],"o":[[0,-14.636],[14.636,0],[0,14.636],[-14.636,0]],"v":[[-26.5,0],[0,-26.5],[26.5,0],[0,26.5]],"c":true}]},{"t":32,"s":[{"i":[[0,43.081],[-43.081,0],[0,-43.081],[43.081,0]],"o":[[0,-43.081],[43.081,0],[0,43.081],[-43.081,0]],"v":[[-78.005,0],[0,-78.005],[78.005,0],[0,78.005]],"c":true}]}],"ix":2},"nm":"Path 1","mn":"ADBE Vector Shape - Group","hd":false},{"ty":"tr","p":{"a":0,"k":[250,332.114],"ix":2},"a":{"a":0,"k":[0,0],"ix":1},"s":{"a":0,"k":[100,100],"ix":3},"r":{"a":0,"k":0,"ix":6},"o":{"a":0,"k":100,"ix":7},"sk":{"a":0,"k":0,"ix":4},"sa":{"a":0,"k":0,"ix":5},"nm":"Transform"}],"nm":"Group 4","np":1,"cix":2,"bm":0,"ix":1,"mn":"ADBE Vector Group","hd":false},{"ty":"tr","p":{"a":0,"k":[250,332.114],"ix":2},"a":{"a":0,"k":[250,332.114],"ix":1},"s":{"a":0,"k":[100,100],"ix":3},"r":{"a":1,"k":[{"i":{"x":[0.828],"y":[1]},"o":{"x":[0.581],"y":[0]},"t":14,"s":[0]},{"i":{"x":[0.667],"y":[1]},"o":{"x":[0.333],"y":[0]},"t":43,"s":[29]},{"i":{"x":[0.667],"y":[1]},"o":{"x":[0.333],"y":[0]},"t":58,"s":[-14]},{"i":{"x":[0.505],"y":[1]},"o":{"x":[0.274],"y":[0]},"t":76,"s":[3]},{"t":90,"s":[0]}],"ix":6},"o":{"a":0,"k":100,"ix":7},"sk":{"a":0,"k":0,"ix":4},"sa":{"a":0,"k":0,"ix":5},"nm":"Transform"}],"nm":"Group 1","np":1,"cix":2,"bm":0,"ix":1,"mn":"ADBE Vector Group","hd":false},{"ty":"fl","c":{"a":0,"k":[1,1,1,1],"ix":4},"o":{"a":0,"k":100,"ix":5},"r":1,"bm":0,"nm":"Fill 1","mn":"ADBE Vector Graphic - Fill","hd":false}],"ip":1,"op":844,"st":0,"ct":1,"bm":0},{"ddd":0,"ind":3,"ty":0,"nm":"precomp-1","tt":2,"tp":2,"refId":"comp_1","sr":1,"ks":{"o":{"a":0,"k":100,"ix":11},"r":{"a":0,"k":0,"ix":10},"p":{"a":0,"k":[215,215,0],"ix":2,"l":2},"a":{"a":0,"k":[215,215,0],"ix":1,"l":2},"s":{"a":0,"k":[100,100,100],"ix":6,"l":2}},"ao":0,"w":430,"h":430,"ip":16,"op":844,"st":0,"bm":0}]},{"id":"comp_1","nm":"precomp-1","fr":60,"layers":[{"ddd":0,"ind":1,"ty":4,"nm":"Ribbon 3","sr":1,"ks":{"o":{"a":0,"k":100,"ix":11},"r":{"a":0,"k":0,"ix":10},"p":{"a":0,"k":[171.97,54.881,0],"ix":2,"l":2},"a":{"a":0,"k":[206.97,89.881,0],"ix":1,"l":2},"s":{"a":1,"k":[{"i":{"x":[0.667,0.667,0.667],"y":[1,1,1]},"o":{"x":[0.333,0.333,0.333],"y":[0,0,0]},"t":55,"s":[100,100,100]},{"i":{"x":[0.667,0.667,0.667],"y":[1,1,1]},"o":{"x":[0.333,0.333,0.333],"y":[0,0,0]},"t":70,"s":[100,93,100]},{"t":84,"s":[100,100,100]}],"ix":6,"l":2}},"ao":0,"shapes":[{"ty":"gr","it":[{"ind":0,"ty":"sh","ix":1,"ks":{"a":1,"k":[{"i":{"x":0.833,"y":0.833},"o":{"x":0.167,"y":0.167},"t":24,"s":[{"i":[[0,0],[0.362,-8.3]],"o":[[0,0],[0,0]],"v":[[29.126,-103.611],[30.008,-90.695]],"c":false}]},{"i":{"x":0.833,"y":0.833},"o":{"x":0.167,"y":0.167},"t":34,"s":[{"i":[[0,0],[-15.71,-83.834]],"o":[[0,0],[0,0]],"v":[[-27.005,-103.615],[-0.42,26.338]],"c":false}]},{"i":{"x":0.833,"y":0.833},"o":{"x":0.167,"y":0.167},"t":38,"s":[{"i":[[0,0],[-6.374,-84.412]],"o":[[0,0],[0,0]],"v":[[-31.466,-103.615],[-6.711,103.949]],"c":false}]},{"i":{"x":0.833,"y":0.833},"o":{"x":0.167,"y":0.167},"t":42,"s":[{"i":[[0,0],[2.961,-84.991]],"o":[[0,0],[0,0]],"v":[[-35.927,-103.615],[8.409,143.496]],"c":false}]},{"i":{"x":0.833,"y":0.833},"o":{"x":0.167,"y":0.167},"t":46,"s":[{"i":[[0,0],[-13.194,-77.338]],"o":[[0,0],[0,0]],"v":[[-41.544,-103.615],[39.844,144.116]],"c":false}]},{"i":{"x":0.833,"y":0.833},"o":{"x":0.167,"y":0.167},"t":51,"s":[{"i":[[0,0],[-33.387,-67.772]],"o":[[0,0],[0,0]],"v":[[-41.874,-103.615],[68.136,124.671]],"c":false}]},{"i":{"x":0.833,"y":0.833},"o":{"x":0.167,"y":0.167},"t":55,"s":[{"i":[[0,0],[-40.417,-63.829]],"o":[[0,0],[0,0]],"v":[[-41.874,-103.615],[64.971,113.602]],"c":false}]},{"i":{"x":0.667,"y":1},"o":{"x":0.167,"y":0.167},"t":62,"s":[{"i":[[0,0],[-38.711,-64.878]],"o":[[0,0],[0,0]],"v":[[-41.874,-103.615],[45.791,89.995]],"c":false}]},{"i":{"x":0.667,"y":1},"o":{"x":0.333,"y":0},"t":70,"s":[{"i":[[0,0],[-23.864,-70.579]],"o":[[0,0],[0,0]],"v":[[-41.874,-103.615],[29.036,94.468]],"c":false}]},{"t":84,"s":[{"i":[[0,0],[-27.916,-69.077]],"o":[[0,0],[0,0]],"v":[[-41.874,-103.615],[41.874,103.615]],"c":false}]}],"ix":2},"nm":"Path 1","mn":"ADBE Vector Shape - Group","hd":false},{"ty":"st","c":{"a":0,"k":[0.031,0.659,0.541,1],"ix":3,"x":"var $bm_rt;\n$bm_rt = comp('wired-outline-1780-medal-first-place').layer('control').effect('secondary')('Color');"},"o":{"a":0,"k":100,"ix":4},"w":{"a":0,"k":12,"ix":5,"x":"var $bm_rt;\n$bm_rt = $bm_mul($bm_div(value, 2), comp('wired-outline-1780-medal-first-place').layer('control').effect('stroke')('Menu'));"},"lc":2,"lj":2,"bm":0,"nm":".secondary","mn":"ADBE Vector Graphic - Stroke","hd":false,"cl":"secondary"},{"ty":"tr","p":{"a":0,"k":[206.13,193.496],"ix":2},"a":{"a":0,"k":[0,0],"ix":1},"s":{"a":0,"k":[100,100],"ix":3},"r":{"a":0,"k":0,"ix":6},"o":{"a":0,"k":100,"ix":7},"sk":{"a":0,"k":0,"ix":4},"sa":{"a":0,"k":0,"ix":5},"nm":"Transform"}],"nm":"Group 1","np":2,"cix":2,"bm":0,"ix":1,"mn":"ADBE Vector Group","hd":false},{"ty":"gr","it":[{"ty":"gr","it":[{"ind":0,"ty":"sh","ix":1,"ks":{"a":1,"k":[{"i":{"x":0.833,"y":0.833},"o":{"x":0.167,"y":0.167},"t":24,"s":[{"i":[[0,0],[-0.009,-5.719],[-22.865,0.653],[0,0]],"o":[[0,0],[23.505,0.086],[0.5,-9.072],[0,0]],"v":[[-14.903,-106.742],[-14.961,-91.158],[70.53,-91.055],[70.494,-106.742]],"c":false}]},{"i":{"x":0.833,"y":0.833},"o":{"x":0.167,"y":0.167},"t":34,"s":[{"i":[[0,0],[-15.951,-68.247],[-23.18,-5.712],[0,0]],"o":[[0,0],[23.627,6.602],[-14.187,-98.373],[0,0]],"v":[[-71.034,-106.746],[-46.019,20.12],[40.717,40.246],[14.363,-106.746]],"c":false}]},{"i":{"x":0.833,"y":0.833},"o":{"x":0.167,"y":0.167},"t":38,"s":[{"i":[[0,0],[-3.176,-75.002],[-22.444,-7.824],[0,0]],"o":[[0,0],[22.804,8.748],[-2.394,-101.218],[0,0]],"v":[[-75.495,-106.746],[-51.63,93.583],[32.469,121.623],[9.902,-106.746]],"c":false}]},{"i":{"x":0.833,"y":0.833},"o":{"x":0.167,"y":0.167},"t":42,"s":[{"i":[[0,0],[-0.065,-72.241],[-21.707,-9.936],[0,0]],"o":[[0,0],[21.98,10.894],[9.399,-104.062],[0,0]],"v":[[-79.955,-106.746],[-35.829,128.982],[45.631,164.936],[5.442,-106.746]],"c":false}]},{"i":{"x":0.833,"y":0.833},"o":{"x":0.167,"y":0.167},"t":46,"s":[{"i":[[0,0],[-13.77,-69.155],[-22.669,-5.394],[0,0]],"o":[[0,0],[23.112,6.26],[-10.465,-90.808],[0,0]],"v":[[-85.572,-106.746],[-3.099,137.562],[80.109,157.289],[-0.175,-106.746]],"c":false}]},{"i":{"x":0.833,"y":0.833},"o":{"x":0.167,"y":0.167},"t":51,"s":[{"i":[[0,0],[-30.901,-65.299],[-23.872,0.283],[0,0]],"o":[[0,0],[24.527,0.467],[-35.296,-74.241],[0,0]],"v":[[-85.903,-106.746],[26.809,128.067],[112.205,127.509],[-0.506,-106.746]],"c":false}]},{"i":{"x":0.833,"y":0.833},"o":{"x":0.167,"y":0.167},"t":55,"s":[{"i":[[0,0],[-37.681,-61.635],[-23.706,2.824],[0,0]],"o":[[0,0],[24.438,-2.149],[-43.004,-70.058],[0,0]],"v":[[-85.903,-106.746],[24.57,121.274],[109.42,111.622],[-0.506,-106.746]],"c":false}]},{"i":{"x":0.667,"y":1},"o":{"x":0.167,"y":0.167},"t":62,"s":[{"i":[[0,0],[-36.035,-62.612],[-23.772,2.195],[0,0]],"o":[[0,0],[24.486,-1.501],[-41.133,-71.173],[0,0]],"v":[[-85.903,-106.746],[5.118,96.615],[90.194,89.215],[-0.506,-106.746]],"c":false}]},{"i":{"x":0.667,"y":1},"o":{"x":0.333,"y":0},"t":70,"s":[{"i":[[0,0],[-23.082,-67.826],[-23.84,-1.258],[0,0]],"o":[[0,0],[24.446,2.048],[-26.422,-77.536],[0,0]],"v":[[-85.903,-106.746],[-12.627,95.239],[72.627,100.191],[-0.506,-106.746]],"c":false}]},{"t":84,"s":[{"i":[[0,0],[-26.976,-66.373],[-23.873,0.127],[0,0]],"o":[[0,0],[24.524,0.627],[-30.873,-75.873],[0,0]],"v":[[-85.903,-106.746],[0.506,106.746],[85.903,106.746],[-0.506,-106.746]],"c":false}]}],"ix":2},"nm":"Path 1","mn":"ADBE Vector Shape - Group","hd":false},{"ty":"st","c":{"a":0,"k":[0.071,0.075,0.192,1],"ix":3,"x":"var $bm_rt;\n$bm_rt = comp('wired-outline-1780-medal-first-place').layer('control').effect('primary')('Color');"},"o":{"a":0,"k":100,"ix":4},"w":{"a":0,"k":12,"ix":5,"x":"var $bm_rt;\n$bm_rt = $bm_mul($bm_div(value, 2), comp('wired-outline-1780-medal-first-place').layer('control').effect('stroke')('Menu'));"},"lc":2,"lj":2,"bm":0,"nm":".primary","mn":"ADBE Vector Graphic - Stroke","hd":false,"cl":"primary"},{"ty":"tr","p":{"a":0,"k":[206.97,196.627],"ix":2},"a":{"a":0,"k":[0,0],"ix":1},"s":{"a":0,"k":[100,100],"ix":3},"r":{"a":0,"k":0,"ix":6},"o":{"a":0,"k":100,"ix":7},"sk":{"a":0,"k":0,"ix":4},"sa":{"a":0,"k":0,"ix":5},"nm":"Transform"}],"nm":"Group 1","np":2,"cix":2,"bm":0,"ix":1,"mn":"ADBE Vector Group","hd":false},{"ty":"tr","p":{"a":0,"k":[293.03,196.627],"ix":2},"a":{"a":0,"k":[293.03,196.627],"ix":1},"s":{"a":0,"k":[100,100],"ix":3},"r":{"a":0,"k":0,"ix":6},"o":{"a":0,"k":100,"ix":7},"sk":{"a":0,"k":0,"ix":4},"sa":{"a":0,"k":0,"ix":5},"nm":"Transform"}],"nm":"Group 2","np":1,"cix":2,"bm":0,"ix":2,"mn":"ADBE Vector Group","hd":false},{"ty":"tm","s":{"a":0,"k":0,"ix":1},"e":{"a":0,"k":100,"ix":2},"o":{"a":0,"k":0,"ix":3},"m":1,"ix":3,"nm":"Trim Paths 1","mn":"ADBE Vector Filter - Trim","hd":false}],"ip":0,"op":844,"st":0,"ct":1,"bm":0},{"ddd":0,"ind":2,"ty":4,"nm":"mask","td":1,"sr":1,"ks":{"o":{"a":0,"k":100,"ix":11},"r":{"a":0,"k":0,"ix":10},"p":{"a":0,"k":[171.97,54.881,0],"ix":2,"l":2},"a":{"a":0,"k":[206.97,89.881,0],"ix":1,"l":2},"s":{"a":1,"k":[{"i":{"x":[0.667,0.667,0.667],"y":[1,1,1]},"o":{"x":[0.333,0.333,0.333],"y":[0,0,0]},"t":55,"s":[100,100,100]},{"i":{"x":[0.667,0.667,0.667],"y":[1,1,1]},"o":{"x":[0.333,0.333,0.333],"y":[0,0,0]},"t":70,"s":[100,93,100]},{"t":84,"s":[100,100,100]}],"ix":6,"l":2}},"ao":0,"shapes":[{"ty":"gr","it":[{"ty":"gr","it":[{"ind":0,"ty":"sh","ix":1,"ks":{"a":1,"k":[{"i":{"x":0.833,"y":0.833},"o":{"x":0.167,"y":0.167},"t":24,"s":[{"i":[[0,0],[-0.009,-5.719],[-22.865,0.653],[0,0]],"o":[[0,0],[23.505,0.086],[0.5,-9.072],[0,0]],"v":[[-14.903,-106.742],[-14.961,-91.158],[70.53,-91.055],[70.494,-106.742]],"c":false}]},{"i":{"x":0.833,"y":0.833},"o":{"x":0.167,"y":0.167},"t":34,"s":[{"i":[[0,0],[-15.951,-68.247],[-23.18,-5.712],[0,0]],"o":[[0,0],[23.627,6.602],[-14.187,-98.373],[0,0]],"v":[[-71.034,-106.746],[-46.019,20.12],[40.717,40.246],[14.363,-106.746]],"c":false}]},{"i":{"x":0.833,"y":0.833},"o":{"x":0.167,"y":0.167},"t":38,"s":[{"i":[[0,0],[-3.176,-75.002],[-22.444,-7.824],[0,0]],"o":[[0,0],[22.804,8.748],[-2.394,-101.218],[0,0]],"v":[[-75.495,-106.746],[-51.63,93.583],[32.469,121.623],[9.902,-106.746]],"c":false}]},{"i":{"x":0.833,"y":0.833},"o":{"x":0.167,"y":0.167},"t":42,"s":[{"i":[[0,0],[-0.065,-72.241],[-21.707,-9.936],[0,0]],"o":[[0,0],[21.98,10.894],[9.399,-104.062],[0,0]],"v":[[-79.955,-106.746],[-35.829,128.982],[45.631,164.936],[5.442,-106.746]],"c":false}]},{"i":{"x":0.833,"y":0.833},"o":{"x":0.167,"y":0.167},"t":46,"s":[{"i":[[0,0],[-13.77,-69.155],[-22.669,-5.394],[0,0]],"o":[[0,0],[23.112,6.26],[-10.465,-90.808],[0,0]],"v":[[-85.572,-106.746],[-3.099,137.562],[80.109,157.289],[-0.175,-106.746]],"c":false}]},{"i":{"x":0.833,"y":0.833},"o":{"x":0.167,"y":0.167},"t":51,"s":[{"i":[[0,0],[-30.901,-65.299],[-23.872,0.283],[0,0]],"o":[[0,0],[24.527,0.467],[-35.296,-74.241],[0,0]],"v":[[-85.903,-106.746],[26.809,128.067],[112.205,127.509],[-0.506,-106.746]],"c":false}]},{"i":{"x":0.833,"y":0.833},"o":{"x":0.167,"y":0.167},"t":55,"s":[{"i":[[0,0],[-37.681,-61.635],[-23.706,2.824],[0,0]],"o":[[0,0],[24.438,-2.149],[-43.004,-70.058],[0,0]],"v":[[-85.903,-106.746],[24.57,121.274],[109.42,111.622],[-0.506,-106.746]],"c":false}]},{"i":{"x":0.667,"y":1},"o":{"x":0.167,"y":0.167},"t":62,"s":[{"i":[[0,0],[-36.035,-62.612],[-23.772,2.195],[0,0]],"o":[[0,0],[24.486,-1.501],[-41.133,-71.173],[0,0]],"v":[[-85.903,-106.746],[5.118,96.615],[90.194,89.215],[-0.506,-106.746]],"c":false}]},{"i":{"x":0.667,"y":1},"o":{"x":0.333,"y":0},"t":70,"s":[{"i":[[0,0],[-23.082,-67.826],[-23.84,-1.258],[0,0]],"o":[[0,0],[24.446,2.048],[-26.422,-77.536],[0,0]],"v":[[-85.903,-106.746],[-12.627,95.239],[72.627,100.191],[-0.506,-106.746]],"c":false}]},{"t":84,"s":[{"i":[[0,0],[-26.976,-66.373],[-23.873,0.127],[0,0]],"o":[[0,0],[24.524,0.627],[-30.873,-75.873],[0,0]],"v":[[-85.903,-106.746],[0.506,106.746],[85.903,106.746],[-0.506,-106.746]],"c":false}]}],"ix":2},"nm":"Path 1","mn":"ADBE Vector Shape - Group","hd":false},{"ty":"fl","c":{"a":0,"k":[1,0,0,1],"ix":4},"o":{"a":0,"k":100,"ix":5},"r":1,"bm":0,"nm":"Fill 1","mn":"ADBE Vector Graphic - Fill","hd":false},{"ty":"tr","p":{"a":0,"k":[206.97,196.627],"ix":2},"a":{"a":0,"k":[0,0],"ix":1},"s":{"a":0,"k":[100,100],"ix":3},"r":{"a":0,"k":0,"ix":6},"o":{"a":0,"k":100,"ix":7},"sk":{"a":0,"k":0,"ix":4},"sa":{"a":0,"k":0,"ix":5},"nm":"Transform"}],"nm":"Group 1","np":2,"cix":2,"bm":0,"ix":1,"mn":"ADBE Vector Group","hd":false},{"ty":"tr","p":{"a":0,"k":[293.03,196.627],"ix":2},"a":{"a":0,"k":[293.03,196.627],"ix":1},"s":{"a":0,"k":[100,100],"ix":3},"r":{"a":0,"k":0,"ix":6},"o":{"a":0,"k":100,"ix":7},"sk":{"a":0,"k":0,"ix":4},"sa":{"a":0,"k":0,"ix":5},"nm":"Transform"}],"nm":"Group 2","np":1,"cix":2,"bm":0,"ix":1,"mn":"ADBE Vector Group","hd":false},{"ty":"tm","s":{"a":0,"k":0,"ix":1},"e":{"a":0,"k":100,"ix":2},"o":{"a":0,"k":0,"ix":3},"m":1,"ix":2,"nm":"Trim Paths 1","mn":"ADBE Vector Filter - Trim","hd":false}],"ip":0,"op":844,"st":0,"ct":1,"bm":0},{"ddd":0,"ind":3,"ty":4,"nm":"Ribbon 2","tt":2,"tp":2,"sr":1,"ks":{"o":{"a":0,"k":100,"ix":11},"r":{"a":0,"k":0,"ix":10},"p":{"a":0,"k":[258.03,54.881,0],"ix":2,"l":2},"a":{"a":0,"k":[293.03,89.881,0],"ix":1,"l":2},"s":{"a":1,"k":[{"i":{"x":[0.667,0.667,0.667],"y":[1,1,1]},"o":{"x":[0.333,0.333,0.333],"y":[0,0,0]},"t":55,"s":[100,100,100]},{"i":{"x":[0.667,0.667,0.667],"y":[1,1,1]},"o":{"x":[0.333,0.333,0.333],"y":[0,0,0]},"t":70,"s":[100,93,100]},{"t":84,"s":[100,100,100]}],"ix":6,"l":2}},"ao":0,"shapes":[{"ty":"gr","it":[{"ty":"gr","it":[{"ind":0,"ty":"sh","ix":1,"ks":{"a":1,"k":[{"i":{"x":0.833,"y":0.833},"o":{"x":0.167,"y":0.167},"t":24,"s":[{"i":[[0,0],[-0.01,-1.604],[8.575,3.586],[0,0]],"o":[[0,0],[-33.523,0.275],[0.886,-0.421],[0,0]],"v":[[-15.292,-106.662],[-15.019,-90.046],[-102.916,-89.706],[-101.682,-107.146]],"c":false}]},{"i":{"x":0.833,"y":0.833},"o":{"x":0.167,"y":0.167},"t":34,"s":[{"i":[[0,0],[89.062,-45.734],[4.184,8.3],[0,0]],"o":[[0,0],[-25.651,-21.584],[80.961,-60.477],[0,0]],"v":[[71.034,-106.746],[-66.592,69.607],[-131.686,14.332],[-14.363,-106.746]],"c":false}]},{"i":{"x":0.833,"y":0.833},"o":{"x":0.167,"y":0.167},"t":38,"s":[{"i":[[0,0],[69.33,-64.626],[5.356,7.459],[0,0]],"o":[[0,0],[-28.342,-17.133],[69.744,-71.43],[0,0]],"v":[[75.495,-106.746],[-68.052,134.354],[-140.051,90.386],[-9.902,-106.746]],"c":false}]},{"i":{"x":0.833,"y":0.833},"o":{"x":0.167,"y":0.167},"t":42,"s":[{"i":[[0,0],[62.463,-78.82],[6.527,6.618],[0,0]],"o":[[0,0],[-31.033,-12.683],[58.527,-82.382],[0,0]],"v":[[79.955,-106.746],[-46.911,161.633],[-121.057,130.755],[-5.442,-106.746]],"c":false}]},{"i":{"x":0.833,"y":0.833},"o":{"x":0.167,"y":0.167},"t":46,"s":[{"i":[[0,0],[38.298,-79.116],[3.626,3.677],[0,0]],"o":[[0,0],[-32.14,-6.993],[27.308,-57.988],[0,0]],"v":[[85.572,-106.746],[-7.877,153.008],[-89.667,134.853],[0.175,-106.746]],"c":false}]},{"i":{"x":0.833,"y":0.833},"o":{"x":0.167,"y":0.167},"t":51,"s":[{"i":[[0,0],[20.37,-76.874],[0,0],[0,0]],"o":[[0,0],[-33.524,0.119],[0,0],[0,0]],"v":[[85.903,-106.746],[25.005,126.763],[-60.391,126.743],[0.506,-106.746]],"c":false}]},{"i":{"x":0.833,"y":0.833},"o":{"x":0.167,"y":0.167},"t":55,"s":[{"i":[[0,0],[11.834,-76.304],[7.664,-0.416],[0,0]],"o":[[0,0],[-33.152,4.981],[7.164,-91.916],[0,0]],"v":[[85.903,-106.746],[22.802,109.421],[-61.694,121.789],[0.506,-106.746]],"c":false}]},{"i":{"x":0.667,"y":1},"o":{"x":0.167,"y":0.167},"t":62,"s":[{"i":[[0,0],[21.625,-70.249],[10.556,-0.286],[0,0]],"o":[[0,0],[-33.414,2.711],[24.056,-94.763],[0,0]],"v":[[85.903,-106.746],[6.057,96.684],[-79.086,103.267],[0.506,-106.746]],"c":false}]},{"i":{"x":0.667,"y":1},"o":{"x":0.333,"y":0},"t":70,"s":[{"i":[[0,0],[29.983,-67.109],[0,0],[0,0]],"o":[[0,0],[-33.497,-1.361],[0,0],[0,0]],"v":[[85.903,-106.746],[-4.846,103.24],[-90.159,99.451],[0.506,-106.746]],"c":false}]},{"t":84,"s":[{"i":[[0,0],[26.976,-68.373],[0,0],[0,0]],"o":[[0,0],[-33.524,0.127],[0,0],[0,0]],"v":[[85.903,-106.746],[-0.506,106.746],[-85.903,106.746],[0.506,-106.746]],"c":false}]}],"ix":2},"nm":"Path 1","mn":"ADBE Vector Shape - Group","hd":false},{"ty":"st","c":{"a":0,"k":[0.071,0.075,0.192,1],"ix":3,"x":"var $bm_rt;\n$bm_rt = comp('wired-outline-1780-medal-first-place').layer('control').effect('primary')('Color');"},"o":{"a":0,"k":100,"ix":4},"w":{"a":0,"k":12,"ix":5,"x":"var $bm_rt;\n$bm_rt = $bm_mul($bm_div(value, 2), comp('wired-outline-1780-medal-first-place').layer('control').effect('stroke')('Menu'));"},"lc":2,"lj":2,"bm":0,"nm":".primary","mn":"ADBE Vector Graphic - Stroke","hd":false,"cl":"primary"},{"ty":"tr","p":{"a":0,"k":[293.03,196.627],"ix":2},"a":{"a":0,"k":[0,0],"ix":1},"s":{"a":0,"k":[100,100],"ix":3},"r":{"a":0,"k":0,"ix":6},"o":{"a":0,"k":100,"ix":7},"sk":{"a":0,"k":0,"ix":4},"sa":{"a":0,"k":0,"ix":5},"nm":"Transform"}],"nm":"Group 2","np":2,"cix":2,"bm":0,"ix":1,"mn":"ADBE Vector Group","hd":false},{"ty":"tr","p":{"a":0,"k":[293.03,196.627],"ix":2},"a":{"a":0,"k":[293.03,196.627],"ix":1},"s":{"a":0,"k":[100,100],"ix":3},"r":{"a":0,"k":0,"ix":6},"o":{"a":0,"k":100,"ix":7},"sk":{"a":0,"k":0,"ix":4},"sa":{"a":0,"k":0,"ix":5},"nm":"Transform"}],"nm":"Group 2","np":1,"cix":2,"bm":0,"ix":1,"mn":"ADBE Vector Group","hd":false},{"ty":"gr","it":[{"ind":0,"ty":"sh","ix":1,"ks":{"a":1,"k":[{"i":{"x":0.833,"y":0.833},"o":{"x":0.167,"y":0.167},"t":24,"s":[{"i":[[0,0],[-1.047,0.846]],"o":[[0,0],[0,0]],"v":[[-58.669,-104.756],[-57.414,-89.122]],"c":false}]},{"i":{"x":0.833,"y":0.833},"o":{"x":0.167,"y":0.167},"t":34,"s":[{"i":[[0,0],[82.647,-51.995]],"o":[[0,0],[0,0]],"v":[[27.005,-103.615],[-93.632,40.547]],"c":false}]},{"i":{"x":0.833,"y":0.833},"o":{"x":0.167,"y":0.167},"t":38,"s":[{"i":[[0,0],[72.689,-63.41]],"o":[[0,0],[0,0]],"v":[[31.466,-103.615],[-99.341,110.14]],"c":false}]},{"i":{"x":0.833,"y":0.833},"o":{"x":0.167,"y":0.167},"t":42,"s":[{"i":[[0,0],[62.731,-74.825]],"o":[[0,0],[0,0]],"v":[[35.927,-103.615],[-77.693,144.049]],"c":false}]},{"i":{"x":0.833,"y":0.833},"o":{"x":0.167,"y":0.167},"t":46,"s":[{"i":[[0,0],[35.554,-78.978]],"o":[[0,0],[0,0]],"v":[[41.544,-103.615],[-46.007,140.852]],"c":false}]},{"i":{"x":0.833,"y":0.833},"o":{"x":0.167,"y":0.167},"t":51,"s":[{"i":[[0,0],[20.305,-79.383]],"o":[[0,0],[0,0]],"v":[[41.874,-103.615],[-16.361,123.622]],"c":false}]},{"i":{"x":0.833,"y":0.833},"o":{"x":0.167,"y":0.167},"t":55,"s":[{"i":[[0,0],[11.863,-78.18]],"o":[[0,0],[0,0]],"v":[[41.874,-103.615],[-19.001,112.281]],"c":false}]},{"i":{"x":0.667,"y":1},"o":{"x":0.167,"y":0.167},"t":62,"s":[{"i":[[0,0],[22.508,-71.023]],"o":[[0,0],[0,0]],"v":[[41.874,-103.615],[-35.65,96.726]],"c":false}]},{"i":{"x":0.667,"y":1},"o":{"x":0.333,"y":0},"t":70,"s":[{"i":[[0,0],[30.953,-67.77]],"o":[[0,0],[0,0]],"v":[[41.874,-103.615],[-45.908,98.298]],"c":false}]},{"t":84,"s":[{"i":[[0,0],[27.916,-69.077]],"o":[[0,0],[0,0]],"v":[[41.874,-103.615],[-41.874,103.615]],"c":false}]}],"ix":2},"nm":"Path 1","mn":"ADBE Vector Shape - Group","hd":false},{"ty":"st","c":{"a":0,"k":[0.031,0.659,0.541,1],"ix":3,"x":"var $bm_rt;\n$bm_rt = comp('wired-outline-1780-medal-first-place').layer('control').effect('secondary')('Color');"},"o":{"a":0,"k":100,"ix":4},"w":{"a":0,"k":12,"ix":5,"x":"var $bm_rt;\n$bm_rt = $bm_mul($bm_div(value, 2), comp('wired-outline-1780-medal-first-place').layer('control').effect('stroke')('Menu'));"},"lc":2,"lj":2,"bm":0,"nm":".secondary","mn":"ADBE Vector Graphic - Stroke","hd":false,"cl":"secondary"},{"ty":"tr","p":{"a":0,"k":[293.461,193.776],"ix":2},"a":{"a":0,"k":[0,0],"ix":1},"s":{"a":0,"k":[100,100],"ix":3},"r":{"a":0,"k":0,"ix":6},"o":{"a":0,"k":100,"ix":7},"sk":{"a":0,"k":0,"ix":4},"sa":{"a":0,"k":0,"ix":5},"nm":"Transform"}],"nm":"Group 3","np":2,"cix":2,"bm":0,"ix":2,"mn":"ADBE Vector Group","hd":false},{"ty":"tm","s":{"a":0,"k":0,"ix":1},"e":{"a":0,"k":100,"ix":2},"o":{"a":0,"k":0,"ix":3},"m":1,"ix":3,"nm":"Trim Paths 1","mn":"ADBE Vector Filter - Trim","hd":false}],"ip":0,"op":844,"st":0,"ct":1,"bm":0}]},{"id":"comp_2","nm":"hover-pinch","fr":60,"layers":[{"ddd":0,"ind":1,"ty":4,"nm":"Medal","sr":1,"ks":{"o":{"a":0,"k":100,"ix":11},"r":{"a":1,"k":[{"i":{"x":[0.015],"y":[1]},"o":{"x":[0.167],"y":[0.167]},"t":0,"s":[0]},{"i":{"x":[0.667],"y":[1]},"o":{"x":[0.333],"y":[0]},"t":30,"s":[15]},{"i":{"x":[0.667],"y":[1]},"o":{"x":[0.333],"y":[0]},"t":50,"s":[-16]},{"i":{"x":[0.667],"y":[1]},"o":{"x":[0.333],"y":[0]},"t":70,"s":[2.235]},{"i":{"x":[0.667],"y":[1]},"o":{"x":[0.333],"y":[0]},"t":92,"s":[-2.975]},{"t":117,"s":[0]}],"ix":10},"p":{"a":0,"k":[215,14.615,0],"ix":2,"l":2},"a":{"a":0,"k":[250,49.615,0],"ix":1,"l":2},"s":{"a":0,"k":[100,100,100],"ix":6,"l":2}},"ao":0,"shapes":[{"ty":"gr","it":[{"ty":"gr","it":[{"ind":0,"ty":"sh","ix":1,"ks":{"a":0,"k":{"i":[[0,0],[0,0],[0,0]],"o":[[0,0],[0,0],[0,0]],"v":[[-7.23,-8.452],[7.23,-22.912],[7.23,22.912]],"c":false},"ix":2},"nm":"Path 1","mn":"ADBE Vector Shape - Group","hd":false},{"ty":"st","c":{"a":0,"k":[0.031,0.659,0.541,1],"ix":3,"x":"var $bm_rt;\n$bm_rt = comp('wired-outline-1780-medal-first-place').layer('control').effect('secondary')('Color');"},"o":{"a":0,"k":100,"ix":4},"w":{"a":0,"k":12,"ix":5,"x":"var $bm_rt;\n$bm_rt = $bm_mul($bm_div(value, 2), comp('wired-outline-1780-medal-first-place').layer('control').effect('stroke')('Menu'));"},"lc":2,"lj":2,"bm":0,"nm":".secondary","mn":"ADBE Vector Graphic - Stroke","hd":false,"cl":"secondary"},{"ty":"tr","p":{"a":0,"k":[245.636,332.114],"ix":2},"a":{"a":0,"k":[0,0],"ix":1},"s":{"a":0,"k":[100,100],"ix":3},"r":{"a":0,"k":0,"ix":6},"o":{"a":0,"k":100,"ix":7},"sk":{"a":0,"k":0,"ix":4},"sa":{"a":0,"k":0,"ix":5},"nm":"Transform"}],"nm":"Group 2","np":2,"cix":2,"bm":0,"ix":1,"mn":"ADBE Vector Group","hd":false},{"ty":"gr","it":[{"ind":0,"ty":"sh","ix":1,"ks":{"a":0,"k":{"i":[[0,29.427],[-29.427,0],[0,-29.427],[29.427,0]],"o":[[0,-29.427],[29.427,0],[0,29.427],[-29.427,0]],"v":[[-53.281,0],[0,-53.281],[53.281,0],[0,53.281]],"c":true},"ix":2},"nm":"Path 1","mn":"ADBE Vector Shape - Group","hd":false},{"ty":"st","c":{"a":0,"k":[0.071,0.075,0.192,1],"ix":3,"x":"var $bm_rt;\n$bm_rt = comp('wired-outline-1780-medal-first-place').layer('control').effect('primary')('Color');"},"o":{"a":0,"k":100,"ix":4},"w":{"a":0,"k":12,"ix":5,"x":"var $bm_rt;\n$bm_rt = $bm_mul($bm_div(value, 2), comp('wired-outline-1780-medal-first-place').layer('control').effect('stroke')('Menu'));"},"lc":2,"lj":2,"bm":0,"d":[{"n":"d","nm":"dash","v":{"a":0,"k":0.1,"ix":1}},{"n":"g","nm":"gap","v":{"a":0,"k":28,"ix":2}}],"nm":".primary","mn":"ADBE Vector Graphic - Stroke","hd":false,"cl":"primary"},{"ty":"tr","p":{"a":0,"k":[250,332.114],"ix":2},"a":{"a":0,"k":[0,0],"ix":1},"s":{"a":0,"k":[100,100],"ix":3},"r":{"a":0,"k":0,"ix":6},"o":{"a":0,"k":100,"ix":7},"sk":{"a":0,"k":0,"ix":4},"sa":{"a":0,"k":0,"ix":5},"nm":"Transform"}],"nm":"Group 3","np":2,"cix":2,"bm":0,"ix":2,"mn":"ADBE Vector Group","hd":false},{"ty":"gr","it":[{"ind":0,"ty":"sh","ix":1,"ks":{"a":0,"k":{"i":[[0,43.081],[-43.081,0],[0,-43.081],[43.081,0]],"o":[[0,-43.081],[43.081,0],[0,43.081],[-43.081,0]],"v":[[-78.005,0],[0,-78.005],[78.005,0],[0,78.005]],"c":true},"ix":2},"nm":"Path 1","mn":"ADBE Vector Shape - Group","hd":false},{"ty":"st","c":{"a":0,"k":[0.071,0.075,0.192,1],"ix":3,"x":"var $bm_rt;\n$bm_rt = comp('wired-outline-1780-medal-first-place').layer('control').effect('primary')('Color');"},"o":{"a":0,"k":100,"ix":4},"w":{"a":0,"k":12,"ix":5,"x":"var $bm_rt;\n$bm_rt = $bm_mul($bm_div(value, 2), comp('wired-outline-1780-medal-first-place').layer('control').effect('stroke')('Menu'));"},"lc":2,"lj":2,"bm":0,"nm":".primary","mn":"ADBE Vector Graphic - Stroke","hd":false,"cl":"primary"},{"ty":"tr","p":{"a":0,"k":[250,332.114],"ix":2},"a":{"a":0,"k":[0,0],"ix":1},"s":{"a":0,"k":[100,100],"ix":3},"r":{"a":0,"k":0,"ix":6},"o":{"a":0,"k":100,"ix":7},"sk":{"a":0,"k":0,"ix":4},"sa":{"a":0,"k":0,"ix":5},"nm":"Transform"}],"nm":"Group 4","np":2,"cix":2,"bm":0,"ix":3,"mn":"ADBE Vector Group","hd":false},{"ty":"tr","p":{"a":0,"k":[250,332.114],"ix":2},"a":{"a":0,"k":[250,332.114],"ix":1},"s":{"a":0,"k":[100,100],"ix":3},"r":{"a":1,"k":[{"i":{"x":[0.667],"y":[1]},"o":{"x":[0.167],"y":[0.167]},"t":0,"s":[0]},{"i":{"x":[0.667],"y":[1]},"o":{"x":[0.333],"y":[0]},"t":35,"s":[7]},{"i":{"x":[0.667],"y":[1]},"o":{"x":[0.333],"y":[0]},"t":55,"s":[-10]},{"i":{"x":[0.667],"y":[1]},"o":{"x":[0.333],"y":[0]},"t":75,"s":[2]},{"i":{"x":[0.667],"y":[1]},"o":{"x":[0.333],"y":[0]},"t":97,"s":[-1]},{"t":122,"s":[0]}],"ix":6},"o":{"a":0,"k":100,"ix":7},"sk":{"a":0,"k":0,"ix":4},"sa":{"a":0,"k":0,"ix":5},"nm":"Transform"}],"nm":"Group 1","np":3,"cix":2,"bm":0,"ix":1,"mn":"ADBE Vector Group","hd":false}],"ip":0,"op":844,"st":0,"ct":1,"bm":0},{"ddd":0,"ind":2,"ty":4,"nm":"mask","td":1,"sr":1,"ks":{"o":{"a":0,"k":100,"ix":11},"r":{"a":1,"k":[{"i":{"x":[0.015],"y":[1]},"o":{"x":[0.167],"y":[0.167]},"t":0,"s":[0]},{"i":{"x":[0.667],"y":[1]},"o":{"x":[0.333],"y":[0]},"t":30,"s":[15]},{"i":{"x":[0.667],"y":[1]},"o":{"x":[0.333],"y":[0]},"t":50,"s":[-16]},{"i":{"x":[0.667],"y":[1]},"o":{"x":[0.333],"y":[0]},"t":70,"s":[2.235]},{"i":{"x":[0.667],"y":[1]},"o":{"x":[0.333],"y":[0]},"t":92,"s":[-2.975]},{"t":117,"s":[0]}],"ix":10},"p":{"a":0,"k":[215,14.615,0],"ix":2,"l":2},"a":{"a":0,"k":[250,49.615,0],"ix":1,"l":2},"s":{"a":0,"k":[100,100,100],"ix":6,"l":2}},"ao":0,"shapes":[{"ty":"gr","it":[{"ty":"gr","it":[{"ind":0,"ty":"sh","ix":1,"ks":{"a":0,"k":{"i":[[0,43.081],[-43.081,0],[0,-43.081],[43.081,0]],"o":[[0,-43.081],[43.081,0],[0,43.081],[-43.081,0]],"v":[[-78.005,-6.501],[0,-84.507],[78.005,-6.501],[0,71.504]],"c":true},"ix":2},"nm":"Path 1","mn":"ADBE Vector Shape - Group","hd":false},{"ty":"fl","c":{"a":0,"k":[1,1,1,1],"ix":4},"o":{"a":0,"k":100,"ix":5},"r":1,"bm":0,"nm":"Fill 1","mn":"ADBE Vector Graphic - Fill","hd":false},{"ty":"tr","p":{"a":0,"k":[250,338.615],"ix":2},"a":{"a":0,"k":[0,0],"ix":1},"s":{"a":0,"k":[100,100],"ix":3},"r":{"a":0,"k":0,"ix":6},"o":{"a":0,"k":100,"ix":7},"sk":{"a":0,"k":0,"ix":4},"sa":{"a":0,"k":0,"ix":5},"nm":"Transform"}],"nm":"Group 2","np":2,"cix":2,"bm":0,"ix":1,"mn":"ADBE Vector Group","hd":false},{"ty":"tr","p":{"a":0,"k":[250,338.615],"ix":2},"a":{"a":0,"k":[250,338.615],"ix":1},"s":{"a":0,"k":[100,100],"ix":3},"r":{"a":1,"k":[{"i":{"x":[0.015],"y":[1]},"o":{"x":[0.167],"y":[0.167]},"t":0,"s":[0]},{"i":{"x":[0.667],"y":[1]},"o":{"x":[0.333],"y":[0]},"t":37,"s":[19]},{"i":{"x":[0.667],"y":[1]},"o":{"x":[0.333],"y":[0]},"t":57,"s":[-28]},{"i":{"x":[0.667],"y":[1]},"o":{"x":[0.333],"y":[0]},"t":77,"s":[3]},{"i":{"x":[0.667],"y":[1]},"o":{"x":[0.333],"y":[0]},"t":99,"s":[-1]},{"t":124,"s":[0]}],"ix":6},"o":{"a":0,"k":100,"ix":7},"sk":{"a":0,"k":0,"ix":4},"sa":{"a":0,"k":0,"ix":5},"nm":"Transform"}],"nm":"Group 1","np":1,"cix":2,"bm":0,"ix":1,"mn":"ADBE Vector Group","hd":false}],"ip":0,"op":844,"st":0,"ct":1,"bm":0},{"ddd":0,"ind":3,"ty":0,"nm":"ribbon","tt":2,"tp":2,"refId":"comp_3","sr":1,"ks":{"o":{"a":0,"k":100,"ix":11},"r":{"a":0,"k":0,"ix":10},"p":{"a":0,"k":[215,215,0],"ix":2,"l":2},"a":{"a":0,"k":[215,215,0],"ix":1,"l":2},"s":{"a":0,"k":[100,100,100],"ix":6,"l":2}},"ao":0,"w":430,"h":430,"ip":0,"op":844,"st":0,"bm":0}]},{"id":"comp_3","nm":"ribbon","fr":60,"layers":[{"ddd":0,"ind":1,"ty":4,"nm":"Ribbon 3","sr":1,"ks":{"o":{"a":0,"k":100,"ix":11},"r":{"a":0,"k":0,"ix":10},"p":{"a":0,"k":[215,161.627,0],"ix":2,"l":2},"a":{"a":0,"k":[250,196.627,0],"ix":1,"l":2},"s":{"a":0,"k":[100,100,100],"ix":6,"l":2}},"ao":0,"shapes":[{"ty":"gr","it":[{"ind":0,"ty":"sh","ix":1,"ks":{"a":1,"k":[{"i":{"x":0.015,"y":1},"o":{"x":0.167,"y":0.167},"t":0,"s":[{"i":[[0,0],[-27.916,-69.077]],"o":[[0,0],[0,0]],"v":[[-41.874,-103.615],[41.874,103.615]],"c":false}]},{"i":{"x":0.667,"y":1},"o":{"x":0.333,"y":0},"t":30,"s":[{"i":[[0,0],[12.864,-73.385]],"o":[[0,0],[0,0]],"v":[[-41.874,-103.615],[-26.418,109.555]],"c":false}]},{"i":{"x":0.667,"y":1},"o":{"x":0.333,"y":0},"t":50,"s":[{"i":[[0,0],[-50.502,-65.791]],"o":[[0,0],[0,0]],"v":[[-41.874,-103.615],[106.889,102.502]],"c":false}]},{"i":{"x":0.667,"y":1},"o":{"x":0.333,"y":0},"t":70,"s":[{"i":[[0,0],[-13.228,-70.258]],"o":[[0,0],[0,0]],"v":[[-41.874,-103.615],[28.473,106.651]],"c":false}]},{"i":{"x":0.667,"y":1},"o":{"x":0.333,"y":0},"t":92,"s":[{"i":[[0,0],[-23.878,-68.982]],"o":[[0,0],[0,0]],"v":[[-41.874,-103.615],[50.878,105.465]],"c":false}]},{"t":117,"s":[{"i":[[0,0],[-27.916,-69.077]],"o":[[0,0],[0,0]],"v":[[-41.874,-103.615],[41.874,103.615]],"c":false}]}],"ix":2},"nm":"Path 1","mn":"ADBE Vector Shape - Group","hd":false},{"ty":"st","c":{"a":0,"k":[0.031,0.659,0.541,1],"ix":3,"x":"var $bm_rt;\n$bm_rt = comp('wired-outline-1780-medal-first-place').layer('control').effect('secondary')('Color');"},"o":{"a":0,"k":100,"ix":4},"w":{"a":0,"k":12,"ix":5,"x":"var $bm_rt;\n$bm_rt = $bm_mul($bm_div(value, 2), comp('wired-outline-1780-medal-first-place').layer('control').effect('stroke')('Menu'));"},"lc":2,"lj":2,"bm":0,"nm":".secondary","mn":"ADBE Vector Graphic - Stroke","hd":false,"cl":"secondary"},{"ty":"tr","p":{"a":0,"k":[206.13,193.496],"ix":2},"a":{"a":0,"k":[0,0],"ix":1},"s":{"a":0,"k":[100,100],"ix":3},"r":{"a":0,"k":0,"ix":6},"o":{"a":0,"k":100,"ix":7},"sk":{"a":0,"k":0,"ix":4},"sa":{"a":0,"k":0,"ix":5},"nm":"Transform"}],"nm":"Group 1","np":2,"cix":2,"bm":0,"ix":1,"mn":"ADBE Vector Group","hd":false},{"ty":"gr","it":[{"ty":"gr","it":[{"ind":0,"ty":"sh","ix":1,"ks":{"a":1,"k":[{"i":{"x":0.015,"y":1},"o":{"x":0.167,"y":0.167},"t":0,"s":[{"i":[[0,0],[-26.976,-66.373],[-23.873,0.127],[0,0]],"o":[[0,0],[24.524,0.627],[-30.873,-75.873],[0,0]],"v":[[-85.903,-106.746],[0.506,106.746],[85.903,106.746],[-0.506,-106.746]],"c":false}]},{"i":{"x":0.667,"y":1},"o":{"x":0.333,"y":0},"t":30,"s":[{"i":[[0,0],[12.231,-70.594],[-20.324,-12.524],[0,0]],"o":[[0,0],[20.478,13.509],[13.951,-80.717],[0,0]],"v":[[-85.903,-106.746],[-64.961,90.293],[7.501,135.479],[-0.506,-106.746]],"c":false}]},{"i":{"x":0.667,"y":1},"o":{"x":0.333,"y":0},"t":50,"s":[{"i":[[0,0],[-48.671,-63.17],[-22.681,7.451],[0,0]],"o":[[0,0],[23.562,-6.839],[-55.671,-72.2],[0,0]],"v":[[-85.903,-106.746],[69.639,118.528],[150.93,92.364],[-0.506,-106.746]],"c":false}]},{"i":{"x":0.667,"y":1},"o":{"x":0.333,"y":0},"t":70,"s":[{"i":[[0,0],[-12.846,-67.537],[-21.295,-4.299],[0,0]],"o":[[0,0],[21.748,5.13],[-14.717,-77.21],[0,0]],"v":[[-85.903,-106.746],[-9.537,101.919],[66.56,117.726],[-0.506,-106.746]],"c":false}]},{"i":{"x":0.667,"y":1},"o":{"x":0.333,"y":0},"t":92,"s":[{"i":[[0,0],[-23.082,-66.289],[-21.691,-0.942],[0,0]],"o":[[0,0],[22.266,1.71],[-26.418,-75.779],[0,0]],"v":[[-85.903,-106.746],[13.085,106.664],[90.665,110.48],[-0.506,-106.746]],"c":false}]},{"t":117,"s":[{"i":[[0,0],[-26.976,-66.373],[-23.873,0.127],[0,0]],"o":[[0,0],[24.524,0.627],[-30.873,-75.873],[0,0]],"v":[[-85.903,-106.746],[0.506,106.746],[85.903,106.746],[-0.506,-106.746]],"c":false}]}],"ix":2},"nm":"Path 1","mn":"ADBE Vector Shape - Group","hd":false},{"ty":"st","c":{"a":0,"k":[0.071,0.075,0.192,1],"ix":3,"x":"var $bm_rt;\n$bm_rt = comp('wired-outline-1780-medal-first-place').layer('control').effect('primary')('Color');"},"o":{"a":0,"k":100,"ix":4},"w":{"a":0,"k":12,"ix":5,"x":"var $bm_rt;\n$bm_rt = $bm_mul($bm_div(value, 2), comp('wired-outline-1780-medal-first-place').layer('control').effect('stroke')('Menu'));"},"lc":2,"lj":2,"bm":0,"nm":".primary","mn":"ADBE Vector Graphic - Stroke","hd":false,"cl":"primary"},{"ty":"tr","p":{"a":0,"k":[206.97,196.627],"ix":2},"a":{"a":0,"k":[0,0],"ix":1},"s":{"a":0,"k":[100,100],"ix":3},"r":{"a":0,"k":0,"ix":6},"o":{"a":0,"k":100,"ix":7},"sk":{"a":0,"k":0,"ix":4},"sa":{"a":0,"k":0,"ix":5},"nm":"Transform"}],"nm":"Group 1","np":3,"cix":2,"bm":0,"ix":1,"mn":"ADBE Vector Group","hd":false},{"ty":"tr","p":{"a":0,"k":[293.03,196.627],"ix":2},"a":{"a":0,"k":[293.03,196.627],"ix":1},"s":{"a":0,"k":[100,100],"ix":3},"r":{"a":0,"k":0,"ix":6},"o":{"a":0,"k":100,"ix":7},"sk":{"a":0,"k":0,"ix":4},"sa":{"a":0,"k":0,"ix":5},"nm":"Transform"}],"nm":"Group 2","np":2,"cix":2,"bm":0,"ix":2,"mn":"ADBE Vector Group","hd":false},{"ty":"tm","s":{"a":0,"k":0,"ix":1},"e":{"a":0,"k":100,"ix":2},"o":{"a":0,"k":0,"ix":3},"m":1,"ix":4,"nm":"Trim Paths 1","mn":"ADBE Vector Filter - Trim","hd":false}],"ip":0,"op":844,"st":0,"ct":1,"bm":0},{"ddd":0,"ind":2,"ty":4,"nm":"mask","td":1,"sr":1,"ks":{"o":{"a":0,"k":100,"ix":11},"r":{"a":0,"k":0,"ix":10},"p":{"a":0,"k":[215,161.627,0],"ix":2,"l":2},"a":{"a":0,"k":[250,196.627,0],"ix":1,"l":2},"s":{"a":0,"k":[100,100,100],"ix":6,"l":2}},"ao":0,"shapes":[{"ty":"gr","it":[{"ind":0,"ty":"sh","ix":1,"ks":{"a":1,"k":[{"i":{"x":0.015,"y":1},"o":{"x":0.167,"y":0.167},"t":0,"s":[{"i":[[0,0],[-27.916,-69.077]],"o":[[0,0],[0,0]],"v":[[-41.874,-103.615],[41.874,103.615]],"c":false}]},{"i":{"x":0.667,"y":1},"o":{"x":0.333,"y":0},"t":30,"s":[{"i":[[0,0],[12.864,-73.385]],"o":[[0,0],[0,0]],"v":[[-41.874,-103.615],[-26.418,109.555]],"c":false}]},{"i":{"x":0.667,"y":1},"o":{"x":0.333,"y":0},"t":50,"s":[{"i":[[0,0],[-50.502,-65.791]],"o":[[0,0],[0,0]],"v":[[-41.874,-103.615],[106.889,102.502]],"c":false}]},{"i":{"x":0.667,"y":1},"o":{"x":0.333,"y":0},"t":70,"s":[{"i":[[0,0],[-13.228,-70.258]],"o":[[0,0],[0,0]],"v":[[-41.874,-103.615],[28.473,106.651]],"c":false}]},{"i":{"x":0.667,"y":1},"o":{"x":0.333,"y":0},"t":92,"s":[{"i":[[0,0],[-23.878,-68.982]],"o":[[0,0],[0,0]],"v":[[-41.874,-103.615],[50.878,105.465]],"c":false}]},{"t":117,"s":[{"i":[[0,0],[-27.916,-69.077]],"o":[[0,0],[0,0]],"v":[[-41.874,-103.615],[41.874,103.615]],"c":false}]}],"ix":2},"nm":"Path 1","mn":"ADBE Vector Shape - Group","hd":false},{"ty":"st","c":{"a":0,"k":[0.031372550875,0.654901981354,0.537254929543,1],"ix":3},"o":{"a":0,"k":100,"ix":4},"w":{"a":0,"k":0,"ix":5,"x":"var $bm_rt;\n$bm_rt = $bm_mul($bm_div(value, 2), comp('wired-outline-1780-medal-first-place').layer('control').effect('stroke')('Menu'));"},"lc":2,"lj":2,"bm":0,"nm":"Stroke 1","mn":"ADBE Vector Graphic - Stroke","hd":false},{"ty":"tr","p":{"a":0,"k":[206.13,193.496],"ix":2},"a":{"a":0,"k":[0,0],"ix":1},"s":{"a":0,"k":[100,100],"ix":3},"r":{"a":0,"k":0,"ix":6},"o":{"a":0,"k":100,"ix":7},"sk":{"a":0,"k":0,"ix":4},"sa":{"a":0,"k":0,"ix":5},"nm":"Transform"}],"nm":"Group 1","np":2,"cix":2,"bm":0,"ix":1,"mn":"ADBE Vector Group","hd":false},{"ty":"gr","it":[{"ty":"gr","it":[{"ind":0,"ty":"sh","ix":1,"ks":{"a":1,"k":[{"i":{"x":0.015,"y":1},"o":{"x":0.167,"y":0.167},"t":0,"s":[{"i":[[0,0],[-26.976,-66.373],[-23.873,0.127],[0,0]],"o":[[0,0],[24.524,0.627],[-30.873,-75.873],[0,0]],"v":[[-85.903,-106.746],[0.506,106.746],[85.903,106.746],[-0.506,-106.746]],"c":false}]},{"i":{"x":0.667,"y":1},"o":{"x":0.333,"y":0},"t":30,"s":[{"i":[[0,0],[12.231,-70.594],[-20.324,-12.524],[0,0]],"o":[[0,0],[20.478,13.509],[13.951,-80.717],[0,0]],"v":[[-85.903,-106.746],[-64.961,90.293],[7.501,135.479],[-0.506,-106.746]],"c":false}]},{"i":{"x":0.667,"y":1},"o":{"x":0.333,"y":0},"t":50,"s":[{"i":[[0,0],[-48.671,-63.17],[-22.681,7.451],[0,0]],"o":[[0,0],[23.562,-6.839],[-55.671,-72.2],[0,0]],"v":[[-85.903,-106.746],[69.639,118.528],[150.93,92.364],[-0.506,-106.746]],"c":false}]},{"i":{"x":0.667,"y":1},"o":{"x":0.333,"y":0},"t":70,"s":[{"i":[[0,0],[-12.846,-67.537],[-21.295,-4.299],[0,0]],"o":[[0,0],[21.748,5.13],[-14.717,-77.21],[0,0]],"v":[[-85.903,-106.746],[-9.537,101.919],[66.56,117.726],[-0.506,-106.746]],"c":false}]},{"i":{"x":0.667,"y":1},"o":{"x":0.333,"y":0},"t":92,"s":[{"i":[[0,0],[-23.082,-66.289],[-21.691,-0.942],[0,0]],"o":[[0,0],[22.266,1.71],[-26.418,-75.779],[0,0]],"v":[[-85.903,-106.746],[13.085,106.664],[90.665,110.48],[-0.506,-106.746]],"c":false}]},{"t":117,"s":[{"i":[[0,0],[-26.976,-66.373],[-23.873,0.127],[0,0]],"o":[[0,0],[24.524,0.627],[-30.873,-75.873],[0,0]],"v":[[-85.903,-106.746],[0.506,106.746],[85.903,106.746],[-0.506,-106.746]],"c":false}]}],"ix":2},"nm":"Path 1","mn":"ADBE Vector Shape - Group","hd":false},{"ty":"st","c":{"a":0,"k":[0.070588238537,0.074509806931,0.192156866193,1],"ix":3},"o":{"a":0,"k":100,"ix":4},"w":{"a":0,"k":0,"ix":5,"x":"var $bm_rt;\n$bm_rt = $bm_mul($bm_div(value, 2), comp('wired-outline-1780-medal-first-place').layer('control').effect('stroke')('Menu'));"},"lc":2,"lj":2,"bm":0,"nm":"Stroke 1","mn":"ADBE Vector Graphic - Stroke","hd":false},{"ty":"fl","c":{"a":0,"k":[1,1,1,1],"ix":4},"o":{"a":0,"k":100,"ix":5},"r":1,"bm":0,"nm":"Fill 1","mn":"ADBE Vector Graphic - Fill","hd":false},{"ty":"tr","p":{"a":0,"k":[206.97,196.627],"ix":2},"a":{"a":0,"k":[0,0],"ix":1},"s":{"a":0,"k":[100,100],"ix":3},"r":{"a":0,"k":0,"ix":6},"o":{"a":0,"k":100,"ix":7},"sk":{"a":0,"k":0,"ix":4},"sa":{"a":0,"k":0,"ix":5},"nm":"Transform"}],"nm":"Group 1","np":3,"cix":2,"bm":0,"ix":1,"mn":"ADBE Vector Group","hd":false},{"ty":"gr","it":[{"ind":0,"ty":"sh","ix":1,"ks":{"a":1,"k":[{"i":{"x":0.015,"y":1},"o":{"x":0.167,"y":0.167},"t":0,"s":[{"i":[[0,0],[26.976,-68.373],[0,0],[0,0]],"o":[[0,0],[-33.524,0.127],[0,0],[0,0]],"v":[[85.903,-106.746],[-0.506,106.746],[-85.903,106.746],[0.506,-106.746]],"c":false}]},{"i":{"x":0.667,"y":1},"o":{"x":0.333,"y":0},"t":30,"s":[{"i":[[0,0],[55.825,-52.422],[18.787,11.765],[0,0]],"o":[[0,0],[-28.513,-17.631],[64.287,-55.735],[0,0]],"v":[[85.903,-106.746],[-78.855,135.295],[-151.317,90.108],[0.506,-106.746]],"c":false}]},{"i":{"x":0.667,"y":1},"o":{"x":0.333,"y":0},"t":50,"s":[{"i":[[0,0],[1.994,-81.852],[0,0],[0,0]],"o":[[0,0],[-31.868,10.408],[0,0],[0,0]],"v":[[85.903,-106.746],[64.538,92.47],[-16.752,118.635],[0.506,-106.746]],"c":false}]},{"i":{"x":0.667,"y":1},"o":{"x":0.333,"y":0},"t":70,"s":[{"i":[[0,0],[35.568,-59.435],[0,0],[0,0]],"o":[[0,0],[-29.895,-6.086],[0,0],[0,0]],"v":[[85.903,-106.746],[-19.811,117.661],[-95.908,101.854],[0.506,-106.746]],"c":false}]},{"i":{"x":0.667,"y":1},"o":{"x":0.333,"y":0},"t":92,"s":[{"i":[[0,0],[25.975,-65.84],[0,0],[0,0]],"o":[[0,0],[-30.458,-1.373],[0,0],[0,0]],"v":[[85.903,-106.746],[4.289,110.464],[-73.292,106.649],[0.506,-106.746]],"c":false}]},{"t":117,"s":[{"i":[[0,0],[26.976,-68.373],[0,0],[0,0]],"o":[[0,0],[-33.524,0.127],[0,0],[0,0]],"v":[[85.903,-106.746],[-0.506,106.746],[-85.903,106.746],[0.506,-106.746]],"c":false}]}],"ix":2},"nm":"Path 1","mn":"ADBE Vector Shape - Group","hd":false},{"ty":"st","c":{"a":0,"k":[0.070588238537,0.074509806931,0.192156866193,1],"ix":3},"o":{"a":0,"k":100,"ix":4},"w":{"a":0,"k":0,"ix":5,"x":"var $bm_rt;\n$bm_rt = $bm_mul($bm_div(value, 2), comp('wired-outline-1780-medal-first-place').layer('control').effect('stroke')('Menu'));"},"lc":2,"lj":2,"bm":0,"nm":"Stroke 1","mn":"ADBE Vector Graphic - Stroke","hd":false},{"ty":"tr","p":{"a":0,"k":[293.03,196.627],"ix":2},"a":{"a":0,"k":[0,0],"ix":1},"s":{"a":0,"k":[100,100],"ix":3},"r":{"a":0,"k":0,"ix":6},"o":{"a":0,"k":100,"ix":7},"sk":{"a":0,"k":0,"ix":4},"sa":{"a":0,"k":0,"ix":5},"nm":"Transform"}],"nm":"Group 2","np":2,"cix":2,"bm":0,"ix":2,"mn":"ADBE Vector Group","hd":false},{"ty":"tr","p":{"a":0,"k":[293.03,196.627],"ix":2},"a":{"a":0,"k":[293.03,196.627],"ix":1},"s":{"a":0,"k":[100,100],"ix":3},"r":{"a":0,"k":0,"ix":6},"o":{"a":0,"k":100,"ix":7},"sk":{"a":0,"k":0,"ix":4},"sa":{"a":0,"k":0,"ix":5},"nm":"Transform"}],"nm":"Group 2","np":2,"cix":2,"bm":0,"ix":2,"mn":"ADBE Vector Group","hd":false},{"ty":"gr","it":[{"ind":0,"ty":"sh","ix":1,"ks":{"a":1,"k":[{"i":{"x":0.015,"y":1},"o":{"x":0.167,"y":0.167},"t":0,"s":[{"i":[[0,0],[27.916,-69.077]],"o":[[0,0],[0,0]],"v":[[41.874,-103.615],[-41.874,103.615]],"c":false}]},{"i":{"x":0.667,"y":1},"o":{"x":0.333,"y":0},"t":30,"s":[{"i":[[0,0],[60.239,-43.842]],"o":[[0,0],[0,0]],"v":[[41.874,-103.615],[-110.857,111.408]],"c":false}]},{"i":{"x":0.667,"y":1},"o":{"x":0.333,"y":0},"t":50,"s":[{"i":[[0,0],[2.645,-82.897]],"o":[[0,0],[0,0]],"v":[[41.874,-103.615],[23.066,101.425]],"c":false}]},{"i":{"x":0.667,"y":1},"o":{"x":0.333,"y":0},"t":70,"s":[{"i":[[0,0],[36.524,-59.924]],"o":[[0,0],[0,0]],"v":[[41.874,-103.615],[-55.712,107.298]],"c":false}]},{"i":{"x":0.667,"y":1},"o":{"x":0.333,"y":0},"t":92,"s":[{"i":[[0,0],[26.844,-66.488]],"o":[[0,0],[0,0]],"v":[[41.874,-103.615],[-33.204,105.62]],"c":false}]},{"t":117,"s":[{"i":[[0,0],[27.916,-69.077]],"o":[[0,0],[0,0]],"v":[[41.874,-103.615],[-41.874,103.615]],"c":false}]}],"ix":2},"nm":"Path 1","mn":"ADBE Vector Shape - Group","hd":false},{"ty":"st","c":{"a":0,"k":[0.031372550875,0.654901981354,0.537254929543,1],"ix":3},"o":{"a":0,"k":100,"ix":4},"w":{"a":0,"k":0,"ix":5,"x":"var $bm_rt;\n$bm_rt = $bm_mul($bm_div(value, 2), comp('wired-outline-1780-medal-first-place').layer('control').effect('stroke')('Menu'));"},"lc":2,"lj":2,"bm":0,"nm":"Stroke 1","mn":"ADBE Vector Graphic - Stroke","hd":false},{"ty":"tr","p":{"a":0,"k":[293.461,193.776],"ix":2},"a":{"a":0,"k":[0,0],"ix":1},"s":{"a":0,"k":[100,100],"ix":3},"r":{"a":0,"k":0,"ix":6},"o":{"a":0,"k":100,"ix":7},"sk":{"a":0,"k":0,"ix":4},"sa":{"a":0,"k":0,"ix":5},"nm":"Transform"}],"nm":"Group 3","np":2,"cix":2,"bm":0,"ix":3,"mn":"ADBE Vector Group","hd":false}],"ip":0,"op":844,"st":0,"ct":1,"bm":0},{"ddd":0,"ind":3,"ty":4,"nm":"Ribbon 2","tt":2,"tp":2,"sr":1,"ks":{"o":{"a":0,"k":100,"ix":11},"r":{"a":0,"k":0,"ix":10},"p":{"a":0,"k":[215,161.627,0],"ix":2,"l":2},"a":{"a":0,"k":[250,196.627,0],"ix":1,"l":2},"s":{"a":0,"k":[100,100,100],"ix":6,"l":2}},"ao":0,"shapes":[{"ty":"gr","it":[{"ty":"gr","it":[{"ind":0,"ty":"sh","ix":1,"ks":{"a":1,"k":[{"i":{"x":0.015,"y":1},"o":{"x":0.167,"y":0.167},"t":0,"s":[{"i":[[0,0],[26.976,-68.373],[0,0],[0,0]],"o":[[0,0],[-33.524,0.127],[0,0],[0,0]],"v":[[85.903,-106.746],[-0.506,106.746],[-85.903,106.746],[0.506,-106.746]],"c":false}]},{"i":{"x":0.667,"y":1},"o":{"x":0.333,"y":0},"t":30,"s":[{"i":[[0,0],[55.825,-52.422],[18.787,11.765],[0,0]],"o":[[0,0],[-28.513,-17.631],[64.287,-55.735],[0,0]],"v":[[85.903,-106.746],[-78.855,135.295],[-151.317,90.108],[0.506,-106.746]],"c":false}]},{"i":{"x":0.667,"y":1},"o":{"x":0.333,"y":0},"t":50,"s":[{"i":[[0,0],[1.994,-81.852],[0,0],[0,0]],"o":[[0,0],[-31.868,10.408],[0,0],[0,0]],"v":[[85.903,-106.746],[64.538,92.47],[-16.752,118.635],[0.506,-106.746]],"c":false}]},{"i":{"x":0.667,"y":1},"o":{"x":0.333,"y":0},"t":70,"s":[{"i":[[0,0],[35.568,-59.435],[0,0],[0,0]],"o":[[0,0],[-29.895,-6.086],[0,0],[0,0]],"v":[[85.903,-106.746],[-19.811,117.661],[-95.908,101.854],[0.506,-106.746]],"c":false}]},{"i":{"x":0.667,"y":1},"o":{"x":0.333,"y":0},"t":92,"s":[{"i":[[0,0],[25.975,-65.84],[0,0],[0,0]],"o":[[0,0],[-30.458,-1.373],[0,0],[0,0]],"v":[[85.903,-106.746],[4.289,110.464],[-73.292,106.649],[0.506,-106.746]],"c":false}]},{"t":117,"s":[{"i":[[0,0],[26.976,-68.373],[0,0],[0,0]],"o":[[0,0],[-33.524,0.127],[0,0],[0,0]],"v":[[85.903,-106.746],[-0.506,106.746],[-85.903,106.746],[0.506,-106.746]],"c":false}]}],"ix":2},"nm":"Path 1","mn":"ADBE Vector Shape - Group","hd":false},{"ty":"st","c":{"a":0,"k":[0.071,0.075,0.192,1],"ix":3,"x":"var $bm_rt;\n$bm_rt = comp('wired-outline-1780-medal-first-place').layer('control').effect('primary')('Color');"},"o":{"a":0,"k":100,"ix":4},"w":{"a":0,"k":12,"ix":5,"x":"var $bm_rt;\n$bm_rt = $bm_mul($bm_div(value, 2), comp('wired-outline-1780-medal-first-place').layer('control').effect('stroke')('Menu'));"},"lc":2,"lj":2,"bm":0,"nm":".primary","mn":"ADBE Vector Graphic - Stroke","hd":false,"cl":"primary"},{"ty":"tr","p":{"a":0,"k":[293.03,196.627],"ix":2},"a":{"a":0,"k":[0,0],"ix":1},"s":{"a":0,"k":[100,100],"ix":3},"r":{"a":0,"k":0,"ix":6},"o":{"a":0,"k":100,"ix":7},"sk":{"a":0,"k":0,"ix":4},"sa":{"a":0,"k":0,"ix":5},"nm":"Transform"}],"nm":"Group 2","np":2,"cix":2,"bm":0,"ix":2,"mn":"ADBE Vector Group","hd":false},{"ty":"tr","p":{"a":0,"k":[293.03,196.627],"ix":2},"a":{"a":0,"k":[293.03,196.627],"ix":1},"s":{"a":0,"k":[100,100],"ix":3},"r":{"a":0,"k":0,"ix":6},"o":{"a":0,"k":100,"ix":7},"sk":{"a":0,"k":0,"ix":4},"sa":{"a":0,"k":0,"ix":5},"nm":"Transform"}],"nm":"Group 2","np":2,"cix":2,"bm":0,"ix":2,"mn":"ADBE Vector Group","hd":false},{"ty":"gr","it":[{"ind":0,"ty":"sh","ix":1,"ks":{"a":1,"k":[{"i":{"x":0.015,"y":1},"o":{"x":0.167,"y":0.167},"t":0,"s":[{"i":[[0,0],[27.916,-69.077]],"o":[[0,0],[0,0]],"v":[[41.874,-103.615],[-41.874,103.615]],"c":false}]},{"i":{"x":0.667,"y":1},"o":{"x":0.333,"y":0},"t":30,"s":[{"i":[[0,0],[60.239,-43.842]],"o":[[0,0],[0,0]],"v":[[41.874,-103.615],[-110.857,111.408]],"c":false}]},{"i":{"x":0.667,"y":1},"o":{"x":0.333,"y":0},"t":50,"s":[{"i":[[0,0],[2.645,-82.897]],"o":[[0,0],[0,0]],"v":[[41.874,-103.615],[23.066,101.425]],"c":false}]},{"i":{"x":0.667,"y":1},"o":{"x":0.333,"y":0},"t":70,"s":[{"i":[[0,0],[36.524,-59.924]],"o":[[0,0],[0,0]],"v":[[41.874,-103.615],[-55.712,107.298]],"c":false}]},{"i":{"x":0.667,"y":1},"o":{"x":0.333,"y":0},"t":92,"s":[{"i":[[0,0],[26.844,-66.488]],"o":[[0,0],[0,0]],"v":[[41.874,-103.615],[-33.204,105.62]],"c":false}]},{"t":117,"s":[{"i":[[0,0],[27.916,-69.077]],"o":[[0,0],[0,0]],"v":[[41.874,-103.615],[-41.874,103.615]],"c":false}]}],"ix":2},"nm":"Path 1","mn":"ADBE Vector Shape - Group","hd":false},{"ty":"st","c":{"a":0,"k":[0.031,0.659,0.541,1],"ix":3,"x":"var $bm_rt;\n$bm_rt = comp('wired-outline-1780-medal-first-place').layer('control').effect('secondary')('Color');"},"o":{"a":0,"k":100,"ix":4},"w":{"a":0,"k":12,"ix":5,"x":"var $bm_rt;\n$bm_rt = $bm_mul($bm_div(value, 2), comp('wired-outline-1780-medal-first-place').layer('control').effect('stroke')('Menu'));"},"lc":2,"lj":2,"bm":0,"nm":".secondary","mn":"ADBE Vector Graphic - Stroke","hd":false,"cl":"secondary"},{"ty":"tr","p":{"a":0,"k":[293.461,193.776],"ix":2},"a":{"a":0,"k":[0,0],"ix":1},"s":{"a":0,"k":[100,100],"ix":3},"r":{"a":0,"k":0,"ix":6},"o":{"a":0,"k":100,"ix":7},"sk":{"a":0,"k":0,"ix":4},"sa":{"a":0,"k":0,"ix":5},"nm":"Transform"}],"nm":"Group 3","np":2,"cix":2,"bm":0,"ix":3,"mn":"ADBE Vector Group","hd":false},{"ty":"tm","s":{"a":0,"k":0,"ix":1},"e":{"a":0,"k":100,"ix":2},"o":{"a":0,"k":0,"ix":3},"m":1,"ix":4,"nm":"Trim Paths 1","mn":"ADBE Vector Filter - Trim","hd":false}],"ip":0,"op":844,"st":0,"ct":1,"bm":0}]}],"layers":[{"ddd":0,"ind":1,"ty":3,"nm":"control","sr":1,"ks":{"o":{"a":0,"k":0,"ix":11},"r":{"a":0,"k":0,"ix":10},"p":{"a":0,"k":[0,0],"ix":2,"l":2},"a":{"a":0,"k":[0,0,0],"ix":1,"l":2},"s":{"a":0,"k":[100,100,100],"ix":6,"l":2}},"ao":0,"ef":[{"ty":5,"nm":"stroke","np":3,"mn":"Pseudo/@@3EQgWsgsQWCHZUatlJ2fqQ","ix":1,"en":1,"ef":[{"ty":7,"nm":"Menu","mn":"Pseudo/@@3EQgWsgsQWCHZUatlJ2fqQ-0001","ix":1,"v":{"a":0,"k":2,"ix":1}}]},{"ty":5,"nm":"primary","np":3,"mn":"ADBE Color Control","ix":2,"en":1,"ef":[{"ty":2,"nm":"Color","mn":"ADBE Color Control-0001","ix":1,"v":{"a":0,"k":[0.071,0.075,0.192],"ix":1}}]},{"ty":5,"nm":"secondary","np":3,"mn":"ADBE Color Control","ix":3,"en":1,"ef":[{"ty":2,"nm":"Color","mn":"ADBE Color Control-0001","ix":1,"v":{"a":0,"k":[0.031,0.659,0.541],"ix":1}}]}],"ip":0,"op":225,"st":0,"bm":0},{"ddd":0,"ind":2,"ty":0,"nm":"in-reveal","refId":"comp_0","sr":1,"ks":{"o":{"a":0,"k":100,"ix":11},"r":{"a":0,"k":0,"ix":10},"p":{"a":0,"k":[215,215,0],"ix":2,"l":2},"a":{"a":0,"k":[215,215,0],"ix":1,"l":2},"s":{"a":0,"k":[100,100,100],"ix":6,"l":2}},"ao":0,"w":430,"h":430,"ip":0,"op":100,"st":0,"bm":0},{"ddd":0,"ind":3,"ty":0,"nm":"hover-pinch","refId":"comp_2","sr":1,"ks":{"o":{"a":0,"k":100,"ix":11},"r":{"a":0,"k":0,"ix":10},"p":{"a":0,"k":[215,215,0],"ix":2,"l":2},"a":{"a":0,"k":[215,215,0],"ix":1,"l":2},"s":{"a":0,"k":[100,100,100],"ix":6,"l":2}},"ao":0,"w":430,"h":430,"ip":100,"op":234,"st":100,"bm":0}],"markers":[{"tm":0,"cm":"in-reveal","dr":90},{"tm":100,"cm":"default:hover-pinch","dr":124}],"props":{}}