{"v":"5.8.1","fr":60,"ip":100,"op":222.5,"w":430,"h":430,"nm":"wired-outline-44-avatar-user-in-circle","ddd":0,"assets":[{"id":"comp_0","nm":"in-reveal","fr":60,"layers":[{"ddd":0,"ind":1,"ty":4,"nm":"Warstwa 3","sr":1,"ks":{"o":{"a":0,"k":100,"ix":11},"r":{"a":0,"k":0,"ix":10},"p":{"a":0,"k":[217.437,214.557,0],"ix":2,"l":2},"a":{"a":0,"k":[0,0,0],"ix":1,"l":2},"s":{"a":1,"k":[{"i":{"x":[0.667,0.667,0.667],"y":[1,1,1]},"o":{"x":[0.333,0.333,0.333],"y":[0,0,0]},"t":40,"s":[359.264,359.264,100]},{"t":90,"s":[337.264,337.264,100]}],"ix":6,"l":2}},"ao":0,"shapes":[{"ty":"gr","it":[{"ind":0,"ty":"sh","ix":1,"ks":{"a":1,"k":[{"i":{"x":0.399,"y":1},"o":{"x":0.167,"y":0.167},"t":0,"s":[{"i":[[0,-1.871],[1.871,0],[0,1.871],[-1.871,0]],"o":[[0,1.871],[-1.871,0],[0,-1.871],[1.871,0]],"v":[[3.428,0.75],[0.04,4.139],[-3.349,0.75],[0.04,-2.639]],"c":true}]},{"t":40,"s":[{"i":[[0,-27.614],[27.614,0],[0,27.614],[-27.614,0]],"o":[[0,27.614],[-27.614,0],[0,-27.614],[27.614,0]],"v":[[50.04,0.75],[0.04,50.75],[-49.96,0.75],[0.04,-49.25]],"c":true}]}],"ix":2},"nm":"Path 1","mn":"ADBE Vector Shape - Group","hd":false},{"ty":"st","c":{"a":0,"k":[0.071,0.075,0.192,1],"ix":3,"x":"var $bm_rt;\n$bm_rt = comp('wired-outline-44-avatar-user-in-circle').layer('control').effect('primary')('Color');"},"o":{"a":0,"k":100,"ix":4},"w":{"a":0,"k":3.36,"ix":5,"x":"var $bm_rt;\n$bm_rt = $bm_mul($bm_div(value, 2), comp('wired-outline-44-avatar-user-in-circle').layer('control').effect('stroke')('Menu'));"},"lc":2,"lj":2,"bm":0,"nm":".primary","mn":"ADBE Vector Graphic - Stroke","hd":false,"cl":"primary"},{"ty":"tr","p":{"a":0,"k":[0,0],"ix":2},"a":{"a":0,"k":[0,0],"ix":1},"s":{"a":0,"k":[100,100],"ix":3},"r":{"a":0,"k":0,"ix":6},"o":{"a":0,"k":100,"ix":7},"sk":{"a":0,"k":0,"ix":4},"sa":{"a":0,"k":0,"ix":5},"nm":"Transform"}],"nm":"Group 1","np":3,"cix":2,"bm":0,"ix":1,"mn":"ADBE Vector Group","hd":false}],"ip":2.5,"op":4500,"st":0,"bm":0},{"ddd":0,"ind":2,"ty":4,"nm":"mask","parent":1,"td":1,"sr":1,"ks":{"o":{"a":0,"k":100,"ix":11},"r":{"a":0,"k":0,"ix":10},"p":{"a":0,"k":[0,0,0],"ix":2,"l":2},"a":{"a":0,"k":[0,0,0],"ix":1,"l":2},"s":{"a":0,"k":[100,100,100],"ix":6,"l":2}},"ao":0,"shapes":[{"ty":"gr","it":[{"ind":0,"ty":"sh","ix":1,"ks":{"a":1,"k":[{"i":{"x":0.399,"y":1},"o":{"x":0.167,"y":0.167},"t":0,"s":[{"i":[[0,-1.871],[1.871,0],[0,1.871],[-1.871,0]],"o":[[0,1.871],[-1.871,0],[0,-1.871],[1.871,0]],"v":[[3.428,0.75],[0.04,4.139],[-3.349,0.75],[0.04,-2.639]],"c":true}]},{"t":40,"s":[{"i":[[0,-27.614],[27.614,0],[0,27.614],[-27.614,0]],"o":[[0,27.614],[-27.614,0],[0,-27.614],[27.614,0]],"v":[[50.04,0.75],[0.04,50.75],[-49.96,0.75],[0.04,-49.25]],"c":true}]}],"ix":2},"nm":"Path 1","mn":"ADBE Vector Shape - Group","hd":false},{"ty":"st","c":{"a":0,"k":[0.074509806931,0.078431375325,0.196078449488,1],"ix":3},"o":{"a":0,"k":100,"ix":4},"w":{"a":0,"k":0,"ix":5,"x":"var $bm_rt;\n$bm_rt = $bm_mul($bm_div(value, 2), comp('wired-outline-44-avatar-user-in-circle').layer('control').effect('stroke')('Menu'));"},"lc":2,"lj":2,"bm":0,"nm":"Stroke 1","mn":"ADBE Vector Graphic - Stroke","hd":false},{"ty":"tr","p":{"a":0,"k":[0,0],"ix":2},"a":{"a":0,"k":[0,0],"ix":1},"s":{"a":0,"k":[100,100],"ix":3},"r":{"a":0,"k":0,"ix":6},"o":{"a":0,"k":100,"ix":7},"sk":{"a":0,"k":0,"ix":4},"sa":{"a":0,"k":0,"ix":5},"nm":"Transform"}],"nm":"Group 1","np":3,"cix":2,"bm":0,"ix":1,"mn":"ADBE Vector Group","hd":false},{"ty":"fl","c":{"a":0,"k":[1,0,0,1],"ix":4},"o":{"a":0,"k":100,"ix":5},"r":1,"bm":0,"nm":"Fill 1","mn":"ADBE Vector Graphic - Fill","hd":false}],"ip":2.5,"op":4500,"st":0,"bm":0},{"ddd":0,"ind":3,"ty":4,"nm":"Warstwa 10","tt":1,"sr":1,"ks":{"o":{"a":0,"k":100,"ix":11},"r":{"a":0,"k":0,"ix":10},"p":{"a":0,"k":[217.379,297.118,0],"ix":2,"l":2},"a":{"a":0,"k":[9.568,24.043,0],"ix":1,"l":2},"s":{"a":0,"k":[553.113,553.113,100],"ix":6,"l":2}},"ao":0,"shapes":[{"ty":"gr","it":[{"ind":0,"ty":"sh","ix":1,"ks":{"a":1,"k":[{"i":{"x":0,"y":1},"o":{"x":0.167,"y":0.167},"t":12.5,"s":[{"i":[[0,0],[0,0],[-7.742,0],[0,0],[0,-7.742],[0,0]],"o":[[0,0],[0,-7.742],[0,0],[7.742,0],[0,0],[0,0]],"v":[[-12.514,45.576],[-12.525,44.413],[1.494,30.394],[17.525,30.394],[31.544,44.413],[31.554,45.576]],"c":false}]},{"i":{"x":0.667,"y":1},"o":{"x":0.333,"y":0},"t":40,"s":[{"i":[[0,0],[0,0],[-7.742,0],[0,0],[0,-7.742],[0,0]],"o":[[0,0],[0,-7.742],[0,0],[7.742,0],[0,0],[0,0]],"v":[[-12.508,39.791],[-12.467,27.961],[1.552,13.942],[17.583,13.942],[31.602,27.961],[31.56,39.791]],"c":false}]},{"t":67.5,"s":[{"i":[[0,0],[0,0],[-7.742,0],[0,0],[0,-7.742],[0,0]],"o":[[0,0],[0,-7.742],[0,0],[7.742,0],[0,0],[0,0]],"v":[[-12.508,39.791],[-12.467,29.769],[1.552,15.75],[17.583,15.75],[31.602,29.769],[31.56,39.791]],"c":false}]}],"ix":2},"nm":"Path 1","mn":"ADBE Vector Shape - Group","hd":false},{"ty":"st","c":{"a":0,"k":[0.071,0.075,0.192,1],"ix":3,"x":"var $bm_rt;\n$bm_rt = comp('wired-outline-44-avatar-user-in-circle').layer('control').effect('primary')('Color');"},"o":{"a":0,"k":100,"ix":4},"w":{"a":0,"k":2.1,"ix":5,"x":"var $bm_rt;\n$bm_rt = $bm_mul($bm_div(value, 2), comp('wired-outline-44-avatar-user-in-circle').layer('control').effect('stroke')('Menu'));"},"lc":2,"lj":2,"bm":0,"nm":".primary","mn":"ADBE Vector Graphic - Stroke","hd":false,"cl":"primary"},{"ty":"tr","p":{"a":0,"k":[0,0],"ix":2},"a":{"a":0,"k":[0,0],"ix":1},"s":{"a":0,"k":[100,100],"ix":3},"r":{"a":0,"k":0,"ix":6},"o":{"a":0,"k":100,"ix":7},"sk":{"a":0,"k":0,"ix":4},"sa":{"a":0,"k":0,"ix":5},"nm":"Transform"}],"nm":"Group 1","np":2,"cix":2,"bm":0,"ix":1,"mn":"ADBE Vector Group","hd":false}],"ip":2.5,"op":217.5,"st":0,"bm":0},{"ddd":0,"ind":4,"ty":4,"nm":"mask","parent":1,"td":1,"sr":1,"ks":{"o":{"a":0,"k":100,"ix":11},"r":{"a":0,"k":0,"ix":10},"p":{"a":0,"k":[0,0,0],"ix":2,"l":2},"a":{"a":0,"k":[0,0,0],"ix":1,"l":2},"s":{"a":0,"k":[100,100,100],"ix":6,"l":2}},"ao":0,"shapes":[{"ty":"gr","it":[{"ind":0,"ty":"sh","ix":1,"ks":{"a":1,"k":[{"i":{"x":0.399,"y":1},"o":{"x":0.167,"y":0.167},"t":0,"s":[{"i":[[0,-1.871],[1.871,0],[0,1.871],[-1.871,0]],"o":[[0,1.871],[-1.871,0],[0,-1.871],[1.871,0]],"v":[[3.428,0.75],[0.04,4.139],[-3.349,0.75],[0.04,-2.639]],"c":true}]},{"t":40,"s":[{"i":[[0,-27.614],[27.614,0],[0,27.614],[-27.614,0]],"o":[[0,27.614],[-27.614,0],[0,-27.614],[27.614,0]],"v":[[50.04,0.75],[0.04,50.75],[-49.96,0.75],[0.04,-49.25]],"c":true}]}],"ix":2},"nm":"Path 1","mn":"ADBE Vector Shape - Group","hd":false},{"ty":"st","c":{"a":0,"k":[0.074509806931,0.078431375325,0.196078449488,1],"ix":3},"o":{"a":0,"k":100,"ix":4},"w":{"a":0,"k":0,"ix":5,"x":"var $bm_rt;\n$bm_rt = $bm_mul($bm_div(value, 2), comp('wired-outline-44-avatar-user-in-circle').layer('control').effect('stroke')('Menu'));"},"lc":2,"lj":2,"bm":0,"nm":"Stroke 1","mn":"ADBE Vector Graphic - Stroke","hd":false},{"ty":"tr","p":{"a":0,"k":[0,0],"ix":2},"a":{"a":0,"k":[0,0],"ix":1},"s":{"a":0,"k":[100,100],"ix":3},"r":{"a":0,"k":0,"ix":6},"o":{"a":0,"k":100,"ix":7},"sk":{"a":0,"k":0,"ix":4},"sa":{"a":0,"k":0,"ix":5},"nm":"Transform"}],"nm":"Group 1","np":3,"cix":2,"bm":0,"ix":1,"mn":"ADBE Vector Group","hd":false},{"ty":"fl","c":{"a":0,"k":[1,0,0,1],"ix":4},"o":{"a":0,"k":100,"ix":5},"r":1,"bm":0,"nm":"Fill 1","mn":"ADBE Vector Graphic - Fill","hd":false}],"ip":2.5,"op":4500,"st":0,"bm":0},{"ddd":0,"ind":5,"ty":4,"nm":"Warstwa 12","tt":1,"sr":1,"ks":{"o":{"a":0,"k":100,"ix":11},"r":{"a":0,"k":0,"ix":10},"p":{"a":1,"k":[{"i":{"x":0.381,"y":1},"o":{"x":0.167,"y":0.167},"t":0,"s":[217.379,312.259,0],"to":[0,0,0],"ti":[0,0,0]},{"i":{"x":0.667,"y":1},"o":{"x":0.333,"y":0},"t":32.5,"s":[217.379,134.259,0],"to":[0,0,0],"ti":[0,0,0]},{"i":{"x":0.667,"y":1},"o":{"x":0.167,"y":0},"t":60,"s":[217.379,174.259,0],"to":[0,0,0],"ti":[0,0,0]},{"t":80,"s":[217.379,164.259,0]}],"ix":2,"l":2},"a":{"a":0,"k":[7.898,-3.227,0],"ix":1,"l":2},"s":{"a":0,"k":[553.113,553.113,100],"ix":6,"l":2}},"ao":0,"shapes":[{"ty":"gr","it":[{"ind":0,"ty":"sh","ix":1,"ks":{"a":0,"k":{"i":[[0,-5.604],[5.604,0],[0,5.604],[-5.605,0]],"o":[[0,5.604],[-5.604,0],[0,-5.604],[5.605,0]],"v":[[18.046,-3.227],[7.898,6.921],[-2.25,-3.227],[7.898,-13.375]],"c":true},"ix":2},"nm":"Path 1","mn":"ADBE Vector Shape - Group","hd":false},{"ty":"st","c":{"a":0,"k":[0.031,0.659,0.541,1],"ix":3,"x":"var $bm_rt;\n$bm_rt = comp('wired-outline-44-avatar-user-in-circle').layer('control').effect('secondary')('Color');"},"o":{"a":0,"k":100,"ix":4},"w":{"a":0,"k":2.1,"ix":5,"x":"var $bm_rt;\n$bm_rt = $bm_mul($bm_div(value, 2), comp('wired-outline-44-avatar-user-in-circle').layer('control').effect('stroke')('Menu'));"},"lc":2,"lj":2,"bm":0,"nm":".secondary","mn":"ADBE Vector Graphic - Stroke","hd":false,"cl":"secondary"},{"ty":"tr","p":{"a":0,"k":[0,0],"ix":2},"a":{"a":0,"k":[0,0],"ix":1},"s":{"a":0,"k":[100,100],"ix":3},"r":{"a":0,"k":0,"ix":6},"o":{"a":0,"k":100,"ix":7},"sk":{"a":0,"k":0,"ix":4},"sa":{"a":0,"k":0,"ix":5},"nm":"Transform"}],"nm":"Group 1","np":2,"cix":2,"bm":0,"ix":1,"mn":"ADBE Vector Group","hd":false},{"ty":"tm","s":{"a":0,"k":0,"ix":1},"e":{"a":0,"k":100,"ix":2},"o":{"a":0,"k":-40,"ix":3},"m":1,"ix":2,"nm":"Trim Paths 1","mn":"ADBE Vector Filter - Trim","hd":false}],"ip":2.5,"op":217.5,"st":0,"bm":0}]},{"id":"comp_1","nm":"hover-looking-around","fr":60,"layers":[{"ddd":0,"ind":1,"ty":4,"nm":"Warstwa 12","parent":2,"sr":1,"ks":{"o":{"a":0,"k":100,"ix":11},"r":{"a":0,"k":0,"ix":10},"p":{"a":1,"k":[{"i":{"x":0.337,"y":1},"o":{"x":0.333,"y":0},"t":0,"s":[9.568,0.023,0],"to":[0,-0.208,0],"ti":[-0.013,4.171,0]},{"i":{"x":0.442,"y":1},"o":{"x":0.333,"y":0},"t":13,"s":[9.568,-8.477,0],"to":[-0.123,4.779,0],"ti":[5.871,-0.073,0]},{"t":30,"s":[1.46,2.125,0],"h":1},{"i":{"x":0.393,"y":1},"o":{"x":0.333,"y":0},"t":50,"s":[1.46,2.125,0],"to":[6.592,3.794,0],"ti":[-1.719,1.784,0]},{"i":{"x":0.393,"y":0.393},"o":{"x":0.333,"y":0.333},"t":64,"s":[15.302,2,0],"to":[0,0,0],"ti":[0,0,0]},{"i":{"x":0.259,"y":1},"o":{"x":0.333,"y":0},"t":78,"s":[15.302,2,0],"to":[-6.372,2.398,0],"ti":[0.104,0,0]},{"i":{"x":0.448,"y":1},"o":{"x":0.333,"y":0},"t":103,"s":[9.615,-8.562,0],"to":[-0.104,0,0],"ti":[0,0.208,0]},{"t":120,"s":[9.568,0.023,0]}],"ix":2,"l":2},"a":{"a":0,"k":[7.898,-3.227,0],"ix":1,"l":2},"s":{"a":0,"k":[100,100,100],"ix":6,"l":2}},"ao":0,"shapes":[{"ty":"gr","it":[{"ind":0,"ty":"sh","ix":1,"ks":{"a":0,"k":{"i":[[0,-5.604],[5.604,0],[0,5.604],[-5.605,0]],"o":[[0,5.604],[-5.604,0],[0,-5.604],[5.605,0]],"v":[[18.046,-3.227],[7.898,6.921],[-2.25,-3.227],[7.898,-13.375]],"c":true},"ix":2},"nm":"Path 1","mn":"ADBE Vector Shape - Group","hd":false},{"ty":"st","c":{"a":0,"k":[0.031,0.659,0.541,1],"ix":3,"x":"var $bm_rt;\n$bm_rt = comp('wired-outline-44-avatar-user-in-circle').layer('control').effect('secondary')('Color');"},"o":{"a":0,"k":100,"ix":4},"w":{"a":0,"k":2.1,"ix":5,"x":"var $bm_rt;\n$bm_rt = $bm_mul($bm_div(value, 2), comp('wired-outline-44-avatar-user-in-circle').layer('control').effect('stroke')('Menu'));"},"lc":2,"lj":2,"bm":0,"nm":".secondary","mn":"ADBE Vector Graphic - Stroke","hd":false,"cl":"secondary"},{"ty":"tr","p":{"a":0,"k":[0,0],"ix":2},"a":{"a":0,"k":[0,0],"ix":1},"s":{"a":0,"k":[100,100],"ix":3},"r":{"a":0,"k":0,"ix":6},"o":{"a":0,"k":100,"ix":7},"sk":{"a":0,"k":0,"ix":4},"sa":{"a":0,"k":0,"ix":5},"nm":"Transform"}],"nm":"Group 1","np":2,"cix":2,"bm":0,"ix":1,"mn":"ADBE Vector Group","hd":false},{"ty":"tm","s":{"a":0,"k":0,"ix":1},"e":{"a":0,"k":100,"ix":2},"o":{"a":0,"k":-40,"ix":3},"m":1,"ix":2,"nm":"Trim Paths 1","mn":"ADBE Vector Filter - Trim","hd":false}],"ip":0,"op":217.5,"st":0,"bm":0},{"ddd":0,"ind":2,"ty":4,"nm":"Warstwa 10","sr":1,"ks":{"o":{"a":0,"k":100,"ix":11},"r":{"a":0,"k":0,"ix":10},"p":{"a":0,"k":[217.379,297.118,0],"ix":2,"l":2},"a":{"a":0,"k":[9.568,24.043,0],"ix":1,"l":2},"s":{"a":0,"k":[553.113,553.113,100],"ix":6,"l":2}},"ao":0,"shapes":[{"ty":"gr","it":[{"ind":0,"ty":"sh","ix":1,"ks":{"a":1,"k":[{"i":{"x":0.316,"y":1},"o":{"x":0.333,"y":0},"t":0,"s":[{"i":[[0,0],[0,0],[-7.742,0],[0,0],[0,-7.742],[0,0]],"o":[[0,0],[0,-7.742],[0,0],[7.742,0],[0,0],[0,0]],"v":[[-12.533,30.57],[-12.467,29.769],[1.552,15.75],[17.583,15.75],[31.602,29.769],[31.536,30.57]],"c":false}]},{"i":{"x":0.667,"y":1},"o":{"x":0.167,"y":0},"t":13,"s":[{"i":[[0,0],[0,0],[-7.742,0],[0,0],[0,-7.742],[0,0]],"o":[[0,0],[0,-7.742],[0,0],[7.742,0],[0,0],[0,0]],"v":[[-12.533,30.57],[-12.421,22.718],[1.598,8.699],[17.629,8.699],[31.648,22.718],[31.536,30.57]],"c":false}]},{"i":{"x":0.667,"y":1},"o":{"x":0.333,"y":0},"t":30,"s":[{"i":[[0,0],[0,0],[-7.742,0],[0,0],[0,-7.199],[0,0]],"o":[[0,0],[0,-7.199],[0,0],[7.742,0],[0,0],[0,0]],"v":[[-12.533,30.57],[-12.467,29.825],[1.552,16.79],[17.583,16.79],[31.602,29.825],[31.536,30.57]],"c":false}]},{"i":{"x":0.667,"y":1},"o":{"x":0.333,"y":0},"t":40,"s":[{"i":[[0,0],[0,0],[-7.742,0],[0,0],[0,-7.742],[0,0]],"o":[[0,0],[0,-7.742],[0,0],[7.742,0],[0,0],[0,0]],"v":[[-12.533,30.57],[-12.467,29.769],[1.552,15.75],[17.583,15.75],[31.602,29.769],[31.536,30.57]],"c":false}]},{"i":{"x":0.667,"y":1},"o":{"x":0.333,"y":0},"t":50,"s":[{"i":[[0,0],[0,0],[-7.742,0],[0,0],[0,-7.742],[0,0]],"o":[[0,0],[0,-7.742],[0,0],[7.742,0],[0,0],[0,0]],"v":[[-12.533,30.57],[-12.467,29.769],[1.552,15.75],[17.583,15.75],[31.602,29.769],[31.536,30.57]],"c":false}]},{"i":{"x":0.667,"y":1},"o":{"x":0.333,"y":0},"t":57,"s":[{"i":[[0,0],[0,0],[-7.742,0],[0,0],[0,-7.199],[0,0]],"o":[[0,0],[0,-7.199],[0,0],[7.742,0],[0,0],[0,0]],"v":[[-12.533,30.57],[-12.467,29.825],[1.552,16.79],[17.583,16.79],[31.602,29.825],[31.536,30.57]],"c":false}]},{"i":{"x":0.667,"y":1},"o":{"x":0.333,"y":0},"t":64,"s":[{"i":[[0,0],[0,0],[-7.742,0],[0,0],[0,-7.742],[0,0]],"o":[[0,0],[0,-7.742],[0,0],[7.742,0],[0,0],[0,0]],"v":[[-12.533,30.57],[-12.467,29.769],[1.552,15.75],[17.583,15.75],[31.602,29.769],[31.536,30.57]],"c":false}]},{"i":{"x":0.23,"y":1},"o":{"x":0.333,"y":0},"t":86,"s":[{"i":[[0,0],[0,0],[-7.742,0],[0,0],[0,-7.742],[0,0]],"o":[[0,0],[0,-7.742],[0,0],[7.742,0],[0,0],[0,0]],"v":[[-12.533,30.57],[-12.467,29.769],[1.552,15.75],[17.583,15.75],[31.602,29.769],[31.536,30.57]],"c":false}]},{"i":{"x":0.667,"y":1},"o":{"x":0.333,"y":0},"t":103,"s":[{"i":[[0,0],[0,0],[-7.742,0],[0,0],[0,-7.742],[0,0]],"o":[[0,0],[0,-7.742],[0,0],[7.742,0],[0,0],[0,0]],"v":[[-12.533,30.57],[-12.421,22.718],[1.598,8.699],[17.629,8.699],[31.648,22.718],[31.536,30.57]],"c":false}]},{"t":120,"s":[{"i":[[0,0],[0,0],[-7.742,0],[0,0],[0,-7.742],[0,0]],"o":[[0,0],[0,-7.742],[0,0],[7.742,0],[0,0],[0,0]],"v":[[-12.533,30.57],[-12.467,29.769],[1.552,15.75],[17.583,15.75],[31.602,29.769],[31.536,30.57]],"c":false}]}],"ix":2},"nm":"Path 1","mn":"ADBE Vector Shape - Group","hd":false},{"ty":"st","c":{"a":0,"k":[0.071,0.075,0.192,1],"ix":3,"x":"var $bm_rt;\n$bm_rt = comp('wired-outline-44-avatar-user-in-circle').layer('control').effect('primary')('Color');"},"o":{"a":0,"k":100,"ix":4},"w":{"a":0,"k":2.1,"ix":5,"x":"var $bm_rt;\n$bm_rt = $bm_mul($bm_div(value, 2), comp('wired-outline-44-avatar-user-in-circle').layer('control').effect('stroke')('Menu'));"},"lc":2,"lj":2,"bm":0,"nm":".primary","mn":"ADBE Vector Graphic - Stroke","hd":false,"cl":"primary"},{"ty":"tr","p":{"a":0,"k":[0,0],"ix":2},"a":{"a":0,"k":[0,0],"ix":1},"s":{"a":0,"k":[100,100],"ix":3},"r":{"a":0,"k":0,"ix":6},"o":{"a":0,"k":100,"ix":7},"sk":{"a":0,"k":0,"ix":4},"sa":{"a":0,"k":0,"ix":5},"nm":"Transform"}],"nm":"Group 1","np":2,"cix":2,"bm":0,"ix":1,"mn":"ADBE Vector Group","hd":false}],"ip":0,"op":217.5,"st":0,"bm":0},{"ddd":0,"ind":3,"ty":4,"nm":"Warstwa 3","sr":1,"ks":{"o":{"a":0,"k":100,"ix":11},"r":{"a":0,"k":0,"ix":10},"p":{"a":0,"k":[217.437,214.557,0],"ix":2,"l":2},"a":{"a":0,"k":[0,0,0],"ix":1,"l":2},"s":{"a":0,"k":[337.264,337.264,100],"ix":6,"l":2}},"ao":0,"shapes":[{"ty":"gr","it":[{"ind":0,"ty":"sh","ix":1,"ks":{"a":0,"k":{"i":[[0,-27.614],[27.614,0],[0,27.614],[-27.614,0]],"o":[[0,27.614],[-27.614,0],[0,-27.614],[27.614,0]],"v":[[50.04,0.75],[0.04,50.75],[-49.96,0.75],[0.04,-49.25]],"c":true},"ix":2},"nm":"Path 1","mn":"ADBE Vector Shape - Group","hd":false},{"ty":"st","c":{"a":0,"k":[0.071,0.075,0.192,1],"ix":3,"x":"var $bm_rt;\n$bm_rt = comp('wired-outline-44-avatar-user-in-circle').layer('control').effect('primary')('Color');"},"o":{"a":0,"k":100,"ix":4},"w":{"a":0,"k":3.36,"ix":5,"x":"var $bm_rt;\n$bm_rt = $bm_mul($bm_div(value, 2), comp('wired-outline-44-avatar-user-in-circle').layer('control').effect('stroke')('Menu'));"},"lc":2,"lj":2,"bm":0,"nm":".primary","mn":"ADBE Vector Graphic - Stroke","hd":false,"cl":"primary"},{"ty":"tr","p":{"a":0,"k":[0,0],"ix":2},"a":{"a":0,"k":[0,0],"ix":1},"s":{"a":0,"k":[100,100],"ix":3},"r":{"a":0,"k":0,"ix":6},"o":{"a":0,"k":100,"ix":7},"sk":{"a":0,"k":0,"ix":4},"sa":{"a":0,"k":0,"ix":5},"nm":"Transform"}],"nm":"Group 1","np":3,"cix":2,"bm":0,"ix":1,"mn":"ADBE Vector Group","hd":false}],"ip":0,"op":4500,"st":0,"bm":0}]},{"id":"comp_2","nm":"hover-nodding","fr":60,"layers":[{"ddd":0,"ind":1,"ty":4,"nm":"Warstwa 12","sr":1,"ks":{"o":{"a":0,"k":100,"ix":11},"r":{"a":0,"k":0,"ix":10},"p":{"a":1,"k":[{"i":{"x":0.667,"y":1},"o":{"x":0.333,"y":0},"t":0,"s":[217.379,164.259,0],"to":[0,-1.152,0],"ti":[0,-1.667,0]},{"i":{"x":0.283,"y":1},"o":{"x":0.333,"y":0},"t":25,"s":[217.379,214.759,0],"to":[0,1.667,0],"ti":[0,1.152,0]},{"t":60,"s":[217.379,164.259,0]}],"ix":2,"l":2},"a":{"a":0,"k":[7.898,-3.227,0],"ix":1,"l":2},"s":{"a":0,"k":[553.113,553.113,100],"ix":6,"l":2}},"ao":0,"shapes":[{"ty":"gr","it":[{"ind":0,"ty":"sh","ix":1,"ks":{"a":0,"k":{"i":[[0,-5.604],[5.604,0],[0,5.604],[-5.605,0]],"o":[[0,5.604],[-5.604,0],[0,-5.604],[5.605,0]],"v":[[18.046,-3.227],[7.898,6.921],[-2.25,-3.227],[7.898,-13.375]],"c":true},"ix":2},"nm":"Path 1","mn":"ADBE Vector Shape - Group","hd":false},{"ty":"st","c":{"a":0,"k":[0.031,0.659,0.541,1],"ix":3,"x":"var $bm_rt;\n$bm_rt = comp('wired-outline-44-avatar-user-in-circle').layer('control').effect('secondary')('Color');"},"o":{"a":0,"k":100,"ix":4},"w":{"a":0,"k":2.1,"ix":5,"x":"var $bm_rt;\n$bm_rt = $bm_mul($bm_div(value, 2), comp('wired-outline-44-avatar-user-in-circle').layer('control').effect('stroke')('Menu'));"},"lc":2,"lj":2,"bm":0,"nm":".secondary","mn":"ADBE Vector Graphic - Stroke","hd":false,"cl":"secondary"},{"ty":"tr","p":{"a":0,"k":[0,0],"ix":2},"a":{"a":0,"k":[0,0],"ix":1},"s":{"a":0,"k":[100,100],"ix":3},"r":{"a":0,"k":0,"ix":6},"o":{"a":0,"k":100,"ix":7},"sk":{"a":0,"k":0,"ix":4},"sa":{"a":0,"k":0,"ix":5},"nm":"Transform"}],"nm":"Group 1","np":2,"cix":2,"bm":0,"ix":1,"mn":"ADBE Vector Group","hd":false},{"ty":"tm","s":{"a":0,"k":0,"ix":1},"e":{"a":0,"k":100,"ix":2},"o":{"a":0,"k":-40,"ix":3},"m":1,"ix":2,"nm":"Trim Paths 1","mn":"ADBE Vector Filter - Trim","hd":false}],"ip":0,"op":217.5,"st":0,"bm":0},{"ddd":0,"ind":2,"ty":4,"nm":"Warstwa 13","td":1,"sr":1,"ks":{"o":{"a":0,"k":100,"ix":11},"r":{"a":0,"k":0,"ix":10},"p":{"a":0,"k":[217.437,214.557,0],"ix":2,"l":2},"a":{"a":0,"k":[0,0,0],"ix":1,"l":2},"s":{"a":0,"k":[337.264,337.264,100],"ix":6,"l":2}},"ao":0,"shapes":[{"ty":"gr","it":[{"ind":0,"ty":"sh","ix":1,"ks":{"a":0,"k":{"i":[[0,-27.614],[27.614,0],[0,27.614],[-27.614,0]],"o":[[0,27.614],[-27.614,0],[0,-27.614],[27.614,0]],"v":[[50.04,0.75],[0.04,50.75],[-49.96,0.75],[0.04,-49.25]],"c":true},"ix":2},"nm":"Path 1","mn":"ADBE Vector Shape - Group","hd":false},{"ty":"st","c":{"a":0,"k":[0.074509806931,0.078431375325,0.196078449488,1],"ix":3},"o":{"a":0,"k":100,"ix":4},"w":{"a":0,"k":0,"ix":5,"x":"var $bm_rt;\n$bm_rt = $bm_mul($bm_div(value, 2), comp('wired-outline-44-avatar-user-in-circle').layer('control').effect('stroke')('Menu'));"},"lc":2,"lj":2,"bm":0,"nm":"Stroke 1","mn":"ADBE Vector Graphic - Stroke","hd":false},{"ty":"tr","p":{"a":0,"k":[0,0],"ix":2},"a":{"a":0,"k":[0,0],"ix":1},"s":{"a":0,"k":[100,100],"ix":3},"r":{"a":0,"k":0,"ix":6},"o":{"a":0,"k":100,"ix":7},"sk":{"a":0,"k":0,"ix":4},"sa":{"a":0,"k":0,"ix":5},"nm":"Transform"}],"nm":"Group 1","np":3,"cix":2,"bm":0,"ix":1,"mn":"ADBE Vector Group","hd":false},{"ty":"fl","c":{"a":0,"k":[1,0,0,1],"ix":4},"o":{"a":0,"k":100,"ix":5},"r":1,"bm":0,"nm":"Fill 1","mn":"ADBE Vector Graphic - Fill","hd":false}],"ip":0,"op":4500,"st":0,"bm":0},{"ddd":0,"ind":3,"ty":4,"nm":"Warstwa 10","tt":1,"sr":1,"ks":{"o":{"a":0,"k":100,"ix":11},"r":{"a":0,"k":0,"ix":10},"p":{"a":0,"k":[217.379,297.118,0],"ix":2,"l":2},"a":{"a":0,"k":[9.568,24.043,0],"ix":1,"l":2},"s":{"a":0,"k":[553.113,553.113,100],"ix":6,"l":2}},"ao":0,"shapes":[{"ty":"gr","it":[{"ind":0,"ty":"sh","ix":1,"ks":{"a":1,"k":[{"i":{"x":0.667,"y":1},"o":{"x":0.333,"y":0},"t":0,"s":[{"i":[[0,0],[0,0],[-7.742,0],[0,0],[0,-7.742],[0,0]],"o":[[0,0],[0,-7.742],[0,0],[7.742,0],[0,0],[0,0]],"v":[[-12.533,31.836],[-12.467,29.769],[1.552,15.75],[17.583,15.75],[31.602,29.769],[31.536,31.836]],"c":false}]},{"i":{"x":0.283,"y":1},"o":{"x":0.333,"y":0},"t":25,"s":[{"i":[[0,0],[0,0],[-6.44,0],[0,0],[0,-6.466],[0,0]],"o":[[0,0],[0,-6.44],[0,0],[6.466,0],[0,0],[0,0]],"v":[[-12.533,31.836],[-12.467,31.027],[-0.806,19.366],[19.895,19.366],[31.602,31.073],[31.536,31.836]],"c":false}]},{"t":60,"s":[{"i":[[0,0],[0,0],[-7.742,0],[0,0],[0,-7.742],[0,0]],"o":[[0,0],[0,-7.742],[0,0],[7.742,0],[0,0],[0,0]],"v":[[-12.533,31.836],[-12.467,29.769],[1.552,15.75],[17.583,15.75],[31.602,29.769],[31.536,31.836]],"c":false}]}],"ix":2},"nm":"Path 1","mn":"ADBE Vector Shape - Group","hd":false},{"ty":"st","c":{"a":0,"k":[0.071,0.075,0.192,1],"ix":3,"x":"var $bm_rt;\n$bm_rt = comp('wired-outline-44-avatar-user-in-circle').layer('control').effect('primary')('Color');"},"o":{"a":0,"k":100,"ix":4},"w":{"a":0,"k":2.1,"ix":5,"x":"var $bm_rt;\n$bm_rt = $bm_mul($bm_div(value, 2), comp('wired-outline-44-avatar-user-in-circle').layer('control').effect('stroke')('Menu'));"},"lc":2,"lj":2,"bm":0,"nm":".primary","mn":"ADBE Vector Graphic - Stroke","hd":false,"cl":"primary"},{"ty":"tr","p":{"a":0,"k":[0,0],"ix":2},"a":{"a":0,"k":[0,0],"ix":1},"s":{"a":0,"k":[100,100],"ix":3},"r":{"a":0,"k":0,"ix":6},"o":{"a":0,"k":100,"ix":7},"sk":{"a":0,"k":0,"ix":4},"sa":{"a":0,"k":0,"ix":5},"nm":"Transform"}],"nm":"Group 1","np":2,"cix":2,"bm":0,"ix":1,"mn":"ADBE Vector Group","hd":false}],"ip":0,"op":217.5,"st":0,"bm":0},{"ddd":0,"ind":4,"ty":4,"nm":"Warstwa 3","sr":1,"ks":{"o":{"a":0,"k":100,"ix":11},"r":{"a":0,"k":0,"ix":10},"p":{"a":0,"k":[217.437,214.557,0],"ix":2,"l":2},"a":{"a":0,"k":[0,0,0],"ix":1,"l":2},"s":{"a":0,"k":[337.264,337.264,100],"ix":6,"l":2}},"ao":0,"shapes":[{"ty":"gr","it":[{"ind":0,"ty":"sh","ix":1,"ks":{"a":0,"k":{"i":[[0,-27.614],[27.614,0],[0,27.614],[-27.614,0]],"o":[[0,27.614],[-27.614,0],[0,-27.614],[27.614,0]],"v":[[50.04,0.75],[0.04,50.75],[-49.96,0.75],[0.04,-49.25]],"c":true},"ix":2},"nm":"Path 1","mn":"ADBE Vector Shape - Group","hd":false},{"ty":"st","c":{"a":0,"k":[0.071,0.075,0.192,1],"ix":3,"x":"var $bm_rt;\n$bm_rt = comp('wired-outline-44-avatar-user-in-circle').layer('control').effect('primary')('Color');"},"o":{"a":0,"k":100,"ix":4},"w":{"a":0,"k":3.36,"ix":5,"x":"var $bm_rt;\n$bm_rt = $bm_mul($bm_div(value, 2), comp('wired-outline-44-avatar-user-in-circle').layer('control').effect('stroke')('Menu'));"},"lc":2,"lj":2,"bm":0,"nm":".primary","mn":"ADBE Vector Graphic - Stroke","hd":false,"cl":"primary"},{"ty":"tr","p":{"a":0,"k":[0,0],"ix":2},"a":{"a":0,"k":[0,0],"ix":1},"s":{"a":0,"k":[100,100],"ix":3},"r":{"a":0,"k":0,"ix":6},"o":{"a":0,"k":100,"ix":7},"sk":{"a":0,"k":0,"ix":4},"sa":{"a":0,"k":0,"ix":5},"nm":"Transform"}],"nm":"Group 1","np":3,"cix":2,"bm":0,"ix":1,"mn":"ADBE Vector Group","hd":false}],"ip":0,"op":4500,"st":0,"bm":0}]},{"id":"comp_3","nm":"hover-jumping","fr":60,"layers":[{"ddd":0,"ind":1,"ty":4,"nm":"Warstwa 12","sr":1,"ks":{"o":{"a":0,"k":100,"ix":11},"r":{"a":0,"k":0,"ix":10},"p":{"a":1,"k":[{"i":{"x":0,"y":1},"o":{"x":0.333,"y":0},"t":0,"s":[217.379,164.259,0],"to":[0,-1.152,0],"ti":[0,42.405,0]},{"i":{"x":0.667,"y":1},"o":{"x":0.828,"y":0},"t":20,"s":[217.379,117.244,0],"to":[0.07,51.931,0],"ti":[0,1.152,0]},{"i":{"x":0.667,"y":1},"o":{"x":0.333,"y":0},"t":36.668,"s":[217.379,184.259,0],"to":[0,-1.152,0],"ti":[0,1.152,0]},{"t":56.66796875,"s":[217.379,164.259,0]}],"ix":2,"l":2},"a":{"a":0,"k":[7.898,-3.227,0],"ix":1,"l":2},"s":{"a":0,"k":[553.113,553.113,100],"ix":6,"l":2}},"ao":0,"shapes":[{"ty":"gr","it":[{"ind":0,"ty":"sh","ix":1,"ks":{"a":0,"k":{"i":[[0,-5.604],[5.604,0],[0,5.604],[-5.605,0]],"o":[[0,5.604],[-5.604,0],[0,-5.604],[5.605,0]],"v":[[18.046,-3.227],[7.898,6.921],[-2.25,-3.227],[7.898,-13.375]],"c":true},"ix":2},"nm":"Path 1","mn":"ADBE Vector Shape - Group","hd":false},{"ty":"st","c":{"a":0,"k":[0.031,0.659,0.541,1],"ix":3,"x":"var $bm_rt;\n$bm_rt = comp('wired-outline-44-avatar-user-in-circle').layer('control').effect('secondary')('Color');"},"o":{"a":0,"k":100,"ix":4},"w":{"a":0,"k":2.1,"ix":5,"x":"var $bm_rt;\n$bm_rt = $bm_mul($bm_div(value, 2), comp('wired-outline-44-avatar-user-in-circle').layer('control').effect('stroke')('Menu'));"},"lc":2,"lj":2,"bm":0,"nm":".secondary","mn":"ADBE Vector Graphic - Stroke","hd":false,"cl":"secondary"},{"ty":"tr","p":{"a":0,"k":[0,0],"ix":2},"a":{"a":0,"k":[0,0],"ix":1},"s":{"a":0,"k":[100,100],"ix":3},"r":{"a":0,"k":0,"ix":6},"o":{"a":0,"k":100,"ix":7},"sk":{"a":0,"k":0,"ix":4},"sa":{"a":0,"k":0,"ix":5},"nm":"Transform"}],"nm":"Group 1","np":2,"cix":2,"bm":0,"ix":1,"mn":"ADBE Vector Group","hd":false},{"ty":"tm","s":{"a":0,"k":0,"ix":1},"e":{"a":0,"k":100,"ix":2},"o":{"a":0,"k":-40,"ix":3},"m":1,"ix":2,"nm":"Trim Paths 1","mn":"ADBE Vector Filter - Trim","hd":false}],"ip":0,"op":217.5,"st":0,"bm":0},{"ddd":0,"ind":2,"ty":4,"nm":"Warstwa 10","sr":1,"ks":{"o":{"a":0,"k":100,"ix":11},"r":{"a":0,"k":0,"ix":10},"p":{"a":0,"k":[217.379,297.118,0],"ix":2,"l":2},"a":{"a":0,"k":[9.568,24.043,0],"ix":1,"l":2},"s":{"a":0,"k":[553.113,553.113,100],"ix":6,"l":2}},"ao":0,"shapes":[{"ty":"gr","it":[{"ind":0,"ty":"sh","ix":1,"ks":{"a":1,"k":[{"i":{"x":0.667,"y":1},"o":{"x":0.333,"y":0},"t":0,"s":[{"i":[[0,0],[0,0],[-7.742,0],[0,0],[0,-7.742],[0,0]],"o":[[0,0],[0,-7.742],[0,0],[7.742,0],[0,0],[0,0]],"v":[[-12.533,30.435],[-12.467,29.769],[1.552,15.75],[17.583,15.75],[31.602,29.769],[31.536,30.435]],"c":false}]},{"i":{"x":0.667,"y":1},"o":{"x":0.333,"y":0},"t":16.668,"s":[{"i":[[0,0],[0,0],[-7.742,0],[0,0],[0,-8.516],[0,0]],"o":[[0,0],[0,-8.516],[0,0],[7.742,0],[0,0],[0,0]],"v":[[-12.533,30.435],[-12.467,23.712],[1.552,8.293],[17.583,8.293],[31.602,23.712],[31.536,30.435]],"c":false}]},{"i":{"x":0.667,"y":1},"o":{"x":0.333,"y":0},"t":33.332,"s":[{"i":[[0,0],[0,0],[-7.742,0],[0,0],[0,-6.717],[0,0]],"o":[[0,0],[0,-6.717],[0,0],[7.742,0],[0,0],[0,0]],"v":[[-12.533,30.435],[-12.467,29.857],[1.552,17.694],[17.583,17.694],[31.602,29.857],[31.536,30.435]],"c":false}]},{"t":53.33203125,"s":[{"i":[[0,0],[0,0],[-7.742,0],[0,0],[0,-7.742],[0,0]],"o":[[0,0],[0,-7.742],[0,0],[7.742,0],[0,0],[0,0]],"v":[[-12.533,30.435],[-12.467,29.769],[1.552,15.75],[17.583,15.75],[31.602,29.769],[31.536,30.435]],"c":false}]}],"ix":2},"nm":"Path 1","mn":"ADBE Vector Shape - Group","hd":false},{"ty":"st","c":{"a":0,"k":[0.071,0.075,0.192,1],"ix":3,"x":"var $bm_rt;\n$bm_rt = comp('wired-outline-44-avatar-user-in-circle').layer('control').effect('primary')('Color');"},"o":{"a":0,"k":100,"ix":4},"w":{"a":0,"k":2.1,"ix":5,"x":"var $bm_rt;\n$bm_rt = $bm_mul($bm_div(value, 2), comp('wired-outline-44-avatar-user-in-circle').layer('control').effect('stroke')('Menu'));"},"lc":2,"lj":2,"bm":0,"nm":".primary","mn":"ADBE Vector Graphic - Stroke","hd":false,"cl":"primary"},{"ty":"tr","p":{"a":0,"k":[0,0],"ix":2},"a":{"a":0,"k":[0,0],"ix":1},"s":{"a":0,"k":[100,100],"ix":3},"r":{"a":0,"k":0,"ix":6},"o":{"a":0,"k":100,"ix":7},"sk":{"a":0,"k":0,"ix":4},"sa":{"a":0,"k":0,"ix":5},"nm":"Transform"}],"nm":"Group 1","np":2,"cix":2,"bm":0,"ix":1,"mn":"ADBE Vector Group","hd":false}],"ip":0,"op":217.5,"st":0,"bm":0},{"ddd":0,"ind":3,"ty":4,"nm":"Warstwa 3","sr":1,"ks":{"o":{"a":0,"k":100,"ix":11},"r":{"a":0,"k":0,"ix":10},"p":{"a":0,"k":[217.437,214.557,0],"ix":2,"l":2},"a":{"a":0,"k":[0,0,0],"ix":1,"l":2},"s":{"a":0,"k":[337.264,337.264,100],"ix":6,"l":2}},"ao":0,"shapes":[{"ty":"gr","it":[{"ind":0,"ty":"sh","ix":1,"ks":{"a":0,"k":{"i":[[0,-27.614],[27.614,0],[0,27.614],[-27.614,0]],"o":[[0,27.614],[-27.614,0],[0,-27.614],[27.614,0]],"v":[[50.04,0.75],[0.04,50.75],[-49.96,0.75],[0.04,-49.25]],"c":true},"ix":2},"nm":"Path 1","mn":"ADBE Vector Shape - Group","hd":false},{"ty":"st","c":{"a":0,"k":[0.071,0.075,0.192,1],"ix":3,"x":"var $bm_rt;\n$bm_rt = comp('wired-outline-44-avatar-user-in-circle').layer('control').effect('primary')('Color');"},"o":{"a":0,"k":100,"ix":4},"w":{"a":0,"k":3.36,"ix":5,"x":"var $bm_rt;\n$bm_rt = $bm_mul($bm_div(value, 2), comp('wired-outline-44-avatar-user-in-circle').layer('control').effect('stroke')('Menu'));"},"lc":2,"lj":2,"bm":0,"nm":".primary","mn":"ADBE Vector Graphic - Stroke","hd":false,"cl":"primary"},{"ty":"tr","p":{"a":0,"k":[0,0],"ix":2},"a":{"a":0,"k":[0,0],"ix":1},"s":{"a":0,"k":[100,100],"ix":3},"r":{"a":0,"k":0,"ix":6},"o":{"a":0,"k":100,"ix":7},"sk":{"a":0,"k":0,"ix":4},"sa":{"a":0,"k":0,"ix":5},"nm":"Transform"}],"nm":"Group 1","np":3,"cix":2,"bm":0,"ix":1,"mn":"ADBE Vector Group","hd":false}],"ip":0,"op":4500,"st":0,"bm":0}]}],"layers":[{"ddd":0,"ind":1,"ty":3,"nm":"control","sr":1,"ks":{"o":{"a":0,"k":0,"ix":11},"r":{"a":0,"k":0,"ix":10},"p":{"a":0,"k":[0,0],"ix":2,"l":2},"a":{"a":0,"k":[0,0,0],"ix":1,"l":2},"s":{"a":0,"k":[100,100,100],"ix":6,"l":2}},"ao":0,"ef":[{"ty":5,"nm":"stroke","np":3,"mn":"Pseudo/@@Qo73q1QORbWS0elAyELv6Q","ix":1,"en":1,"ef":[{"ty":7,"nm":"Menu","mn":"Pseudo/@@Qo73q1QORbWS0elAyELv6Q-0001","ix":1,"v":{"a":0,"k":2,"ix":1}}]},{"ty":5,"nm":"primary","np":3,"mn":"ADBE Color Control","ix":2,"en":1,"ef":[{"ty":2,"nm":"Color","mn":"ADBE Color Control-0001","ix":1,"v":{"a":0,"k":[0.071,0.075,0.192],"ix":1}}]},{"ty":5,"nm":"secondary","np":3,"mn":"ADBE Color Control","ix":3,"en":1,"ef":[{"ty":2,"nm":"Color","mn":"ADBE Color Control-0001","ix":1,"v":{"a":0,"k":[0.031,0.659,0.541],"ix":1}}]}],"ip":0,"op":363,"st":0,"bm":0},{"ddd":0,"ind":2,"ty":0,"nm":"in-reveal","refId":"comp_0","sr":1,"ks":{"o":{"a":0,"k":100,"ix":11},"r":{"a":0,"k":0,"ix":10},"p":{"a":0,"k":[215,215,0],"ix":2,"l":2},"a":{"a":0,"k":[215,215,0],"ix":1,"l":2},"s":{"a":0,"k":[100,100,100],"ix":6,"l":2}},"ao":0,"w":430,"h":430,"ip":0,"op":100,"st":0,"bm":0},{"ddd":0,"ind":3,"ty":0,"nm":"hover-looking-around","refId":"comp_1","sr":1,"ks":{"o":{"a":0,"k":100,"ix":11},"r":{"a":0,"k":0,"ix":10},"p":{"a":0,"k":[215,215,0],"ix":2,"l":2},"a":{"a":0,"k":[215,215,0],"ix":1,"l":2},"s":{"a":0,"k":[100,100,100],"ix":6,"l":2}},"ao":0,"w":430,"h":430,"ip":100,"op":232.5,"st":100,"bm":0},{"ddd":0,"ind":4,"ty":0,"nm":"hover-nodding","refId":"comp_2","sr":1,"ks":{"o":{"a":0,"k":100,"ix":11},"r":{"a":0,"k":0,"ix":10},"p":{"a":0,"k":[215,215,0],"ix":2,"l":2},"a":{"a":0,"k":[215,215,0],"ix":1,"l":2},"s":{"a":0,"k":[100,100,100],"ix":6,"l":2}},"ao":0,"w":430,"h":430,"ip":232.5,"op":302,"st":232.5,"bm":0},{"ddd":0,"ind":5,"ty":0,"nm":"hover-jumping","refId":"comp_3","sr":1,"ks":{"o":{"a":0,"k":100,"ix":11},"r":{"a":0,"k":0,"ix":10},"p":{"a":0,"k":[215,215,0],"ix":2,"l":2},"a":{"a":0,"k":[215,215,0],"ix":1,"l":2},"s":{"a":0,"k":[100,100,100],"ix":6,"l":2}},"ao":0,"w":430,"h":430,"ip":302,"op":372,"st":302,"bm":0}],"markers":[{"tm":0,"cm":"in-reveal","dr":90},{"tm":100,"cm":"default:hover-looking-around","dr":122.5},{"tm":232.5,"cm":"hover-nodding","dr":59.5},{"tm":302,"cm":"hover-jumping","dr":60}]}