{"v":"5.12.1","fr":60,"ip":130,"op":222,"w":430,"h":430,"nm":"wired-outline-2344-poetry","ddd":0,"assets":[{"id":"comp_0","nm":"in-reveal","fr":60,"layers":[{"ddd":0,"ind":1,"ty":4,"nm":"feather","sr":1,"ks":{"o":{"a":0,"k":100,"ix":11},"r":{"a":1,"k":[{"i":{"x":[0.474],"y":[1]},"o":{"x":[0.453],"y":[0]},"t":30,"s":[32]},{"i":{"x":[0.833],"y":[0.833]},"o":{"x":[0.304],"y":[0]},"t":61,"s":[-13]},{"i":{"x":[0.667],"y":[1]},"o":{"x":[0.167],"y":[0.167]},"t":80,"s":[-30.2]},{"i":{"x":[0.394],"y":[1]},"o":{"x":[0.202],"y":[0]},"t":90,"s":[-41.137]},{"t":120,"s":[0]}],"ix":10},"p":{"a":1,"k":[{"i":{"x":0.312,"y":1},"o":{"x":0.167,"y":0.167},"t":26,"s":[135.25,215.516,0],"to":[0,0,0],"ti":[0,0,0]},{"i":{"x":0.526,"y":0.654},"o":{"x":0.585,"y":0},"t":53,"s":[219.25,173.016,0],"to":[0,0,0],"ti":[0,0,0]},{"i":{"x":0.472,"y":1},"o":{"x":0.167,"y":0.167},"t":80,"s":[178.75,255.016,0],"to":[0,0,0],"ti":[0,0,0]},{"t":104,"s":[202.25,255.016,0]}],"ix":2,"l":2},"a":{"a":0,"k":[237.25,290.016,0],"ix":1,"l":2},"s":{"a":0,"k":[100,100,100],"ix":6,"l":2}},"ao":0,"shapes":[{"ty":"gr","it":[{"ind":0,"ty":"sh","ix":1,"ks":{"a":1,"k":[{"i":{"x":0.833,"y":0.833},"o":{"x":0.167,"y":0.167},"t":30,"s":[{"i":[[0,0],[-2.451,1.284]],"o":[[0,0],[0,0]],"v":[[-58.878,41.592],[-54.891,38.776]],"c":false}]},{"i":{"x":0.154,"y":1},"o":{"x":0.167,"y":0.167},"t":53,"s":[{"i":[[0,0],[-41.589,35.287]],"o":[[0,0],[0,0]],"v":[[-58.037,42.729],[30.283,-29.576]],"c":false}]},{"t":86,"s":[{"i":[[0,0],[-72.382,37.909]],"o":[[0,0],[0,0]],"v":[[-58.878,41.592],[58.878,-41.592]],"c":false}]}],"ix":2},"nm":"Path 1","mn":"ADBE Vector Shape - Group","hd":false},{"ty":"st","c":{"a":0,"k":[0.031,0.659,0.541,1],"ix":3,"x":"var $bm_rt;\n$bm_rt = comp('wired-outline-2344-poetry').layer('control').effect('secondary')('Color');"},"o":{"a":0,"k":100,"ix":4},"w":{"a":0,"k":12,"ix":5,"x":"var $bm_rt;\n$bm_rt = $bm_mul($bm_div(value, 2), comp('wired-outline-2344-poetry').layer('control').effect('stroke')('Menu'));"},"lc":2,"lj":2,"bm":0,"nm":".secondary","mn":"ADBE Vector Graphic - Stroke","hd":false,"cl":"secondary"},{"ty":"tr","p":{"a":0,"k":[296.129,248.424],"ix":2},"a":{"a":0,"k":[0,0],"ix":1},"s":{"a":0,"k":[100,100],"ix":3},"r":{"a":0,"k":0,"ix":6},"o":{"a":0,"k":100,"ix":7},"sk":{"a":0,"k":0,"ix":4},"sa":{"a":0,"k":0,"ix":5},"nm":"Transform"}],"nm":"Group 1","np":2,"cix":2,"bm":0,"ix":1,"mn":"ADBE Vector Group","hd":false},{"ty":"gr","it":[{"ind":0,"ty":"sh","ix":1,"ks":{"a":1,"k":[{"i":{"x":0.833,"y":0.833},"o":{"x":0.167,"y":0.167},"t":30,"s":[{"i":[[1.296,-0.869],[0.483,-0.171],[0,0],[0,0],[0.575,0.123],[-1.296,0.869],[-0.434,0.167],[0,0],[0,0],[-0.531,-0.113]],"o":[[-0.47,0.315],[0,0],[0,0],[-0.699,0.189],[0.197,-1.09],[0.422,-0.283],[0,0],[0,0],[0.641,-0.152],[-0.197,1.09]],"v":[[-104.364,75.531],[-105.59,76.18],[-105.816,75.842],[-106.228,76.393],[-108.175,76.493],[-105.84,73.331],[-104.549,72.656],[-104.325,73.086],[-103.816,72.428],[-102.028,72.369]],"c":true}]},{"i":{"x":0.154,"y":1},"o":{"x":0.167,"y":0.167},"t":53,"s":[{"i":[[29.797,-26.14],[10.675,-5.501],[0,0],[0,0],[13.482,2.875],[-31.017,27.553],[-9.549,5.246],[0,0],[0,0],[-11.264,1.541]],"o":[[-9.977,8.752],[0,0],[0,0],[-15.647,6.585],[4.621,-25.554],[14.514,-12.894],[0,0],[0,0],[14.423,-5.558],[2.588,24.212]],"v":[[-6.071,31.737],[-32.027,50.767],[-38.328,43.621],[-46.159,57.72],[-92.086,65.089],[-51.07,-12.633],[-23.2,-32.382],[-16.639,-23.103],[-6.891,-39.992],[29.576,-56.187]],"c":true}]},{"t":86,"s":[{"i":[[38.277,-25.679],[14.258,-5.059],[0,0],[0,0],[16.984,3.621],[-38.277,25.679],[-12.809,4.931],[0,0],[0,0],[-15.682,-3.344]],"o":[[-13.884,9.315],[0,0],[0,0],[-20.647,5.569],[5.821,-32.191],[12.451,-8.353],[0,0],[0,0],[18.945,-4.494],[-5.821,32.191]],"v":[[21.797,32.489],[-14.433,51.671],[-21.088,41.682],[-33.253,57.957],[-90.77,60.897],[-21.797,-32.489],[16.339,-52.42],[22.957,-39.726],[37.987,-59.157],[90.77,-60.897]],"c":true}]}],"ix":2},"nm":"Path 1","mn":"ADBE Vector Shape - Group","hd":false},{"ty":"st","c":{"a":0,"k":[0.031,0.659,0.541,1],"ix":3,"x":"var $bm_rt;\n$bm_rt = comp('wired-outline-2344-poetry').layer('control').effect('secondary')('Color');"},"o":{"a":0,"k":100,"ix":4},"w":{"a":0,"k":12,"ix":5,"x":"var $bm_rt;\n$bm_rt = $bm_mul($bm_div(value, 2), comp('wired-outline-2344-poetry').layer('control').effect('stroke')('Menu'));"},"lc":2,"lj":2,"bm":0,"nm":".secondary","mn":"ADBE Vector Graphic - Stroke","hd":false,"cl":"secondary"},{"ty":"tr","p":{"a":0,"k":[346.035,212.977],"ix":2},"a":{"a":0,"k":[0,0],"ix":1},"s":{"a":0,"k":[100,100],"ix":3},"r":{"a":0,"k":0,"ix":6},"o":{"a":0,"k":100,"ix":7},"sk":{"a":0,"k":0,"ix":4},"sa":{"a":0,"k":0,"ix":5},"nm":"Transform"}],"nm":"Group 2","np":2,"cix":2,"bm":0,"ix":2,"mn":"ADBE Vector Group","hd":false}],"ip":30,"op":874,"st":30,"ct":1,"bm":0},{"ddd":0,"ind":2,"ty":4,"nm":"mask-1","td":1,"sr":1,"ks":{"o":{"a":0,"k":100,"ix":11},"r":{"a":1,"k":[{"i":{"x":[0.474],"y":[1]},"o":{"x":[0.453],"y":[0]},"t":30,"s":[32]},{"i":{"x":[0.833],"y":[0.833]},"o":{"x":[0.304],"y":[0]},"t":61,"s":[-13]},{"i":{"x":[0.667],"y":[1]},"o":{"x":[0.167],"y":[0.167]},"t":80,"s":[-30.2]},{"i":{"x":[0.394],"y":[1]},"o":{"x":[0.202],"y":[0]},"t":90,"s":[-41.137]},{"t":120,"s":[0]}],"ix":10},"p":{"a":1,"k":[{"i":{"x":0.312,"y":1},"o":{"x":0.167,"y":0.167},"t":26,"s":[135.25,215.516,0],"to":[0,0,0],"ti":[0,0,0]},{"i":{"x":0.526,"y":0.654},"o":{"x":0.585,"y":0},"t":53,"s":[219.25,173.016,0],"to":[0,0,0],"ti":[0,0,0]},{"i":{"x":0.472,"y":1},"o":{"x":0.167,"y":0.167},"t":80,"s":[178.75,255.016,0],"to":[0,0,0],"ti":[0,0,0]},{"t":104,"s":[202.25,255.016,0]}],"ix":2,"l":2},"a":{"a":0,"k":[237.25,290.016,0],"ix":1,"l":2},"s":{"a":0,"k":[100,100,100],"ix":6,"l":2}},"ao":0,"shapes":[{"ty":"gr","it":[{"ind":0,"ty":"sh","ix":1,"ks":{"a":1,"k":[{"i":{"x":0.833,"y":0.833},"o":{"x":0.167,"y":0.167},"t":30,"s":[{"i":[[1.296,-0.869],[0.483,-0.171],[0,0],[0,0],[0.575,0.123],[-1.296,0.869],[-0.434,0.167],[0,0],[0,0],[-0.531,-0.113]],"o":[[-0.47,0.315],[0,0],[0,0],[-0.699,0.189],[0.197,-1.09],[0.422,-0.283],[0,0],[0,0],[0.641,-0.152],[-0.197,1.09]],"v":[[-104.364,75.531],[-105.59,76.18],[-105.816,75.842],[-106.228,76.393],[-108.175,76.493],[-105.84,73.331],[-104.549,72.656],[-104.325,73.086],[-103.816,72.428],[-102.028,72.369]],"c":true}]},{"i":{"x":0.154,"y":1},"o":{"x":0.167,"y":0.167},"t":53,"s":[{"i":[[29.797,-26.14],[10.675,-5.501],[0,0],[0,0],[13.482,2.875],[-31.017,27.553],[-9.549,5.246],[0,0],[0,0],[-11.264,1.541]],"o":[[-9.977,8.752],[0,0],[0,0],[-15.647,6.585],[4.621,-25.554],[14.514,-12.894],[0,0],[0,0],[14.423,-5.558],[2.588,24.212]],"v":[[-6.071,31.737],[-32.027,50.767],[-38.328,43.621],[-46.159,57.72],[-92.086,65.089],[-51.07,-12.633],[-23.2,-32.382],[-16.639,-23.103],[-6.891,-39.992],[29.576,-56.187]],"c":true}]},{"t":86,"s":[{"i":[[38.277,-25.679],[14.258,-5.059],[0,0],[0,0],[16.984,3.621],[-38.277,25.679],[-12.809,4.931],[0,0],[0,0],[-15.682,-3.344]],"o":[[-13.884,9.315],[0,0],[0,0],[-20.647,5.569],[5.821,-32.191],[12.451,-8.353],[0,0],[0,0],[18.945,-4.494],[-5.821,32.191]],"v":[[21.797,32.489],[-14.433,51.671],[-21.088,41.682],[-33.253,57.957],[-90.77,60.897],[-21.797,-32.489],[16.339,-52.42],[22.957,-39.726],[37.987,-59.157],[90.77,-60.897]],"c":true}]}],"ix":2},"nm":"Path 1","mn":"ADBE Vector Shape - Group","hd":false},{"ty":"fl","c":{"a":0,"k":[1,0,0,1],"ix":4},"o":{"a":0,"k":100,"ix":5},"r":1,"bm":0,"nm":"Fill 1","mn":"ADBE Vector Graphic - Fill","hd":false},{"ty":"tr","p":{"a":0,"k":[346.035,212.977],"ix":2},"a":{"a":0,"k":[0,0],"ix":1},"s":{"a":0,"k":[100,100],"ix":3},"r":{"a":0,"k":0,"ix":6},"o":{"a":0,"k":100,"ix":7},"sk":{"a":0,"k":0,"ix":4},"sa":{"a":0,"k":0,"ix":5},"nm":"Transform"}],"nm":"Group 2","np":2,"cix":2,"bm":0,"ix":1,"mn":"ADBE Vector Group","hd":false}],"ip":30,"op":874,"st":30,"ct":1,"bm":0},{"ddd":0,"ind":3,"ty":0,"nm":"poetry","tt":2,"tp":2,"refId":"comp_1","sr":1,"ks":{"o":{"a":0,"k":100,"ix":11},"r":{"a":0,"k":0,"ix":10},"p":{"a":0,"k":[215,215,0],"ix":2,"l":2},"a":{"a":0,"k":[215,215,0],"ix":1,"l":2},"s":{"a":0,"k":[100,100,100],"ix":6,"l":2}},"ao":0,"w":430,"h":430,"ip":0,"op":844,"st":0,"bm":0}]},{"id":"comp_1","nm":"poetry","fr":60,"layers":[{"ddd":0,"ind":1,"ty":4,"nm":"Top-2","parent":2,"sr":1,"ks":{"o":{"a":0,"k":100,"ix":11},"r":{"a":0,"k":0,"ix":10},"p":{"a":0,"k":[257.638,133.586,0],"ix":2,"l":2},"a":{"a":0,"k":[267.638,123.586,0],"ix":1,"l":2},"s":{"a":0,"k":[100,100,100],"ix":6,"l":2}},"ao":0,"shapes":[{"ty":"gr","it":[{"ind":0,"ty":"sh","ix":1,"ks":{"a":1,"k":[{"i":{"x":0.833,"y":0.833},"o":{"x":0.167,"y":0.167},"t":0,"s":[{"i":[[0,0],[0,0]],"o":[[0,0],[0,0]],"v":[[253.058,100.377],[253.042,100.529]],"c":false}]},{"i":{"x":0.349,"y":1},"o":{"x":0.167,"y":0.167},"t":9,"s":[{"i":[[0,0],[0,0]],"o":[[0,0],[0,0]],"v":[[175.061,100.327],[175.053,100.478]],"c":false}]},{"i":{"x":0.833,"y":0.833},"o":{"x":0.333,"y":0},"t":25,"s":[{"i":[[0,0],[0,0]],"o":[[0,0],[0,0]],"v":[[199.366,100.395],[164.038,100.547]],"c":false}]},{"i":{"x":0.833,"y":0.833},"o":{"x":0.167,"y":0.167},"t":30,"s":[{"i":[[0,0],[0,0]],"o":[[0,0],[0,0]],"v":[[199.304,99.888],[164.538,100.047]],"c":false}]},{"i":{"x":0.833,"y":0.833},"o":{"x":0.167,"y":0.167},"t":35,"s":[{"i":[[0,0],[0,0]],"o":[[0,0],[0,0]],"v":[[198.968,98.289],[166.005,98.409]],"c":false}]},{"i":{"x":0.833,"y":0.833},"o":{"x":0.167,"y":0.167},"t":37,"s":[{"i":[[0,0],[0,0]],"o":[[0,0],[0,0]],"v":[[198.607,96.811],[162.792,96.933]],"c":false}]},{"i":{"x":0.833,"y":0.833},"o":{"x":0.167,"y":0.167},"t":38,"s":[{"i":[[0,0],[0,0]],"o":[[0,0],[0,0]],"v":[[198.814,97.803],[155.692,97.865]],"c":false}]},{"i":{"x":0.833,"y":0.833},"o":{"x":0.167,"y":0.167},"t":41,"s":[{"i":[[0,0],[0,0]],"o":[[0,0],[0,0]],"v":[[202.625,106.86],[144.251,106.978]],"c":false}]},{"i":{"x":0.833,"y":0.833},"o":{"x":0.167,"y":0.167},"t":44,"s":[{"i":[[0,0],[0,0]],"o":[[0,0],[0,0]],"v":[[200.201,116.641],[142.729,116.704]],"c":false}]},{"i":{"x":0.833,"y":0.833},"o":{"x":0.167,"y":0.167},"t":47,"s":[{"i":[[0,0],[0,0]],"o":[[0,0],[0,0]],"v":[[195.301,121.659],[146.267,121.712]],"c":false}]},{"i":{"x":0.833,"y":0.833},"o":{"x":0.167,"y":0.167},"t":50,"s":[{"i":[[0,0],[0,0]],"o":[[0,0],[0,0]],"v":[[189.946,119.104],[153.042,119.176]],"c":false}]},{"i":{"x":0.833,"y":0.833},"o":{"x":0.167,"y":0.167},"t":53,"s":[{"i":[[0,0],[0,0]],"o":[[0,0],[0,0]],"v":[[189.323,114.457],[158.6,114.528]],"c":false}]},{"i":{"x":0.833,"y":0.833},"o":{"x":0.167,"y":0.167},"t":56,"s":[{"i":[[0,0],[0,0]],"o":[[0,0],[0,0]],"v":[[190.777,111.201],[164.245,111.262]],"c":false}]},{"t":57,"s":[{"i":[[0,0],[0,0]],"o":[[0,0],[0,0]],"v":[[-1.243,109.999],[-1.208,110.028]],"c":false}],"h":1},{"t":75,"s":[{"i":[[0,0],[0,0]],"o":[[0,0],[0,0]],"v":[[177.984,103.875],[178,103.875]],"c":false}],"h":1}],"ix":2},"nm":"Path 1","mn":"ADBE Vector Shape - Group","hd":false},{"ind":1,"ty":"sh","ix":2,"ks":{"a":1,"k":[{"i":{"x":0.833,"y":0.833},"o":{"x":0.167,"y":0.167},"t":0,"s":[{"i":[[0,0],[0,0]],"o":[[0,0],[0,0]],"v":[[253.06,122.66],[253.049,122.644]],"c":false}]},{"i":{"x":0.349,"y":1},"o":{"x":0.167,"y":0.167},"t":9,"s":[{"i":[[0,0],[0,0]],"o":[[0,0],[0,0]],"v":[[175.062,122.61],[175.057,122.594]],"c":false}]},{"i":{"x":0.833,"y":0.833},"o":{"x":0.333,"y":0},"t":25,"s":[{"i":[[0,0],[0,0]],"o":[[0,0],[0,0]],"v":[[203.5,122.678],[178.978,122.662]],"c":false}]},{"i":{"x":0.833,"y":0.833},"o":{"x":0.167,"y":0.167},"t":30,"s":[{"i":[[0,0],[0,0]],"o":[[0,0],[0,0]],"v":[[203.438,117.641],[179.759,117.609]],"c":false}]},{"i":{"x":0.833,"y":0.833},"o":{"x":0.167,"y":0.167},"t":32,"s":[{"i":[[0,0],[0,0]],"o":[[0,0],[0,0]],"v":[[201.959,111.661],[178.931,111.613]],"c":false}]},{"i":{"x":0.833,"y":0.833},"o":{"x":0.167,"y":0.167},"t":35,"s":[{"i":[[0,0],[0,0]],"o":[[0,0],[0,0]],"v":[[199.75,100.66],[171.915,100.6]],"c":false}]},{"i":{"x":0.833,"y":0.833},"o":{"x":0.167,"y":0.167},"t":37,"s":[{"i":[[0,0],[0,0]],"o":[[0,0],[0,0]],"v":[[197,96.785],[167.103,96.881]],"c":false}]},{"t":38,"s":[{"i":[[0,0],[0,0]],"o":[[0,0],[0,0]],"v":[[-0.625,99.003],[-0.647,98.913]],"c":false}],"h":1}],"ix":2},"nm":"Path 2","mn":"ADBE Vector Shape - Group","hd":false},{"ty":"st","c":{"a":0,"k":[0.071,0.075,0.192,1],"ix":3,"x":"var $bm_rt;\n$bm_rt = comp('wired-outline-2344-poetry').layer('control').effect('primary')('Color');"},"o":{"a":1,"k":[{"i":{"x":[0.833],"y":[0.833]},"o":{"x":[0.167],"y":[0.167]},"t":75,"s":[100]},{"t":76,"s":[0]}],"ix":4},"w":{"a":0,"k":12.04,"ix":5,"x":"var $bm_rt;\n$bm_rt = $bm_mul($bm_div(value, 2), comp('wired-outline-2344-poetry').layer('control').effect('stroke')('Menu'));"},"lc":2,"lj":1,"ml":4,"bm":0,"nm":".primary","mn":"ADBE Vector Graphic - Stroke","hd":false,"cl":"primary"},{"ty":"tr","p":{"a":1,"k":[{"i":{"x":0.23,"y":1},"o":{"x":0.748,"y":0},"t":25,"s":[0,0],"to":[0,0],"ti":[0,0]},{"t":75,"s":[0,33.75]}],"ix":2},"a":{"a":0,"k":[0,0],"ix":1},"s":{"a":0,"k":[100,100],"ix":3},"r":{"a":0,"k":0,"ix":6},"o":{"a":0,"k":100,"ix":7},"sk":{"a":0,"k":0,"ix":4},"sa":{"a":0,"k":0,"ix":5},"nm":"Transform"}],"nm":"Shape 1","np":3,"cix":2,"bm":0,"ix":1,"mn":"ADBE Vector Group","hd":false},{"ty":"gr","it":[{"ind":0,"ty":"sh","ix":1,"ks":{"a":1,"k":[{"i":{"x":0.833,"y":0.833},"o":{"x":0.167,"y":0.167},"t":0,"s":[{"i":[[0,0],[0.003,0.065],[0.001,6.997],[-0.002,7.405],[-0.004,-0.162],[0.001,-8.398]],"o":[[0,0],[-0.005,-0.116],[-0.001,-9.76],[0.001,-7.205],[0.006,0.241],[0,0]],"v":[[37.538,-219.208],[37.533,-219.19],[37.524,-235.304],[37.524,-263.351],[37.533,-275.895],[37.54,-254.416]],"c":false}]},{"i":{"x":0.328,"y":1},"o":{"x":0.167,"y":0.167},"t":9,"s":[{"i":[[0,0],[0.002,0.065],[0.001,6.997],[-0.001,7.405],[-0.002,-0.161],[0,-8.398]],"o":[[0,0],[-0.003,-0.116],[-0.001,-9.76],[0.001,-7.205],[0.003,0.241],[0,0]],"v":[[-40.454,-219.259],[-40.456,-219.241],[-40.461,-235.354],[-40.461,-263.402],[-40.457,-275.945],[-40.453,-254.466]],"c":false}]},{"i":{"x":0.213,"y":1},"o":{"x":0.333,"y":0},"t":25,"s":[{"i":[[0,0],[6.527,0.065],[2.311,6.997],[-3.303,7.405],[-8.036,-0.162],[1.786,-8.398]],"o":[[0,0],[-11.67,-0.116],[-3.223,-9.76],[3.214,-7.205],[11.995,0.241],[0,0]],"v":[[-40.166,-219.19],[-49.964,-219.173],[-70.57,-235.286],[-69.973,-263.334],[-51.646,-275.877],[-36.212,-254.398]],"c":false}]},{"t":75,"s":[{"i":[[0,0],[6.527,0.064],[2.311,5.355],[-3.303,5.666],[-8.036,-0.124],[1.786,-6.426]],"o":[[0,0],[-10.982,-0.108],[-3.223,-7.469],[3.214,-5.514],[11.995,0.185],[0,0]],"v":[[-40.166,-239.163],[-50.464,-239.119],[-70.57,-251.48],[-69.973,-272.942],[-51.646,-282.54],[-36.212,-266.104]],"c":false}]}],"ix":2},"nm":"Path 3","mn":"ADBE Vector Shape - Group","hd":false},{"ty":"tm","s":{"a":0,"k":0,"ix":1},"e":{"a":1,"k":[{"i":{"x":[0.213],"y":[1]},"o":{"x":[0.333],"y":[0]},"t":25,"s":[100]},{"t":75,"s":[0]}],"ix":2},"o":{"a":0,"k":0,"ix":3},"m":1,"ix":2,"nm":"Trim Paths 1","mn":"ADBE Vector Filter - Trim","hd":false},{"ty":"st","c":{"a":0,"k":[0.071,0.075,0.192,1],"ix":3,"x":"var $bm_rt;\n$bm_rt = comp('wired-outline-2344-poetry').layer('control').effect('primary')('Color');"},"o":{"a":0,"k":100,"ix":4},"w":{"a":0,"k":12.04,"ix":5,"x":"var $bm_rt;\n$bm_rt = $bm_mul($bm_div(value, 2), comp('wired-outline-2344-poetry').layer('control').effect('stroke')('Menu'));"},"lc":2,"lj":2,"bm":0,"nm":".primary","mn":"ADBE Vector Graphic - Stroke","hd":false,"cl":"primary"},{"ty":"tr","p":{"a":0,"k":[215.509,376.414],"ix":2},"a":{"a":0,"k":[0,0],"ix":1},"s":{"a":0,"k":[100,100],"ix":3},"r":{"a":0,"k":0,"ix":6},"o":{"a":0,"k":100,"ix":7},"sk":{"a":0,"k":0,"ix":4},"sa":{"a":0,"k":0,"ix":5},"nm":"Transform"}],"nm":"Group 1","np":3,"cix":2,"bm":0,"ix":2,"mn":"ADBE Vector Group","hd":false}],"ip":1,"op":844,"st":0,"ct":1,"bm":0},{"ddd":0,"ind":2,"ty":4,"nm":"Top-1","parent":5,"sr":1,"ks":{"o":{"a":0,"k":100,"ix":11},"r":{"a":0,"k":0,"ix":10},"p":{"a":1,"k":[{"i":{"x":0.213,"y":1},"o":{"x":0.333,"y":0},"t":25,"s":[243.328,332.623,0],"to":[0,0,0],"ti":[0,0,0]},{"i":{"x":0.667,"y":1},"o":{"x":0.333,"y":0},"t":75,"s":[243.328,229.998,0],"to":[0,0,0],"ti":[0,0,0]},{"t":104,"s":[243.328,249.998,0]}],"ix":2,"l":2},"a":{"a":0,"k":[243.328,249.998,0],"ix":1,"l":2},"s":{"a":0,"k":[100,100,100],"ix":6,"l":2}},"ao":0,"shapes":[{"ty":"gr","it":[{"ty":"gr","it":[{"ind":0,"ty":"sh","ix":1,"ks":{"a":1,"k":[{"i":{"x":0.833,"y":0.833},"o":{"x":0.167,"y":0.167},"t":0,"s":[{"i":[[0.006,0],[0,0],[0,21.43],[0.006,0],[0,0],[0,-21.43]],"o":[[0,0],[0.006,0],[0,-21.43],[0,0],[0.006,0],[0,21.43]],"v":[[-39.71,38.745],[-39.769,38.745],[-39.759,-0.065],[-39.769,-38.875],[-39.71,-38.875],[-39.7,-0.065]],"c":true}]},{"i":{"x":0.349,"y":1},"o":{"x":0.167,"y":0.167},"t":9,"s":[{"i":[[0.002,0],[0,0],[0,21.43],[0.003,0],[0,0],[0,-21.43]],"o":[[0,0],[0.003,0],[0,-21.43],[0,0],[0.002,0],[0,21.43]],"v":[[39.234,38.759],[-117.72,38.642],[-117.715,-0.168],[-117.72,-38.978],[39.234,-38.861],[39.238,-0.051]],"c":true}]},{"i":{"x":0.213,"y":1},"o":{"x":0.333,"y":0},"t":25,"s":[{"i":[[21.43,0],[0,0],[0,21.43],[21.43,0],[0,0],[0,-21.43]],"o":[[0,0],[21.43,0],[0,-21.43],[0,0],[21.43,0],[0,21.43]],"v":[[88.655,38.81],[-127.465,38.81],[-88.655,0],[-127.465,-38.81],[88.655,-38.81],[127.465,0]],"c":true}]},{"i":{"x":0.667,"y":1},"o":{"x":0.333,"y":0},"t":75,"s":[{"i":[[21.43,0],[0,0],[0.314,11.309],[21.43,0],[0,0],[-0.15,-13.944]],"o":[[0,0],[21.43,0],[-0.595,-21.422],[0,0],[21.43,0],[0.143,13.316]],"v":[[101.155,18.81],[-114.965,18.81],[-91.155,-12.5],[-127.465,-38.81],[95.905,-38.87],[124.965,-12.5]],"c":true}]},{"t":104,"s":[{"i":[[21.43,0],[0,0],[0,21.43],[21.43,0],[0,0],[0,-21.43]],"o":[[0,0],[21.43,0],[0,-21.43],[0,0],[21.43,0],[0,21.43]],"v":[[88.655,38.81],[-127.465,38.81],[-88.655,0],[-127.465,-38.81],[88.655,-38.81],[127.465,0]],"c":true}]}],"ix":2},"nm":"Path 1","mn":"ADBE Vector Shape - Group","hd":false},{"ty":"st","c":{"a":0,"k":[0.071,0.075,0.192,1],"ix":3,"x":"var $bm_rt;\n$bm_rt = comp('wired-outline-2344-poetry').layer('control').effect('primary')('Color');"},"o":{"a":0,"k":100,"ix":4},"w":{"a":0,"k":12,"ix":5,"x":"var $bm_rt;\n$bm_rt = $bm_mul($bm_div(value, 2), comp('wired-outline-2344-poetry').layer('control').effect('stroke')('Menu'));"},"lc":2,"lj":2,"bm":0,"nm":".primary","mn":"ADBE Vector Graphic - Stroke","hd":false,"cl":"primary"},{"ty":"tr","p":{"a":0,"k":[282.84,128.691],"ix":2},"a":{"a":0,"k":[0,0],"ix":1},"s":{"a":0,"k":[100,100],"ix":3},"r":{"a":0,"k":0,"ix":6},"o":{"a":0,"k":100,"ix":7},"sk":{"a":0,"k":0,"ix":4},"sa":{"a":0,"k":0,"ix":5},"nm":"Transform"}],"nm":"Group 1","np":2,"cix":2,"bm":0,"ix":1,"mn":"ADBE Vector Group","hd":false},{"ty":"tr","p":{"a":0,"k":[282.227,90.519],"ix":2},"a":{"a":0,"k":[282.227,90.519],"ix":1},"s":{"a":0,"k":[100,100],"ix":3},"r":{"a":0,"k":0,"ix":6},"o":{"a":0,"k":100,"ix":7},"sk":{"a":0,"k":0,"ix":4},"sa":{"a":0,"k":0,"ix":5},"nm":"Transform"}],"nm":"Group 3","np":1,"cix":2,"bm":0,"ix":1,"mn":"ADBE Vector Group","hd":false}],"ip":1,"op":869,"st":25,"ct":1,"bm":0},{"ddd":0,"ind":3,"ty":4,"nm":"bottom-2","parent":4,"sr":1,"ks":{"o":{"a":0,"k":100,"ix":11},"r":{"a":0,"k":-180,"ix":10},"p":{"a":0,"k":[258.017,134.035,0],"ix":2,"l":2},"a":{"a":0,"k":[267.638,123.586,0],"ix":1,"l":2},"s":{"a":0,"k":[-100,-100,100],"ix":6,"l":2}},"ao":0,"shapes":[{"ty":"gr","it":[{"ind":0,"ty":"sh","ix":1,"ks":{"a":1,"k":[{"i":{"x":0.833,"y":0.833},"o":{"x":0.167,"y":0.167},"t":0,"s":[{"i":[[0,0],[0,0]],"o":[[0,0],[0,0]],"v":[[253.248,100.617],[253.227,100.768]],"c":false}]},{"i":{"x":0.349,"y":1},"o":{"x":0.167,"y":0.167},"t":9,"s":[{"i":[[0,0],[0,0]],"o":[[0,0],[0,0]],"v":[[174.029,100.41],[174.042,100.561]],"c":false}]},{"i":{"x":0.833,"y":0.833},"o":{"x":0.333,"y":0},"t":25,"s":[{"i":[[0,0],[0,0]],"o":[[0,0],[0,0]],"v":[[199.366,100.395],[164.038,100.547]],"c":false}]},{"i":{"x":0.833,"y":0.833},"o":{"x":0.167,"y":0.167},"t":30,"s":[{"i":[[0,0],[0,0]],"o":[[0,0],[0,0]],"v":[[199.304,99.888],[164.538,100.047]],"c":false}]},{"i":{"x":0.833,"y":0.833},"o":{"x":0.167,"y":0.167},"t":35,"s":[{"i":[[0,0],[0,0]],"o":[[0,0],[0,0]],"v":[[198.968,98.289],[166.005,98.409]],"c":false}]},{"i":{"x":0.833,"y":0.833},"o":{"x":0.167,"y":0.167},"t":37,"s":[{"i":[[0,0],[0,0]],"o":[[0,0],[0,0]],"v":[[198.607,96.811],[162.792,96.933]],"c":false}]},{"i":{"x":0.833,"y":0.833},"o":{"x":0.167,"y":0.167},"t":38,"s":[{"i":[[0,0],[0,0]],"o":[[0,0],[0,0]],"v":[[198.814,97.803],[155.692,97.865]],"c":false}]},{"i":{"x":0.833,"y":0.833},"o":{"x":0.167,"y":0.167},"t":41,"s":[{"i":[[0,0],[0,0]],"o":[[0,0],[0,0]],"v":[[202.625,106.86],[144.251,106.978]],"c":false}]},{"i":{"x":0.833,"y":0.833},"o":{"x":0.167,"y":0.167},"t":44,"s":[{"i":[[0,0],[0,0]],"o":[[0,0],[0,0]],"v":[[200.201,116.641],[142.729,116.704]],"c":false}]},{"i":{"x":0.833,"y":0.833},"o":{"x":0.167,"y":0.167},"t":47,"s":[{"i":[[0,0],[0,0]],"o":[[0,0],[0,0]],"v":[[195.301,121.659],[146.267,121.712]],"c":false}]},{"i":{"x":0.833,"y":0.833},"o":{"x":0.167,"y":0.167},"t":50,"s":[{"i":[[0,0],[0,0]],"o":[[0,0],[0,0]],"v":[[189.946,119.104],[153.042,119.176]],"c":false}]},{"i":{"x":0.833,"y":0.833},"o":{"x":0.167,"y":0.167},"t":53,"s":[{"i":[[0,0],[0,0]],"o":[[0,0],[0,0]],"v":[[189.323,114.457],[158.6,114.528]],"c":false}]},{"i":{"x":0.833,"y":0.833},"o":{"x":0.167,"y":0.167},"t":56,"s":[{"i":[[0,0],[0,0]],"o":[[0,0],[0,0]],"v":[[190.777,111.201],[164.245,111.262]],"c":false}]},{"t":57,"s":[{"i":[[0,0],[0,0]],"o":[[0,0],[0,0]],"v":[[-1.243,109.999],[-1.208,110.028]],"c":false}],"h":1},{"t":75,"s":[{"i":[[0,0],[0,0]],"o":[[0,0],[0,0]],"v":[[177.984,103.875],[178,103.875]],"c":false}],"h":1}],"ix":2},"nm":"Path 1","mn":"ADBE Vector Shape - Group","hd":false},{"ind":1,"ty":"sh","ix":2,"ks":{"a":1,"k":[{"i":{"x":0.833,"y":0.833},"o":{"x":0.167,"y":0.167},"t":0,"s":[{"i":[[0,0],[0,0]],"o":[[0,0],[0,0]],"v":[[253.25,122.9],[253.236,122.884]],"c":false}]},{"i":{"x":0.349,"y":1},"o":{"x":0.167,"y":0.167},"t":9,"s":[{"i":[[0,0],[0,0]],"o":[[0,0],[0,0]],"v":[[174.027,122.693],[174.036,122.677]],"c":false}]},{"i":{"x":0.833,"y":0.833},"o":{"x":0.333,"y":0},"t":25,"s":[{"i":[[0,0],[0,0]],"o":[[0,0],[0,0]],"v":[[203.5,122.678],[178.978,122.662]],"c":false}]},{"i":{"x":0.833,"y":0.833},"o":{"x":0.167,"y":0.167},"t":30,"s":[{"i":[[0,0],[0,0]],"o":[[0,0],[0,0]],"v":[[203.438,117.641],[179.759,117.609]],"c":false}]},{"i":{"x":0.833,"y":0.833},"o":{"x":0.167,"y":0.167},"t":32,"s":[{"i":[[0,0],[0,0]],"o":[[0,0],[0,0]],"v":[[201.959,111.661],[178.931,111.613]],"c":false}]},{"i":{"x":0.833,"y":0.833},"o":{"x":0.167,"y":0.167},"t":35,"s":[{"i":[[0,0],[0,0]],"o":[[0,0],[0,0]],"v":[[199.75,100.66],[171.915,100.6]],"c":false}]},{"i":{"x":0.833,"y":0.833},"o":{"x":0.167,"y":0.167},"t":37,"s":[{"i":[[0,0],[0,0]],"o":[[0,0],[0,0]],"v":[[197,96.785],[167.103,96.881]],"c":false}]},{"t":38,"s":[{"i":[[0,0],[0,0]],"o":[[0,0],[0,0]],"v":[[-0.625,99.003],[-0.647,98.913]],"c":false}],"h":1}],"ix":2},"nm":"Path 2","mn":"ADBE Vector Shape - Group","hd":false},{"ty":"st","c":{"a":0,"k":[0.071,0.075,0.192,1],"ix":3,"x":"var $bm_rt;\n$bm_rt = comp('wired-outline-2344-poetry').layer('control').effect('primary')('Color');"},"o":{"a":1,"k":[{"i":{"x":[0.833],"y":[0.833]},"o":{"x":[0.167],"y":[0.167]},"t":75,"s":[100]},{"t":76,"s":[0]}],"ix":4},"w":{"a":0,"k":12.04,"ix":5,"x":"var $bm_rt;\n$bm_rt = $bm_mul($bm_div(value, 2), comp('wired-outline-2344-poetry').layer('control').effect('stroke')('Menu'));"},"lc":2,"lj":1,"ml":4,"bm":0,"nm":".primary","mn":"ADBE Vector Graphic - Stroke","hd":false,"cl":"primary"},{"ty":"tr","p":{"a":1,"k":[{"i":{"x":0.23,"y":1},"o":{"x":0.748,"y":0},"t":25,"s":[0,0],"to":[0,0],"ti":[0,0]},{"t":75,"s":[0,33.75]}],"ix":2},"a":{"a":0,"k":[0,0],"ix":1},"s":{"a":0,"k":[100,100],"ix":3},"r":{"a":0,"k":0,"ix":6},"o":{"a":0,"k":100,"ix":7},"sk":{"a":0,"k":0,"ix":4},"sa":{"a":0,"k":0,"ix":5},"nm":"Transform"}],"nm":"Shape 1","np":3,"cix":2,"bm":0,"ix":1,"mn":"ADBE Vector Group","hd":false},{"ty":"gr","it":[{"ind":0,"ty":"sh","ix":1,"ks":{"a":1,"k":[{"i":{"x":0.833,"y":0.833},"o":{"x":0.167,"y":0.167},"t":0,"s":[{"i":[[0,0],[0.004,0.065],[0.001,6.997],[-0.002,7.405],[-0.005,-0.162],[0.001,-8.398]],"o":[[0,0],[-0.007,-0.116],[-0.002,-9.76],[0.002,-7.205],[0.007,0.241],[0,0]],"v":[[37.725,-218.969],[37.719,-218.951],[37.707,-235.065],[37.708,-263.112],[37.718,-275.656],[37.727,-254.176]],"c":false}]},{"i":{"x":0.328,"y":1},"o":{"x":0.167,"y":0.167},"t":9,"s":[{"i":[[0,0],[-0.003,0.065],[-0.001,6.997],[0.001,7.405],[0.003,-0.162],[-0.001,-8.398]],"o":[[0,0],[0.004,-0.116],[0.001,-9.76],[-0.001,-7.205],[-0.005,0.241],[0,0]],"v":[[-41.471,-219.179],[-41.467,-219.161],[-41.459,-235.274],[-41.459,-263.322],[-41.466,-275.865],[-41.472,-254.386]],"c":false}]},{"i":{"x":0.213,"y":1},"o":{"x":0.333,"y":0},"t":25,"s":[{"i":[[0,0],[6.527,0.065],[2.311,6.997],[-3.303,7.405],[-8.036,-0.162],[1.786,-8.398]],"o":[[0,0],[-11.67,-0.116],[-3.223,-9.76],[3.214,-7.205],[11.995,0.241],[0,0]],"v":[[-40.166,-219.19],[-49.964,-219.173],[-70.57,-235.286],[-69.973,-263.334],[-51.646,-275.877],[-36.212,-254.398]],"c":false}]},{"t":75,"s":[{"i":[[0,0],[6.527,0.064],[2.311,5.355],[-3.303,5.666],[-8.036,-0.124],[1.786,-6.426]],"o":[[0,0],[-10.982,-0.108],[-3.223,-7.469],[3.214,-5.514],[11.995,0.185],[0,0]],"v":[[-40.166,-239.163],[-50.464,-239.119],[-70.57,-251.48],[-69.973,-272.942],[-51.646,-282.54],[-36.212,-266.104]],"c":false}]}],"ix":2},"nm":"Path 3","mn":"ADBE Vector Shape - Group","hd":false},{"ty":"tm","s":{"a":0,"k":0,"ix":1},"e":{"a":1,"k":[{"i":{"x":[0.213],"y":[1]},"o":{"x":[0.333],"y":[0]},"t":25,"s":[100]},{"t":75,"s":[0]}],"ix":2},"o":{"a":0,"k":0,"ix":3},"m":1,"ix":2,"nm":"Trim Paths 1","mn":"ADBE Vector Filter - Trim","hd":false},{"ty":"st","c":{"a":0,"k":[0.071,0.075,0.192,1],"ix":3,"x":"var $bm_rt;\n$bm_rt = comp('wired-outline-2344-poetry').layer('control').effect('primary')('Color');"},"o":{"a":0,"k":100,"ix":4},"w":{"a":0,"k":12.04,"ix":5,"x":"var $bm_rt;\n$bm_rt = $bm_mul($bm_div(value, 2), comp('wired-outline-2344-poetry').layer('control').effect('stroke')('Menu'));"},"lc":2,"lj":2,"bm":0,"nm":".primary","mn":"ADBE Vector Graphic - Stroke","hd":false,"cl":"primary"},{"ty":"tr","p":{"a":0,"k":[215.509,376.414],"ix":2},"a":{"a":0,"k":[0,0],"ix":1},"s":{"a":0,"k":[100,100],"ix":3},"r":{"a":0,"k":0,"ix":6},"o":{"a":0,"k":100,"ix":7},"sk":{"a":0,"k":0,"ix":4},"sa":{"a":0,"k":0,"ix":5},"nm":"Transform"}],"nm":"Group 1","np":3,"cix":2,"bm":0,"ix":2,"mn":"ADBE Vector Group","hd":false}],"ip":1,"op":844,"st":0,"ct":1,"bm":0},{"ddd":0,"ind":4,"ty":4,"nm":"bottom-1","parent":5,"sr":1,"ks":{"o":{"a":0,"k":100,"ix":11},"r":{"a":0,"k":0,"ix":10},"p":{"a":1,"k":[{"i":{"x":0.213,"y":1},"o":{"x":0.333,"y":0},"t":25,"s":[243.328,167.748,0],"to":[0,0,0],"ti":[0,0,0]},{"i":{"x":0.667,"y":1},"o":{"x":0.333,"y":0},"t":75,"s":[243.328,269.998,0],"to":[0,0,0],"ti":[0,0,0]},{"t":104,"s":[243.328,249.998,0]}],"ix":2,"l":2},"a":{"a":0,"k":[243.328,249.998,0],"ix":1,"l":2},"s":{"a":0,"k":[-100,-100,100],"ix":6,"l":2}},"ao":0,"shapes":[{"ty":"gr","it":[{"ty":"gr","it":[{"ind":0,"ty":"sh","ix":1,"ks":{"a":1,"k":[{"i":{"x":0.833,"y":0.833},"o":{"x":0.167,"y":0.167},"t":0,"s":[{"i":[[0,0],[0,0],[0,21.43],[0,0],[0,0],[0,-21.43]],"o":[[0,0],[0,0],[0,-21.43],[0,0],[0,0],[0,21.43]],"v":[[-39.201,38.57],[-39.205,38.57],[-39.205,-0.24],[-39.205,-39.05],[-39.201,-39.05],[-39.201,-0.24]],"c":true}]},{"i":{"x":0.349,"y":1},"o":{"x":0.167,"y":0.167},"t":9,"s":[{"i":[[-0.13,0],[0,0],[0,21.43],[-0.098,0],[0,0],[0,-21.43]],"o":[[0,0],[-0.098,0],[0,-21.43],[0,0],[-0.13,0],[0,21.43]],"v":[[39.051,38.823],[-118.258,38.823],[-118.435,0.013],[-118.258,-38.797],[39.051,-38.797],[38.815,0.013]],"c":true}]},{"i":{"x":0.213,"y":1},"o":{"x":0.333,"y":0},"t":25,"s":[{"i":[[21.43,0],[0,0],[0,21.43],[21.43,0],[0,0],[0,-21.43]],"o":[[0,0],[21.43,0],[0,-21.43],[0,0],[21.43,0],[0,21.43]],"v":[[88.655,38.81],[-127.465,38.81],[-88.655,0],[-127.465,-38.81],[88.655,-38.81],[127.465,0]],"c":true}]},{"i":{"x":0.667,"y":1},"o":{"x":0.333,"y":0},"t":75,"s":[{"i":[[21.43,0],[0,0],[0.314,11.309],[21.43,0],[0,0],[-0.15,-13.944]],"o":[[0,0],[21.43,0],[-0.595,-21.422],[0,0],[21.43,0],[0.143,13.316]],"v":[[101.155,18.81],[-114.965,18.81],[-91.155,-12.5],[-127.465,-38.81],[95.905,-38.87],[124.965,-12.5]],"c":true}]},{"t":104,"s":[{"i":[[21.43,0],[0,0],[0,21.43],[21.43,0],[0,0],[0,-21.43]],"o":[[0,0],[21.43,0],[0,-21.43],[0,0],[21.43,0],[0,21.43]],"v":[[88.655,38.81],[-127.465,38.81],[-88.655,0],[-127.465,-38.81],[88.655,-38.81],[127.465,0]],"c":true}]}],"ix":2},"nm":"Path 1","mn":"ADBE Vector Shape - Group","hd":false},{"ty":"st","c":{"a":0,"k":[0.071,0.075,0.192,1],"ix":3,"x":"var $bm_rt;\n$bm_rt = comp('wired-outline-2344-poetry').layer('control').effect('primary')('Color');"},"o":{"a":0,"k":100,"ix":4},"w":{"a":0,"k":12,"ix":5,"x":"var $bm_rt;\n$bm_rt = $bm_mul($bm_div(value, 2), comp('wired-outline-2344-poetry').layer('control').effect('stroke')('Menu'));"},"lc":2,"lj":2,"bm":0,"nm":".primary","mn":"ADBE Vector Graphic - Stroke","hd":false,"cl":"primary"},{"ty":"tr","p":{"a":0,"k":[282.84,128.691],"ix":2},"a":{"a":0,"k":[0,0],"ix":1},"s":{"a":0,"k":[100,100],"ix":3},"r":{"a":0,"k":0,"ix":6},"o":{"a":0,"k":100,"ix":7},"sk":{"a":0,"k":0,"ix":4},"sa":{"a":0,"k":0,"ix":5},"nm":"Transform"}],"nm":"Group 1","np":2,"cix":2,"bm":0,"ix":1,"mn":"ADBE Vector Group","hd":false},{"ty":"tr","p":{"a":0,"k":[282.227,90.519],"ix":2},"a":{"a":0,"k":[282.227,90.519],"ix":1},"s":{"a":0,"k":[100,100],"ix":3},"r":{"a":0,"k":0,"ix":6},"o":{"a":0,"k":100,"ix":7},"sk":{"a":0,"k":0,"ix":4},"sa":{"a":0,"k":0,"ix":5},"nm":"Transform"}],"nm":"Group 3","np":1,"cix":2,"bm":0,"ix":1,"mn":"ADBE Vector Group","hd":false}],"ip":1,"op":869,"st":25,"ct":1,"bm":0},{"ddd":0,"ind":5,"ty":4,"nm":"middle","sr":1,"ks":{"o":{"a":0,"k":100,"ix":11},"r":{"a":0,"k":0,"ix":10},"p":{"a":0,"k":[208.328,214.998,0],"ix":2,"l":2},"a":{"a":0,"k":[243.328,249.998,0],"ix":1,"l":2},"s":{"a":0,"k":[100,100,100],"ix":6,"l":2}},"ao":0,"shapes":[{"ty":"gr","it":[{"ind":0,"ty":"sh","ix":1,"ks":{"a":1,"k":[{"i":{"x":0.833,"y":0.833},"o":{"x":0.167,"y":0.167},"t":0,"s":[{"i":[[0,0],[0,0],[-0.002,0]],"o":[[0,0],[0,21.43],[0.002,0]],"v":[[-0.217,39.032],[-0.217,78.117],[-0.213,116.927]],"c":false}]},{"i":{"x":0.349,"y":1},"o":{"x":0.167,"y":0.167},"t":9,"s":[{"i":[[0,0],[0,0],[0.059,0]],"o":[[0,0],[0,21.43],[-0.059,0]],"v":[[78.965,38.959],[78.965,78.045],[78.858,116.855]],"c":false}]},{"i":{"x":0.213,"y":1},"o":{"x":0.333,"y":0},"t":25,"s":[{"i":[[0,0],[0,0],[21.43,0]],"o":[[0,0],[0,21.43],[-21.43,0]],"v":[[126.801,39.032],[126.926,78.117],[88.116,116.927]],"c":false}]},{"i":{"x":0.667,"y":1},"o":{"x":0.333,"y":0},"t":75,"s":[{"i":[[0,0],[0,0],[21.43,0]],"o":[[0,0],[0,21.43],[-21.43,0]],"v":[[126.704,-83.218],[126.525,180.117],[87.716,218.927]],"c":false}]},{"t":104,"s":[{"i":[[0,0],[0,0],[21.43,0]],"o":[[0,0],[0,21.43],[-21.43,0]],"v":[[126.551,-43.218],[126.763,160.117],[87.953,198.927]],"c":false}]}],"ix":2},"nm":"Path 2","mn":"ADBE Vector Shape - Group","hd":false},{"ind":1,"ty":"sh","ix":2,"ks":{"a":1,"k":[{"i":{"x":0.833,"y":0.833},"o":{"x":0.167,"y":0.167},"t":0,"s":[{"i":[[0,0],[0,0],[0.002,0]],"o":[[0,0],[0,-21.43],[-0.002,0]],"v":[[-0.191,38.87],[-0.191,0.503],[-0.195,-38.307]],"c":false}]},{"i":{"x":0.349,"y":1},"o":{"x":0.167,"y":0.167},"t":9,"s":[{"i":[[0,0],[0,0],[0.074,0]],"o":[[0,0],[0,-21.43],[-0.074,0]],"v":[[-78.242,38.87],[-78.242,0.503],[-78.377,-38.307]],"c":false}]},{"i":{"x":0.213,"y":1},"o":{"x":0.333,"y":0},"t":25,"s":[{"i":[[0,0],[0,0],[-21.43,0]],"o":[[0,0],[0,-21.43],[21.43,0]],"v":[[-126.553,38.87],[-126.544,0.503],[-87.734,-38.307]],"c":false}]},{"i":{"x":0.667,"y":1},"o":{"x":0.333,"y":0},"t":75,"s":[{"i":[[0,0],[0,0],[-21.43,0]],"o":[[0,0],[0,-21.43],[21.43,0]],"v":[[-126.544,160.307],[-126.712,-102.247],[-87.902,-141.057]],"c":false}]},{"t":104,"s":[{"i":[[0,0],[0,0],[-21.43,0]],"o":[[0,0],[0,-21.43],[21.43,0]],"v":[[-126.761,121.307],[-126.761,-82.497],[-87.951,-121.307]],"c":false}]}],"ix":2},"nm":"Path 1","mn":"ADBE Vector Shape - Group","hd":false},{"ty":"st","c":{"a":0,"k":[0.071,0.075,0.192,1],"ix":3,"x":"var $bm_rt;\n$bm_rt = comp('wired-outline-2344-poetry').layer('control').effect('primary')('Color');"},"o":{"a":0,"k":100,"ix":4},"w":{"a":0,"k":12,"ix":5,"x":"var $bm_rt;\n$bm_rt = $bm_mul($bm_div(value, 2), comp('wired-outline-2344-poetry').layer('control').effect('stroke')('Menu'));"},"lc":2,"lj":2,"bm":0,"nm":".primary","mn":"ADBE Vector Graphic - Stroke","hd":false,"cl":"primary"},{"ty":"tr","p":{"a":0,"k":[243.327,211.188],"ix":2},"a":{"a":0,"k":[0,0],"ix":1},"s":{"a":0,"k":[100,100],"ix":3},"r":{"a":0,"k":0,"ix":6},"o":{"a":0,"k":100,"ix":7},"sk":{"a":0,"k":0,"ix":4},"sa":{"a":0,"k":0,"ix":5},"nm":"Transform"}],"nm":"Group 2","np":3,"cix":2,"bm":0,"ix":1,"mn":"ADBE Vector Group","hd":false},{"ty":"gr","it":[{"ind":0,"ty":"sh","ix":1,"ks":{"a":1,"k":[{"i":{"x":0.833,"y":0.833},"o":{"x":0.167,"y":0.167},"t":0,"s":[{"i":[[0,0],[0,0]],"o":[[0,0],[0,0]],"v":[[-33.655,0.003],[33.655,-0.003]],"c":false}]},{"i":{"x":0.833,"y":0.833},"o":{"x":0.167,"y":0.167},"t":25,"s":[{"i":[[0,0],[0,0]],"o":[[0,0],[0,0]],"v":[[-33.655,0.003],[33.655,-0.003]],"c":false}]},{"i":{"x":0.833,"y":0.833},"o":{"x":0.167,"y":0.167},"t":75,"s":[{"i":[[0,0],[0,0]],"o":[[0,0],[0,0]],"v":[[-33.655,0.003],[33.655,-0.003]],"c":false}]},{"t":90,"s":[{"i":[[0,0],[0,0]],"o":[[0,0],[0,0]],"v":[[-33.655,0.003],[33.655,-0.003]],"c":false}]}],"ix":2},"nm":"Path 1","mn":"ADBE Vector Shape - Group","hd":false},{"ty":"tm","s":{"a":0,"k":0,"ix":1},"e":{"a":1,"k":[{"i":{"x":[0.833],"y":[1]},"o":{"x":[0.167],"y":[0.167]},"t":38,"s":[0]},{"i":{"x":[0.833],"y":[1]},"o":{"x":[0.167],"y":[0]},"t":71,"s":[61]},{"i":{"x":[0.667],"y":[1]},"o":{"x":[0.167],"y":[0]},"t":80,"s":[61]},{"t":104,"s":[100]}],"ix":2},"o":{"a":0,"k":0,"ix":3},"m":1,"ix":2,"nm":"Trim Paths 1","mn":"ADBE Vector Filter - Trim","hd":false},{"ty":"st","c":{"a":0,"k":[0.071,0.075,0.192,1],"ix":3,"x":"var $bm_rt;\n$bm_rt = comp('wired-outline-2344-poetry').layer('control').effect('primary')('Color');"},"o":{"a":0,"k":100,"ix":4},"w":{"a":0,"k":12,"ix":5,"x":"var $bm_rt;\n$bm_rt = $bm_mul($bm_div(value, 2), comp('wired-outline-2344-poetry').layer('control').effect('stroke')('Menu'));"},"lc":2,"lj":2,"bm":0,"nm":".primary","mn":"ADBE Vector Graphic - Stroke","hd":false,"cl":"primary"},{"ty":"tr","p":{"a":0,"k":[203.595,290.019],"ix":2},"a":{"a":0,"k":[0,0],"ix":1},"s":{"a":0,"k":[100,100],"ix":3},"r":{"a":0,"k":0,"ix":6},"o":{"a":0,"k":100,"ix":7},"sk":{"a":0,"k":0,"ix":4},"sa":{"a":0,"k":0,"ix":5},"nm":"Transform"}],"nm":"Group 1","np":3,"cix":2,"bm":0,"ix":2,"mn":"ADBE Vector Group","hd":false},{"ty":"gr","it":[{"ind":0,"ty":"sh","ix":1,"ks":{"a":1,"k":[{"i":{"x":0.833,"y":0.833},"o":{"x":0.167,"y":0.167},"t":0,"s":[{"i":[[0,0],[0,0]],"o":[[0,0],[0,0]],"v":[[-60.045,0],[60.045,0]],"c":false}]},{"i":{"x":0.833,"y":0.833},"o":{"x":0.167,"y":0.167},"t":25,"s":[{"i":[[0,0],[0,0]],"o":[[0,0],[0,0]],"v":[[-60.045,0],[60.045,0]],"c":false}]},{"i":{"x":0.833,"y":0.833},"o":{"x":0.167,"y":0.167},"t":75,"s":[{"i":[[0,0],[0,0]],"o":[[0,0],[0,0]],"v":[[-60.045,0],[60.045,0]],"c":false}]},{"t":90,"s":[{"i":[[0,0],[0,0]],"o":[[0,0],[0,0]],"v":[[-60.045,0],[60.045,0]],"c":false}]}],"ix":2},"nm":"Path 1","mn":"ADBE Vector Shape - Group","hd":false},{"ty":"st","c":{"a":0,"k":[0.071,0.075,0.192,1],"ix":3,"x":"var $bm_rt;\n$bm_rt = comp('wired-outline-2344-poetry').layer('control').effect('primary')('Color');"},"o":{"a":0,"k":100,"ix":4},"w":{"a":0,"k":12,"ix":5,"x":"var $bm_rt;\n$bm_rt = $bm_mul($bm_div(value, 2), comp('wired-outline-2344-poetry').layer('control').effect('stroke')('Menu'));"},"lc":2,"lj":2,"bm":0,"nm":".primary","mn":"ADBE Vector Graphic - Stroke","hd":false,"cl":"primary"},{"ty":"tm","s":{"a":0,"k":0,"ix":1},"e":{"a":1,"k":[{"i":{"x":[0.667],"y":[1]},"o":{"x":[0.167],"y":[0.167]},"t":31,"s":[0]},{"t":71,"s":[100]}],"ix":2},"o":{"a":0,"k":0,"ix":3},"m":1,"ix":3,"nm":"Trim Paths 1","mn":"ADBE Vector Filter - Trim","hd":false},{"ty":"tr","p":{"a":0,"k":[229.985,250],"ix":2},"a":{"a":0,"k":[0,0],"ix":1},"s":{"a":0,"k":[100,100],"ix":3},"r":{"a":0,"k":0,"ix":6},"o":{"a":0,"k":100,"ix":7},"sk":{"a":0,"k":0,"ix":4},"sa":{"a":0,"k":0,"ix":5},"nm":"Transform"}],"nm":"Group 4","np":3,"cix":2,"bm":0,"ix":3,"mn":"ADBE Vector Group","hd":false},{"ty":"gr","it":[{"ind":0,"ty":"sh","ix":1,"ks":{"a":1,"k":[{"i":{"x":0.833,"y":0.833},"o":{"x":0.167,"y":0.167},"t":0,"s":[{"i":[[0,0],[0,0]],"o":[[0,0],[0,0]],"v":[[-26.735,0],[26.735,0]],"c":false}]},{"i":{"x":0.833,"y":0.833},"o":{"x":0.167,"y":0.167},"t":25,"s":[{"i":[[0,0],[0,0]],"o":[[0,0],[0,0]],"v":[[-26.735,0],[26.735,0]],"c":false}]},{"i":{"x":0.833,"y":0.833},"o":{"x":0.167,"y":0.167},"t":75,"s":[{"i":[[0,0],[0,0]],"o":[[0,0],[0,0]],"v":[[-26.735,0],[26.735,0]],"c":false}]},{"t":90,"s":[{"i":[[0,0],[0,0]],"o":[[0,0],[0,0]],"v":[[-26.735,0],[26.735,0]],"c":false}]}],"ix":2},"nm":"Path 1","mn":"ADBE Vector Shape - Group","hd":false},{"ty":"st","c":{"a":0,"k":[0.071,0.075,0.192,1],"ix":3,"x":"var $bm_rt;\n$bm_rt = comp('wired-outline-2344-poetry').layer('control').effect('primary')('Color');"},"o":{"a":0,"k":100,"ix":4},"w":{"a":0,"k":12,"ix":5,"x":"var $bm_rt;\n$bm_rt = $bm_mul($bm_div(value, 2), comp('wired-outline-2344-poetry').layer('control').effect('stroke')('Menu'));"},"lc":2,"lj":2,"bm":0,"nm":".primary","mn":"ADBE Vector Graphic - Stroke","hd":false,"cl":"primary"},{"ty":"tm","s":{"a":0,"k":0,"ix":1},"e":{"a":1,"k":[{"i":{"x":[0.833],"y":[0.833]},"o":{"x":[0.167],"y":[0.167]},"t":38,"s":[0]},{"t":63,"s":[100]}],"ix":2},"o":{"a":0,"k":0,"ix":3},"m":1,"ix":3,"nm":"Trim Paths 1","mn":"ADBE Vector Filter - Trim","hd":false},{"ty":"tr","p":{"a":0,"k":[196.676,209.97],"ix":2},"a":{"a":0,"k":[0,0],"ix":1},"s":{"a":0,"k":[100,100],"ix":3},"r":{"a":0,"k":0,"ix":6},"o":{"a":0,"k":100,"ix":7},"sk":{"a":0,"k":0,"ix":4},"sa":{"a":0,"k":0,"ix":5},"nm":"Transform"}],"nm":"Group 5","np":3,"cix":2,"bm":0,"ix":4,"mn":"ADBE Vector Group","hd":false},{"ty":"gr","it":[{"ind":0,"ty":"sh","ix":1,"ks":{"a":1,"k":[{"i":{"x":0.833,"y":0.833},"o":{"x":0.167,"y":0.167},"t":0,"s":[{"i":[[0,0],[0,0]],"o":[[0,0],[0,0]],"v":[[-20.118,0],[20.118,0]],"c":false}]},{"i":{"x":0.833,"y":0.833},"o":{"x":0.167,"y":0.167},"t":25,"s":[{"i":[[0,0],[0,0]],"o":[[0,0],[0,0]],"v":[[-20.118,0],[20.118,0]],"c":false}]},{"i":{"x":0.833,"y":0.833},"o":{"x":0.167,"y":0.167},"t":75,"s":[{"i":[[0,0],[0,0]],"o":[[0,0],[0,0]],"v":[[-20.118,0],[20.118,0]],"c":false}]},{"t":90,"s":[{"i":[[0,0],[0,0]],"o":[[0,0],[0,0]],"v":[[-20.118,0],[20.118,0]],"c":false}]}],"ix":2},"nm":"Path 1","mn":"ADBE Vector Shape - Group","hd":false},{"ty":"st","c":{"a":0,"k":[0.071,0.075,0.192,1],"ix":3,"x":"var $bm_rt;\n$bm_rt = comp('wired-outline-2344-poetry').layer('control').effect('primary')('Color');"},"o":{"a":0,"k":100,"ix":4},"w":{"a":0,"k":12,"ix":5,"x":"var $bm_rt;\n$bm_rt = $bm_mul($bm_div(value, 2), comp('wired-outline-2344-poetry').layer('control').effect('stroke')('Menu'));"},"lc":2,"lj":2,"bm":0,"nm":".primary","mn":"ADBE Vector Graphic - Stroke","hd":false,"cl":"primary"},{"ty":"tm","s":{"a":0,"k":0,"ix":1},"e":{"a":1,"k":[{"i":{"x":[0.667],"y":[1]},"o":{"x":[0.167],"y":[0.167]},"t":62,"s":[0]},{"t":86,"s":[100]}],"ix":2},"o":{"a":0,"k":0,"ix":3},"m":1,"ix":3,"nm":"Trim Paths 1","mn":"ADBE Vector Filter - Trim","hd":false},{"ty":"tr","p":{"a":0,"k":[269.912,209.97],"ix":2},"a":{"a":0,"k":[0,0],"ix":1},"s":{"a":0,"k":[100,100],"ix":3},"r":{"a":0,"k":0,"ix":6},"o":{"a":0,"k":100,"ix":7},"sk":{"a":0,"k":0,"ix":4},"sa":{"a":0,"k":0,"ix":5},"nm":"Transform"}],"nm":"Group 6","np":3,"cix":2,"bm":0,"ix":5,"mn":"ADBE Vector Group","hd":false}],"ip":1,"op":869,"st":25,"ct":1,"bm":0}]},{"id":"comp_2","nm":"hover-pinch","fr":60,"layers":[{"ddd":0,"ind":1,"ty":3,"nm":"mask","sr":1,"ks":{"o":{"a":0,"k":100,"ix":11},"r":{"a":1,"k":[{"i":{"x":[0.667],"y":[1]},"o":{"x":[0.333],"y":[0]},"t":0,"s":[0]},{"i":{"x":[0.667],"y":[1]},"o":{"x":[0.333],"y":[0]},"t":37,"s":[-11]},{"i":{"x":[0.667],"y":[1]},"o":{"x":[0.333],"y":[0]},"t":57,"s":[5]},{"t":76,"s":[0]}],"ix":10},"p":{"a":0,"k":[208.328,214.998,0],"ix":2,"l":2},"a":{"a":0,"k":[243.328,249.998,0],"ix":1,"l":2},"s":{"a":0,"k":[100,100,100],"ix":6,"l":2}},"ao":0,"ip":0,"op":844,"st":0,"ct":1,"bm":0},{"ddd":0,"ind":2,"ty":4,"nm":"feather","parent":1,"sr":1,"ks":{"o":{"a":0,"k":100,"ix":11},"r":{"a":1,"k":[{"i":{"x":[0.667],"y":[1]},"o":{"x":[0.333],"y":[0]},"t":0,"s":[0]},{"i":{"x":[0.667],"y":[1]},"o":{"x":[0.333],"y":[0]},"t":11,"s":[-8]},{"i":{"x":[0.667],"y":[1]},"o":{"x":[0.333],"y":[0]},"t":21,"s":[-2]},{"i":{"x":[0.667],"y":[1]},"o":{"x":[0.333],"y":[0]},"t":30,"s":[-15]},{"i":{"x":[0.667],"y":[1]},"o":{"x":[0.333],"y":[0]},"t":37,"s":[-4]},{"i":{"x":[0.667],"y":[1]},"o":{"x":[0.333],"y":[0]},"t":47,"s":[-4]},{"i":{"x":[0.667],"y":[1]},"o":{"x":[0.333],"y":[0]},"t":64,"s":[-30]},{"i":{"x":[0.667],"y":[1]},"o":{"x":[0.333],"y":[0]},"t":80,"s":[4]},{"t":88,"s":[0]}],"ix":10},"p":{"a":1,"k":[{"i":{"x":0.667,"y":1},"o":{"x":0.333,"y":0},"t":0,"s":[237.25,290.016,0],"to":[0,0,0],"ti":[0,0,0]},{"i":{"x":0.667,"y":1},"o":{"x":0.333,"y":0},"t":37,"s":[292.25,290.016,0],"to":[0,0,0],"ti":[0,0,0]},{"i":{"x":0.667,"y":1},"o":{"x":0.333,"y":0},"t":57,"s":[229.25,290.016,0],"to":[0,0,0],"ti":[0,0,0]},{"t":76,"s":[237.25,290.016,0]}],"ix":2,"l":2},"a":{"a":0,"k":[237.25,290.016,0],"ix":1,"l":2},"s":{"a":0,"k":[100,100,100],"ix":6,"l":2}},"ao":0,"shapes":[{"ty":"gr","it":[{"ind":0,"ty":"sh","ix":1,"ks":{"a":1,"k":[{"i":{"x":0.667,"y":1},"o":{"x":0.333,"y":0},"t":4,"s":[{"i":[[0,0],[-72.382,37.909]],"o":[[0,0],[0,0]],"v":[[-58.878,41.592],[58.878,-41.592]],"c":false}]},{"i":{"x":0.667,"y":1},"o":{"x":0.333,"y":0},"t":15,"s":[{"i":[[0,0],[-66.671,47.236]],"o":[[0,0],[0,0]],"v":[[-58.878,41.592],[52.971,-49.892]],"c":false}]},{"i":{"x":0.667,"y":1},"o":{"x":0.333,"y":0},"t":25,"s":[{"i":[[0,0],[-77.703,25.27]],"o":[[0,0],[0,0]],"v":[[-58.878,41.592],[63.56,-31.703]],"c":false}]},{"i":{"x":0.667,"y":1},"o":{"x":0.333,"y":0},"t":34,"s":[{"i":[[0,0],[-66.671,47.236]],"o":[[0,0],[0,0]],"v":[[-58.878,41.592],[52.971,-49.892]],"c":false}]},{"i":{"x":0.667,"y":1},"o":{"x":0.333,"y":0},"t":47,"s":[{"i":[[0,0],[-77.703,25.27]],"o":[[0,0],[0,0]],"v":[[-58.878,41.592],[63.56,-31.703]],"c":false}]},{"i":{"x":0.667,"y":1},"o":{"x":0.333,"y":0},"t":59,"s":[{"i":[[0,0],[-77.703,25.27]],"o":[[0,0],[0,0]],"v":[[-58.878,41.592],[63.56,-31.703]],"c":false}]},{"i":{"x":0.667,"y":1},"o":{"x":0.333,"y":0},"t":68,"s":[{"i":[[0,0],[-66.671,47.236]],"o":[[0,0],[0,0]],"v":[[-58.878,41.592],[52.971,-49.892]],"c":false}]},{"i":{"x":0.667,"y":1},"o":{"x":0.333,"y":0},"t":84,"s":[{"i":[[0,0],[-77.703,25.27]],"o":[[0,0],[0,0]],"v":[[-58.878,41.592],[63.56,-31.703]],"c":false}]},{"t":92,"s":[{"i":[[0,0],[-72.382,37.909]],"o":[[0,0],[0,0]],"v":[[-58.878,41.592],[58.878,-41.592]],"c":false}]}],"ix":2},"nm":"Path 1","mn":"ADBE Vector Shape - Group","hd":false},{"ty":"st","c":{"a":0,"k":[0.031,0.659,0.541,1],"ix":3,"x":"var $bm_rt;\n$bm_rt = comp('wired-outline-2344-poetry').layer('control').effect('secondary')('Color');"},"o":{"a":0,"k":100,"ix":4},"w":{"a":0,"k":12,"ix":5,"x":"var $bm_rt;\n$bm_rt = $bm_mul($bm_div(value, 2), comp('wired-outline-2344-poetry').layer('control').effect('stroke')('Menu'));"},"lc":2,"lj":2,"bm":0,"nm":".secondary","mn":"ADBE Vector Graphic - Stroke","hd":false,"cl":"secondary"},{"ty":"tr","p":{"a":0,"k":[296.129,248.424],"ix":2},"a":{"a":0,"k":[0,0],"ix":1},"s":{"a":0,"k":[100,100],"ix":3},"r":{"a":0,"k":0,"ix":6},"o":{"a":0,"k":100,"ix":7},"sk":{"a":0,"k":0,"ix":4},"sa":{"a":0,"k":0,"ix":5},"nm":"Transform"}],"nm":"Group 1","np":2,"cix":2,"bm":0,"ix":1,"mn":"ADBE Vector Group","hd":false},{"ty":"gr","it":[{"ind":0,"ty":"sh","ix":1,"ks":{"a":1,"k":[{"i":{"x":0.667,"y":1},"o":{"x":0.333,"y":0},"t":4,"s":[{"i":[[38.277,-25.679],[14.258,-5.059],[0,0],[0,0],[16.984,3.621],[-38.277,25.679],[-12.809,4.931],[0,0],[0,0],[-15.682,-3.344]],"o":[[-13.884,9.315],[0,0],[0,0],[-20.647,5.569],[5.821,-32.191],[12.451,-8.353],[0,0],[0,0],[18.945,-4.494],[-5.821,32.191]],"v":[[21.797,32.489],[-14.433,51.671],[-21.088,41.682],[-33.253,57.957],[-90.77,60.897],[-21.797,-32.489],[16.339,-52.42],[22.957,-39.726],[37.987,-59.157],[90.77,-60.897]],"c":true}]},{"i":{"x":0.667,"y":1},"o":{"x":0.333,"y":0},"t":15,"s":[{"i":[[34.504,-30.561],[13.455,-6.918],[0,0],[0,0],[16.984,3.621],[-34.504,30.561],[-12.035,6.598],[0,0],[0,0],[-15.988,-1.219]],"o":[[-12.516,11.085],[0,0],[0,0],[-20.647,5.569],[5.821,-32.191],[11.224,-9.941],[0,0],[0,0],[18.175,-6.984],[-1.469,32.68]],"v":[[20.934,22.131],[-12.409,45.98],[-20.339,36.969],[-32.688,57.531],[-90.77,60.897],[-30.946,-36.443],[4.186,-61.289],[12.44,-49.592],[24.74,-70.856],[76.818,-79.63]],"c":true}]},{"i":{"x":0.667,"y":1},"o":{"x":0.333,"y":0},"t":25,"s":[{"i":[[42.032,-18.916],[10.676,0.74],[0,0],[0,0],[16.984,3.621],[-42.032,18.916],[-13.453,2.72],[0,0],[0,0],[-13.703,-11.294]],"o":[[-15.246,6.861],[0,0],[0,0],[-20.647,5.569],[5.821,-32.191],[13.673,-6.153],[0,0],[0,0],[14.992,-0.014],[-11.123,30.764]],"v":[[19.837,43.979],[-13.68,53.062],[-21.088,41.682],[-33.253,57.957],[-90.77,60.897],[-12.275,-27.375],[28.657,-40.647],[35.607,-26.966],[55.499,-41.901],[95.868,-30.648]],"c":true}]},{"i":{"x":0.667,"y":1},"o":{"x":0.333,"y":0},"t":34,"s":[{"i":[[34.504,-30.561],[13.455,-6.918],[0,0],[0,0],[16.984,3.621],[-34.504,30.561],[-12.035,6.598],[0,0],[0,0],[-15.988,-1.219]],"o":[[-12.516,11.085],[0,0],[0,0],[-20.647,5.569],[5.821,-32.191],[11.224,-9.941],[0,0],[0,0],[18.175,-6.984],[-1.469,32.68]],"v":[[20.934,22.131],[-12.409,45.98],[-20.339,36.969],[-32.688,57.531],[-90.77,60.897],[-30.946,-36.443],[4.186,-61.289],[12.44,-49.592],[24.74,-70.856],[76.818,-79.63]],"c":true}]},{"i":{"x":0.667,"y":1},"o":{"x":0.333,"y":0},"t":47,"s":[{"i":[[42.032,-18.916],[10.676,0.74],[0,0],[0,0],[16.984,3.621],[-42.032,18.916],[-13.453,2.72],[0,0],[0,0],[-13.703,-11.294]],"o":[[-15.246,6.861],[0,0],[0,0],[-20.647,5.569],[5.821,-32.191],[13.673,-6.153],[0,0],[0,0],[14.992,-0.014],[-11.123,30.764]],"v":[[19.837,43.979],[-13.68,53.062],[-21.088,41.682],[-33.253,57.957],[-90.77,60.897],[-12.275,-27.375],[28.657,-40.647],[35.607,-26.966],[55.499,-41.901],[95.868,-30.648]],"c":true}]},{"i":{"x":0.667,"y":1},"o":{"x":0.333,"y":0},"t":59,"s":[{"i":[[42.032,-18.916],[10.676,0.74],[0,0],[0,0],[16.984,3.621],[-42.032,18.916],[-13.453,2.72],[0,0],[0,0],[-13.703,-11.294]],"o":[[-15.246,6.861],[0,0],[0,0],[-20.647,5.569],[5.821,-32.191],[13.673,-6.153],[0,0],[0,0],[14.992,-0.014],[-11.123,30.764]],"v":[[19.837,43.979],[-13.68,53.062],[-21.088,41.682],[-33.253,57.957],[-90.77,60.897],[-12.275,-27.375],[28.657,-40.647],[35.607,-26.966],[55.499,-41.901],[95.868,-30.648]],"c":true}]},{"i":{"x":0.667,"y":1},"o":{"x":0.333,"y":0},"t":68,"s":[{"i":[[34.504,-30.561],[13.455,-6.918],[0,0],[0,0],[16.984,3.621],[-34.504,30.561],[-12.035,6.598],[0,0],[0,0],[-15.988,-1.219]],"o":[[-12.516,11.085],[0,0],[0,0],[-20.647,5.569],[5.821,-32.191],[11.224,-9.941],[0,0],[0,0],[18.175,-6.984],[-1.469,32.68]],"v":[[20.934,22.131],[-12.409,45.98],[-20.339,36.969],[-32.688,57.531],[-90.77,60.897],[-30.946,-36.443],[4.186,-61.289],[12.44,-49.592],[24.74,-70.856],[76.818,-79.63]],"c":true}]},{"i":{"x":0.667,"y":1},"o":{"x":0.333,"y":0},"t":84,"s":[{"i":[[42.032,-18.916],[10.676,0.74],[0,0],[0,0],[16.984,3.621],[-42.032,18.916],[-13.453,2.72],[0,0],[0,0],[-13.703,-11.294]],"o":[[-15.246,6.861],[0,0],[0,0],[-20.647,5.569],[5.821,-32.191],[13.673,-6.153],[0,0],[0,0],[14.992,-0.014],[-11.123,30.764]],"v":[[19.837,43.979],[-13.68,53.062],[-21.088,41.682],[-33.253,57.957],[-90.77,60.897],[-12.275,-27.375],[28.657,-40.647],[35.607,-26.966],[55.499,-41.901],[95.868,-30.648]],"c":true}]},{"t":92,"s":[{"i":[[38.277,-25.679],[14.258,-5.059],[0,0],[0,0],[16.984,3.621],[-38.277,25.679],[-12.809,4.931],[0,0],[0,0],[-15.682,-3.344]],"o":[[-13.884,9.315],[0,0],[0,0],[-20.647,5.569],[5.821,-32.191],[12.451,-8.353],[0,0],[0,0],[18.945,-4.494],[-5.821,32.191]],"v":[[21.797,32.489],[-14.433,51.671],[-21.088,41.682],[-33.253,57.957],[-90.77,60.897],[-21.797,-32.489],[16.339,-52.42],[22.957,-39.726],[37.987,-59.157],[90.77,-60.897]],"c":true}]}],"ix":2},"nm":"Path 1","mn":"ADBE Vector Shape - Group","hd":false},{"ty":"st","c":{"a":0,"k":[0.031,0.659,0.541,1],"ix":3,"x":"var $bm_rt;\n$bm_rt = comp('wired-outline-2344-poetry').layer('control').effect('secondary')('Color');"},"o":{"a":0,"k":100,"ix":4},"w":{"a":0,"k":12,"ix":5,"x":"var $bm_rt;\n$bm_rt = $bm_mul($bm_div(value, 2), comp('wired-outline-2344-poetry').layer('control').effect('stroke')('Menu'));"},"lc":2,"lj":2,"bm":0,"nm":".secondary","mn":"ADBE Vector Graphic - Stroke","hd":false,"cl":"secondary"},{"ty":"tr","p":{"a":0,"k":[346.035,212.977],"ix":2},"a":{"a":0,"k":[0,0],"ix":1},"s":{"a":0,"k":[100,100],"ix":3},"r":{"a":0,"k":0,"ix":6},"o":{"a":0,"k":100,"ix":7},"sk":{"a":0,"k":0,"ix":4},"sa":{"a":0,"k":0,"ix":5},"nm":"Transform"}],"nm":"Group 2","np":2,"cix":2,"bm":0,"ix":2,"mn":"ADBE Vector Group","hd":false}],"ip":0,"op":844,"st":0,"ct":1,"bm":0},{"ddd":0,"ind":3,"ty":4,"nm":"mask","parent":2,"td":1,"sr":1,"ks":{"o":{"a":0,"k":100,"ix":11},"r":{"a":0,"k":0,"ix":10},"p":{"a":0,"k":[237.25,290.016,0],"ix":2,"l":2},"a":{"a":0,"k":[237.25,290.016,0],"ix":1,"l":2},"s":{"a":0,"k":[100,100,100],"ix":6,"l":2}},"ao":0,"shapes":[{"ty":"gr","it":[{"ind":0,"ty":"sh","ix":1,"ks":{"a":1,"k":[{"i":{"x":0.667,"y":1},"o":{"x":0.333,"y":0},"t":4,"s":[{"i":[[0,0],[-72.382,37.909]],"o":[[0,0],[0,0]],"v":[[-58.878,41.592],[58.878,-41.592]],"c":false}]},{"i":{"x":0.667,"y":1},"o":{"x":0.333,"y":0},"t":15,"s":[{"i":[[0,0],[-66.671,47.236]],"o":[[0,0],[0,0]],"v":[[-58.878,41.592],[52.971,-49.892]],"c":false}]},{"i":{"x":0.667,"y":1},"o":{"x":0.333,"y":0},"t":25,"s":[{"i":[[0,0],[-77.703,25.27]],"o":[[0,0],[0,0]],"v":[[-58.878,41.592],[63.56,-31.703]],"c":false}]},{"i":{"x":0.667,"y":1},"o":{"x":0.333,"y":0},"t":34,"s":[{"i":[[0,0],[-66.671,47.236]],"o":[[0,0],[0,0]],"v":[[-58.878,41.592],[52.971,-49.892]],"c":false}]},{"i":{"x":0.667,"y":1},"o":{"x":0.333,"y":0},"t":47,"s":[{"i":[[0,0],[-77.703,25.27]],"o":[[0,0],[0,0]],"v":[[-58.878,41.592],[63.56,-31.703]],"c":false}]},{"i":{"x":0.667,"y":1},"o":{"x":0.333,"y":0},"t":59,"s":[{"i":[[0,0],[-77.703,25.27]],"o":[[0,0],[0,0]],"v":[[-58.878,41.592],[63.56,-31.703]],"c":false}]},{"i":{"x":0.667,"y":1},"o":{"x":0.333,"y":0},"t":68,"s":[{"i":[[0,0],[-66.671,47.236]],"o":[[0,0],[0,0]],"v":[[-58.878,41.592],[52.971,-49.892]],"c":false}]},{"i":{"x":0.667,"y":1},"o":{"x":0.333,"y":0},"t":84,"s":[{"i":[[0,0],[-77.703,25.27]],"o":[[0,0],[0,0]],"v":[[-58.878,41.592],[63.56,-31.703]],"c":false}]},{"t":92,"s":[{"i":[[0,0],[-72.382,37.909]],"o":[[0,0],[0,0]],"v":[[-58.878,41.592],[58.878,-41.592]],"c":false}]}],"ix":2},"nm":"Path 1","mn":"ADBE Vector Shape - Group","hd":false},{"ty":"tr","p":{"a":0,"k":[296.129,248.424],"ix":2},"a":{"a":0,"k":[0,0],"ix":1},"s":{"a":0,"k":[100,100],"ix":3},"r":{"a":0,"k":0,"ix":6},"o":{"a":0,"k":100,"ix":7},"sk":{"a":0,"k":0,"ix":4},"sa":{"a":0,"k":0,"ix":5},"nm":"Transform"}],"nm":"Group 1","np":1,"cix":2,"bm":0,"ix":1,"mn":"ADBE Vector Group","hd":false},{"ty":"gr","it":[{"ind":0,"ty":"sh","ix":1,"ks":{"a":1,"k":[{"i":{"x":0.667,"y":1},"o":{"x":0.333,"y":0},"t":4,"s":[{"i":[[38.277,-25.679],[14.258,-5.059],[0,0],[0,0],[16.984,3.621],[-38.277,25.679],[-12.809,4.931],[0,0],[0,0],[-15.682,-3.344]],"o":[[-13.884,9.315],[0,0],[0,0],[-20.647,5.569],[5.821,-32.191],[12.451,-8.353],[0,0],[0,0],[18.945,-4.494],[-5.821,32.191]],"v":[[21.797,32.489],[-14.433,51.671],[-21.088,41.682],[-33.253,57.957],[-90.77,60.897],[-21.797,-32.489],[16.339,-52.42],[22.957,-39.726],[37.987,-59.157],[90.77,-60.897]],"c":true}]},{"i":{"x":0.667,"y":1},"o":{"x":0.333,"y":0},"t":15,"s":[{"i":[[34.504,-30.561],[13.455,-6.918],[0,0],[0,0],[16.984,3.621],[-34.504,30.561],[-12.035,6.598],[0,0],[0,0],[-15.988,-1.219]],"o":[[-12.516,11.085],[0,0],[0,0],[-20.647,5.569],[5.821,-32.191],[11.224,-9.941],[0,0],[0,0],[18.175,-6.984],[-1.469,32.68]],"v":[[20.934,22.131],[-12.409,45.98],[-20.339,36.969],[-32.688,57.531],[-90.77,60.897],[-30.946,-36.443],[4.186,-61.289],[12.44,-49.592],[24.74,-70.856],[76.818,-79.63]],"c":true}]},{"i":{"x":0.667,"y":1},"o":{"x":0.333,"y":0},"t":25,"s":[{"i":[[42.032,-18.916],[10.676,0.74],[0,0],[0,0],[16.984,3.621],[-42.032,18.916],[-13.453,2.72],[0,0],[0,0],[-13.703,-11.294]],"o":[[-15.246,6.861],[0,0],[0,0],[-20.647,5.569],[5.821,-32.191],[13.673,-6.153],[0,0],[0,0],[14.992,-0.014],[-11.123,30.764]],"v":[[19.837,43.979],[-13.68,53.062],[-21.088,41.682],[-33.253,57.957],[-90.77,60.897],[-12.275,-27.375],[28.657,-40.647],[35.607,-26.966],[55.499,-41.901],[95.868,-30.648]],"c":true}]},{"i":{"x":0.667,"y":1},"o":{"x":0.333,"y":0},"t":34,"s":[{"i":[[34.504,-30.561],[13.455,-6.918],[0,0],[0,0],[16.984,3.621],[-34.504,30.561],[-12.035,6.598],[0,0],[0,0],[-15.988,-1.219]],"o":[[-12.516,11.085],[0,0],[0,0],[-20.647,5.569],[5.821,-32.191],[11.224,-9.941],[0,0],[0,0],[18.175,-6.984],[-1.469,32.68]],"v":[[20.934,22.131],[-12.409,45.98],[-20.339,36.969],[-32.688,57.531],[-90.77,60.897],[-30.946,-36.443],[4.186,-61.289],[12.44,-49.592],[24.74,-70.856],[76.818,-79.63]],"c":true}]},{"i":{"x":0.667,"y":1},"o":{"x":0.333,"y":0},"t":47,"s":[{"i":[[42.032,-18.916],[10.676,0.74],[0,0],[0,0],[16.984,3.621],[-42.032,18.916],[-13.453,2.72],[0,0],[0,0],[-13.703,-11.294]],"o":[[-15.246,6.861],[0,0],[0,0],[-20.647,5.569],[5.821,-32.191],[13.673,-6.153],[0,0],[0,0],[14.992,-0.014],[-11.123,30.764]],"v":[[19.837,43.979],[-13.68,53.062],[-21.088,41.682],[-33.253,57.957],[-90.77,60.897],[-12.275,-27.375],[28.657,-40.647],[35.607,-26.966],[55.499,-41.901],[95.868,-30.648]],"c":true}]},{"i":{"x":0.667,"y":1},"o":{"x":0.333,"y":0},"t":59,"s":[{"i":[[42.032,-18.916],[10.676,0.74],[0,0],[0,0],[16.984,3.621],[-42.032,18.916],[-13.453,2.72],[0,0],[0,0],[-13.703,-11.294]],"o":[[-15.246,6.861],[0,0],[0,0],[-20.647,5.569],[5.821,-32.191],[13.673,-6.153],[0,0],[0,0],[14.992,-0.014],[-11.123,30.764]],"v":[[19.837,43.979],[-13.68,53.062],[-21.088,41.682],[-33.253,57.957],[-90.77,60.897],[-12.275,-27.375],[28.657,-40.647],[35.607,-26.966],[55.499,-41.901],[95.868,-30.648]],"c":true}]},{"i":{"x":0.667,"y":1},"o":{"x":0.333,"y":0},"t":68,"s":[{"i":[[34.504,-30.561],[13.455,-6.918],[0,0],[0,0],[16.984,3.621],[-34.504,30.561],[-12.035,6.598],[0,0],[0,0],[-15.988,-1.219]],"o":[[-12.516,11.085],[0,0],[0,0],[-20.647,5.569],[5.821,-32.191],[11.224,-9.941],[0,0],[0,0],[18.175,-6.984],[-1.469,32.68]],"v":[[20.934,22.131],[-12.409,45.98],[-20.339,36.969],[-32.688,57.531],[-90.77,60.897],[-30.946,-36.443],[4.186,-61.289],[12.44,-49.592],[24.74,-70.856],[76.818,-79.63]],"c":true}]},{"i":{"x":0.667,"y":1},"o":{"x":0.333,"y":0},"t":84,"s":[{"i":[[42.032,-18.916],[10.676,0.74],[0,0],[0,0],[16.984,3.621],[-42.032,18.916],[-13.453,2.72],[0,0],[0,0],[-13.703,-11.294]],"o":[[-15.246,6.861],[0,0],[0,0],[-20.647,5.569],[5.821,-32.191],[13.673,-6.153],[0,0],[0,0],[14.992,-0.014],[-11.123,30.764]],"v":[[19.837,43.979],[-13.68,53.062],[-21.088,41.682],[-33.253,57.957],[-90.77,60.897],[-12.275,-27.375],[28.657,-40.647],[35.607,-26.966],[55.499,-41.901],[95.868,-30.648]],"c":true}]},{"t":92,"s":[{"i":[[38.277,-25.679],[14.258,-5.059],[0,0],[0,0],[16.984,3.621],[-38.277,25.679],[-12.809,4.931],[0,0],[0,0],[-15.682,-3.344]],"o":[[-13.884,9.315],[0,0],[0,0],[-20.647,5.569],[5.821,-32.191],[12.451,-8.353],[0,0],[0,0],[18.945,-4.494],[-5.821,32.191]],"v":[[21.797,32.489],[-14.433,51.671],[-21.088,41.682],[-33.253,57.957],[-90.77,60.897],[-21.797,-32.489],[16.339,-52.42],[22.957,-39.726],[37.987,-59.157],[90.77,-60.897]],"c":true}]}],"ix":2},"nm":"Path 1","mn":"ADBE Vector Shape - Group","hd":false},{"ty":"fl","c":{"a":0,"k":[1,1,1,1],"ix":4},"o":{"a":0,"k":100,"ix":5},"r":1,"bm":0,"nm":"Fill 1","mn":"ADBE Vector Graphic - Fill","hd":false},{"ty":"tr","p":{"a":0,"k":[346.035,212.977],"ix":2},"a":{"a":0,"k":[0,0],"ix":1},"s":{"a":0,"k":[100,100],"ix":3},"r":{"a":0,"k":0,"ix":6},"o":{"a":0,"k":100,"ix":7},"sk":{"a":0,"k":0,"ix":4},"sa":{"a":0,"k":0,"ix":5},"nm":"Transform"}],"nm":"Group 2","np":2,"cix":2,"bm":0,"ix":2,"mn":"ADBE Vector Group","hd":false}],"ip":0,"op":844,"st":0,"ct":1,"bm":0},{"ddd":0,"ind":4,"ty":0,"nm":"paper","tt":2,"tp":3,"refId":"comp_3","sr":1,"ks":{"o":{"a":0,"k":100,"ix":11},"r":{"a":0,"k":0,"ix":10},"p":{"a":0,"k":[215,215,0],"ix":2,"l":2},"a":{"a":0,"k":[215,215,0],"ix":1,"l":2},"s":{"a":0,"k":[100,100,100],"ix":6,"l":2}},"ao":0,"w":430,"h":430,"ip":0,"op":844,"st":0,"bm":0}]},{"id":"comp_3","nm":"paper","fr":60,"layers":[{"ddd":0,"ind":1,"ty":4,"nm":"paper 2","parent":3,"sr":1,"ks":{"o":{"a":0,"k":100,"ix":11},"r":{"a":0,"k":0,"ix":10},"p":{"a":0,"k":[243.328,249.998,0],"ix":2,"l":2},"a":{"a":0,"k":[243.328,249.998,0],"ix":1,"l":2},"s":{"a":0,"k":[100,100,100],"ix":6,"l":2}},"ao":0,"shapes":[{"ty":"gr","it":[{"ty":"gr","it":[{"ind":0,"ty":"sh","ix":1,"ks":{"a":0,"k":{"i":[[-21.43,0],[0,0],[0,-21.43],[-21.43,0],[0,0],[0,21.43]],"o":[[0,0],[-21.43,0],[0,21.43],[0,0],[-21.43,0],[0,-21.43]],"v":[[-88.655,-38.81],[124.434,-38.81],[85.624,0],[124.434,38.81],[-88.655,38.81],[-127.465,0]],"c":true},"ix":2},"nm":"Path 1","mn":"ADBE Vector Shape - Group","hd":false},{"ty":"st","c":{"a":0,"k":[0.071,0.075,0.192,1],"ix":3,"x":"var $bm_rt;\n$bm_rt = comp('wired-outline-2344-poetry').layer('control').effect('primary')('Color');"},"o":{"a":0,"k":100,"ix":4},"w":{"a":0,"k":12,"ix":5,"x":"var $bm_rt;\n$bm_rt = $bm_mul($bm_div(value, 2), comp('wired-outline-2344-poetry').layer('control').effect('stroke')('Menu'));"},"lc":2,"lj":2,"bm":0,"nm":".primary","mn":"ADBE Vector Graphic - Stroke","hd":false,"cl":"primary"},{"ty":"tr","p":{"a":0,"k":[203.815,371.306],"ix":2},"a":{"a":0,"k":[0,0],"ix":1},"s":{"a":0,"k":[100,100],"ix":3},"r":{"a":0,"k":0,"ix":6},"o":{"a":0,"k":100,"ix":7},"sk":{"a":0,"k":0,"ix":4},"sa":{"a":0,"k":0,"ix":5},"nm":"Transform"}],"nm":"Group 1","np":2,"cix":2,"bm":0,"ix":1,"mn":"ADBE Vector Group","hd":false},{"ty":"gr","it":[{"ty":"st","c":{"a":0,"k":[0.071,0.075,0.192,1],"ix":3,"x":"var $bm_rt;\n$bm_rt = comp('wired-outline-2344-poetry').layer('control').effect('primary')('Color');"},"o":{"a":0,"k":100,"ix":4},"w":{"a":0,"k":12,"ix":5,"x":"var $bm_rt;\n$bm_rt = $bm_mul($bm_div(value, 2), comp('wired-outline-2344-poetry').layer('control').effect('stroke')('Menu'));"},"lc":2,"lj":2,"bm":0,"nm":".primary","mn":"ADBE Vector Graphic - Stroke","hd":false,"cl":"primary"},{"ty":"tr","p":{"a":0,"k":[224.125,351.905],"ix":2},"a":{"a":0,"k":[0,0],"ix":1},"s":{"a":0,"k":[100,100],"ix":3},"r":{"a":0,"k":0,"ix":6},"o":{"a":0,"k":100,"ix":7},"sk":{"a":0,"k":0,"ix":4},"sa":{"a":0,"k":0,"ix":5},"nm":"Transform"}],"nm":"Group 3","np":1,"cix":2,"bm":0,"ix":2,"mn":"ADBE Vector Group","hd":false},{"ty":"tr","p":{"a":1,"k":[{"i":{"x":0.133,"y":1},"o":{"x":0.333,"y":0},"t":0,"s":[176.398,409.481],"to":[0,0],"ti":[0,0]},{"i":{"x":0.46,"y":1},"o":{"x":0.632,"y":0},"t":30,"s":[176.398,442.481],"to":[0,0],"ti":[0,0]},{"i":{"x":0.291,"y":1},"o":{"x":0.333,"y":0},"t":47,"s":[176.398,389.481],"to":[0,0],"ti":[0,0]},{"t":76,"s":[176.398,409.481]}],"ix":2},"a":{"a":0,"k":[176.398,409.481],"ix":1},"s":{"a":1,"k":[{"i":{"x":[0.667,0.667],"y":[1,1]},"o":{"x":[0.333,0.333],"y":[0,0]},"t":0,"s":[100,100]},{"i":{"x":[0.667,0.667],"y":[1,1]},"o":{"x":[0.333,0.333],"y":[0,0]},"t":9,"s":[100,116]},{"i":{"x":[0.667,0.667],"y":[1,1]},"o":{"x":[0.333,0.333],"y":[0,0]},"t":37,"s":[100,80]},{"i":{"x":[0.667,0.667],"y":[1,1]},"o":{"x":[0.333,0.333],"y":[0,0]},"t":57,"s":[100,105]},{"i":{"x":[0.667,0.667],"y":[1,1]},"o":{"x":[0.333,0.333],"y":[0,0]},"t":76,"s":[100,98]},{"t":88,"s":[100,100]}],"ix":3},"r":{"a":0,"k":0,"ix":6},"o":{"a":0,"k":100,"ix":7},"sk":{"a":0,"k":0,"ix":4},"sa":{"a":0,"k":0,"ix":5},"nm":"Transform"}],"nm":"Group 2","np":2,"cix":2,"bm":0,"ix":1,"mn":"ADBE Vector Group","hd":false},{"ty":"gr","it":[{"ty":"gr","it":[{"ind":0,"ty":"sh","ix":1,"ks":{"a":0,"k":{"i":[[21.43,0],[0,0],[0,21.43],[21.43,0],[0,0],[0,-21.43]],"o":[[0,0],[21.43,0],[0,-21.43],[0,0],[21.43,0],[0,21.43]],"v":[[88.655,38.81],[-127.465,38.81],[-88.655,0],[-127.465,-38.81],[88.655,-38.81],[127.465,0]],"c":true},"ix":2},"nm":"Path 1","mn":"ADBE Vector Shape - Group","hd":false},{"ty":"st","c":{"a":0,"k":[0.071,0.075,0.192,1],"ix":3,"x":"var $bm_rt;\n$bm_rt = comp('wired-outline-2344-poetry').layer('control').effect('primary')('Color');"},"o":{"a":0,"k":100,"ix":4},"w":{"a":0,"k":12,"ix":5,"x":"var $bm_rt;\n$bm_rt = $bm_mul($bm_div(value, 2), comp('wired-outline-2344-poetry').layer('control').effect('stroke')('Menu'));"},"lc":2,"lj":2,"bm":0,"nm":".primary","mn":"ADBE Vector Graphic - Stroke","hd":false,"cl":"primary"},{"ty":"tr","p":{"a":0,"k":[282.84,128.691],"ix":2},"a":{"a":0,"k":[0,0],"ix":1},"s":{"a":0,"k":[100,100],"ix":3},"r":{"a":0,"k":0,"ix":6},"o":{"a":0,"k":100,"ix":7},"sk":{"a":0,"k":0,"ix":4},"sa":{"a":0,"k":0,"ix":5},"nm":"Transform"}],"nm":"Group 1","np":2,"cix":2,"bm":0,"ix":1,"mn":"ADBE Vector Group","hd":false},{"ty":"tr","p":{"a":1,"k":[{"i":{"x":0.133,"y":1},"o":{"x":0.333,"y":0},"t":0,"s":[282.227,90.519],"to":[0,0],"ti":[0,0]},{"i":{"x":0.46,"y":1},"o":{"x":0.632,"y":0},"t":30,"s":[282.227,60.519],"to":[0,0],"ti":[0,0]},{"i":{"x":0.291,"y":1},"o":{"x":0.333,"y":0},"t":46,"s":[282.227,110.519],"to":[0,0],"ti":[0,0]},{"t":76,"s":[282.227,90.519]}],"ix":2},"a":{"a":0,"k":[282.227,90.519],"ix":1},"s":{"a":1,"k":[{"i":{"x":[0.667,0.667],"y":[1,1]},"o":{"x":[0.333,0.333],"y":[0,0]},"t":0,"s":[100,100]},{"i":{"x":[0.667,0.667],"y":[1,1]},"o":{"x":[0.333,0.333],"y":[0,0]},"t":9,"s":[100,116]},{"i":{"x":[0.667,0.667],"y":[1,1]},"o":{"x":[0.333,0.333],"y":[0,0]},"t":37,"s":[100,80]},{"i":{"x":[0.667,0.667],"y":[1,1]},"o":{"x":[0.333,0.333],"y":[0,0]},"t":57,"s":[100,105]},{"i":{"x":[0.667,0.667],"y":[1,1]},"o":{"x":[0.333,0.333],"y":[0,0]},"t":76,"s":[100,98]},{"t":88,"s":[100,100]}],"ix":3},"r":{"a":0,"k":0,"ix":6},"o":{"a":0,"k":100,"ix":7},"sk":{"a":0,"k":0,"ix":4},"sa":{"a":0,"k":0,"ix":5},"nm":"Transform"}],"nm":"Group 3","np":1,"cix":2,"bm":0,"ix":2,"mn":"ADBE Vector Group","hd":false}],"ip":0,"op":844,"st":0,"ct":1,"bm":0},{"ddd":0,"ind":2,"ty":4,"nm":"paper 3","parent":3,"td":1,"sr":1,"ks":{"o":{"a":0,"k":100,"ix":11},"r":{"a":0,"k":0,"ix":10},"p":{"a":0,"k":[243.328,249.998,0],"ix":2,"l":2},"a":{"a":0,"k":[243.328,249.998,0],"ix":1,"l":2},"s":{"a":0,"k":[100,100,100],"ix":6,"l":2}},"ao":0,"shapes":[{"ty":"gr","it":[{"ty":"gr","it":[{"ind":0,"ty":"sh","ix":1,"ks":{"a":0,"k":{"i":[[-21.43,0],[0,0],[0,-21.43],[-21.43,0],[0,0],[0,21.43]],"o":[[0,0],[-21.43,0],[0,21.43],[0,0],[-21.43,0],[0,-21.43]],"v":[[-88.655,-38.81],[124.434,-38.81],[85.624,0],[124.434,38.81],[-88.655,38.81],[-127.465,0]],"c":true},"ix":2},"nm":"Path 1","mn":"ADBE Vector Shape - Group","hd":false},{"ty":"tr","p":{"a":0,"k":[203.815,371.306],"ix":2},"a":{"a":0,"k":[0,0],"ix":1},"s":{"a":0,"k":[100,100],"ix":3},"r":{"a":0,"k":0,"ix":6},"o":{"a":0,"k":100,"ix":7},"sk":{"a":0,"k":0,"ix":4},"sa":{"a":0,"k":0,"ix":5},"nm":"Transform"}],"nm":"Group 1","np":1,"cix":2,"bm":0,"ix":1,"mn":"ADBE Vector Group","hd":false},{"ty":"gr","it":[{"ty":"tr","p":{"a":0,"k":[224.125,351.905],"ix":2},"a":{"a":0,"k":[0,0],"ix":1},"s":{"a":0,"k":[100,100],"ix":3},"r":{"a":0,"k":0,"ix":6},"o":{"a":0,"k":100,"ix":7},"sk":{"a":0,"k":0,"ix":4},"sa":{"a":0,"k":0,"ix":5},"nm":"Transform"}],"nm":"Group 3","np":0,"cix":2,"bm":0,"ix":2,"mn":"ADBE Vector Group","hd":false},{"ty":"tr","p":{"a":1,"k":[{"i":{"x":0.133,"y":1},"o":{"x":0.333,"y":0},"t":0,"s":[176.398,409.481],"to":[0,0],"ti":[0,0]},{"i":{"x":0.46,"y":1},"o":{"x":0.632,"y":0},"t":30,"s":[176.398,442.481],"to":[0,0],"ti":[0,0]},{"i":{"x":0.291,"y":1},"o":{"x":0.333,"y":0},"t":47,"s":[176.398,389.481],"to":[0,0],"ti":[0,0]},{"t":76,"s":[176.398,409.481]}],"ix":2},"a":{"a":0,"k":[176.398,409.481],"ix":1},"s":{"a":1,"k":[{"i":{"x":[0.667,0.667],"y":[1,1]},"o":{"x":[0.333,0.333],"y":[0,0]},"t":0,"s":[100,100]},{"i":{"x":[0.667,0.667],"y":[1,1]},"o":{"x":[0.333,0.333],"y":[0,0]},"t":9,"s":[100,116]},{"i":{"x":[0.667,0.667],"y":[1,1]},"o":{"x":[0.333,0.333],"y":[0,0]},"t":37,"s":[100,80]},{"i":{"x":[0.667,0.667],"y":[1,1]},"o":{"x":[0.333,0.333],"y":[0,0]},"t":57,"s":[100,105]},{"i":{"x":[0.667,0.667],"y":[1,1]},"o":{"x":[0.333,0.333],"y":[0,0]},"t":76,"s":[100,98]},{"t":88,"s":[100,100]}],"ix":3},"r":{"a":0,"k":0,"ix":6},"o":{"a":0,"k":100,"ix":7},"sk":{"a":0,"k":0,"ix":4},"sa":{"a":0,"k":0,"ix":5},"nm":"Transform"}],"nm":"Group 2","np":2,"cix":2,"bm":0,"ix":1,"mn":"ADBE Vector Group","hd":false},{"ty":"gr","it":[{"ty":"gr","it":[{"ind":0,"ty":"sh","ix":1,"ks":{"a":0,"k":{"i":[[21.43,0],[0,0],[0,21.43],[21.43,0],[0,0],[0,-21.43]],"o":[[0,0],[21.43,0],[0,-21.43],[0,0],[21.43,0],[0,21.43]],"v":[[88.655,38.81],[-127.465,38.81],[-88.655,0],[-127.465,-38.81],[88.655,-38.81],[127.465,0]],"c":true},"ix":2},"nm":"Path 1","mn":"ADBE Vector Shape - Group","hd":false},{"ty":"tr","p":{"a":0,"k":[282.84,128.691],"ix":2},"a":{"a":0,"k":[0,0],"ix":1},"s":{"a":0,"k":[100,100],"ix":3},"r":{"a":0,"k":0,"ix":6},"o":{"a":0,"k":100,"ix":7},"sk":{"a":0,"k":0,"ix":4},"sa":{"a":0,"k":0,"ix":5},"nm":"Transform"}],"nm":"Group 1","np":1,"cix":2,"bm":0,"ix":1,"mn":"ADBE Vector Group","hd":false},{"ty":"tr","p":{"a":1,"k":[{"i":{"x":0.133,"y":1},"o":{"x":0.333,"y":0},"t":0,"s":[282.227,90.519],"to":[0,0],"ti":[0,0]},{"i":{"x":0.46,"y":1},"o":{"x":0.632,"y":0},"t":30,"s":[282.227,60.519],"to":[0,0],"ti":[0,0]},{"i":{"x":0.291,"y":1},"o":{"x":0.333,"y":0},"t":46,"s":[282.227,110.519],"to":[0,0],"ti":[0,0]},{"t":76,"s":[282.227,90.519]}],"ix":2},"a":{"a":0,"k":[282.227,90.519],"ix":1},"s":{"a":1,"k":[{"i":{"x":[0.667,0.667],"y":[1,1]},"o":{"x":[0.333,0.333],"y":[0,0]},"t":0,"s":[100,100]},{"i":{"x":[0.667,0.667],"y":[1,1]},"o":{"x":[0.333,0.333],"y":[0,0]},"t":9,"s":[100,116]},{"i":{"x":[0.667,0.667],"y":[1,1]},"o":{"x":[0.333,0.333],"y":[0,0]},"t":37,"s":[100,80]},{"i":{"x":[0.667,0.667],"y":[1,1]},"o":{"x":[0.333,0.333],"y":[0,0]},"t":57,"s":[100,105]},{"i":{"x":[0.667,0.667],"y":[1,1]},"o":{"x":[0.333,0.333],"y":[0,0]},"t":76,"s":[100,98]},{"t":88,"s":[100,100]}],"ix":3},"r":{"a":0,"k":0,"ix":6},"o":{"a":0,"k":100,"ix":7},"sk":{"a":0,"k":0,"ix":4},"sa":{"a":0,"k":0,"ix":5},"nm":"Transform"}],"nm":"Group 3","np":1,"cix":2,"bm":0,"ix":2,"mn":"ADBE Vector Group","hd":false},{"ty":"fl","c":{"a":0,"k":[1,0,0,1],"ix":4},"o":{"a":0,"k":100,"ix":5},"r":1,"bm":0,"nm":"Fill 1","mn":"ADBE Vector Graphic - Fill","hd":false}],"ip":0,"op":844,"st":0,"ct":1,"bm":0},{"ddd":0,"ind":3,"ty":4,"nm":"paper","tt":2,"tp":2,"sr":1,"ks":{"o":{"a":0,"k":100,"ix":11},"r":{"a":1,"k":[{"i":{"x":[0.667],"y":[1]},"o":{"x":[0.333],"y":[0]},"t":0,"s":[0]},{"i":{"x":[0.667],"y":[1]},"o":{"x":[0.333],"y":[0]},"t":37,"s":[-11]},{"i":{"x":[0.667],"y":[1]},"o":{"x":[0.333],"y":[0]},"t":57,"s":[5]},{"t":76,"s":[0]}],"ix":10},"p":{"a":0,"k":[208.328,214.998,0],"ix":2,"l":2},"a":{"a":0,"k":[243.328,249.998,0],"ix":1,"l":2},"s":{"a":0,"k":[100,100,100],"ix":6,"l":2}},"ao":0,"shapes":[{"ty":"gr","it":[{"ind":0,"ty":"sh","ix":1,"ks":{"a":1,"k":[{"i":{"x":0.133,"y":1},"o":{"x":0.333,"y":0},"t":0,"s":[{"i":[[0,0],[0,0],[21.43,0]],"o":[[0,0],[0,21.43],[-21.43,0]],"v":[[126.525,-62.218],[126.763,160.117],[87.953,198.927]],"c":false}]},{"i":{"x":0.46,"y":1},"o":{"x":0.632,"y":0},"t":30,"s":[{"i":[[0,0],[0,0],[21.43,0]],"o":[[0,0],[0,21.43],[-21.43,0]],"v":[[126.051,-102.218],[126.763,193.117],[87.953,231.927]],"c":false}]},{"i":{"x":0.291,"y":1},"o":{"x":0.333,"y":0},"t":46,"s":[{"i":[[0,0],[0,0],[21.43,0]],"o":[[0,0],[0,21.43],[-21.43,0]],"v":[[126.525,-48.218],[126.763,140.117],[87.953,178.927]],"c":false}]},{"t":76,"s":[{"i":[[0,0],[0,0],[21.43,0]],"o":[[0,0],[0,21.43],[-21.43,0]],"v":[[126.525,-64.218],[126.763,160.117],[87.953,198.927]],"c":false}]}],"ix":2},"nm":"Path 2","mn":"ADBE Vector Shape - Group","hd":false},{"ind":1,"ty":"sh","ix":2,"ks":{"a":1,"k":[{"i":{"x":0.133,"y":1},"o":{"x":0.333,"y":0},"t":0,"s":[{"i":[[0,0],[0,0],[-21.43,0]],"o":[[0,0],[0,-21.43],[21.43,0]],"v":[[-126.761,121.307],[-126.761,-82.497],[-87.951,-121.307]],"c":false}]},{"i":{"x":0.46,"y":1},"o":{"x":0.632,"y":0},"t":30,"s":[{"i":[[0,0],[0,0],[-21.43,0]],"o":[[0,0],[0,-21.43],[21.43,0]],"v":[[-126.131,180.923],[-126.761,-112.497],[-87.951,-151.307]],"c":false}]},{"i":{"x":0.291,"y":1},"o":{"x":0.333,"y":0},"t":46,"s":[{"i":[[0,0],[0,0],[-21.43,0]],"o":[[0,0],[0,-21.43],[21.43,0]],"v":[[-126.761,99.307],[-126.761,-62.497],[-87.951,-101.307]],"c":false}]},{"t":76,"s":[{"i":[[0,0],[0,0],[-21.43,0]],"o":[[0,0],[0,-21.43],[21.43,0]],"v":[[-126.761,121.307],[-126.761,-82.497],[-87.951,-121.307]],"c":false}]}],"ix":2},"nm":"Path 1","mn":"ADBE Vector Shape - Group","hd":false},{"ty":"st","c":{"a":0,"k":[0.071,0.075,0.192,1],"ix":3,"x":"var $bm_rt;\n$bm_rt = comp('wired-outline-2344-poetry').layer('control').effect('primary')('Color');"},"o":{"a":0,"k":100,"ix":4},"w":{"a":0,"k":12,"ix":5,"x":"var $bm_rt;\n$bm_rt = $bm_mul($bm_div(value, 2), comp('wired-outline-2344-poetry').layer('control').effect('stroke')('Menu'));"},"lc":2,"lj":2,"bm":0,"nm":".primary","mn":"ADBE Vector Graphic - Stroke","hd":false,"cl":"primary"},{"ty":"tr","p":{"a":0,"k":[243.327,211.188],"ix":2},"a":{"a":0,"k":[0,0],"ix":1},"s":{"a":0,"k":[100,100],"ix":3},"r":{"a":0,"k":0,"ix":6},"o":{"a":0,"k":100,"ix":7},"sk":{"a":0,"k":0,"ix":4},"sa":{"a":0,"k":0,"ix":5},"nm":"Transform"}],"nm":"Group 2","np":3,"cix":2,"bm":0,"ix":1,"mn":"ADBE Vector Group","hd":false},{"ty":"gr","it":[{"ind":0,"ty":"sh","ix":1,"ks":{"a":1,"k":[{"i":{"x":0.667,"y":1},"o":{"x":0.333,"y":0},"t":0,"s":[{"i":[[0,0],[0,0]],"o":[[0,0],[0,0]],"v":[[-33.655,0.003],[33.655,-0.003]],"c":false}]},{"i":{"x":0.667,"y":1},"o":{"x":0.333,"y":0},"t":37,"s":[{"i":[[0,0],[0,0]],"o":[[0,0],[0,0]],"v":[[-33.655,0.003],[87.736,0.525]],"c":false}]},{"i":{"x":0.667,"y":1},"o":{"x":0.333,"y":0},"t":57,"s":[{"i":[[0,0],[0,0]],"o":[[0,0],[0,0]],"v":[[-33.655,0.003],[25.1,-0.259]],"c":false}]},{"t":76,"s":[{"i":[[0,0],[0,0]],"o":[[0,0],[0,0]],"v":[[-33.655,0.003],[33.655,-0.003]],"c":false}]}],"ix":2},"nm":"Path 1","mn":"ADBE Vector Shape - Group","hd":false},{"ty":"st","c":{"a":0,"k":[0.071,0.075,0.192,1],"ix":3,"x":"var $bm_rt;\n$bm_rt = comp('wired-outline-2344-poetry').layer('control').effect('primary')('Color');"},"o":{"a":0,"k":100,"ix":4},"w":{"a":0,"k":12,"ix":5,"x":"var $bm_rt;\n$bm_rt = $bm_mul($bm_div(value, 2), comp('wired-outline-2344-poetry').layer('control').effect('stroke')('Menu'));"},"lc":2,"lj":2,"bm":0,"nm":".primary","mn":"ADBE Vector Graphic - Stroke","hd":false,"cl":"primary"},{"ty":"tr","p":{"a":0,"k":[203.595,290.019],"ix":2},"a":{"a":0,"k":[0,0],"ix":1},"s":{"a":0,"k":[100,100],"ix":3},"r":{"a":0,"k":0,"ix":6},"o":{"a":0,"k":100,"ix":7},"sk":{"a":0,"k":0,"ix":4},"sa":{"a":0,"k":0,"ix":5},"nm":"Transform"}],"nm":"Group 1","np":2,"cix":2,"bm":0,"ix":2,"mn":"ADBE Vector Group","hd":false},{"ty":"gr","it":[{"ind":0,"ty":"sh","ix":1,"ks":{"a":0,"k":{"i":[[0,0],[0,0]],"o":[[0,0],[0,0]],"v":[[-60.045,0],[60.045,0]],"c":false},"ix":2},"nm":"Path 1","mn":"ADBE Vector Shape - Group","hd":false},{"ty":"st","c":{"a":0,"k":[0.071,0.075,0.192,1],"ix":3,"x":"var $bm_rt;\n$bm_rt = comp('wired-outline-2344-poetry').layer('control').effect('primary')('Color');"},"o":{"a":0,"k":100,"ix":4},"w":{"a":0,"k":12,"ix":5,"x":"var $bm_rt;\n$bm_rt = $bm_mul($bm_div(value, 2), comp('wired-outline-2344-poetry').layer('control').effect('stroke')('Menu'));"},"lc":2,"lj":2,"bm":0,"nm":".primary","mn":"ADBE Vector Graphic - Stroke","hd":false,"cl":"primary"},{"ty":"tr","p":{"a":0,"k":[229.985,250],"ix":2},"a":{"a":0,"k":[0,0],"ix":1},"s":{"a":0,"k":[100,100],"ix":3},"r":{"a":0,"k":0,"ix":6},"o":{"a":0,"k":100,"ix":7},"sk":{"a":0,"k":0,"ix":4},"sa":{"a":0,"k":0,"ix":5},"nm":"Transform"}],"nm":"Group 4","np":2,"cix":2,"bm":0,"ix":3,"mn":"ADBE Vector Group","hd":false},{"ty":"gr","it":[{"ind":0,"ty":"sh","ix":1,"ks":{"a":0,"k":{"i":[[0,0],[0,0]],"o":[[0,0],[0,0]],"v":[[-26.735,0],[26.735,0]],"c":false},"ix":2},"nm":"Path 1","mn":"ADBE Vector Shape - Group","hd":false},{"ty":"st","c":{"a":0,"k":[0.071,0.075,0.192,1],"ix":3,"x":"var $bm_rt;\n$bm_rt = comp('wired-outline-2344-poetry').layer('control').effect('primary')('Color');"},"o":{"a":0,"k":100,"ix":4},"w":{"a":0,"k":12,"ix":5,"x":"var $bm_rt;\n$bm_rt = $bm_mul($bm_div(value, 2), comp('wired-outline-2344-poetry').layer('control').effect('stroke')('Menu'));"},"lc":2,"lj":2,"bm":0,"nm":".primary","mn":"ADBE Vector Graphic - Stroke","hd":false,"cl":"primary"},{"ty":"tr","p":{"a":0,"k":[196.676,209.97],"ix":2},"a":{"a":0,"k":[0,0],"ix":1},"s":{"a":0,"k":[100,100],"ix":3},"r":{"a":0,"k":0,"ix":6},"o":{"a":0,"k":100,"ix":7},"sk":{"a":0,"k":0,"ix":4},"sa":{"a":0,"k":0,"ix":5},"nm":"Transform"}],"nm":"Group 5","np":2,"cix":2,"bm":0,"ix":4,"mn":"ADBE Vector Group","hd":false},{"ty":"gr","it":[{"ind":0,"ty":"sh","ix":1,"ks":{"a":0,"k":{"i":[[0,0],[0,0]],"o":[[0,0],[0,0]],"v":[[-20.118,0],[20.118,0]],"c":false},"ix":2},"nm":"Path 1","mn":"ADBE Vector Shape - Group","hd":false},{"ty":"st","c":{"a":0,"k":[0.071,0.075,0.192,1],"ix":3,"x":"var $bm_rt;\n$bm_rt = comp('wired-outline-2344-poetry').layer('control').effect('primary')('Color');"},"o":{"a":0,"k":100,"ix":4},"w":{"a":0,"k":12,"ix":5,"x":"var $bm_rt;\n$bm_rt = $bm_mul($bm_div(value, 2), comp('wired-outline-2344-poetry').layer('control').effect('stroke')('Menu'));"},"lc":2,"lj":2,"bm":0,"nm":".primary","mn":"ADBE Vector Graphic - Stroke","hd":false,"cl":"primary"},{"ty":"tr","p":{"a":0,"k":[269.912,209.97],"ix":2},"a":{"a":0,"k":[0,0],"ix":1},"s":{"a":0,"k":[100,100],"ix":3},"r":{"a":0,"k":0,"ix":6},"o":{"a":0,"k":100,"ix":7},"sk":{"a":0,"k":0,"ix":4},"sa":{"a":0,"k":0,"ix":5},"nm":"Transform"}],"nm":"Group 6","np":2,"cix":2,"bm":0,"ix":5,"mn":"ADBE Vector Group","hd":false}],"ip":0,"op":844,"st":0,"ct":1,"bm":0}]}],"layers":[{"ddd":0,"ind":1,"ty":3,"nm":"control","sr":1,"ks":{"o":{"a":0,"k":0,"ix":11},"r":{"a":0,"k":0,"ix":10},"p":{"a":0,"k":[0,0],"ix":2,"l":2},"a":{"a":0,"k":[0,0,0],"ix":1,"l":2},"s":{"a":0,"k":[100,100,100],"ix":6,"l":2}},"ao":0,"ef":[{"ty":5,"nm":"stroke","np":3,"mn":"Pseudo/@@pSLbXFeaQG2aeFS1qi3jCw","ix":1,"en":1,"ef":[{"ty":7,"nm":"Menu","mn":"Pseudo/@@pSLbXFeaQG2aeFS1qi3jCw-0001","ix":1,"v":{"a":0,"k":2,"ix":1}}]},{"ty":5,"nm":"primary","np":3,"mn":"ADBE Color Control","ix":2,"en":1,"ef":[{"ty":2,"nm":"Color","mn":"ADBE Color Control-0001","ix":1,"v":{"a":0,"k":[0.071,0.075,0.192],"ix":1}}]},{"ty":5,"nm":"secondary","np":3,"mn":"ADBE Color Control","ix":3,"en":1,"ef":[{"ty":2,"nm":"Color","mn":"ADBE Color Control-0001","ix":1,"v":{"a":0,"k":[0.031,0.659,0.541],"ix":1}}]}],"ip":0,"op":223,"st":0,"bm":0},{"ddd":0,"ind":2,"ty":0,"nm":"in-reveal","refId":"comp_0","sr":1,"ks":{"o":{"a":0,"k":100,"ix":11},"r":{"a":0,"k":0,"ix":10},"p":{"a":0,"k":[215,215,0],"ix":2,"l":2},"a":{"a":0,"k":[215,215,0],"ix":1,"l":2},"s":{"a":0,"k":[100,100,100],"ix":6,"l":2}},"ao":0,"w":430,"h":430,"ip":0,"op":130,"st":0,"bm":0},{"ddd":0,"ind":3,"ty":0,"nm":"hover-pinch","refId":"comp_2","sr":1,"ks":{"o":{"a":0,"k":100,"ix":11},"r":{"a":0,"k":0,"ix":10},"p":{"a":0,"k":[215,215,0],"ix":2,"l":2},"a":{"a":0,"k":[215,215,0],"ix":1,"l":2},"s":{"a":0,"k":[100,100,100],"ix":6,"l":2}},"ao":0,"w":430,"h":430,"ip":130,"op":232,"st":130,"bm":0}],"markers":[{"tm":0,"cm":"in-reveal","dr":120},{"tm":130,"cm":"default:hover-pinch","dr":92}],"props":{}}