{"v":"5.12.1","fr":60,"ip":100,"op":145,"w":430,"h":430,"nm":"wired-outline-1302-arrow-up-key","ddd":0,"assets":[{"id":"comp_0","nm":"in-reveal","fr":60,"layers":[{"ddd":0,"ind":1,"ty":4,"nm":"arrow","parent":3,"sr":1,"ks":{"o":{"a":0,"k":100,"ix":11},"r":{"a":0,"k":0,"ix":10},"p":{"a":0,"k":[0,-5,0],"ix":2,"l":2},"a":{"a":0,"k":[0,0,0],"ix":1,"l":2},"s":{"a":0,"k":[100,100,100],"ix":6,"l":2}},"ao":0,"shapes":[{"ty":"gr","it":[{"ind":0,"ty":"sh","ix":1,"ks":{"a":0,"k":{"i":[[0,0],[0,0],[0,0]],"o":[[0,0],[0,0],[0,0]],"v":[[45,80],[-45,0],[45,-80]],"c":false},"ix":2},"nm":"Path 1","mn":"ADBE Vector Shape - Group","hd":false},{"ty":"st","c":{"a":0,"k":[0.031,0.659,0.541,1],"ix":3,"x":"var $bm_rt;\n$bm_rt = comp('wired-outline-1302-arrow-up-key').layer('control').effect('secondary')('Color');"},"o":{"a":0,"k":100,"ix":4},"w":{"a":0,"k":12,"ix":5,"x":"var $bm_rt;\n$bm_rt = $bm_mul($bm_div(value, 2), comp('wired-outline-1302-arrow-up-key').layer('control').effect('stroke')('Menu'));"},"lc":2,"lj":2,"bm":0,"nm":".secondary","mn":"ADBE Vector Graphic - Stroke","hd":false,"cl":"secondary"},{"ty":"tr","p":{"a":0,"k":[0,0],"ix":2},"a":{"a":0,"k":[0,0],"ix":1},"s":{"a":0,"k":[100,100],"ix":3},"r":{"a":0,"k":90,"ix":6},"o":{"a":0,"k":100,"ix":7},"sk":{"a":0,"k":0,"ix":4},"sa":{"a":0,"k":0,"ix":5},"nm":"Transform"}],"nm":"arrow","np":2,"cix":2,"bm":0,"ix":1,"mn":"ADBE Vector Group","hd":false},{"ty":"tm","s":{"a":1,"k":[{"i":{"x":[0.591],"y":[1]},"o":{"x":[0.167],"y":[0.167]},"t":14,"s":[50]},{"t":23,"s":[100]}],"ix":1},"e":{"a":1,"k":[{"i":{"x":[0.591],"y":[1]},"o":{"x":[0.167],"y":[0.167]},"t":14,"s":[50]},{"t":23,"s":[1]}],"ix":2},"o":{"a":0,"k":180,"ix":3},"m":1,"ix":2,"nm":"Trim Paths 1","mn":"ADBE Vector Filter - Trim","hd":false}],"ip":0,"op":300,"st":0,"ct":1,"bm":0},{"ddd":0,"ind":2,"ty":4,"nm":"key 3","sr":1,"ks":{"o":{"a":0,"k":100,"ix":11},"r":{"a":0,"k":0,"ix":10},"p":{"a":1,"k":[{"i":{"x":0,"y":1},"o":{"x":0.167,"y":0.167},"t":22,"s":[215,240,0],"to":[0,0,0],"ti":[0,0,0]},{"i":{"x":0.667,"y":1},"o":{"x":0.333,"y":0},"t":45,"s":[215,190,0],"to":[0,0,0],"ti":[0,0,0]},{"i":{"x":0.667,"y":0.667},"o":{"x":0.333,"y":0.333},"t":59,"s":[215,240,0],"to":[0,0,0],"ti":[0,0,0]},{"i":{"x":0.39,"y":1},"o":{"x":0.333,"y":0},"t":62,"s":[215,240,0],"to":[0,0,0],"ti":[0,0,0]},{"t":90,"s":[215,190,0]}],"ix":2,"l":2},"a":{"a":0,"k":[0,0,0],"ix":1,"l":2},"s":{"a":0,"k":[100,100,100],"ix":6,"l":2}},"ao":0,"shapes":[{"ty":"gr","it":[{"ind":0,"ty":"sh","ix":1,"ks":{"a":1,"k":[{"i":{"x":0.833,"y":0.833},"o":{"x":0.167,"y":0.167},"t":0,"s":[{"i":[[0,0],[0,-0.134],[0,0],[-0.134,0],[0,0],[0,0.276],[0,0],[0.276,0]],"o":[[-0.134,0],[0,0],[0,0.134],[0,0],[0.276,0],[0,0],[0,-0.276],[0,0]],"v":[[-144.758,144.5],[-145,144.742],[-145,144.758],[-144.758,145],[144.5,145],[145,144.5],[145,144.467],[144.5,143.967]],"c":true}]},{"i":{"x":0.833,"y":0.833},"o":{"x":0.167,"y":0.167},"t":8,"s":[{"i":[[0,0],[0,-16.569],[0,0],[-16.569,0],[0,0],[0,16.569],[0,0],[16.569,0]],"o":[[-16.569,0],[0,0],[0,16.569],[0,0],[16.569,0],[0,0],[0,-16.569],[0,0]],"v":[[-115,83],[-145,113],[-145,115],[-115,145],[115,145],[145,115],[145,113],[115,83]],"c":true}]},{"t":22,"s":[{"i":[[0,0],[0,-16.569],[0,0],[-16.569,0],[0,0],[0,16.569],[0,0],[16.569,0]],"o":[[-16.569,0],[0,0],[0,16.569],[0,0],[16.569,0],[0,0],[0,-16.569],[0,0]],"v":[[-115,-145],[-145,-115],[-145,115],[-115,145],[115,145],[145,115],[145,-115],[115,-145]],"c":true}]}],"ix":2},"nm":"Path 1","mn":"ADBE Vector Shape - Group","hd":false},{"ty":"rd","nm":"Round Corners 1","r":{"a":0,"k":30,"ix":1},"ix":2,"mn":"ADBE Vector Filter - RC","hd":false},{"ty":"st","c":{"a":0,"k":[0.071,0.075,0.192,1],"ix":3,"x":"var $bm_rt;\n$bm_rt = comp('wired-outline-1302-arrow-up-key').layer('control').effect('primary')('Color');"},"o":{"a":0,"k":100,"ix":4},"w":{"a":0,"k":12,"ix":5,"x":"var $bm_rt;\n$bm_rt = $bm_mul($bm_div(value, 2), comp('wired-outline-1302-arrow-up-key').layer('control').effect('stroke')('Menu'));"},"lc":1,"lj":2,"bm":0,"nm":".primary","mn":"ADBE Vector Graphic - Stroke","hd":false,"cl":"primary"},{"ty":"tr","p":{"a":0,"k":[0,0],"ix":2},"a":{"a":0,"k":[0,0],"ix":1},"s":{"a":0,"k":[100,100],"ix":3},"r":{"a":0,"k":0,"ix":6},"o":{"a":0,"k":100,"ix":7},"sk":{"a":0,"k":0,"ix":4},"sa":{"a":0,"k":0,"ix":5},"nm":"Transform"}],"nm":"key","np":3,"cix":2,"bm":0,"ix":1,"mn":"ADBE Vector Group","hd":false},{"ty":"gr","it":[{"ind":0,"ty":"sh","ix":1,"ks":{"a":1,"k":[{"i":{"x":0.833,"y":0.833},"o":{"x":0.167,"y":0.167},"t":0,"s":[{"i":[[0,0],[0,0],[-0.134,0],[0,0],[0,0.276],[0,0]],"o":[[0,0],[0,0.134],[0,0],[0.276,0],[0,0],[0,0]],"v":[[-145,22.218],[-145,22.258],[-144.758,22.5],[144.5,22.5],[145,22],[145,21.917]],"c":false}]},{"i":{"x":0.833,"y":0.833},"o":{"x":0.167,"y":0.167},"t":8,"s":[{"i":[[0,0],[0,0],[-16.569,0],[0,0],[0,16.569],[0,0]],"o":[[0,0],[0,16.569],[0,0],[16.569,0],[0,0],[0,0]],"v":[[-145,-12.5],[-145,-7.5],[-115,22.5],[115,22.5],[145,-7.5],[145,-12.5]],"c":false}]},{"i":{"x":0,"y":1},"o":{"x":0.167,"y":0.167},"t":22,"s":[{"i":[[0,0],[0,0],[-16.569,0],[0,0],[0,16.569],[0,0]],"o":[[0,0],[0,16.569],[0,0],[16.569,0],[0,0],[0,0]],"v":[[-145,-12.5],[-145,-7.5],[-115,22.5],[115,22.5],[145,-7.5],[145,-12.5]],"c":false}]},{"i":{"x":0.667,"y":1},"o":{"x":0.333,"y":0},"t":45,"s":[{"i":[[0,0],[0,0],[-16.569,0],[0,0],[0,16.569],[0,0]],"o":[[0,0],[0,16.569],[0,0],[16.569,0],[0,0],[0,0]],"v":[[-145,-12.5],[-145,42.5],[-115,72.5],[115,72.5],[145,42.5],[145,-12.5]],"c":false}]},{"i":{"x":0.667,"y":1},"o":{"x":0.333,"y":0},"t":59,"s":[{"i":[[0,0],[0,0],[-16.569,0],[0,0],[0,16.569],[0,0]],"o":[[0,0],[0,16.569],[0,0],[16.569,0],[0,0],[0,0]],"v":[[-145,-12.5],[-145,-7.5],[-115,22.5],[115,22.5],[145,-7.5],[145,-12.5]],"c":false}]},{"i":{"x":0.39,"y":1},"o":{"x":0.333,"y":0},"t":62,"s":[{"i":[[0,0],[0,0],[-16.569,0],[0,0],[0,16.569],[0,0]],"o":[[0,0],[0,16.569],[0,0],[16.569,0],[0,0],[0,0]],"v":[[-145,-12.5],[-145,-7.5],[-115,22.5],[115,22.5],[145,-7.5],[145,-12.5]],"c":false}]},{"t":90,"s":[{"i":[[0,0],[0,0],[-16.569,0],[0,0],[0,16.569],[0,0]],"o":[[0,0],[0,16.569],[0,0],[16.569,0],[0,0],[0,0]],"v":[[-145,-12.5],[-145,42.5],[-115,72.5],[115,72.5],[145,42.5],[145,-12.5]],"c":false}]}],"ix":2},"nm":"Path 1","mn":"ADBE Vector Shape - Group","hd":false},{"ty":"st","c":{"a":0,"k":[0.071,0.075,0.192,1],"ix":3,"x":"var $bm_rt;\n$bm_rt = comp('wired-outline-1302-arrow-up-key').layer('control').effect('primary')('Color');"},"o":{"a":0,"k":100,"ix":4},"w":{"a":0,"k":12,"ix":5,"x":"var $bm_rt;\n$bm_rt = $bm_mul($bm_div(value, 2), comp('wired-outline-1302-arrow-up-key').layer('control').effect('stroke')('Menu'));"},"lc":1,"lj":2,"bm":0,"nm":".primary","mn":"ADBE Vector Graphic - Stroke","hd":false,"cl":"primary"},{"ty":"tr","p":{"a":0,"k":[0,122.5],"ix":2},"a":{"a":0,"k":[0,0],"ix":1},"s":{"a":0,"k":[100,100],"ix":3},"r":{"a":0,"k":0,"ix":6},"o":{"a":0,"k":100,"ix":7},"sk":{"a":0,"k":0,"ix":4},"sa":{"a":0,"k":0,"ix":5},"nm":"Transform"}],"nm":"key-bottom","np":2,"cix":2,"bm":0,"ix":2,"mn":"ADBE Vector Group","hd":false}],"ip":22,"op":1800,"st":0,"ct":1,"bm":0},{"ddd":0,"ind":3,"ty":4,"nm":"key","sr":1,"ks":{"o":{"a":0,"k":100,"ix":11},"r":{"a":0,"k":0,"ix":10},"p":{"a":1,"k":[{"i":{"x":0,"y":1},"o":{"x":0.167,"y":0.167},"t":22,"s":[215,240,0],"to":[0,0,0],"ti":[0,0,0]},{"i":{"x":0.667,"y":1},"o":{"x":0.333,"y":0},"t":45,"s":[215,190,0],"to":[0,0,0],"ti":[0,0,0]},{"i":{"x":0.667,"y":0.667},"o":{"x":0.333,"y":0.333},"t":59,"s":[215,240,0],"to":[0,0,0],"ti":[0,0,0]},{"i":{"x":0.39,"y":1},"o":{"x":0.333,"y":0},"t":62,"s":[215,240,0],"to":[0,0,0],"ti":[0,0,0]},{"t":90,"s":[215,190,0]}],"ix":2,"l":2},"a":{"a":0,"k":[0,0,0],"ix":1,"l":2},"s":{"a":0,"k":[100,100,100],"ix":6,"l":2}},"ao":0,"shapes":[{"ty":"gr","it":[{"ind":0,"ty":"sh","ix":1,"ks":{"a":1,"k":[{"i":{"x":0.833,"y":0.833},"o":{"x":0.167,"y":0.167},"t":0,"s":[{"i":[[0,0],[0,-0.134],[0,0],[-0.134,0],[0,0],[0,0.276],[0,0],[0.276,0]],"o":[[-0.134,0],[0,0],[0,0.134],[0,0],[0.276,0],[0,0],[0,-0.276],[0,0]],"v":[[-144.758,144.5],[-145,144.742],[-145,144.758],[-144.758,145],[144.5,145],[145,144.5],[145,144.467],[144.5,143.967]],"c":true}]},{"i":{"x":0.833,"y":0.833},"o":{"x":0.167,"y":0.167},"t":8,"s":[{"i":[[0,0],[0,-16.569],[0,0],[-16.569,0],[0,0],[0,16.569],[0,0],[16.569,0]],"o":[[-16.569,0],[0,0],[0,16.569],[0,0],[16.569,0],[0,0],[0,-16.569],[0,0]],"v":[[-115,83],[-145,113],[-145,115],[-115,145],[115,145],[145,115],[145,113],[115,83]],"c":true}]},{"t":22,"s":[{"i":[[0,0],[0,-16.569],[0,0],[-16.569,0],[0,0],[0,16.569],[0,0],[16.569,0]],"o":[[-16.569,0],[0,0],[0,16.569],[0,0],[16.569,0],[0,0],[0,-16.569],[0,0]],"v":[[-115,-145],[-145,-115],[-145,115],[-115,145],[115,145],[145,115],[145,-115],[115,-145]],"c":true}]}],"ix":2},"nm":"Path 1","mn":"ADBE Vector Shape - Group","hd":false},{"ty":"rd","nm":"Round Corners 1","r":{"a":0,"k":30,"ix":1},"ix":2,"mn":"ADBE Vector Filter - RC","hd":false},{"ty":"st","c":{"a":0,"k":[0.071,0.075,0.192,1],"ix":3,"x":"var $bm_rt;\n$bm_rt = comp('wired-outline-1302-arrow-up-key').layer('control').effect('primary')('Color');"},"o":{"a":0,"k":100,"ix":4},"w":{"a":0,"k":12,"ix":5,"x":"var $bm_rt;\n$bm_rt = $bm_mul($bm_div(value, 2), comp('wired-outline-1302-arrow-up-key').layer('control').effect('stroke')('Menu'));"},"lc":1,"lj":2,"bm":0,"nm":".primary","mn":"ADBE Vector Graphic - Stroke","hd":false,"cl":"primary"},{"ty":"tr","p":{"a":0,"k":[0,0],"ix":2},"a":{"a":0,"k":[0,0],"ix":1},"s":{"a":0,"k":[100,100],"ix":3},"r":{"a":0,"k":0,"ix":6},"o":{"a":0,"k":100,"ix":7},"sk":{"a":0,"k":0,"ix":4},"sa":{"a":0,"k":0,"ix":5},"nm":"Transform"}],"nm":"key","np":3,"cix":2,"bm":0,"ix":1,"mn":"ADBE Vector Group","hd":false},{"ty":"gr","it":[{"ind":0,"ty":"sh","ix":1,"ks":{"a":1,"k":[{"i":{"x":0.833,"y":0.833},"o":{"x":0.167,"y":0.167},"t":0,"s":[{"i":[[0,0],[0,0],[-0.134,0],[0,0],[0,0.276],[0,0]],"o":[[0,0],[0,0.134],[0,0],[0.276,0],[0,0],[0,0]],"v":[[-145,22.218],[-145,22.258],[-144.758,22.5],[144.5,22.5],[145,22],[145,21.917]],"c":false}]},{"i":{"x":0.833,"y":0.833},"o":{"x":0.167,"y":0.167},"t":8,"s":[{"i":[[0,0],[0,0],[-16.569,0],[0,0],[0,16.569],[0,0]],"o":[[0,0],[0,16.569],[0,0],[16.569,0],[0,0],[0,0]],"v":[[-145,-12.5],[-145,-7.5],[-115,22.5],[115,22.5],[145,-7.5],[145,-12.5]],"c":false}]},{"i":{"x":0,"y":1},"o":{"x":0.167,"y":0.167},"t":22,"s":[{"i":[[0,0],[0,0],[-16.569,0],[0,0],[0,16.569],[0,0]],"o":[[0,0],[0,16.569],[0,0],[16.569,0],[0,0],[0,0]],"v":[[-145,-12.5],[-145,-7.5],[-115,22.5],[115,22.5],[145,-7.5],[145,-12.5]],"c":false}]},{"i":{"x":0.667,"y":1},"o":{"x":0.333,"y":0},"t":45,"s":[{"i":[[0,0],[0,0],[-16.569,0],[0,0],[0,16.569],[0,0]],"o":[[0,0],[0,16.569],[0,0],[16.569,0],[0,0],[0,0]],"v":[[-145,-12.5],[-145,42.5],[-115,72.5],[115,72.5],[145,42.5],[145,-12.5]],"c":false}]},{"i":{"x":0.667,"y":1},"o":{"x":0.333,"y":0},"t":59,"s":[{"i":[[0,0],[0,0],[-16.569,0],[0,0],[0,16.569],[0,0]],"o":[[0,0],[0,16.569],[0,0],[16.569,0],[0,0],[0,0]],"v":[[-145,-12.5],[-145,-7.5],[-115,22.5],[115,22.5],[145,-7.5],[145,-12.5]],"c":false}]},{"i":{"x":0.39,"y":1},"o":{"x":0.333,"y":0},"t":62,"s":[{"i":[[0,0],[0,0],[-16.569,0],[0,0],[0,16.569],[0,0]],"o":[[0,0],[0,16.569],[0,0],[16.569,0],[0,0],[0,0]],"v":[[-145,-12.5],[-145,-7.5],[-115,22.5],[115,22.5],[145,-7.5],[145,-12.5]],"c":false}]},{"t":90,"s":[{"i":[[0,0],[0,0],[-16.569,0],[0,0],[0,16.569],[0,0]],"o":[[0,0],[0,16.569],[0,0],[16.569,0],[0,0],[0,0]],"v":[[-145,-12.5],[-145,42.5],[-115,72.5],[115,72.5],[145,42.5],[145,-12.5]],"c":false}]}],"ix":2},"nm":"Path 1","mn":"ADBE Vector Shape - Group","hd":false},{"ty":"st","c":{"a":0,"k":[0.071,0.075,0.192,1],"ix":3,"x":"var $bm_rt;\n$bm_rt = comp('wired-outline-1302-arrow-up-key').layer('control').effect('primary')('Color');"},"o":{"a":0,"k":100,"ix":4},"w":{"a":0,"k":12,"ix":5,"x":"var $bm_rt;\n$bm_rt = $bm_mul($bm_div(value, 2), comp('wired-outline-1302-arrow-up-key').layer('control').effect('stroke')('Menu'));"},"lc":1,"lj":2,"bm":0,"nm":".primary","mn":"ADBE Vector Graphic - Stroke","hd":false,"cl":"primary"},{"ty":"tr","p":{"a":0,"k":[0,122.5],"ix":2},"a":{"a":0,"k":[0,0],"ix":1},"s":{"a":0,"k":[100,100],"ix":3},"r":{"a":0,"k":0,"ix":6},"o":{"a":0,"k":100,"ix":7},"sk":{"a":0,"k":0,"ix":4},"sa":{"a":0,"k":0,"ix":5},"nm":"Transform"}],"nm":"key-bottom","np":2,"cix":2,"bm":0,"ix":2,"mn":"ADBE Vector Group","hd":false}],"ip":1,"op":22,"st":0,"ct":1,"bm":0}]},{"id":"comp_1","nm":"hover-press","fr":60,"layers":[{"ddd":0,"ind":1,"ty":4,"nm":"arrow","parent":2,"sr":1,"ks":{"o":{"a":0,"k":100,"ix":11},"r":{"a":0,"k":0,"ix":10},"p":{"a":0,"k":[0,-5,0],"ix":2,"l":2},"a":{"a":0,"k":[0,0,0],"ix":1,"l":2},"s":{"a":0,"k":[100,100,100],"ix":6,"l":2}},"ao":0,"shapes":[{"ty":"gr","it":[{"ind":0,"ty":"sh","ix":1,"ks":{"a":0,"k":{"i":[[0,0],[0,0],[0,0]],"o":[[0,0],[0,0],[0,0]],"v":[[45,80],[-45,0],[45,-80]],"c":false},"ix":2},"nm":"Path 1","mn":"ADBE Vector Shape - Group","hd":false},{"ty":"st","c":{"a":0,"k":[0.031,0.659,0.541,1],"ix":3,"x":"var $bm_rt;\n$bm_rt = comp('wired-outline-1302-arrow-up-key').layer('control').effect('secondary')('Color');"},"o":{"a":0,"k":100,"ix":4},"w":{"a":0,"k":12,"ix":5,"x":"var $bm_rt;\n$bm_rt = $bm_mul($bm_div(value, 2), comp('wired-outline-1302-arrow-up-key').layer('control').effect('stroke')('Menu'));"},"lc":2,"lj":2,"bm":0,"nm":".secondary","mn":"ADBE Vector Graphic - Stroke","hd":false,"cl":"secondary"},{"ty":"tr","p":{"a":0,"k":[0,0],"ix":2},"a":{"a":0,"k":[0,0],"ix":1},"s":{"a":0,"k":[100,100],"ix":3},"r":{"a":0,"k":90,"ix":6},"o":{"a":0,"k":100,"ix":7},"sk":{"a":0,"k":0,"ix":4},"sa":{"a":0,"k":0,"ix":5},"nm":"Transform"}],"nm":"arrow","np":2,"cix":2,"bm":0,"ix":1,"mn":"ADBE Vector Group","hd":false}],"ip":0,"op":300,"st":0,"ct":1,"bm":0},{"ddd":0,"ind":2,"ty":4,"nm":"key","sr":1,"ks":{"o":{"a":0,"k":100,"ix":11},"r":{"a":0,"k":0,"ix":10},"p":{"a":1,"k":[{"i":{"x":0.667,"y":1},"o":{"x":0.333,"y":0},"t":0,"s":[215,190,0],"to":[0,0,0],"ti":[0,0,0]},{"i":{"x":0.667,"y":0.667},"o":{"x":0.333,"y":0.333},"t":14,"s":[215,240,0],"to":[0,0,0],"ti":[0,0,0]},{"i":{"x":0.39,"y":1},"o":{"x":0.333,"y":0},"t":17,"s":[215,240,0],"to":[0,0,0],"ti":[0,0,0]},{"t":45,"s":[215,190,0]}],"ix":2,"l":2},"a":{"a":0,"k":[0,0,0],"ix":1,"l":2},"s":{"a":0,"k":[100,100,100],"ix":6,"l":2}},"ao":0,"shapes":[{"ty":"gr","it":[{"ind":0,"ty":"sh","ix":1,"ks":{"a":0,"k":{"i":[[0,0],[0,-16.569],[0,0],[-16.569,0],[0,0],[0,16.569],[0,0],[16.569,0]],"o":[[-16.569,0],[0,0],[0,16.569],[0,0],[16.569,0],[0,0],[0,-16.569],[0,0]],"v":[[-115,-145],[-145,-115],[-145,115],[-115,145],[115,145],[145,115],[145,-115],[115,-145]],"c":true},"ix":2},"nm":"Path 1","mn":"ADBE Vector Shape - Group","hd":false},{"ty":"rd","nm":"Round Corners 1","r":{"a":0,"k":30,"ix":1},"ix":2,"mn":"ADBE Vector Filter - RC","hd":false},{"ty":"st","c":{"a":0,"k":[0.071,0.075,0.192,1],"ix":3,"x":"var $bm_rt;\n$bm_rt = comp('wired-outline-1302-arrow-up-key').layer('control').effect('primary')('Color');"},"o":{"a":0,"k":100,"ix":4},"w":{"a":0,"k":12,"ix":5,"x":"var $bm_rt;\n$bm_rt = $bm_mul($bm_div(value, 2), comp('wired-outline-1302-arrow-up-key').layer('control').effect('stroke')('Menu'));"},"lc":1,"lj":2,"bm":0,"nm":".primary","mn":"ADBE Vector Graphic - Stroke","hd":false,"cl":"primary"},{"ty":"tr","p":{"a":0,"k":[0,0],"ix":2},"a":{"a":0,"k":[0,0],"ix":1},"s":{"a":0,"k":[100,100],"ix":3},"r":{"a":0,"k":0,"ix":6},"o":{"a":0,"k":100,"ix":7},"sk":{"a":0,"k":0,"ix":4},"sa":{"a":0,"k":0,"ix":5},"nm":"Transform"}],"nm":"key","np":3,"cix":2,"bm":0,"ix":1,"mn":"ADBE Vector Group","hd":false},{"ty":"gr","it":[{"ind":0,"ty":"sh","ix":1,"ks":{"a":1,"k":[{"i":{"x":0.667,"y":1},"o":{"x":0.333,"y":0},"t":0,"s":[{"i":[[0,0],[0,0],[-16.569,0],[0,0],[0,16.569],[0,0]],"o":[[0,0],[0,16.569],[0,0],[16.569,0],[0,0],[0,0]],"v":[[-145,-12.5],[-145,42.5],[-115,72.5],[115,72.5],[145,42.5],[145,-12.5]],"c":false}]},{"i":{"x":0.667,"y":1},"o":{"x":0.333,"y":0},"t":14,"s":[{"i":[[0,0],[0,0],[-16.569,0],[0,0],[0,16.569],[0,0]],"o":[[0,0],[0,16.569],[0,0],[16.569,0],[0,0],[0,0]],"v":[[-145,-12.5],[-145,-7.5],[-115,22.5],[115,22.5],[145,-7.5],[145,-12.5]],"c":false}]},{"i":{"x":0.39,"y":1},"o":{"x":0.333,"y":0},"t":17,"s":[{"i":[[0,0],[0,0],[-16.569,0],[0,0],[0,16.569],[0,0]],"o":[[0,0],[0,16.569],[0,0],[16.569,0],[0,0],[0,0]],"v":[[-145,-12.5],[-145,-7.5],[-115,22.5],[115,22.5],[145,-7.5],[145,-12.5]],"c":false}]},{"t":45,"s":[{"i":[[0,0],[0,0],[-16.569,0],[0,0],[0,16.569],[0,0]],"o":[[0,0],[0,16.569],[0,0],[16.569,0],[0,0],[0,0]],"v":[[-145,-12.5],[-145,42.5],[-115,72.5],[115,72.5],[145,42.5],[145,-12.5]],"c":false}]}],"ix":2},"nm":"Path 1","mn":"ADBE Vector Shape - Group","hd":false},{"ty":"st","c":{"a":0,"k":[0.071,0.075,0.192,1],"ix":3,"x":"var $bm_rt;\n$bm_rt = comp('wired-outline-1302-arrow-up-key').layer('control').effect('primary')('Color');"},"o":{"a":0,"k":100,"ix":4},"w":{"a":0,"k":12,"ix":5,"x":"var $bm_rt;\n$bm_rt = $bm_mul($bm_div(value, 2), comp('wired-outline-1302-arrow-up-key').layer('control').effect('stroke')('Menu'));"},"lc":1,"lj":2,"bm":0,"nm":".primary","mn":"ADBE Vector Graphic - Stroke","hd":false,"cl":"primary"},{"ty":"tr","p":{"a":0,"k":[0,122.5],"ix":2},"a":{"a":0,"k":[0,0],"ix":1},"s":{"a":0,"k":[100,100],"ix":3},"r":{"a":0,"k":0,"ix":6},"o":{"a":0,"k":100,"ix":7},"sk":{"a":0,"k":0,"ix":4},"sa":{"a":0,"k":0,"ix":5},"nm":"Transform"}],"nm":"key-bottom","np":2,"cix":2,"bm":0,"ix":2,"mn":"ADBE Vector Group","hd":false}],"ip":0,"op":1800,"st":0,"ct":1,"bm":0}]},{"id":"comp_2","nm":"hover-pinch","fr":60,"layers":[{"ddd":0,"ind":1,"ty":4,"nm":"arrow","parent":2,"sr":1,"ks":{"o":{"a":0,"k":100,"ix":11},"r":{"a":0,"k":0,"ix":10},"p":{"a":1,"k":[{"i":{"x":0.833,"y":0.833},"o":{"x":0.651,"y":0},"t":0,"s":[0,-5,0],"to":[0,0,0],"ti":[0,0,0]},{"t":15,"s":[0,-35,0],"h":1},{"i":{"x":0.294,"y":1},"o":{"x":0.167,"y":0.167},"t":16,"s":[0,135,0],"to":[0,0,0],"ti":[0,0,0]},{"t":35,"s":[0,-5,0]}],"ix":2,"l":2},"a":{"a":0,"k":[0,0,0],"ix":1,"l":2},"s":{"a":0,"k":[100,100,100],"ix":6,"l":2}},"ao":0,"shapes":[{"ty":"gr","it":[{"ind":0,"ty":"sh","ix":1,"ks":{"a":1,"k":[{"i":{"x":0.833,"y":0.833},"o":{"x":0.666,"y":0},"t":0,"s":[{"i":[[0,0],[0,0],[0,0]],"o":[[0,0],[0,0],[0,0]],"v":[[45,80],[-45,0],[45,-80]],"c":false}]},{"i":{"x":0.833,"y":0.833},"o":{"x":0.167,"y":0.167},"t":15,"s":[{"i":[[0,0],[0,0],[0,0]],"o":[[0,0],[0,0],[0,0]],"v":[[-39.5,5.5],[-45,0],[-40,-3.5]],"c":false}]},{"i":{"x":0.329,"y":1},"o":{"x":0.167,"y":0.167},"t":16,"s":[{"i":[[0,0],[0,0],[0,0]],"o":[[0,0],[0,0],[0,0]],"v":[[-39.5,5.5],[-45,0],[-40,-3.5]],"c":false}]},{"t":35,"s":[{"i":[[0,0],[0,0],[0,0]],"o":[[0,0],[0,0],[0,0]],"v":[[45,80],[-45,0],[45,-80]],"c":false}]}],"ix":2},"nm":"Path 1","mn":"ADBE Vector Shape - Group","hd":false},{"ty":"st","c":{"a":0,"k":[0.031,0.659,0.541,1],"ix":3,"x":"var $bm_rt;\n$bm_rt = comp('wired-outline-1302-arrow-up-key').layer('control').effect('secondary')('Color');"},"o":{"a":0,"k":100,"ix":4},"w":{"a":0,"k":12,"ix":5,"x":"var $bm_rt;\n$bm_rt = $bm_mul($bm_div(value, 2), comp('wired-outline-1302-arrow-up-key').layer('control').effect('stroke')('Menu'));"},"lc":2,"lj":2,"bm":0,"nm":".secondary","mn":"ADBE Vector Graphic - Stroke","hd":false,"cl":"secondary"},{"ty":"tr","p":{"a":0,"k":[0,0],"ix":2},"a":{"a":0,"k":[0,0],"ix":1},"s":{"a":0,"k":[100,100],"ix":3},"r":{"a":0,"k":90,"ix":6},"o":{"a":0,"k":100,"ix":7},"sk":{"a":0,"k":0,"ix":4},"sa":{"a":0,"k":0,"ix":5},"nm":"Transform"}],"nm":"arrow","np":2,"cix":2,"bm":0,"ix":1,"mn":"ADBE Vector Group","hd":false}],"ip":0,"op":300,"st":0,"ct":1,"bm":0},{"ddd":0,"ind":2,"ty":4,"nm":"key","sr":1,"ks":{"o":{"a":0,"k":100,"ix":11},"r":{"a":0,"k":0,"ix":10},"p":{"a":1,"k":[{"i":{"x":0.667,"y":1},"o":{"x":0.333,"y":0},"t":0,"s":[215,190,0],"to":[0,0,0],"ti":[0,0,0]},{"i":{"x":0.667,"y":0.667},"o":{"x":0.333,"y":0.333},"t":14,"s":[215,240,0],"to":[0,0,0],"ti":[0,0,0]},{"i":{"x":0.39,"y":1},"o":{"x":0.333,"y":0},"t":17,"s":[215,240,0],"to":[0,0,0],"ti":[0,0,0]},{"t":45,"s":[215,190,0]}],"ix":2,"l":2},"a":{"a":0,"k":[0,0,0],"ix":1,"l":2},"s":{"a":0,"k":[100,100,100],"ix":6,"l":2}},"ao":0,"shapes":[{"ty":"gr","it":[{"ind":0,"ty":"sh","ix":1,"ks":{"a":0,"k":{"i":[[0,0],[0,-16.569],[0,0],[-16.569,0],[0,0],[0,16.569],[0,0],[16.569,0]],"o":[[-16.569,0],[0,0],[0,16.569],[0,0],[16.569,0],[0,0],[0,-16.569],[0,0]],"v":[[-115,-145],[-145,-115],[-145,115],[-115,145],[115,145],[145,115],[145,-115],[115,-145]],"c":true},"ix":2},"nm":"Path 1","mn":"ADBE Vector Shape - Group","hd":false},{"ty":"rd","nm":"Round Corners 1","r":{"a":0,"k":30,"ix":1},"ix":2,"mn":"ADBE Vector Filter - RC","hd":false},{"ty":"st","c":{"a":0,"k":[0.071,0.075,0.192,1],"ix":3,"x":"var $bm_rt;\n$bm_rt = comp('wired-outline-1302-arrow-up-key').layer('control').effect('primary')('Color');"},"o":{"a":0,"k":100,"ix":4},"w":{"a":0,"k":12,"ix":5,"x":"var $bm_rt;\n$bm_rt = $bm_mul($bm_div(value, 2), comp('wired-outline-1302-arrow-up-key').layer('control').effect('stroke')('Menu'));"},"lc":1,"lj":2,"bm":0,"nm":".primary","mn":"ADBE Vector Graphic - Stroke","hd":false,"cl":"primary"},{"ty":"tr","p":{"a":0,"k":[0,0],"ix":2},"a":{"a":0,"k":[0,0],"ix":1},"s":{"a":0,"k":[100,100],"ix":3},"r":{"a":0,"k":0,"ix":6},"o":{"a":0,"k":100,"ix":7},"sk":{"a":0,"k":0,"ix":4},"sa":{"a":0,"k":0,"ix":5},"nm":"Transform"}],"nm":"key","np":3,"cix":2,"bm":0,"ix":1,"mn":"ADBE Vector Group","hd":false},{"ty":"gr","it":[{"ind":0,"ty":"sh","ix":1,"ks":{"a":1,"k":[{"i":{"x":0.667,"y":1},"o":{"x":0.333,"y":0},"t":0,"s":[{"i":[[0,0],[0,0],[-16.569,0],[0,0],[0,16.569],[0,0]],"o":[[0,0],[0,16.569],[0,0],[16.569,0],[0,0],[0,0]],"v":[[-145,-12.5],[-145,42.5],[-115,72.5],[115,72.5],[145,42.5],[145,-12.5]],"c":false}]},{"i":{"x":0.667,"y":1},"o":{"x":0.333,"y":0},"t":14,"s":[{"i":[[0,0],[0,0],[-16.569,0],[0,0],[0,16.569],[0,0]],"o":[[0,0],[0,16.569],[0,0],[16.569,0],[0,0],[0,0]],"v":[[-145,-12.5],[-145,-7.5],[-115,22.5],[115,22.5],[145,-7.5],[145,-12.5]],"c":false}]},{"i":{"x":0.39,"y":1},"o":{"x":0.333,"y":0},"t":17,"s":[{"i":[[0,0],[0,0],[-16.569,0],[0,0],[0,16.569],[0,0]],"o":[[0,0],[0,16.569],[0,0],[16.569,0],[0,0],[0,0]],"v":[[-145,-12.5],[-145,-7.5],[-115,22.5],[115,22.5],[145,-7.5],[145,-12.5]],"c":false}]},{"t":45,"s":[{"i":[[0,0],[0,0],[-16.569,0],[0,0],[0,16.569],[0,0]],"o":[[0,0],[0,16.569],[0,0],[16.569,0],[0,0],[0,0]],"v":[[-145,-12.5],[-145,42.5],[-115,72.5],[115,72.5],[145,42.5],[145,-12.5]],"c":false}]}],"ix":2},"nm":"Path 1","mn":"ADBE Vector Shape - Group","hd":false},{"ty":"st","c":{"a":0,"k":[0.071,0.075,0.192,1],"ix":3,"x":"var $bm_rt;\n$bm_rt = comp('wired-outline-1302-arrow-up-key').layer('control').effect('primary')('Color');"},"o":{"a":0,"k":100,"ix":4},"w":{"a":0,"k":12,"ix":5,"x":"var $bm_rt;\n$bm_rt = $bm_mul($bm_div(value, 2), comp('wired-outline-1302-arrow-up-key').layer('control').effect('stroke')('Menu'));"},"lc":1,"lj":2,"bm":0,"nm":".primary","mn":"ADBE Vector Graphic - Stroke","hd":false,"cl":"primary"},{"ty":"tr","p":{"a":0,"k":[0,122.5],"ix":2},"a":{"a":0,"k":[0,0],"ix":1},"s":{"a":0,"k":[100,100],"ix":3},"r":{"a":0,"k":0,"ix":6},"o":{"a":0,"k":100,"ix":7},"sk":{"a":0,"k":0,"ix":4},"sa":{"a":0,"k":0,"ix":5},"nm":"Transform"}],"nm":"key-bottom","np":2,"cix":2,"bm":0,"ix":2,"mn":"ADBE Vector Group","hd":false}],"ip":0,"op":1800,"st":0,"ct":1,"bm":0}]}],"layers":[{"ddd":0,"ind":1,"ty":3,"nm":"control","sr":1,"ks":{"o":{"a":0,"k":0,"ix":11},"r":{"a":0,"k":0,"ix":10},"p":{"a":0,"k":[0,0],"ix":2,"l":2},"a":{"a":0,"k":[0,0,0],"ix":1,"l":2},"s":{"a":0,"k":[100,100,100],"ix":6,"l":2}},"ao":0,"ef":[{"ty":5,"nm":"stroke","np":3,"mn":"Pseudo/@@0n56Z0xATKCjsSuwxEdoQQ","ix":1,"en":1,"ef":[{"ty":7,"nm":"Menu","mn":"Pseudo/@@0n56Z0xATKCjsSuwxEdoQQ-0001","ix":1,"v":{"a":0,"k":2,"ix":1}}]},{"ty":5,"nm":"primary","np":3,"mn":"ADBE Color Control","ix":2,"en":1,"ef":[{"ty":2,"nm":"Color","mn":"ADBE Color Control-0001","ix":1,"v":{"a":0,"k":[0.071,0.075,0.192],"ix":1}}]},{"ty":5,"nm":"secondary","np":3,"mn":"ADBE Color Control","ix":3,"en":1,"ef":[{"ty":2,"nm":"Color","mn":"ADBE Color Control-0001","ix":1,"v":{"a":0,"k":[0.031,0.659,0.541],"ix":1}}]}],"ip":0,"op":201,"st":0,"bm":0},{"ddd":0,"ind":2,"ty":0,"nm":"in-reveal","refId":"comp_0","sr":1,"ks":{"o":{"a":0,"k":100,"ix":11},"r":{"a":0,"k":0,"ix":10},"p":{"a":0,"k":[215,215,0],"ix":2,"l":2},"a":{"a":0,"k":[215,215,0],"ix":1,"l":2},"s":{"a":0,"k":[100,100,100],"ix":6,"l":2}},"ao":0,"w":430,"h":430,"ip":0,"op":100,"st":0,"bm":0},{"ddd":0,"ind":3,"ty":0,"nm":"hover-press","refId":"comp_1","sr":1,"ks":{"o":{"a":0,"k":100,"ix":11},"r":{"a":0,"k":0,"ix":10},"p":{"a":0,"k":[215,215,0],"ix":2,"l":2},"a":{"a":0,"k":[215,215,0],"ix":1,"l":2},"s":{"a":0,"k":[100,100,100],"ix":6,"l":2}},"ao":0,"w":430,"h":430,"ip":100,"op":155,"st":100,"bm":0},{"ddd":0,"ind":4,"ty":0,"nm":"hover-pinch","refId":"comp_2","sr":1,"ks":{"o":{"a":0,"k":100,"ix":11},"r":{"a":0,"k":0,"ix":10},"p":{"a":0,"k":[215,215,0],"ix":2,"l":2},"a":{"a":0,"k":[215,215,0],"ix":1,"l":2},"s":{"a":0,"k":[100,100,100],"ix":6,"l":2}},"ao":0,"w":430,"h":430,"ip":155,"op":210,"st":155,"bm":0}],"markers":[{"tm":0,"cm":"in-reveal","dr":90},{"tm":100,"cm":"default:hover-press","dr":45},{"tm":155,"cm":"hover-pinch","dr":45}],"props":{}}