{"v":"4.8.0","ip":0,"op":90,"fr":60,"w":512,"h":512,"nm":"02 tap Refresh #tap,#refresh,#gesture,#reload,#update,#interaction,#interface,#control,#circular,#motion","assets":[],"layers":[{"ind":1,"ty":4,"nm":"Layer 3","sr":1,"ks":{"o":{"a":0,"k":100},"r":{"a":0,"k":0},"p":{"k":[{"i":{"x":0.667,"y":1},"o":{"x":0.167,"y":0.167},"t":27,"s":[-19.036,-51.06,0],"ti":[0,0,0],"to":[0.167,2.433,0]},{"i":{"x":0.833,"y":0.833},"o":{"x":0.333,"y":0},"t":32,"s":[-18.036,-36.46,0],"ti":[0.167,2.433,0],"to":[0,0,0]},{"t":42,"s":[-19.036,-51.06,0]}],"x":"var $bm_rt;\nvar amp, freq, decay, n, n, t, t, v;\ntry {\n    amp = $bm_div(effect('Elastic Controller')(1), 200);\n    freq = $bm_div(effect('Elastic Controller')(2), 30);\n    decay = $bm_div(effect('Elastic Controller')(3), 10);\n    $bm_rt = n = 0;\n    if (numKeys > 0) {\n        $bm_rt = n = nearestKey(time).index;\n        if (key(n).time > time) {\n            n--;\n        }\n    }\n    if (n == 0) {\n        $bm_rt = t = 0;\n    } else {\n        $bm_rt = t = $bm_sub(time, key(n).time);\n    }\n    if (n > 0) {\n        v = velocityAtTime($bm_sub(key(n).time, $bm_div(thisComp.frameDuration, 10)));\n        $bm_rt = $bm_sum(value, $bm_div($bm_mul($bm_mul(v, amp), Math.sin($bm_mul($bm_mul($bm_mul(freq, t), 2), Math.PI))), Math.exp($bm_mul(decay, t))));\n    } else {\n        $bm_rt = value;\n    }\n} catch (e$$4) {\n    $bm_rt = value = value;\n}","a":1},"a":{"a":0,"k":[0,0,0]},"s":{"a":0,"k":[100,100,100]}},"shapes":[{"ty":"gr","nm":"Group 1","bm":0,"mn":"ADBE Vector Group","it":[{"ty":"gr","nm":"Group 1","bm":0,"mn":"ADBE Vector Group","it":[{"ty":"sh","nm":"Path 1","mn":"ADBE Vector Shape - Group","ind":0,"ks":{"k":{"i":[[0,0],[0,0],[0,0]],"o":[[0,0],[0,0],[0,0]],"v":[[11.033,21.85],[-11.033,-0.217],[10.6,-21.85]],"c":false},"a":0}},{"ty":"tr","o":{"a":0,"k":100},"r":{"a":0,"k":0},"p":{"a":0,"k":[0,0]},"a":{"a":0,"k":[0,0]},"s":{"k":[{"i":{"x":[0.667,0.667],"y":[1,1]},"o":{"x":[0.167,0.167],"y":[0,0.167]},"t":27,"s":[100,100]},{"i":{"x":[0.833,0.833],"y":[1,0.833]},"o":{"x":[0.333,0.333],"y":[0,0]},"t":32,"s":[100,43]},{"t":42,"s":[100,100]}],"x":"var $bm_rt;\nvar amp, freq, decay, n, n, t, t, v;\ntry {\n    amp = $bm_div(effect('Elastic Controller')(1), 200);\n    freq = $bm_div(effect('Elastic Controller')(2), 30);\n    decay = $bm_div(effect('Elastic Controller')(3), 10);\n    $bm_rt = n = 0;\n    if (numKeys > 0) {\n        $bm_rt = n = nearestKey(time).index;\n        if (key(n).time > time) {\n            n--;\n        }\n    }\n    if (n == 0) {\n        $bm_rt = t = 0;\n    } else {\n        $bm_rt = t = $bm_sub(time, key(n).time);\n    }\n    if (n > 0) {\n        v = velocityAtTime($bm_sub(key(n).time, $bm_div(thisComp.frameDuration, 10)));\n        $bm_rt = $bm_sum(value, $bm_div($bm_mul($bm_mul(v, amp), Math.sin($bm_mul($bm_mul($bm_mul(freq, t), 2), Math.PI))), Math.exp($bm_mul(decay, t))));\n    } else {\n        $bm_rt = value;\n    }\n} catch (e$$4) {\n    $bm_rt = value = value;\n}","a":1},"nm":"Transform","sk":{"a":0,"k":0},"sa":{"a":0,"k":0}}]},{"ty":"st","nm":"Stroke 1","bm":0,"mn":"ADBE Vector Graphic - Stroke","lc":2,"lj":2,"o":{"a":0,"k":100},"w":{"a":0,"k":30.72},"c":{"a":0,"k":[0,0,0,1]}},{"ty":"tr","o":{"a":0,"k":100},"r":{"a":0,"k":0},"p":{"a":0,"k":[0,0]},"a":{"a":0,"k":[0,0]},"s":{"a":0,"k":[100,100]},"nm":"Transform","sk":{"a":0,"k":0},"sa":{"a":0,"k":0}}]}],"ip":0,"op":90,"st":0,"ef":[{"ty":5,"ix":1,"nm":"Elastic Controller","mn":"Pseudo/MDS Elastic Controller","ef":[{"ix":1,"mn":"Pseudo/MDS Elastic Controller-0001","nm":"Amplitude","ty":0,"v":{"a":0,"k":20}},{"ix":2,"mn":"Pseudo/MDS Elastic Controller-0002","nm":"Frequency","ty":0,"v":{"a":0,"k":40}},{"ix":3,"mn":"Pseudo/MDS Elastic Controller-0003","nm":"Decay","ty":0,"v":{"a":0,"k":60}}],"en":1}],"parent":2},{"ind":2,"ty":4,"nm":"Layer 2","sr":1,"ks":{"o":{"a":0,"k":100},"r":{"a":1,"k":[{"i":{"x":[0],"y":[1]},"o":{"x":[0.167],"y":[0.167]},"t":23,"s":[0]},{"t":38,"s":[-360]}],"x":"var $bm_rt;\nvar amp, freq, decay, n, n, t, t, v;\ntry {\n    amp = $bm_div(effect('Elastic: Rotation')(1), 200);\n    freq = $bm_div(effect('Elastic: Rotation')(2), 30);\n    decay = $bm_div(effect('Elastic: Rotation')(3), 10);\n    $bm_rt = n = 0;\n    if (numKeys > 0) {\n        $bm_rt = n = nearestKey(time).index;\n        if (key(n).time > time) {\n            n--;\n        }\n    }\n    if (n == 0) {\n        $bm_rt = t = 0;\n    } else {\n        $bm_rt = t = $bm_sub(time, key(n).time);\n    }\n    if (n > 0) {\n        v = velocityAtTime($bm_sub(key(n).time, $bm_div(thisComp.frameDuration, 10)));\n        $bm_rt = $bm_sum(value, $bm_div($bm_mul($bm_mul(v, amp), Math.sin($bm_mul($bm_mul($bm_mul(freq, t), 2), Math.PI))), Math.exp($bm_mul(decay, t))));\n    } else {\n        $bm_rt = value;\n    }\n} catch (e$$4) {\n    $bm_rt = value = value;\n}"},"p":{"a":0,"k":[128.583,175.37,0]},"a":{"a":0,"k":[0,0,0]},"s":{"a":0,"k":[100,100,100]}},"shapes":[{"ty":"gr","nm":"Group 1","bm":0,"mn":"ADBE Vector Group","it":[{"ty":"gr","nm":"Group 1","bm":0,"mn":"ADBE Vector Group","it":[{"ty":"sh","nm":"Path 1","mn":"ADBE Vector Shape - Group","ind":0,"ks":{"k":{"i":[[0,0],[-12.549,-12.549],[-20.089,20.088],[20.089,20.089],[19.424,-10.249]],"o":[[-3.129,16.205],[20.089,20.088],[20.089,-20.089],[-16.343,-16.343],[0,0]],"v":[[-50.503,-9.799],[-36.374,36.374],[36.374,36.374],[36.374,-36.373],[-23.998,-45.514]],"c":false},"a":0}},{"ty":"tr","o":{"a":0,"k":100},"r":{"a":0,"k":0},"p":{"a":0,"k":[0,0]},"a":{"a":0,"k":[0,0]},"s":{"k":[{"i":{"x":[0.667,0.667],"y":[1,1]},"o":{"x":[0.167,0.167],"y":[0.167,0.167]},"t":27,"s":[100,100]},{"i":{"x":[0.9,0.9],"y":[1,1]},"o":{"x":[0.333,0.333],"y":[0,0]},"t":34,"s":[68,68]},{"t":42,"s":[100,100]}],"x":"var $bm_rt;\nvar amp, freq, decay, n, n, t, t, v;\ntry {\n    amp = $bm_div(effect('Elastic: Scale - Transform')(1), 200);\n    freq = $bm_div(effect('Elastic: Scale - Transform')(2), 30);\n    decay = $bm_div(effect('Elastic: Scale - Transform')(3), 10);\n    $bm_rt = n = 0;\n    if (numKeys > 0) {\n        $bm_rt = n = nearestKey(time).index;\n        if (key(n).time > time) {\n            n--;\n        }\n    }\n    if (n == 0) {\n        $bm_rt = t = 0;\n    } else {\n        $bm_rt = t = $bm_sub(time, key(n).time);\n    }\n    if (n > 0) {\n        v = velocityAtTime($bm_sub(key(n).time, $bm_div(thisComp.frameDuration, 10)));\n        $bm_rt = $bm_sum(value, $bm_div($bm_mul($bm_mul(v, amp), Math.sin($bm_mul($bm_mul($bm_mul(freq, t), 2), Math.PI))), Math.exp($bm_mul(decay, t))));\n    } else {\n        $bm_rt = value;\n    }\n} catch (e$$4) {\n    $bm_rt = value = value;\n}","a":1},"nm":"Transform","sk":{"a":0,"k":0},"sa":{"a":0,"k":0}}]},{"ty":"st","nm":"Stroke 1","bm":0,"mn":"ADBE Vector Graphic - Stroke","lc":2,"lj":2,"o":{"a":0,"k":100},"w":{"a":0,"k":30.72},"c":{"a":0,"k":[0,0,0,1]}},{"ty":"tr","o":{"a":0,"k":100},"r":{"a":0,"k":0},"p":{"a":0,"k":[0,0]},"a":{"a":0,"k":[0,0]},"s":{"a":0,"k":[100,100]},"nm":"Transform","sk":{"a":0,"k":0},"sa":{"a":0,"k":0}}]}],"ip":0,"op":90,"st":0,"ef":[{"ty":5,"ix":1,"nm":"Elastic: Rotation","mn":"Pseudo/MDS Elastic Controller","ef":[{"ix":1,"mn":"Pseudo/MDS Elastic Controller-0001","nm":"Amplitude","ty":0,"v":{"a":0,"k":20}},{"ix":2,"mn":"Pseudo/MDS Elastic Controller-0002","nm":"Frequency","ty":0,"v":{"a":0,"k":40}},{"ix":3,"mn":"Pseudo/MDS Elastic Controller-0003","nm":"Decay","ty":0,"v":{"a":0,"k":60}}],"en":1},{"ty":5,"ix":2,"nm":"Elastic: Scale - Transform","mn":"Pseudo/MDS Elastic Controller","ef":[{"ix":1,"mn":"Pseudo/MDS Elastic Controller-0001","nm":"Amplitude","ty":0,"v":{"a":0,"k":20}},{"ix":2,"mn":"Pseudo/MDS Elastic Controller-0002","nm":"Frequency","ty":0,"v":{"a":0,"k":40}},{"ix":3,"mn":"Pseudo/MDS Elastic Controller-0003","nm":"Decay","ty":0,"v":{"a":0,"k":60}}],"en":1}]},{"ind":3,"ty":4,"nm":"Layer 1","sr":1,"ks":{"o":{"a":0,"k":100},"r":{"a":0,"k":0},"p":{"a":0,"k":[288.803,255.987,0]},"a":{"a":0,"k":[0,0,0]},"s":{"a":0,"k":[100,100,100]}},"shapes":[{"ty":"gr","nm":"Group 1","bm":0,"mn":"ADBE Vector Group","it":[{"ty":"gr","nm":"Group 1","bm":0,"mn":"ADBE Vector Group","it":[{"ty":"sh","nm":"Path 1","mn":"ADBE Vector Shape - Group","ind":0,"ks":{"k":[{"i":{"x":0.667,"y":1},"o":{"x":0.167,"y":0.167},"t":0,"s":[{"i":[[-18.405,-49.677],[32.457,-32.459],[49.22,23.503],[19.713,15.03],[-3.074,13.834],[-22.202,-12.825],[0,0],[0,9.593],[0,0],[-17.963,0],[-0.272,-17.766],[0,0]],"o":[[18.522,50],[-37.198,37.196],[-31.432,-15.008],[-11.27,-8.593],[5.562,-25.029],[0,0],[8.307,4.798],[0,0],[0,-17.962],[17.768,0],[0,0],[45.517,4.346]],"v":[[144.111,-7.264],[111.951,141.351],[-53.455,161.235],[-137.555,107.688],[-150.619,70.876],[-94.59,46.244],[-70.747,60.015],[-52.054,49.226],[-52.054,-142.583],[-19.53,-175.107],[12.99,-143.083],[14.282,-58.939]],"c":true}]},{"i":{"x":0.833,"y":0.833},"o":{"x":0.333,"y":0},"t":10,"s":[{"i":[[-19.837,-50.208],[34.988,-32.803],[49.22,23.503],[20.032,15.03],[-3.124,13.834],[-22.562,-12.825],[0,0],[0,9.593],[0,0],[-21.054,0],[-0.319,-20.49],[0,0]],"o":[[19.966,50.533],[-40.097,37.592],[-31.432,-15.008],[-11.453,-8.593],[5.652,-25.029],[0,0],[8.441,4.798],[0,0],[0,-20.717],[20.826,0],[0,0],[46.255,4.346]],"v":[[152.492,-6.571],[115.99,139.42],[-53.455,161.235],[-139.857,107.688],[-153.295,74.876],[-96.358,50.244],[-72.128,64.015],[-53.133,53.226],[-58.039,-152.089],[-19.919,-189.601],[18.197,-152.665],[16.978,-57.293]],"c":true}]},{"i":{"x":0.667,"y":1},"o":{"x":0.167,"y":0.167},"t":20,"s":[{"i":[[-17.395,-44.821],[32.457,-32.459],[49.22,23.503],[18.633,13.561],[-2.906,12.482],[-20.986,-11.571],[0,0],[0,8.655],[0,0],[-14.464,0],[-0.219,-16.029],[0,0]],"o":[[17.508,45.111],[-37.198,37.196],[-31.432,-15.008],[-10.653,-7.753],[5.257,-22.581],[0,0],[7.852,4.329],[0,0],[0,-16.206],[14.307,0],[0,0],[43.024,3.921]],"v":[[132.689,5.445],[111.951,141.351],[-53.455,161.235],[-133.549,109.158],[-145.897,75.945],[-92.937,53.722],[-70.4,66.146],[-52.731,56.412],[-48.178,-92.643],[-21.989,-121.987],[4.197,-93.094],[9.972,-41.178]],"c":true}]},{"i":{"x":0.667,"y":1},"o":{"x":0.333,"y":0},"t":30,"s":[{"i":[[-19.318,-50.015],[34.07,-32.678],[49.22,23.503],[19.916,15.03],[-3.106,13.834],[-22.431,-12.825],[0,0],[0,9.593],[0,0],[-19.932,0],[-0.302,-19.501],[0,0]],"o":[[19.442,50.339],[-39.045,37.448],[-31.432,-15.008],[-11.387,-8.593],[5.619,-25.029],[0,0],[8.392,4.798],[0,0],[0,-19.717],[19.716,0],[0,0],[45.987,4.346]],"v":[[149.45,-6.823],[114.524,140.121],[-53.455,161.235],[-139.021,107.688],[-152.324,73.424],[-95.716,48.793],[-71.627,62.563],[-52.741,51.774],[-55.867,-148.639],[-19.778,-184.341],[16.307,-149.188],[16,-57.891]],"c":true}]},{"t":40,"s":[{"i":[[-18.405,-49.677],[32.457,-32.459],[49.22,23.503],[19.713,15.03],[-3.074,13.834],[-22.202,-12.825],[0,0],[0,9.593],[0,0],[-17.963,0],[-0.272,-17.766],[0,0]],"o":[[18.522,50],[-37.198,37.196],[-31.432,-15.008],[-11.27,-8.593],[5.562,-25.029],[0,0],[8.307,4.798],[0,0],[0,-17.962],[17.768,0],[0,0],[45.517,4.346]],"v":[[144.111,-7.264],[111.951,141.351],[-53.455,161.235],[-137.555,107.688],[-150.619,70.876],[-94.59,46.244],[-70.747,60.015],[-52.054,49.226],[-52.054,-142.583],[-19.53,-175.107],[12.99,-143.083],[14.282,-58.939]],"c":true}]}],"a":1}},{"ty":"tr","o":{"a":0,"k":100},"r":{"a":0,"k":0},"p":{"a":0,"k":[0,174]},"a":{"a":0,"k":[0,174]},"s":{"k":[{"i":{"x":[0.667,0.667],"y":[1,1]},"o":{"x":[0.167,0.167],"y":[0.167,0.167]},"t":3,"s":[100,100]},{"i":{"x":[0.667,0.667],"y":[1,1]},"o":{"x":[0.333,0.333],"y":[0,0]},"t":13,"s":[102,102]},{"i":{"x":[0.833,0.833],"y":[0.833,0.833]},"o":{"x":[0.333,0.333],"y":[0,0]},"t":23,"s":[98,98]},{"t":29,"s":[100,100]}],"x":"var $bm_rt;\nvar amp, freq, decay, n, n, t, t, v;\ntry {\n    amp = $bm_div(effect('Elastic: Scale - Transform')(1), 200);\n    freq = $bm_div(effect('Elastic: Scale - Transform')(2), 30);\n    decay = $bm_div(effect('Elastic: Scale - Transform')(3), 10);\n    $bm_rt = n = 0;\n    if (numKeys > 0) {\n        $bm_rt = n = nearestKey(time).index;\n        if (key(n).time > time) {\n            n--;\n        }\n    }\n    if (n == 0) {\n        $bm_rt = t = 0;\n    } else {\n        $bm_rt = t = $bm_sub(time, key(n).time);\n    }\n    if (n > 0) {\n        v = velocityAtTime($bm_sub(key(n).time, $bm_div(thisComp.frameDuration, 10)));\n        $bm_rt = $bm_sum(value, $bm_div($bm_mul($bm_mul(v, amp), Math.sin($bm_mul($bm_mul($bm_mul(freq, t), 2), Math.PI))), Math.exp($bm_mul(decay, t))));\n    } else {\n        $bm_rt = value;\n    }\n} catch (e$$4) {\n    $bm_rt = value = value;\n}","a":1},"nm":"Transform","sk":{"a":0,"k":0},"sa":{"a":0,"k":0}}]},{"ty":"st","nm":"Stroke 1","bm":0,"mn":"ADBE Vector Graphic - Stroke","lc":2,"lj":2,"o":{"a":0,"k":100},"w":{"a":0,"k":30.72},"c":{"a":0,"k":[0,0,0,1]}},{"ty":"tr","o":{"a":0,"k":100},"r":{"a":0,"k":0},"p":{"a":0,"k":[0,0]},"a":{"a":0,"k":[0,0]},"s":{"a":0,"k":[100,100]},"nm":"Transform","sk":{"a":0,"k":0},"sa":{"a":0,"k":0}}]}],"ip":0,"op":90,"st":0,"ef":[{"ty":5,"ix":1,"nm":"Elastic: Scale - Transform","mn":"Pseudo/MDS Elastic Controller","ef":[{"ix":1,"mn":"Pseudo/MDS Elastic Controller-0001","nm":"Amplitude","ty":0,"v":{"a":0,"k":115}},{"ix":2,"mn":"Pseudo/MDS Elastic Controller-0002","nm":"Frequency","ty":0,"v":{"a":0,"k":40}},{"ix":3,"mn":"Pseudo/MDS Elastic Controller-0003","nm":"Decay","ty":0,"v":{"a":0,"k":60}}],"en":1}]},{"ind":4,"ty":3,"nm":"NULL Layer 4","sr":1,"ks":{"o":{"a":0,"k":0},"r":{"a":0,"k":0},"p":{"a":0,"k":[257.003,441.321,0]},"a":{"a":0,"k":[50,50,0]},"s":{"a":0,"k":[100,100,100]}},"ip":0,"op":94,"st":0}],"markers":[]}