{"v":"4.8.0","ip":0,"op":90,"fr":60,"w":512,"h":512,"nm":"02Swipe left #swipeleft,#gesture,#navigation,#left,#control,#motion,#interface,#interaction,#move,#direction","assets":[],"layers":[{"ind":1,"ty":3,"nm":"Null 13","sr":1,"ks":{"o":{"a":0,"k":0},"r":{"a":0,"k":-21.8},"p":{"a":0,"k":[314.026,352.702,0]},"a":{"a":0,"k":[50,50,0]},"s":{"a":0,"k":[100,100,100]}},"ip":0,"op":90,"st":0},{"ind":2,"ty":4,"nm":"Layer 6","sr":1,"ks":{"o":{"a":0,"k":100},"r":{"a":1,"k":[{"i":{"x":[0.94],"y":[1]},"o":{"x":[0.333],"y":[0]},"t":45,"s":[15.6]},{"t":53,"s":[0]}],"x":"var $bm_rt;\nvar amp, freq, decay, n, n, t, t, v;\ntry {\n    amp = $bm_div(effect('Elastic Controller')(1), 200);\n    freq = $bm_div(effect('Elastic Controller')(2), 30);\n    decay = $bm_div(effect('Elastic Controller')(3), 10);\n    $bm_rt = n = 0;\n    if (numKeys > 0) {\n        $bm_rt = n = nearestKey(time).index;\n        if (key(n).time > time) {\n            n--;\n        }\n    }\n    if (n == 0) {\n        $bm_rt = t = 0;\n    } else {\n        $bm_rt = t = $bm_sub(time, key(n).time);\n    }\n    if (n > 0) {\n        v = velocityAtTime($bm_sub(key(n).time, $bm_div(thisComp.frameDuration, 10)));\n        $bm_rt = $bm_sum(value, $bm_div($bm_mul($bm_mul(v, amp), Math.sin($bm_mul($bm_mul($bm_mul(freq, t), 2), Math.PI))), Math.exp($bm_mul(decay, t))));\n    } else {\n        $bm_rt = value;\n    }\n} catch (e$$4) {\n    $bm_rt = value = value;\n}"},"p":{"a":0,"k":[50,50,0],"x":"var $bm_rt;\nvar amp, freq, decay, n, n, t, t, v;\ntry {\n    amp = $bm_div(effect('Elastic Controller')(1), 200);\n    freq = $bm_div(effect('Elastic Controller')(2), 30);\n    decay = $bm_div(effect('Elastic Controller')(3), 10);\n    $bm_rt = n = 0;\n    if (numKeys > 0) {\n        $bm_rt = n = nearestKey(time).index;\n        if (key(n).time > time) {\n            n--;\n        }\n    }\n    if (n == 0) {\n        $bm_rt = t = 0;\n    } else {\n        $bm_rt = t = $bm_sub(time, key(n).time);\n    }\n    if (n > 0) {\n        v = velocityAtTime($bm_sub(key(n).time, $bm_div(thisComp.frameDuration, 10)));\n        $bm_rt = $bm_sum(value, $bm_div($bm_mul($bm_mul(v, amp), Math.sin($bm_mul($bm_mul($bm_mul(freq, t), 2), Math.PI))), Math.exp($bm_mul(decay, t))));\n    } else {\n        $bm_rt = value;\n    }\n} catch (e$$4) {\n    $bm_rt = value = value;\n}"},"a":{"a":0,"k":[255.526,341.202,0]},"s":{"a":0,"k":[100,100,100]}},"shapes":[{"ty":"gr","nm":"Group 1","bm":0,"mn":"ADBE Vector Group","it":[{"ty":"sh","nm":"Path 1","mn":"ADBE Vector Shape - Group","ind":0,"ks":{"k":{"i":[[0,0],[-25.96,-40.452]],"o":[[38.887,2.075],[0,0]],"v":[[-58.318,-29.832],[58.318,29.832]],"c":false},"a":0}},{"ty":"st","nm":"Stroke 1","bm":0,"mn":"ADBE Vector Graphic - Stroke","lc":2,"lj":2,"o":{"a":0,"k":100},"w":{"a":0,"k":30.72},"c":{"a":0,"k":[0,0,0,1]}},{"ty":"tm","nm":"Trim Paths 2","mn":"ADBE Vector Filter - Trim","s":{"a":0,"k":100},"e":{"a":1,"k":[{"i":{"x":[0.833],"y":[0.833]},"o":{"x":[0.167],"y":[0.167]},"t":45,"s":[100]},{"t":49,"s":[0]}]},"o":{"a":0,"k":0},"m":1},{"ty":"tr","o":{"a":0,"k":100},"r":{"a":0,"k":0},"p":{"a":0,"k":[356.558,123.032]},"a":{"a":0,"k":[0,0]},"s":{"a":0,"k":[100,100]},"nm":"Transform","sk":{"a":0,"k":0},"sa":{"a":0,"k":0}}]},{"ty":"gr","nm":"Group 3","bm":0,"mn":"ADBE Vector Group","it":[{"ty":"gr","nm":"Group 1","bm":0,"mn":"ADBE Vector Group","it":[{"ty":"sh","nm":"Path 1","mn":"ADBE Vector Shape - Group","ind":0,"ks":{"k":{"i":[[0,0],[0,0],[0,0]],"o":[[0,0],[0,0],[0,0]],"v":[[16.549,-27.383],[-16.635,-5.85],[4.898,27.333]],"c":false},"a":0}},{"ty":"tr","o":{"a":0,"k":100},"r":{"a":0,"k":0.9},"p":{"a":0,"k":[-16.001,-5.986]},"a":{"a":0,"k":[-14.701,-5.586]},"s":{"k":[{"i":{"x":[0.833,0.833],"y":[0.833,0.833]},"o":{"x":[0.333,0.333],"y":[0,0]},"t":53,"s":[56,55]},{"t":57,"s":[109,108]}],"x":"var $bm_rt;\nvar amp, freq, decay, n, n, t, t, v;\ntry {\n    amp = $bm_div(effect('Elastic Controller')(1), 200);\n    freq = $bm_div(effect('Elastic Controller')(2), 30);\n    decay = $bm_div(effect('Elastic Controller')(3), 10);\n    $bm_rt = n = 0;\n    if (numKeys > 0) {\n        $bm_rt = n = nearestKey(time).index;\n        if (key(n).time > time) {\n            n--;\n        }\n    }\n    if (n == 0) {\n        $bm_rt = t = 0;\n    } else {\n        $bm_rt = t = $bm_sub(time, key(n).time);\n    }\n    if (n > 0) {\n        v = velocityAtTime($bm_sub(key(n).time, $bm_div(thisComp.frameDuration, 10)));\n        $bm_rt = $bm_sum(value, $bm_div($bm_mul($bm_mul(v, amp), Math.sin($bm_mul($bm_mul($bm_mul(freq, t), 2), Math.PI))), Math.exp($bm_mul(decay, t))));\n    } else {\n        $bm_rt = value;\n    }\n} catch (e$$4) {\n    $bm_rt = value = value;\n}","a":1},"nm":"Transform","sk":{"a":0,"k":0},"sa":{"a":0,"k":0}}]},{"ty":"st","nm":"Stroke 1","bm":0,"mn":"ADBE Vector Graphic - Stroke","lc":2,"lj":2,"o":{"a":0,"k":100},"w":{"a":0,"k":30.72},"c":{"a":0,"k":[0,0,0,1]}},{"ty":"tm","nm":"Trim Paths 1","mn":"ADBE Vector Filter - Trim","s":{"a":1,"k":[{"i":{"x":[0.833],"y":[0.833]},"o":{"x":[0.167],"y":[0.167]},"t":49,"s":[50]},{"t":53,"s":[0]}]},"e":{"a":1,"k":[{"i":{"x":[0.833],"y":[0.833]},"o":{"x":[0.167],"y":[0.167]},"t":49,"s":[50]},{"t":53,"s":[100]}]},"o":{"a":0,"k":0},"m":1},{"ty":"tr","o":{"a":0,"k":100},"r":{"a":0,"k":0},"p":{"a":0,"k":[314.832,99.038]},"a":{"a":0,"k":[0,0]},"s":{"a":0,"k":[100,100]},"nm":"Transform","sk":{"a":0,"k":0},"sa":{"a":0,"k":0}}]}],"ip":45,"op":114,"st":21,"ef":[{"ty":5,"ix":1,"nm":"Elastic Controller","mn":"Pseudo/MDS Elastic Controller","ef":[{"ix":1,"mn":"Pseudo/MDS Elastic Controller-0001","nm":"Amplitude","ty":0,"v":{"a":0,"k":20}},{"ix":2,"mn":"Pseudo/MDS Elastic Controller-0002","nm":"Frequency","ty":0,"v":{"a":0,"k":50}},{"ix":3,"mn":"Pseudo/MDS Elastic Controller-0003","nm":"Decay","ty":0,"v":{"a":0,"k":60}}],"en":1}],"parent":1},{"ind":3,"ty":4,"nm":"Layer 5","sr":1,"ks":{"o":{"a":0,"k":100},"r":{"a":1,"k":[{"i":{"x":[0.12],"y":[1]},"o":{"x":[0.167],"y":[0.167]},"t":0,"s":[0]},{"i":{"x":[0.667],"y":[1]},"o":{"x":[0.333],"y":[0]},"t":20,"s":[23]},{"t":36,"s":[-32.5]}]},"p":{"k":[{"i":{"x":0.667,"y":1},"o":{"x":0.333,"y":0},"t":18,"s":[50,50,0],"ti":[0,2.467,0],"to":[0,-2.467,0]},{"t":34,"s":[50,35,0]}],"a":1},"a":{"a":0,"k":[255.526,341.202,0]},"s":{"a":0,"k":[100,100,100]}},"shapes":[{"ty":"gr","nm":"Group 1","bm":0,"mn":"ADBE Vector Group","it":[{"ty":"sh","nm":"Path 1","mn":"ADBE Vector Shape - Group","ind":0,"ks":{"k":{"i":[[0,0],[-25.96,-40.452]],"o":[[38.887,2.075],[0,0]],"v":[[-58.318,-29.832],[58.318,29.832]],"c":false},"a":0}},{"ty":"st","nm":"Stroke 1","bm":0,"mn":"ADBE Vector Graphic - Stroke","lc":2,"lj":2,"o":{"a":0,"k":100},"w":{"a":0,"k":30.72},"c":{"a":0,"k":[0,0,0,1]}},{"ty":"tm","nm":"Trim Paths 2","mn":"ADBE Vector Filter - Trim","s":{"a":0,"k":0},"e":{"a":1,"k":[{"i":{"x":[0.833],"y":[0.833]},"o":{"x":[0.333],"y":[0]},"t":24,"s":[100]},{"t":32,"s":[0]}]},"o":{"a":0,"k":0},"m":1},{"ty":"tr","o":{"a":0,"k":100},"r":{"a":0,"k":0},"p":{"a":0,"k":[356.558,123.032]},"a":{"a":0,"k":[0,0]},"s":{"a":0,"k":[100,100]},"nm":"Transform","sk":{"a":0,"k":0},"sa":{"a":0,"k":0}}]},{"ty":"gr","nm":"Group 3","bm":0,"mn":"ADBE Vector Group","it":[{"ty":"gr","nm":"Group 1","bm":0,"mn":"ADBE Vector Group","it":[{"ty":"sh","nm":"Path 1","mn":"ADBE Vector Shape - Group","ind":0,"ks":{"k":{"i":[[0,0],[0,0],[0,0]],"o":[[0,0],[0,0],[0,0]],"v":[[16.549,-27.383],[-16.635,-5.85],[4.898,27.333]],"c":false},"a":0}},{"ty":"tr","o":{"a":0,"k":100},"r":{"a":0,"k":1.1},"p":{"a":0,"k":[-18.001,-5.986]},"a":{"a":0,"k":[-16.601,-5.586]},"s":{"k":[{"i":{"x":[0.12,0.12],"y":[1,1]},"o":{"x":[0.167,0.167],"y":[0.167,0.167]},"t":0,"s":[110,108]},{"i":{"x":[0.833,0.833],"y":[0.833,0.833]},"o":{"x":[0.333,0.333],"y":[0,0]},"t":18,"s":[143,152]},{"t":31,"s":[100,42]}],"a":1},"nm":"Transform","sk":{"a":0,"k":0},"sa":{"a":0,"k":0}}]},{"ty":"st","nm":"Stroke 1","bm":0,"mn":"ADBE Vector Graphic - Stroke","lc":2,"lj":2,"o":{"a":0,"k":100},"w":{"a":0,"k":30.72},"c":{"a":0,"k":[0,0,0,1]}},{"ty":"tm","nm":"Trim Paths 1","mn":"ADBE Vector Filter - Trim","s":{"a":1,"k":[{"i":{"x":[0.833],"y":[0.833]},"o":{"x":[0.333],"y":[0]},"t":25,"s":[0]},{"t":32,"s":[50]}]},"e":{"a":1,"k":[{"i":{"x":[0.833],"y":[0.833]},"o":{"x":[0.333],"y":[0]},"t":25,"s":[100]},{"t":32,"s":[50]}]},"o":{"a":0,"k":0},"m":1},{"ty":"tr","o":{"a":0,"k":100},"r":{"a":0,"k":0},"p":{"a":0,"k":[314.832,99.038]},"a":{"a":0,"k":[0,0]},"s":{"a":0,"k":[100,100]},"nm":"Transform","sk":{"a":0,"k":0},"sa":{"a":0,"k":0}}]}],"ip":-22,"op":41,"st":8,"parent":1},{"ind":4,"ty":3,"nm":"NULL Layer 1","sr":1,"ks":{"o":{"a":0,"k":0},"r":{"a":0,"k":-19.7},"p":{"a":0,"k":[301.003,432.321,0]},"a":{"a":0,"k":[50,50,0]},"s":{"a":0,"k":[100,100,100]}},"ip":0,"op":90,"st":0},{"ind":5,"ty":4,"nm":"Layer 1","sr":1,"ks":{"o":{"a":0,"k":100},"r":{"a":1,"k":[{"i":{"x":[0.12],"y":[1]},"o":{"x":[0.167],"y":[0.167]},"t":0,"s":[0]},{"i":{"x":[0.667],"y":[1]},"o":{"x":[0.66],"y":[0]},"t":15,"s":[14.3]},{"i":{"x":[0.833],"y":[0.833]},"o":{"x":[0.333],"y":[0]},"t":31,"s":[-12.4]},{"t":46,"s":[0]}],"x":"var $bm_rt;\nvar amp, freq, decay, n, n, t, t, v;\ntry {\n    amp = $bm_div(effect('Elastic: Rotation')(1), 200);\n    freq = $bm_div(effect('Elastic: Rotation')(2), 30);\n    decay = $bm_div(effect('Elastic: Rotation')(3), 10);\n    $bm_rt = n = 0;\n    if (numKeys > 0) {\n        $bm_rt = n = nearestKey(time).index;\n        if (key(n).time > time) {\n            n--;\n        }\n    }\n    if (n == 0) {\n        $bm_rt = t = 0;\n    } else {\n        $bm_rt = t = $bm_sub(time, key(n).time);\n    }\n    if (n > 0) {\n        v = velocityAtTime($bm_sub(key(n).time, $bm_div(thisComp.frameDuration, 10)));\n        $bm_rt = $bm_sum(value, $bm_div($bm_mul($bm_mul(v, amp), Math.sin($bm_mul($bm_mul($bm_mul(freq, t), 2), Math.PI))), Math.exp($bm_mul(decay, t))));\n    } else {\n        $bm_rt = value;\n    }\n} catch (e$$4) {\n    $bm_rt = value = value;\n}"},"p":{"a":0,"k":[50,50,0]},"a":{"a":0,"k":[0,184.32,0]},"s":{"a":0,"k":[100,100,100]}},"shapes":[{"ty":"gr","nm":"Group 1","bm":0,"mn":"ADBE Vector Group","it":[{"ty":"gr","nm":"Group 1","bm":0,"mn":"ADBE Vector Group","it":[{"ty":"sh","nm":"Path 1","mn":"ADBE Vector Shape - Group","ind":0,"ks":{"k":[{"i":{"x":0.12,"y":1},"o":{"x":0.167,"y":0.167},"t":0,"s":[{"i":[[-19.477,-52.566],[34.345,-34.345],[40.094,49.859],[12.465,34.406],[-18.325,7.029],[-9.86,-14.305],[0,0],[0,0],[-19.007,0],[-0.289,-18.799],[0,0]],"o":[[19.599,52.906],[-43.823,43.823],[-25.443,-31.64],[-6.685,-18.452],[16.221,-6.222],[0,0],[0,0],[0,-19.007],[18.801,0],[0,0],[48.163,4.599]],"v":[[146.179,-6.716],[112.15,150.542],[-94.235,147.837],[-151.919,43.391],[-130.469,-1.991],[-86.016,11.786],[-61.395,47.507],[-61.395,-149.905],[-26.979,-184.32],[7.432,-150.433],[8.8,-61.397]],"c":true}]},{"i":{"x":0.833,"y":0.833},"o":{"x":0.66,"y":0},"t":15,"s":[{"i":[[-19.477,-52.566],[34.345,-34.345],[35.444,53.265],[17.926,13.343],[-12.412,15.204],[-15.664,-7.517],[0,0],[-76.463,112.614],[-16.33,-9.726],[4.664,-14.564],[0,0]],"o":[[19.599,52.906],[-43.823,43.823],[-28.724,-43.166],[-15.744,-11.718],[10.987,-13.459],[0,0],[0,0],[12.024,-17.708],[16.153,9.62],[0,0],[48.163,4.599]],"v":[[146.179,-6.716],[112.15,150.542],[-94.235,147.837],[-161.264,77.886],[-168.738,32.475],[-123.314,22.347],[-61.395,47.507],[-15.516,-186.726],[31.663,-198.684],[43.888,-151.962],[8.8,-61.397]],"c":true}]},{"i":{"x":0.667,"y":1},"o":{"x":0.167,"y":0.167},"t":25,"s":[{"i":[[-19.477,-52.566],[34.345,-34.345],[40.094,49.859],[12.465,34.406],[-18.325,7.029],[-9.86,-14.305],[0,0],[0,0],[-15.489,0],[-0.235,-18.799],[0,0]],"o":[[19.599,52.906],[-43.823,43.823],[-25.443,-31.64],[-6.685,-18.452],[16.221,-6.222],[0,0],[0,0],[0,-19.007],[15.32,0],[0,0],[48.163,4.599]],"v":[[146.179,-6.716],[112.15,150.542],[-94.235,147.837],[-151.919,43.391],[-130.469,-1.991],[-86.016,11.786],[-61.395,47.507],[-55.024,-115.947],[-26.979,-150.363],[1.061,-116.476],[8.8,-61.397]],"c":true}]},{"i":{"x":0.667,"y":1},"o":{"x":0.333,"y":0},"t":31,"s":[{"i":[[-19.477,-52.566],[34.345,-34.345],[40.094,49.859],[-1.042,36.58],[-19.626,-0.193],[-3.917,-16.927],[0,0],[0,0],[-19.007,0],[-14.225,-18.895],[0,0]],"o":[[19.599,52.906],[-43.823,43.823],[-25.443,-31.64],[0.559,-19.618],[17.373,0.171],[0,0],[0,0],[0,-19.007],[18.801,0],[19.289,25.621],[48.163,4.599]],"v":[[146.18,-6.716],[112.15,150.542],[-94.235,147.836],[-136.237,14.516],[-109.38,-22.212],[-73.093,6.928],[-61.395,47.507],[-112.14,-159.388],[-85.324,-193.312],[-37.992,-156.971],[8.8,-61.397]],"c":true}]},{"t":46,"s":[{"i":[[-19.477,-52.566],[34.345,-34.345],[40.094,49.859],[12.465,34.406],[-18.325,7.029],[-9.86,-14.305],[0,0],[0,0],[-19.007,0],[-0.289,-18.799],[0,0]],"o":[[19.599,52.906],[-43.823,43.823],[-25.443,-31.64],[-6.685,-18.452],[16.221,-6.222],[0,0],[0,0],[0,-19.007],[18.801,0],[0,0],[48.163,4.599]],"v":[[146.179,-6.716],[112.15,150.542],[-94.235,147.837],[-151.919,43.391],[-130.469,-1.991],[-86.016,11.786],[-61.395,47.507],[-61.395,-149.905],[-26.979,-184.32],[7.432,-150.433],[8.8,-61.397]],"c":true}]}],"a":1}},{"ty":"tr","o":{"a":0,"k":100},"r":{"a":0,"k":0},"p":{"a":0,"k":[-0.283,184.716]},"a":{"a":0,"k":[-0.283,184.716]},"s":{"a":0,"k":[98.2,98.2]},"nm":"Transform","sk":{"a":0,"k":0},"sa":{"a":0,"k":0}}]},{"ty":"st","nm":"Stroke 1","bm":0,"mn":"ADBE Vector Graphic - Stroke","lc":2,"lj":2,"o":{"a":0,"k":100},"w":{"a":0,"k":30.72},"c":{"a":0,"k":[0,0,0,1]}},{"ty":"tr","o":{"a":0,"k":100},"r":{"a":0,"k":0},"p":{"a":0,"k":[0,0]},"a":{"a":0,"k":[0,0]},"s":{"a":0,"k":[100,100]},"nm":"Transform","sk":{"a":0,"k":0},"sa":{"a":0,"k":0}}]}],"ip":0,"op":90,"st":0,"ef":[{"ty":5,"ix":1,"nm":"Elastic: Rotation","mn":"Pseudo/MDS Elastic Controller","ef":[{"ix":1,"mn":"Pseudo/MDS Elastic Controller-0001","nm":"Amplitude","ty":0,"v":{"a":0,"k":20}},{"ix":2,"mn":"Pseudo/MDS Elastic Controller-0002","nm":"Frequency","ty":0,"v":{"a":0,"k":40}},{"ix":3,"mn":"Pseudo/MDS Elastic Controller-0003","nm":"Decay","ty":0,"v":{"a":0,"k":60}}],"en":1}],"parent":4}],"markers":[]}