{"v":"4.8.0","ip":0,"op":90,"fr":60,"w":512,"h":512,"nm":"30 Waving hand #wave,shake,hi,hello,interface,hand,gesture","assets":[],"layers":[{"ind":1,"ty":4,"nm":"Layer 2","sr":1,"ks":{"o":{"a":0,"k":100},"r":{"a":0,"k":-30.1},"p":{"k":[{"i":{"x":0.833,"y":0.833},"o":{"x":0.333,"y":0},"t":0,"s":[321.855,239.433,0],"ti":[0.075,-0.327,0],"to":[-0.075,0.327,0]},{"i":{"x":0.833,"y":0.833},"o":{"x":0.167,"y":0.167},"t":8,"s":[321.403,241.397,0],"ti":[-0.075,0.327,0],"to":[-0.075,0.327,0]},{"i":{"x":0.667,"y":1},"o":{"x":0.167,"y":0.167},"t":38,"s":[321.403,241.397,0],"ti":[-0.075,0.327,0],"to":[0.075,-0.327,0]},{"t":47,"s":[321.855,239.433,0]}],"a":1},"a":{"a":0,"k":[34.213,-34.248,0]},"s":{"a":0,"k":[100,100,100]}},"shapes":[{"ty":"gr","nm":"Group 1","bm":0,"mn":"ADBE Vector Group","it":[{"ty":"sh","nm":"Path 1","mn":"ADBE Vector Shape - Group","ind":0,"ks":{"k":{"i":[[0,0],[0.029,-39.071]],"o":[[-38.686,-0.152],[0,0]],"v":[[36.527,-41.215],[-35.441,30.42]],"c":false},"a":0}},{"ty":"st","nm":"Stroke 1","bm":0,"mn":"ADBE Vector Graphic - Stroke","lc":2,"lj":2,"o":{"a":0,"k":100},"w":{"a":0,"k":30.72},"c":{"a":0,"k":[0.023529411765,0.023529411765,0.023529411765,1]}},{"ty":"tr","o":{"a":0,"k":100},"r":{"a":0,"k":0},"p":{"a":0,"k":[1.102,-0.589]},"a":{"a":0,"k":[0,0]},"s":{"a":0,"k":[100,100]},"nm":"Transform","sk":{"a":0,"k":0},"sa":{"a":0,"k":0}}]}],"ip":0,"op":90,"st":0,"parent":2},{"ind":2,"ty":4,"nm":"Layer 1","sr":1,"ks":{"o":{"a":0,"k":100},"r":{"a":1,"k":[{"i":{"x":[0.667],"y":[1]},"o":{"x":[0.333],"y":[0]},"t":0,"s":[5.1]},{"i":{"x":[0.667],"y":[1]},"o":{"x":[0.333],"y":[0]},"t":12,"s":[-8.2]},{"i":{"x":[0.667],"y":[1]},"o":{"x":[0.333],"y":[0]},"t":25,"s":[16.7]},{"i":{"x":[0.833],"y":[0.833]},"o":{"x":[0.333],"y":[0]},"t":38,"s":[-8.2]},{"i":{"x":[0.833],"y":[1]},"o":{"x":[0.167],"y":[0.167]},"t":48,"s":[4.6]},{"t":89,"s":[5.1]}],"x":"var $bm_rt;\nvar amp, freq, decay, n, n, t, t, v;\ntry {\n    amp = $bm_div(effect('Elastic Controller')(1), 200);\n    freq = $bm_div(effect('Elastic Controller')(2), 30);\n    decay = $bm_div(effect('Elastic Controller')(3), 10);\n    $bm_rt = n = 0;\n    if (numKeys > 0) {\n        $bm_rt = n = nearestKey(time).index;\n        if (key(n).time > time) {\n            n--;\n        }\n    }\n    if (n == 0) {\n        $bm_rt = t = 0;\n    } else {\n        $bm_rt = t = $bm_sub(time, key(n).time);\n    }\n    if (n > 0) {\n        v = velocityAtTime($bm_sub(key(n).time, $bm_div(thisComp.frameDuration, 10)));\n        $bm_rt = $bm_sum(value, $bm_div($bm_mul($bm_mul(v, amp), Math.sin($bm_mul($bm_mul($bm_mul(freq, t), 2), Math.PI))), Math.exp($bm_mul(decay, t))));\n    } else {\n        $bm_rt = value;\n    }\n} catch (e$$4) {\n    $bm_rt = value = value;\n}"},"p":{"a":0,"k":[328.779,420.649,0]},"a":{"a":0,"k":[348.146,422.689,0]},"s":{"a":0,"k":[100,100,100]}},"shapes":[{"ty":"gr","nm":"Group 1","bm":0,"mn":"ADBE Vector Group","it":[{"ty":"sh","nm":"Path 1","mn":"ADBE Vector Shape - Group","ind":0,"ks":{"k":{"i":[[0,0],[0,0],[3.429,2.633],[4.176,1.12],[4.287,-0.563],[3.745,-2.16],[2.633,-3.429],[1.12,-4.176],[-0.563,-4.287],[-2.161,-3.745],[0,0]],"o":[[0,0],[-2.16,-3.745],[-3.429,-2.633],[-4.176,-1.12],[-4.286,0.563],[-3.745,2.161],[-2.633,3.429],[-1.12,4.176],[0.563,4.286],[0,0],[0,0]],"v":[[48.553,22.745],[-7.118,-73.238],[-15.585,-82.898],[-27.104,-88.584],[-39.922,-89.428],[-52.087,-85.303],[-61.747,-76.836],[-67.432,-65.317],[-68.277,-52.499],[-64.151,-40.334],[-1.795,67.362]],"c":false},"a":0}},{"ty":"sh","nm":"Path 2","mn":"ADBE Vector Shape - Group","ind":1,"ks":{"k":{"i":[[0,0],[0,0],[8.432,2.263],[7.563,-4.363],[2.263,-8.433],[-4.363,-7.563]],"o":[[0,0],[-4.362,-7.563],[-8.434,-2.263],[-7.563,4.363],[-2.263,8.433],[0,0]],"v":[[127.969,28.729],[63.233,-83.21],[43.249,-98.556],[18.265,-95.275],[2.919,-75.289],[6.2,-50.306]],"c":false},"a":0}},{"ty":"sh","nm":"Path 3","mn":"ADBE Vector Shape - Group","ind":2,"ks":{"k":[{"i":{"x":0.833,"y":0.833},"o":{"x":0.333,"y":0},"t":0,"s":[{"i":[[0,0],[15.356,-8.859],[-8.859,-15.356],[0,0],[-33.549,-8.817],[-30.04,17.344],[-9.138,33.462],[17.054,30.204],[0,0],[11.426,-6.597],[-11.541,-19.989],[0,0]],"o":[[-8.947,-15.507],[-15.507,8.945],[0,0],[17.632,29.872],[33.549,8.817],[30.041,-17.345],[9.136,-33.462],[0,0],[-6.593,-11.43],[-19.989,11.54],[0,0],[0,0]],"v":[[-37.838,4.617],[-82.807,-7.447],[-94.872,37.521],[-24.819,158.862],[55.074,219.254],[154.336,205.942],[215.494,126.631],[203.134,27.248],[164.306,-39.711],[131.677,-48.463],[116.38,8.625],[127.977,28.698]],"c":false}]},{"i":{"x":0.833,"y":0.833},"o":{"x":0.167,"y":0.167},"t":8,"s":[{"i":[[0,0],[15.356,-8.859],[-8.859,-15.356],[0,0],[-33.549,-8.817],[-30.04,17.344],[-9.138,33.462],[10.463,24.46],[-4.848,14.113],[9.112,2.14],[5.967,-20.391],[0,0]],"o":[[-8.947,-15.507],[-15.507,8.945],[0,0],[17.632,29.872],[33.549,8.817],[30.041,-17.345],[9.136,-33.462],[-10.463,-24.46],[4.848,-14.113],[-15.941,-3.744],[-5.967,20.391],[0,0]],"v":[[-37.162,5.294],[-82.131,-6.771],[-94.196,38.197],[-24.143,159.539],[55.75,219.93],[155.012,206.618],[216.17,127.307],[197.646,37.012],[186.974,-15.329],[175.282,-42.333],[138.713,-13.622],[128.63,29.522]],"c":false}]},{"i":{"x":0.833,"y":0.833},"o":{"x":0.167,"y":0.167},"t":38,"s":[{"i":[[0,0],[15.356,-8.859],[-8.859,-15.356],[0,0],[-33.549,-8.817],[-30.04,17.344],[-9.138,33.462],[10.463,24.46],[-4.848,14.113],[9.112,2.14],[5.967,-20.391],[0,0]],"o":[[-8.947,-15.507],[-15.507,8.945],[0,0],[17.632,29.872],[33.549,8.817],[30.041,-17.345],[9.136,-33.462],[-10.463,-24.46],[4.848,-14.113],[-15.941,-3.744],[-5.967,20.391],[0,0]],"v":[[-37.162,5.294],[-82.131,-6.771],[-94.196,38.197],[-24.143,159.539],[55.75,219.93],[155.012,206.618],[216.17,127.307],[197.646,37.012],[186.974,-15.329],[175.282,-42.333],[138.713,-13.622],[128.63,29.522]],"c":false}]},{"i":{"x":0.667,"y":1},"o":{"x":0.167,"y":0.167},"t":42,"s":[{"i":[[0,0],[15.356,-8.859],[-8.859,-15.356],[0,0],[-33.549,-8.817],[-30.04,17.344],[-9.138,33.462],[14.226,27.74],[-2.08,6.055],[10.433,-2.848],[-4.029,-20.161],[0,0]],"o":[[-8.947,-15.507],[-15.507,8.945],[0,0],[17.632,29.872],[33.549,8.817],[30.041,-17.345],[9.136,-33.462],[-4.489,-10.494],[-1.684,-12.581],[-18.252,4.983],[0.889,8.41],[0,0]],"v":[[-37.548,4.908],[-82.517,-7.157],[-94.582,37.811],[-24.529,159.152],[55.364,219.544],[154.626,206.232],[215.784,126.921],[200.78,31.437],[174.032,-29.25],[150.385,-45.834],[118.939,1.616],[122.046,18.302]],"c":false}]},{"t":47,"s":[{"i":[[0,0],[15.356,-8.859],[-8.859,-15.356],[0,0],[-33.549,-8.817],[-30.04,17.344],[-9.138,33.462],[17.054,30.204],[0,0],[11.426,-6.597],[-11.541,-19.989],[0,0]],"o":[[-8.947,-15.507],[-15.507,8.945],[0,0],[17.632,29.872],[33.549,8.817],[30.041,-17.345],[9.136,-33.462],[0,0],[-6.593,-11.43],[-19.989,11.54],[0,0],[0,0]],"v":[[-37.838,4.617],[-82.807,-7.447],[-94.872,37.521],[-24.819,158.862],[55.074,219.254],[154.336,205.942],[215.494,126.631],[203.134,27.248],[164.306,-39.711],[131.677,-48.463],[116.38,8.625],[117.099,9.871]],"c":false}]}],"a":1}},{"ty":"tr","o":{"a":0,"k":100},"r":{"a":0,"k":0},"p":{"a":0,"k":[348.104,422.621]},"a":{"a":0,"k":[154.293,205.874]},"s":{"a":0,"k":[108.8,108.8]},"nm":"Transform","sk":{"a":0,"k":0},"sa":{"a":0,"k":0}}]},{"ty":"st","nm":"Stroke 1","bm":0,"mn":"ADBE Vector Graphic - Stroke","lc":2,"lj":2,"o":{"a":0,"k":100},"w":{"a":0,"k":30.72},"c":{"a":0,"k":[0.023529411765,0.023529411765,0.023529411765,1]}}],"ip":0,"op":90,"st":0,"ef":[{"ty":5,"ix":1,"nm":"Elastic Controller","mn":"Pseudo/MDS Elastic Controller","ef":[{"ix":1,"mn":"Pseudo/MDS Elastic Controller-0001","nm":"Amplitude","ty":0,"v":{"a":0,"k":20}},{"ix":2,"mn":"Pseudo/MDS Elastic Controller-0002","nm":"Frequency","ty":0,"v":{"a":0,"k":40}},{"ix":3,"mn":"Pseudo/MDS Elastic Controller-0003","nm":"Decay","ty":0,"v":{"a":0,"k":60}}],"en":1}]},{"ind":3,"ty":4,"nm":"Layer 8","sr":1,"ks":{"o":{"a":0,"k":100},"r":{"a":0,"k":0},"p":{"a":0,"k":[422.127,137.472,0]},"a":{"a":0,"k":[0,0,0]},"s":{"a":0,"k":[100,100,100]}},"shapes":[{"ty":"gr","nm":"Group 1","bm":0,"mn":"ADBE Vector Group","it":[{"ty":"gr","nm":"Group 1","bm":0,"mn":"ADBE Vector Group","it":[{"ty":"sh","nm":"Path 1","mn":"ADBE Vector Shape - Group","ind":0,"ks":{"k":{"i":[[0,0],[0,0]],"o":[[0.131,-48.337],[0,0]],"v":[[18.206,33.072],[-18.206,-33.072]],"c":false},"a":0}},{"ty":"tr","o":{"a":0,"k":100},"r":{"a":1,"k":[{"i":{"x":[0.667],"y":[1]},"o":{"x":[0.333],"y":[0]},"t":2,"s":[0]},{"i":{"x":[0.667],"y":[1]},"o":{"x":[0.333],"y":[0]},"t":14,"s":[-40]},{"i":{"x":[0.667],"y":[1]},"o":{"x":[0.333],"y":[0]},"t":27,"s":[-9.9]},{"i":{"x":[0.833],"y":[0.833]},"o":{"x":[0.333],"y":[0]},"t":40,"s":[-31]},{"t":50,"s":[0]}],"x":"var $bm_rt;\nvar amp, freq, decay, n, n, t, t, v;\ntry {\n    amp = $bm_div(effect('Elastic Controller')(1), 200);\n    freq = $bm_div(effect('Elastic Controller')(2), 30);\n    decay = $bm_div(effect('Elastic Controller')(3), 10);\n    $bm_rt = n = 0;\n    if (numKeys > 0) {\n        $bm_rt = n = nearestKey(time).index;\n        if (key(n).time > time) {\n            n--;\n        }\n    }\n    if (n == 0) {\n        $bm_rt = t = 0;\n    } else {\n        $bm_rt = t = $bm_sub(time, key(n).time);\n    }\n    if (n > 0) {\n        v = velocityAtTime($bm_sub(key(n).time, $bm_div(thisComp.frameDuration, 10)));\n        $bm_rt = $bm_sum(value, $bm_div($bm_mul($bm_mul(v, amp), Math.sin($bm_mul($bm_mul($bm_mul(freq, t), 2), Math.PI))), Math.exp($bm_mul(decay, t))));\n    } else {\n        $bm_rt = value;\n    }\n} catch (e$$4) {\n    $bm_rt = value = value;\n}"},"p":{"a":0,"k":[-159,130]},"a":{"a":0,"k":[-159,130]},"s":{"k":[{"i":{"x":[0.667,0.667],"y":[1,1]},"o":{"x":[0.333,0.333],"y":[0,0]},"t":2,"s":[100,100]},{"i":{"x":[0.667,0.667],"y":[1,1]},"o":{"x":[0.333,0.333],"y":[0,0]},"t":14,"s":[89,89]},{"i":{"x":[0.667,0.667],"y":[1,1]},"o":{"x":[0.333,0.333],"y":[0,0]},"t":27,"s":[120.583,120.583]},{"i":{"x":[0.833,0.833],"y":[0.833,0.833]},"o":{"x":[0.333,0.333],"y":[0,0]},"t":40,"s":[97.649,97.649]},{"t":50,"s":[100,100]}],"x":"var $bm_rt;\nvar amp, freq, decay, n, n, t, t, v;\ntry {\n    amp = $bm_div(effect('Elastic Controller')(1), 200);\n    freq = $bm_div(effect('Elastic Controller')(2), 30);\n    decay = $bm_div(effect('Elastic Controller')(3), 10);\n    $bm_rt = n = 0;\n    if (numKeys > 0) {\n        $bm_rt = n = nearestKey(time).index;\n        if (key(n).time > time) {\n            n--;\n        }\n    }\n    if (n == 0) {\n        $bm_rt = t = 0;\n    } else {\n        $bm_rt = t = $bm_sub(time, key(n).time);\n    }\n    if (n > 0) {\n        v = velocityAtTime($bm_sub(key(n).time, $bm_div(thisComp.frameDuration, 10)));\n        $bm_rt = $bm_sum(value, $bm_div($bm_mul($bm_mul(v, amp), Math.sin($bm_mul($bm_mul($bm_mul(freq, t), 2), Math.PI))), Math.exp($bm_mul(decay, t))));\n    } else {\n        $bm_rt = value;\n    }\n} catch (e$$4) {\n    $bm_rt = value = value;\n}","a":1},"nm":"Transform","sk":{"a":0,"k":0},"sa":{"a":0,"k":0}}]},{"ty":"st","nm":"Stroke 1","bm":0,"mn":"ADBE Vector Graphic - Stroke","lc":2,"lj":2,"o":{"a":0,"k":100},"w":{"a":0,"k":30.72},"c":{"a":0,"k":[0.023529411765,0.023529411765,0.023529411765,1]}},{"ty":"tr","o":{"a":0,"k":100},"r":{"a":0,"k":0},"p":{"a":0,"k":[0,0]},"a":{"a":0,"k":[0,0]},"s":{"a":0,"k":[100,100]},"nm":"Transform","sk":{"a":0,"k":0},"sa":{"a":0,"k":0}}]}],"ip":0,"op":90,"st":0,"ef":[{"ty":5,"ix":1,"nm":"Elastic Controller","mn":"Pseudo/MDS Elastic Controller","ef":[{"ix":1,"mn":"Pseudo/MDS Elastic Controller-0001","nm":"Amplitude","ty":0,"v":{"a":0,"k":20}},{"ix":2,"mn":"Pseudo/MDS Elastic Controller-0002","nm":"Frequency","ty":0,"v":{"a":0,"k":40}},{"ix":3,"mn":"Pseudo/MDS Elastic Controller-0003","nm":"Decay","ty":0,"v":{"a":0,"k":60}}],"en":1}]},{"ind":4,"ty":4,"nm":"Layer 7","sr":1,"ks":{"o":{"a":0,"k":100},"r":{"a":0,"k":0},"p":{"a":0,"k":[103.284,398.541,0]},"a":{"a":0,"k":[0,0,0]},"s":{"a":0,"k":[100,100,100]}},"shapes":[{"ty":"gr","nm":"Group 1","bm":0,"mn":"ADBE Vector Group","it":[{"ty":"gr","nm":"Group 1","bm":0,"mn":"ADBE Vector Group","it":[{"ty":"sh","nm":"Path 1","mn":"ADBE Vector Shape - Group","ind":0,"ks":{"k":{"i":[[0,0],[4.356,15.569]],"o":[[-32.222,-21.481],[0,0]],"v":[[22.284,32.221],[-22.284,-32.221]],"c":false},"a":0}},{"ty":"tr","o":{"a":0,"k":100},"r":{"a":1,"k":[{"i":{"x":[0.667],"y":[1]},"o":{"x":[0.333],"y":[0]},"t":2,"s":[0]},{"i":{"x":[0.667],"y":[1]},"o":{"x":[0.333],"y":[0]},"t":14,"s":[-22.9]},{"i":{"x":[0.667],"y":[1]},"o":{"x":[0.333],"y":[0]},"t":27,"s":[0.6]},{"i":{"x":[0.833],"y":[0.833]},"o":{"x":[0.333],"y":[0]},"t":40,"s":[-22.2]},{"t":50,"s":[0]}],"x":"var $bm_rt;\nvar amp, freq, decay, n, n, t, t, v;\ntry {\n    amp = $bm_div(effect('Elastic Controller')(1), 200);\n    freq = $bm_div(effect('Elastic Controller')(2), 30);\n    decay = $bm_div(effect('Elastic Controller')(3), 10);\n    $bm_rt = n = 0;\n    if (numKeys > 0) {\n        $bm_rt = n = nearestKey(time).index;\n        if (key(n).time > time) {\n            n--;\n        }\n    }\n    if (n == 0) {\n        $bm_rt = t = 0;\n    } else {\n        $bm_rt = t = $bm_sub(time, key(n).time);\n    }\n    if (n > 0) {\n        v = velocityAtTime($bm_sub(key(n).time, $bm_div(thisComp.frameDuration, 10)));\n        $bm_rt = $bm_sum(value, $bm_div($bm_mul($bm_mul(v, amp), Math.sin($bm_mul($bm_mul($bm_mul(freq, t), 2), Math.PI))), Math.exp($bm_mul(decay, t))));\n    } else {\n        $bm_rt = value;\n    }\n} catch (e$$4) {\n    $bm_rt = value = value;\n}"},"p":{"a":0,"k":[160,-131]},"a":{"a":0,"k":[160,-131]},"s":{"k":[{"i":{"x":[0.667,0.667],"y":[1,1]},"o":{"x":[0.333,0.333],"y":[0,0]},"t":2,"s":[100,100]},{"i":{"x":[0.667,0.667],"y":[1,1]},"o":{"x":[0.333,0.333],"y":[0,0]},"t":14,"s":[111,111]},{"i":{"x":[0.667,0.667],"y":[1,1]},"o":{"x":[0.333,0.333],"y":[0,0]},"t":27,"s":[120.875,120.875]},{"i":{"x":[0.833,0.833],"y":[0.833,0.833]},"o":{"x":[0.333,0.333],"y":[0,0]},"t":40,"s":[111.276,111.276]},{"t":50,"s":[100,100]}],"x":"var $bm_rt;\nvar amp, freq, decay, n, n, t, t, v;\ntry {\n    amp = $bm_div(effect('Elastic Controller')(1), 200);\n    freq = $bm_div(effect('Elastic Controller')(2), 30);\n    decay = $bm_div(effect('Elastic Controller')(3), 10);\n    $bm_rt = n = 0;\n    if (numKeys > 0) {\n        $bm_rt = n = nearestKey(time).index;\n        if (key(n).time > time) {\n            n--;\n        }\n    }\n    if (n == 0) {\n        $bm_rt = t = 0;\n    } else {\n        $bm_rt = t = $bm_sub(time, key(n).time);\n    }\n    if (n > 0) {\n        v = velocityAtTime($bm_sub(key(n).time, $bm_div(thisComp.frameDuration, 10)));\n        $bm_rt = $bm_sum(value, $bm_div($bm_mul($bm_mul(v, amp), Math.sin($bm_mul($bm_mul($bm_mul(freq, t), 2), Math.PI))), Math.exp($bm_mul(decay, t))));\n    } else {\n        $bm_rt = value;\n    }\n} catch (e$$4) {\n    $bm_rt = value = value;\n}","a":1},"nm":"Transform","sk":{"a":0,"k":0},"sa":{"a":0,"k":0}}]},{"ty":"st","nm":"Stroke 1","bm":0,"mn":"ADBE Vector Graphic - Stroke","lc":2,"lj":2,"o":{"a":0,"k":100},"w":{"a":0,"k":30.72},"c":{"a":0,"k":[0.023529411765,0.023529411765,0.023529411765,1]}},{"ty":"tr","o":{"a":0,"k":100},"r":{"a":0,"k":0},"p":{"a":0,"k":[0,0]},"a":{"a":0,"k":[0,0]},"s":{"a":0,"k":[100,100]},"nm":"Transform","sk":{"a":0,"k":0},"sa":{"a":0,"k":0}}]}],"ip":0,"op":90,"st":0,"ef":[{"ty":5,"ix":1,"nm":"Elastic Controller","mn":"Pseudo/MDS Elastic Controller","ef":[{"ix":1,"mn":"Pseudo/MDS Elastic Controller-0001","nm":"Amplitude","ty":0,"v":{"a":0,"k":20}},{"ix":2,"mn":"Pseudo/MDS Elastic Controller-0002","nm":"Frequency","ty":0,"v":{"a":0,"k":40}},{"ix":3,"mn":"Pseudo/MDS Elastic Controller-0003","nm":"Decay","ty":0,"v":{"a":0,"k":60}}],"en":1}]}],"markers":[]}