{"v":"4.8.0","meta":{"g":"LottieFiles AE 3.5.3","a":"","k":"","d":"","tc":""},"fr":60,"ip":0,"op":90,"w":512,"h":512,"nm":"60 Artificial Intelligence 4","assets":[],"layers":[{"ind":1,"ty":4,"nm":"Layer 4","sr":1,"ks":{"o":{"a":0,"k":100,"ix":11},"r":{"a":0,"k":0,"ix":10},"p":{"a":0,"k":[261,256,0],"ix":2},"a":{"a":0,"k":[261,256,0],"ix":1},"s":{"a":0,"k":[100,100,100],"ix":6}},"ao":0,"ef":[{"ty":5,"nm":"Elastic Controller","np":5,"ix":1,"en":1,"ef":[{"ty":0,"nm":"Amplitude","ix":1,"v":{"a":0,"k":20,"ix":1}},{"ty":0,"nm":"Frequency","ix":2,"v":{"a":0,"k":60,"ix":2}},{"ty":0,"nm":"Decay","ix":3,"v":{"a":0,"k":90,"ix":3}}]},{"ty":5,"nm":"Elastic Controller 2","np":5,"ix":2,"en":1,"ef":[{"ty":0,"nm":"Amplitude","ix":1,"v":{"a":0,"k":20,"ix":1}},{"ty":0,"nm":"Frequency","ix":2,"v":{"a":0,"k":60,"ix":2}},{"ty":0,"nm":"Decay","ix":3,"v":{"a":0,"k":90,"ix":3}}]}],"shapes":[{"ty":"gr","it":[{"ty":"gr","it":[{"ty":"gr","it":[{"ind":0,"ty":"sh","ix":1,"ks":{"a":0,"k":{"i":[[4.08,4.079],[0,0],[0.759,5.786],[0,0],[7.971,3.794],[5.599,2.087],[7.022,-5.217],[0,0],[5.788,0],[0,0],[4.65,3.51],[0,0],[8.256,-2.941],[5.409,-2.656],[1.234,-8.727],[0,0],[4.08,-4.174],[0,0],[5.788,-0.759],[0,0],[3.796,-7.968],[2.088,-5.597],[-5.219,-7.019],[0,0],[0,-5.597],[0,0],[0,-0.379],[3.321,-4.458],[0,0],[-2.942,-8.158],[-2.657,-5.407],[-8.73,-1.233],[0,0],[-4.175,-4.079],[0,0],[-0.759,-5.786],[0,0],[-7.971,-3.699],[-5.599,-2.087],[-7.022,5.217],[0,0],[-5.788,0],[0,0],[-4.65,-3.51],[0,0],[-8.256,3.035],[-5.409,2.561],[-1.234,8.727],[0,0],[-3.985,3.889],[-0.285,0.285],[-5.504,0.759],[0,0],[-3.701,7.968],[-2.088,5.597],[5.219,7.019],[0,0],[0,5.502],[0,0.379],[-3.321,4.458],[0,0],[3.037,8.253],[2.562,5.407],[8.73,1.233],[0,0]],"o":[[0,0],[-4.08,-4.079],[0,0],[-1.234,-8.632],[-5.409,-2.561],[-8.256,-2.941],[0,0],[-4.65,3.51],[0,0],[-5.788,0],[0,0],[-7.022,-5.217],[-5.694,1.992],[-7.876,3.699],[0,0],[-0.854,5.786],[0,0],[-4.08,4.079],[0,0],[-8.635,1.233],[-2.562,5.407],[-2.942,8.253],[0,0],[3.321,4.458],[0,0],[0,0.379],[0,5.597],[0,0],[-5.219,7.019],[1.993,5.691],[3.701,7.873],[0,0],[5.788,0.854],[0,0],[4.08,4.079],[0,0],[1.234,8.632],[5.409,2.561],[8.256,2.941],[0,0],[4.65,-3.51],[0,0],[5.788,0],[0,0],[7.022,5.217],[5.694,-1.992],[7.876,-3.794],[0,0],[0.759,-5.502],[0.285,-0.285],[3.985,-3.984],[0,0],[8.635,-1.233],[2.562,-5.407],[2.942,-8.253],[0,0],[-3.321,-4.458],[0,-0.379],[0,-5.597],[0,0],[5.219,-7.019],[-1.993,-5.691],[-3.796,-7.873],[0,0],[-5.693,-0.759]],"v":[[105.167,-104.981],[105.072,-105.076],[97.291,-120.158],[93.495,-146.529],[78.692,-166.354],[62.086,-173.278],[37.604,-169.769],[16.253,-153.738],[0.121,-148.615],[-0.068,-148.615],[-16.2,-153.738],[-37.551,-169.769],[-62.033,-173.278],[-78.639,-166.354],[-93.442,-146.529],[-97.238,-120.158],[-105.019,-105.076],[-105.114,-104.981],[-120.202,-97.203],[-146.582,-93.408],[-166.414,-78.611],[-173.341,-62.01],[-169.83,-37.537],[-153.699,-16.099],[-148.574,-0.638],[-148.574,-0.638],[-148.574,0.596],[-153.699,16.152],[-169.83,37.685],[-173.341,62.063],[-166.414,78.663],[-146.582,93.461],[-120.202,97.255],[-105.114,105.034],[-105.019,105.129],[-97.238,120.211],[-93.442,146.581],[-78.639,166.312],[-62.033,173.236],[-37.551,169.727],[-16.2,153.696],[-0.068,148.573],[0.121,148.573],[16.253,153.696],[37.604,169.727],[62.086,173.236],[78.692,166.312],[93.495,146.487],[97.291,119.926],[104.597,105.413],[105.451,104.559],[120.065,97.161],[146.635,93.366],[166.372,78.568],[173.299,61.968],[169.788,37.495],[153.657,15.962],[148.532,0.596],[148.532,-0.638],[153.657,-16.194],[169.788,-37.632],[173.299,-62.105],[166.372,-78.705],[146.54,-93.503],[120.065,-97.298]],"c":true},"ix":2},"nm":"Path 1"},{"ty":"tm","s":{"a":0,"k":0,"ix":1},"e":{"a":0,"k":43.1,"ix":2},"o":{"a":1,"k":[{"i":{"x":[0.833],"y":[0.833]},"o":{"x":[0.333],"y":[0]},"t":0,"s":[-122.6]},{"t":38,"s":[57.4]}],"ix":3,"x":"var $bm_rt;\nvar eff, amp, freq, decay, n, n, t, t, v;\ntry {\n    eff = effect('Elastic Controller');\n    amp = $bm_div(eff(1), 200);\n    freq = $bm_div(eff(2), 30);\n    decay = $bm_div(eff(3), 10);\n    $bm_rt = n = 0;\n    if (numKeys > 0) {\n        $bm_rt = n = nearestKey(time).index;\n        if (key(n).time > time) {\n            n--;\n        }\n    }\n    if (n == 0) {\n        $bm_rt = t = 0;\n    } else {\n        $bm_rt = t = $bm_sub(time, key(n).time);\n    }\n    if (n > 0) {\n        v = velocityAtTime($bm_sub(key(n).time, $bm_div(thisComp.frameDuration, 10)));\n        $bm_rt = $bm_sum(value, $bm_div($bm_mul($bm_mul(v, amp), Math.sin($bm_mul($bm_mul($bm_mul(freq, t), 2), Math.PI))), Math.exp($bm_mul(decay, t))));\n    } else {\n        $bm_rt = value;\n    }\n} catch (e) {\n    $bm_rt = value = value;\n}"},"m":1,"ix":2,"nm":"Trim Paths 1"},{"ty":"tr","p":{"a":0,"k":[261.534,255.898],"ix":2},"a":{"a":0,"k":[0,0],"ix":1},"s":{"a":0,"k":[100,100],"ix":3},"r":{"a":1,"k":[{"i":{"x":[0.833],"y":[0.833]},"o":{"x":[0.333],"y":[0]},"t":0,"s":[0]},{"t":38,"s":[180]}],"ix":6,"x":"var $bm_rt;\nvar eff, amp, freq, decay, n, n, t, t, v;\ntry {\n    eff = effect('Elastic Controller');\n    amp = $bm_div(eff(1), 200);\n    freq = $bm_div(eff(2), 30);\n    decay = $bm_div(eff(3), 10);\n    $bm_rt = n = 0;\n    if (numKeys > 0) {\n        $bm_rt = n = nearestKey(time).index;\n        if (key(n).time > time) {\n            n--;\n        }\n    }\n    if (n == 0) {\n        $bm_rt = t = 0;\n    } else {\n        $bm_rt = t = $bm_sub(time, key(n).time);\n    }\n    if (n > 0) {\n        v = velocityAtTime($bm_sub(key(n).time, $bm_div(thisComp.frameDuration, 10)));\n        $bm_rt = $bm_sum(value, $bm_div($bm_mul($bm_mul(v, amp), Math.sin($bm_mul($bm_mul($bm_mul(freq, t), 2), Math.PI))), Math.exp($bm_mul(decay, t))));\n    } else {\n        $bm_rt = value;\n    }\n} catch (e) {\n    $bm_rt = value = value;\n}"},"o":{"a":0,"k":40,"ix":7},"sk":{"a":0,"k":0,"ix":4},"sa":{"a":0,"k":0,"ix":5},"nm":"Transform"}],"nm":"Group 1","cix":2,"ix":1},{"ty":"gr","it":[{"ind":0,"ty":"sh","ix":1,"ks":{"a":0,"k":{"i":[[0,0],[9.7,31.4],[20.4,0]],"o":[[32.8,0],[-6.1,-19.5],[0,0]],"v":[[-24.216,48.05],[21.984,-14.65],[-23.416,-48.05]],"c":false},"ix":2},"nm":"Path 1"},{"ty":"tr","p":{"a":0,"k":[323.516,256.05],"ix":2},"a":{"a":0,"k":[0,0],"ix":1},"s":{"a":0,"k":[100,100],"ix":3},"r":{"a":0,"k":0,"ix":6},"o":{"a":0,"k":40,"ix":7},"sk":{"a":0,"k":0,"ix":4},"sa":{"a":0,"k":0,"ix":5},"nm":"Transform"}],"nm":"Group 2","cix":2,"ix":2},{"ty":"tr","p":{"a":0,"k":[261.003,255.992],"ix":2},"a":{"a":0,"k":[261.003,255.992],"ix":1},"s":{"a":1,"k":[{"i":{"x":[0.833,0.833],"y":[0.833,1]},"o":{"x":[0.333,0.333],"y":[0,0]},"t":0,"s":[100,100]},{"i":{"x":[0.667,0.667],"y":[1,1]},"o":{"x":[0.167,0.167],"y":[0,0]},"t":7,"s":[80,100]},{"i":{"x":[0.833,0.833],"y":[0.833,1]},"o":{"x":[0.333,0.333],"y":[0,0]},"t":38,"s":[80,100]},{"t":43,"s":[100,100]}],"ix":3,"x":"var $bm_rt;\nvar eff, amp, freq, decay, n, n, t, t, v;\ntry {\n    eff = effect('Elastic Controller 2');\n    amp = $bm_div(eff(1), 200);\n    freq = $bm_div(eff(2), 30);\n    decay = $bm_div(eff(3), 10);\n    $bm_rt = n = 0;\n    if (numKeys > 0) {\n        $bm_rt = n = nearestKey(time).index;\n        if (key(n).time > time) {\n            n--;\n        }\n    }\n    if (n == 0) {\n        $bm_rt = t = 0;\n    } else {\n        $bm_rt = t = $bm_sub(time, key(n).time);\n    }\n    if (n > 0) {\n        v = velocityAtTime($bm_sub(key(n).time, $bm_div(thisComp.frameDuration, 10)));\n        $bm_rt = $bm_sum(value, $bm_div($bm_mul($bm_mul(v, amp), Math.sin($bm_mul($bm_mul($bm_mul(freq, t), 2), Math.PI))), Math.exp($bm_mul(decay, t))));\n    } else {\n        $bm_rt = value;\n    }\n} catch (e) {\n    $bm_rt = value = value;\n}"},"r":{"a":0,"k":0,"ix":6},"o":{"a":0,"k":100,"ix":7},"sk":{"a":0,"k":0,"ix":4},"sa":{"a":0,"k":0,"ix":5},"nm":"Transform"}],"nm":"Group 1","cix":2,"ix":1},{"ty":"tr","p":{"a":0,"k":[261.003,255.992],"ix":2},"a":{"a":0,"k":[261.003,255.992],"ix":1},"s":{"a":1,"k":[{"i":{"x":[0.833,0.833],"y":[1,0.833]},"o":{"x":[0.333,0.333],"y":[0,0]},"t":0,"s":[100,100]},{"i":{"x":[0.667,0.667],"y":[1,1]},"o":{"x":[0.167,0.167],"y":[0,0]},"t":7,"s":[100,80]},{"i":{"x":[0.833,0.833],"y":[1,0.833]},"o":{"x":[0.333,0.333],"y":[0,0]},"t":35,"s":[100,80]},{"t":40,"s":[100,100]}],"ix":3,"x":"var $bm_rt;\nvar eff, amp, freq, decay, n, n, t, t, v;\ntry {\n    eff = effect('Elastic Controller 2');\n    amp = $bm_div(eff(1), 200);\n    freq = $bm_div(eff(2), 30);\n    decay = $bm_div(eff(3), 10);\n    $bm_rt = n = 0;\n    if (numKeys > 0) {\n        $bm_rt = n = nearestKey(time).index;\n        if (key(n).time > time) {\n            n--;\n        }\n    }\n    if (n == 0) {\n        $bm_rt = t = 0;\n    } else {\n        $bm_rt = t = $bm_sub(time, key(n).time);\n    }\n    if (n > 0) {\n        v = velocityAtTime($bm_sub(key(n).time, $bm_div(thisComp.frameDuration, 10)));\n        $bm_rt = $bm_sum(value, $bm_div($bm_mul($bm_mul(v, amp), Math.sin($bm_mul($bm_mul($bm_mul(freq, t), 2), Math.PI))), Math.exp($bm_mul(decay, t))));\n    } else {\n        $bm_rt = value;\n    }\n} catch (e) {\n    $bm_rt = value = value;\n}"},"r":{"a":0,"k":0,"ix":6},"o":{"a":0,"k":100,"ix":7},"sk":{"a":0,"k":0,"ix":4},"sa":{"a":0,"k":0,"ix":5},"nm":"Transform"}],"nm":"Group 1","cix":2,"ix":1},{"ty":"st","c":{"a":0,"k":[0,0,0,1],"ix":3},"o":{"a":0,"k":40,"ix":4},"w":{"a":0,"k":29.146,"ix":5},"lc":2,"lj":2,"nm":"Stroke 1"}],"ip":0,"op":90,"st":0},{"ind":2,"ty":4,"nm":"Layer 1","sr":1,"ks":{"o":{"a":0,"k":100,"ix":11},"r":{"a":0,"k":0,"ix":10},"p":{"a":0,"k":[159.95,255.95,0],"ix":2},"a":{"a":0,"k":[159.95,255.95,0],"ix":1},"s":{"a":0,"k":[100,100,100],"ix":6}},"ao":0,"shapes":[{"ty":"gr","it":[{"ty":"gr","it":[{"ty":"gr","it":[{"ind":0,"ty":"sh","ix":1,"ks":{"a":0,"k":{"i":[[0,0],[10.1,2.8],[4,-2]],"o":[[2.7,-10.2],[-4.6,-1.2],[0,0]],"v":[[12.977,12.022],[-0.423,-11.378],[-13.623,-10.078]],"c":false},"ix":2},"nm":"Path 1"},{"ty":"tr","p":{"a":0,"k":[188.223,350.478],"ix":2},"a":{"a":0,"k":[0,0],"ix":1},"s":{"a":0,"k":[100,100],"ix":3},"r":{"a":0,"k":0,"ix":6},"o":{"a":0,"k":100,"ix":7},"sk":{"a":0,"k":0,"ix":4},"sa":{"a":0,"k":0,"ix":5},"nm":"Transform"}],"nm":"Group 1","cix":2,"ix":1},{"ty":"gr","it":[{"ind":0,"ty":"sh","ix":1,"ks":{"a":0,"k":{"i":[[0,0],[25.4,0],[1.6,24.1],[6.2,0],[0,32.9],[-9,10.4],[0,19.6],[-17.7,5.7],[0,15.1],[-32.7,0],[-5.6,-1.8],[-25.1,0],[0,-25.5],[0,0]],"o":[[0,25.5],[-24.3,0],[-5.6,1.8],[-32.6,0],[0,-14.9],[-17.6,-5.8],[0,-19.8],[-9.2,-10.5],[0,-32.8],[6.1,0],[0.4,-25.2],[25.3,0],[0,0],[0,0]],"v":[[92.25,136.15],[46.35,182.35],[0.55,139.25],[-17.25,141.95],[-76.35,82.45],[-61.95,43.55],[-92.25,1.45],[-61.65,-40.75],[-76.35,-80.05],[-17.25,-139.55],[0.45,-136.85],[46.35,-182.35],[92.25,-136.15],[92.25,136.15]],"c":true},"ix":2},"nm":"Path 1"},{"ty":"tr","p":{"a":0,"k":[159.95,255.95],"ix":2},"a":{"a":0,"k":[0,0],"ix":1},"s":{"a":0,"k":[100,100],"ix":3},"r":{"a":0,"k":0,"ix":6},"o":{"a":0,"k":100,"ix":7},"sk":{"a":0,"k":0,"ix":4},"sa":{"a":0,"k":0,"ix":5},"nm":"Transform"}],"nm":"Group 2","cix":2,"ix":2},{"ty":"gr","it":[{"ind":0,"ty":"sh","ix":1,"ks":{"a":0,"k":{"i":[[0,0],[-9.1,9.4]],"o":[[3.6,-13.5],[0,0]],"v":[[-9.75,17.35],[9.75,-17.35]],"c":false},"ix":2},"nm":"Path 1"},{"ty":"tr","p":{"a":0,"k":[155.35,259.75],"ix":2},"a":{"a":0,"k":[0,0],"ix":1},"s":{"a":0,"k":[100,100],"ix":3},"r":{"a":0,"k":0,"ix":6},"o":{"a":0,"k":100,"ix":7},"sk":{"a":0,"k":0,"ix":4},"sa":{"a":0,"k":0,"ix":5},"nm":"Transform"}],"nm":"Group 3","cix":2,"ix":3},{"ty":"gr","it":[{"ind":0,"ty":"sh","ix":1,"ks":{"a":0,"k":{"i":[[0,0],[-32.6,0],[-8.5,-4.7]],"o":[[0,-32.8],[10.4,0],[0,0]],"v":[[-43.8,29.75],[15.2,-29.75],[43.8,-22.35]],"c":false},"ix":2},"nm":"Path 1"},{"ty":"tr","p":{"a":0,"k":[127.5,308.75],"ix":2},"a":{"a":0,"k":[0,0],"ix":1},"s":{"a":0,"k":[100,100],"ix":3},"r":{"a":0,"k":0,"ix":6},"o":{"a":0,"k":100,"ix":7},"sk":{"a":0,"k":0,"ix":4},"sa":{"a":0,"k":0,"ix":5},"nm":"Transform"}],"nm":"Group 4","cix":2,"ix":4},{"ty":"gr","it":[{"ind":0,"ty":"sh","ix":1,"ks":{"a":0,"k":{"i":[[0,0],[32.6,0]],"o":[[0,-32.8],[0,0]],"v":[[29.5,29.75],[-29.5,-29.75]],"c":false},"ix":2},"nm":"Path 1"},{"ty":"tr","p":{"a":0,"k":[172.3,146.25],"ix":2},"a":{"a":0,"k":[0,0],"ix":1},"s":{"a":0,"k":[100,100],"ix":3},"r":{"a":0,"k":0,"ix":6},"o":{"a":0,"k":100,"ix":7},"sk":{"a":0,"k":0,"ix":4},"sa":{"a":0,"k":0,"ix":5},"nm":"Transform"}],"nm":"Group 5","cix":2,"ix":5},{"ty":"tr","p":{"a":0,"k":[261.013,256.013],"ix":2},"a":{"a":0,"k":[261.013,256.013],"ix":1},"s":{"a":0,"k":[100,100],"ix":3,"x":"var $bm_rt;\n$bm_rt = thisComp.layer('Layer 4').content('Group 1').content('Group 1').transform.scale;"},"r":{"a":0,"k":0,"ix":6},"o":{"a":0,"k":100,"ix":7},"sk":{"a":0,"k":0,"ix":4},"sa":{"a":0,"k":0,"ix":5},"nm":"Transform"}],"nm":"Group 1","cix":2,"ix":1},{"ty":"tr","p":{"a":0,"k":[261.013,256.013],"ix":2},"a":{"a":0,"k":[261.013,256.013],"ix":1},"s":{"a":0,"k":[100,100],"ix":3,"x":"var $bm_rt;\n$bm_rt = thisComp.layer('Layer 4').content('Group 1').transform.scale;"},"r":{"a":0,"k":0,"ix":6},"o":{"a":0,"k":100,"ix":7},"sk":{"a":0,"k":0,"ix":4},"sa":{"a":0,"k":0,"ix":5},"nm":"Transform"}],"nm":"Group 1","cix":2,"ix":1},{"ty":"st","c":{"a":0,"k":[0,0,0,1],"ix":3},"o":{"a":0,"k":100,"ix":4},"w":{"a":0,"k":30.72,"ix":5},"lc":2,"lj":2,"nm":"Stroke 1"}],"ip":0,"op":90,"st":0}],"markers":[{"tm":21,"cm":"","dr":0}]}