{"v":"4.8.0","meta":{"g":"LottieFiles AE 3.5.3","a":"","k":"","d":"","tc":""},"fr":60,"ip":0,"op":90,"w":512,"h":512,"nm":"09 Bag 1","assets":[],"layers":[{"ind":1,"ty":4,"nm":"Layer 1","sr":1,"ks":{"o":{"a":0,"k":100,"ix":11},"r":{"a":0,"k":0,"ix":10},"p":{"a":0,"k":[256,256,0],"ix":2},"a":{"a":0,"k":[0,0,0],"ix":1},"s":{"a":0,"k":[100,100,100],"ix":6}},"ao":0,"ef":[{"ty":5,"nm":"Elastic Controller","np":5,"ix":1,"en":1,"ef":[{"ty":0,"nm":"Amplitude","ix":1,"v":{"a":0,"k":25.9,"ix":1}},{"ty":0,"nm":"Frequency","ix":2,"v":{"a":0,"k":60,"ix":2}},{"ty":0,"nm":"Decay","ix":3,"v":{"a":0,"k":90,"ix":3}}]}],"shapes":[{"ty":"gr","it":[{"ty":"gr","it":[{"ind":0,"ty":"sh","ix":1,"ks":{"a":0,"k":{"i":[[0,0],[0,0],[5.579,4.982],[0,0],[6.494,0],[0,0],[4.822,-4.324],[0,0],[0,-7.492],[0,0]],"o":[[0,0],[0,-7.492],[0,0],[-4.841,-4.324],[0,0],[-6.476,0],[0,0],[-5.579,4.982],[0,0],[0,0]],"v":[[105.634,-70.265],[105.634,-130.76],[96.866,-150.367],[66.46,-177.605],[48.886,-184.32],[-48.911,-184.32],[-66.466,-177.605],[-96.873,-150.367],[-105.64,-130.76],[-105.64,-70.265]],"c":false},"ix":2},"nm":"Path 2"},{"ind":1,"ty":"sh","ix":2,"ks":{"a":0,"k":{"i":[[-8.429,0],[0,0],[-6.058,5.878],[0,0],[0,8.768],[0,0],[17.914,0],[0,0],[0,-17.914],[0,0],[-6.297,-6.117],[0,0]],"o":[[0,0],[8.448,0],[0,0],[6.298,-6.117],[0,0],[0,-17.914],[0,0],[-17.913,0],[0,0],[0,8.768],[0,0],[6.057,5.878]],"v":[[-100.004,184.332],[99.992,184.332],[122.587,175.168],[155.703,143.026],[165.548,119.753],[165.548,-37.82],[133.108,-70.24],[-133.121,-70.24],[-165.56,-37.82],[-165.56,119.753],[-155.717,143.026],[-122.6,175.168]],"c":true},"ix":2},"nm":"Path 1"},{"ty":"tr","p":{"a":0,"k":[-0.006,0.006],"ix":2},"a":{"a":0,"k":[-0.006,0.006],"ix":1},"s":{"a":1,"k":[{"i":{"x":[0.13,0.13],"y":[1,1]},"o":{"x":[0.65,0.65],"y":[0,0]},"t":0,"s":[100,100]},{"i":{"x":[0.833,0.833],"y":[0.833,1]},"o":{"x":[0.65,0.65],"y":[0,0]},"t":16,"s":[120,100]},{"t":20,"s":[100,100]}],"ix":3,"x":"var $bm_rt;\nvar eff, amp, freq, decay, n, n, t, t, v;\ntry {\n    eff = effect('Elastic Controller');\n    amp = $bm_div(eff(1), 200);\n    freq = $bm_div(eff(2), 30);\n    decay = $bm_div(eff(3), 10);\n    $bm_rt = n = 0;\n    if (numKeys > 0) {\n        $bm_rt = n = nearestKey(time).index;\n        if (key(n).time > time) {\n            n--;\n        }\n    }\n    if (n == 0) {\n        $bm_rt = t = 0;\n    } else {\n        $bm_rt = t = $bm_sub(time, key(n).time);\n    }\n    if (n > 0) {\n        v = velocityAtTime($bm_sub(key(n).time, $bm_div(thisComp.frameDuration, 10)));\n        $bm_rt = $bm_sum(value, $bm_div($bm_mul($bm_mul(v, amp), Math.sin($bm_mul($bm_mul($bm_mul(freq, t), 2), Math.PI))), Math.exp($bm_mul(decay, t))));\n    } else {\n        $bm_rt = value;\n    }\n} catch (e) {\n    $bm_rt = value = value;\n}"},"r":{"a":0,"k":0,"ix":6},"o":{"a":0,"k":100,"ix":7},"sk":{"a":0,"k":0,"ix":4},"sa":{"a":0,"k":0,"ix":5},"nm":"Transform"}],"nm":"Group 4","cix":2,"ix":1},{"ty":"tr","p":{"a":0,"k":[-0.006,0.006],"ix":2},"a":{"a":0,"k":[-0.006,0.006],"ix":1},"s":{"a":1,"k":[{"i":{"x":[0.13,0.13],"y":[1,1]},"o":{"x":[0.65,0.65],"y":[0,0]},"t":0,"s":[100,100]},{"i":{"x":[0.833,0.833],"y":[1,0.833]},"o":{"x":[0.65,0.65],"y":[0,0]},"t":20,"s":[100,120]},{"t":24,"s":[100,100]}],"ix":3,"x":"var $bm_rt;\nvar eff, amp, freq, decay, n, n, t, t, v;\ntry {\n    eff = effect('Elastic Controller');\n    amp = $bm_div(eff(1), 200);\n    freq = $bm_div(eff(2), 30);\n    decay = $bm_div(eff(3), 10);\n    $bm_rt = n = 0;\n    if (numKeys > 0) {\n        $bm_rt = n = nearestKey(time).index;\n        if (key(n).time > time) {\n            n--;\n        }\n    }\n    if (n == 0) {\n        $bm_rt = t = 0;\n    } else {\n        $bm_rt = t = $bm_sub(time, key(n).time);\n    }\n    if (n > 0) {\n        v = velocityAtTime($bm_sub(key(n).time, $bm_div(thisComp.frameDuration, 10)));\n        $bm_rt = $bm_sum(value, $bm_div($bm_mul($bm_mul(v, amp), Math.sin($bm_mul($bm_mul($bm_mul(freq, t), 2), Math.PI))), Math.exp($bm_mul(decay, t))));\n    } else {\n        $bm_rt = value;\n    }\n} catch (e) {\n    $bm_rt = value = value;\n}"},"r":{"a":0,"k":0,"ix":6},"o":{"a":0,"k":100,"ix":7},"sk":{"a":0,"k":0,"ix":4},"sa":{"a":0,"k":0,"ix":5},"nm":"Transform"}],"nm":"Group 2","cix":2,"ix":1},{"ty":"st","c":{"a":0,"k":[0,0,0,1],"ix":3},"o":{"a":0,"k":100,"ix":4},"w":{"a":0,"k":30.72,"ix":5},"lc":2,"lj":2,"nm":"Stroke 2"},{"ty":"gr","it":[{"ty":"gr","it":[{"ind":0,"ty":"sh","ix":1,"ks":{"a":0,"k":{"i":[[0,0],[0,0]],"o":[[0,0],[0,0]],"v":[[54.641,-70.24],[54.641,-182.96]],"c":false},"ix":2},"nm":"Path 1"},{"ind":1,"ty":"sh","ix":2,"ks":{"a":0,"k":{"i":[[0,0],[0,0]],"o":[[0,0],[0,0]],"v":[[-54.64,-70.24],[-54.64,-182.96]],"c":false},"ix":2},"nm":"Path 2"},{"ind":2,"ty":"sh","ix":3,"ks":{"a":0,"k":{"i":[[0,0],[0,0]],"o":[[0,0],[0,0]],"v":[[-54.64,-133.48],[54.632,-133.48]],"c":false},"ix":2},"nm":"Path 3"},{"ty":"tr","p":{"a":0,"k":[0,0],"ix":2},"a":{"a":0,"k":[0,0],"ix":1},"s":{"a":0,"k":[100,100],"ix":3,"x":"var $bm_rt;\n$bm_rt = content('Group 2').content('Group 4').transform.scale;"},"r":{"a":0,"k":0,"ix":6},"o":{"a":0,"k":40,"ix":7},"sk":{"a":0,"k":0,"ix":4},"sa":{"a":0,"k":0,"ix":5},"nm":"Transform"}],"nm":"Group 1","cix":2,"ix":1},{"ty":"tr","p":{"a":0,"k":[0,0.4],"ix":2},"a":{"a":0,"k":[0,0.4],"ix":1},"s":{"a":0,"k":[100,100],"ix":3,"x":"var $bm_rt;\n$bm_rt = content('Group 2').transform.scale;"},"r":{"a":0,"k":0,"ix":6},"o":{"a":0,"k":100,"ix":7},"sk":{"a":0,"k":0,"ix":4},"sa":{"a":0,"k":0,"ix":5},"nm":"Transform"}],"nm":"Group 3","cix":2,"ix":3},{"ty":"st","c":{"a":0,"k":[0,0,0,1],"ix":3},"o":{"a":0,"k":40,"ix":4},"w":{"a":0,"k":30.72,"ix":5},"lc":2,"lj":2,"nm":"Stroke 1"}],"ip":0,"op":90,"st":0}],"markers":[]}