{"v":"5.12.1","fr":60,"ip":0,"op":90,"w":512,"h":512,"nm":"Bank Carrd star#money,wallet,finance,card,pay,payout,bank,star,favorite","ddd":0,"assets":[],"layers":[{"ddd":0,"ind":1,"ty":4,"nm":"Layer 2","sr":1,"ks":{"o":{"a":0,"k":100,"ix":11},"r":{"a":1,"k":[{"i":{"x":[0.833],"y":[0.833]},"o":{"x":[0.167],"y":[0.167]},"t":43,"s":[-86]},{"t":51,"s":[0]}],"ix":10,"x":"var $bm_rt;\nvar eff, amp, freq, decay, n, n, t, t, v;\ntry {\n    eff = effect('Elastic Controller');\n    amp = $bm_div(eff(1), 200);\n    freq = $bm_div(eff(2), 30);\n    decay = $bm_div(eff(3), 10);\n    $bm_rt = n = 0;\n    if (numKeys > 0) {\n        $bm_rt = n = nearestKey(time).index;\n        if (key(n).time > time) {\n            n--;\n        }\n    }\n    if (n == 0) {\n        $bm_rt = t = 0;\n    } else {\n        $bm_rt = t = $bm_sub(time, key(n).time);\n    }\n    if (n > 0) {\n        v = velocityAtTime($bm_sub(key(n).time, $bm_div(thisComp.frameDuration, 10)));\n        $bm_rt = $bm_sum(value, $bm_div($bm_mul($bm_mul(v, amp), Math.sin($bm_mul($bm_mul($bm_mul(freq, t), 2), Math.PI))), Math.exp($bm_mul(decay, t))));\n    } else {\n        $bm_rt = value;\n    }\n} catch (e) {\n    $bm_rt = value = value;\n}"},"p":{"a":1,"k":[{"i":{"x":0.833,"y":0.833},"o":{"x":0.167,"y":0.167},"t":38,"s":[412.459,422.83,0],"to":[0,0,0],"ti":[0,0,0]},{"t":46,"s":[372.459,352.83,0]}],"ix":2,"l":2,"x":"var $bm_rt;\nvar eff, amp, freq, decay, n, n, t, t, v;\ntry {\n    eff = effect('Elastic Controller');\n    amp = $bm_div(eff(1), 200);\n    freq = $bm_div(eff(2), 30);\n    decay = $bm_div(eff(3), 10);\n    $bm_rt = n = 0;\n    if (numKeys > 0) {\n        $bm_rt = n = nearestKey(time).index;\n        if (key(n).time > time) {\n            n--;\n        }\n    }\n    if (n == 0) {\n        $bm_rt = t = 0;\n    } else {\n        $bm_rt = t = $bm_sub(time, key(n).time);\n    }\n    if (n > 0) {\n        v = velocityAtTime($bm_sub(key(n).time, $bm_div(thisComp.frameDuration, 10)));\n        $bm_rt = $bm_sum(value, $bm_div($bm_mul($bm_mul(v, amp), Math.sin($bm_mul($bm_mul($bm_mul(freq, t), 2), Math.PI))), Math.exp($bm_mul(decay, t))));\n    } else {\n        $bm_rt = value;\n    }\n} catch (e) {\n    $bm_rt = value = value;\n}"},"a":{"a":0,"k":[372.459,345.83,0],"ix":1,"l":2},"s":{"a":0,"k":[100,100,100],"ix":6,"l":2}},"ao":0,"ef":[{"ty":5,"nm":"Elastic Controller","np":5,"mn":"Pseudo/MDS Elastic Controller","ix":1,"en":1,"ef":[{"ty":0,"nm":"Amplitude","mn":"Pseudo/MDS Elastic Controller-0001","ix":1,"v":{"a":0,"k":20,"ix":1}},{"ty":0,"nm":"Frequency","mn":"Pseudo/MDS Elastic Controller-0002","ix":2,"v":{"a":0,"k":60,"ix":2}},{"ty":0,"nm":"Decay","mn":"Pseudo/MDS Elastic Controller-0003","ix":3,"v":{"a":0,"k":90,"ix":3}}]}],"shapes":[{"ty":"gr","it":[{"ty":"gr","it":[{"ty":"gr","it":[{"ind":0,"ty":"sh","ix":1,"ks":{"a":0,"k":{"i":[[-0.623,-1.184],[0,0],[-1.993,-0.311],[0,0],[-0.975,-1.286],[2.24,-2.097],[0,0],[-0.373,-1.973],[0,0],[3.279,-0.518],[1.225,0.602],[0,0],[1.786,-0.975],[0,0],[1.641,2.946],[-0.228,1.329],[0,0],[1.453,1.41],[0,0],[-2.366,2.366],[0,0],[-1.308,0.228],[0,0],[-0.913,1.807],[0,0],[-1.557,0.521],[-1.453,-0.749]],"o":[[0,0],[0.894,1.826],[0,0],[1.619,0.228],[1.869,2.428],[0,0],[-1.453,1.37],[0,0],[0.476,3.281],[-1.37,0.207],[0,0],[-1.786,-0.975],[0,0],[-2.989,1.517],[-0.623,-1.184],[0,0],[0.352,-1.993],[0,0],[-2.387,-2.387],[0.021,0],[0.975,-0.892],[0,0],[1.993,-0.311],[0,0],[0.725,-1.453],[1.536,-0.518],[1.203,0.58]],"v":[[15.216,-82.289],[33.087,-46.338],[37.716,-42.954],[77.736,-37.183],[81.804,-34.818],[81.162,-26.847],[52.142,1.195],[50.399,6.593],[57.354,46.174],[52.33,53.046],[48.345,52.444],[12.705,33.763],[6.975,33.763],[-28.933,52.547],[-37.236,49.995],[-37.859,46.134],[-30.926,6.571],[-32.669,1.155],[-61.812,-26.869],[-61.834,-35.462],[-61.812,-35.462],[-58.324,-37.164],[-18.305,-42.975],[-13.678,-46.359],[4.174,-82.289],[7.724,-85.382],[12.415,-85.028]],"c":true},"ix":2},"nm":"Path 1","mn":"ADBE Vector Shape - Group","hd":false},{"ty":"tr","p":{"a":0,"k":[362.74,362.068],"ix":2},"a":{"a":0,"k":[0,0],"ix":1},"s":{"a":0,"k":[100,100],"ix":3},"r":{"a":0,"k":0,"ix":6},"o":{"a":0,"k":100,"ix":7},"sk":{"a":0,"k":0,"ix":4},"sa":{"a":0,"k":0,"ix":5},"nm":"Transform"}],"nm":"Group 1","np":1,"cix":2,"bm":0,"ix":1,"mn":"ADBE Vector Group","hd":false},{"ty":"tr","p":{"a":0,"k":[370.605,349.361],"ix":2},"a":{"a":0,"k":[370.605,349.361],"ix":1},"s":{"a":0,"k":[100,100],"ix":3,"x":"var $bm_rt;\nvar eff, amp, freq, decay, n, n, t, t, v;\ntry {\n    eff = effect('Elastic Controller');\n    amp = $bm_div(eff(1), 200);\n    freq = $bm_div(eff(2), 30);\n    decay = $bm_div(eff(3), 10);\n    $bm_rt = n = 0;\n    if (numKeys > 0) {\n        $bm_rt = n = nearestKey(time).index;\n        if (key(n).time > time) {\n            n--;\n        }\n    }\n    if (n == 0) {\n        $bm_rt = t = 0;\n    } else {\n        $bm_rt = t = $bm_sub(time, key(n).time);\n    }\n    if (n > 0) {\n        v = velocityAtTime($bm_sub(key(n).time, $bm_div(thisComp.frameDuration, 10)));\n        $bm_rt = $bm_sum(value, $bm_div($bm_mul($bm_mul(v, amp), Math.sin($bm_mul($bm_mul($bm_mul(freq, t), 2), Math.PI))), Math.exp($bm_mul(decay, t))));\n    } else {\n        $bm_rt = value;\n    }\n} catch (e) {\n    $bm_rt = value = value;\n}"},"r":{"a":0,"k":0,"ix":6},"o":{"a":0,"k":100,"ix":7},"sk":{"a":0,"k":0,"ix":4},"sa":{"a":0,"k":0,"ix":5},"nm":"Transform"}],"nm":"Group 1","np":1,"cix":2,"bm":0,"ix":1,"mn":"ADBE Vector Group","hd":false},{"ty":"tr","p":{"a":0,"k":[372.74,353.068],"ix":2},"a":{"a":0,"k":[372.74,353.068],"ix":1},"s":{"a":1,"k":[{"i":{"x":[0.833,0.833],"y":[0.833,0.833]},"o":{"x":[0.167,0.167],"y":[0.167,0.167]},"t":41,"s":[0,0]},{"t":49,"s":[100,100]}],"ix":3,"x":"var $bm_rt;\nvar eff, amp, freq, decay, n, n, t, t, v;\ntry {\n    eff = effect('Elastic Controller');\n    amp = $bm_div(eff(1), 200);\n    freq = $bm_div(eff(2), 30);\n    decay = $bm_div(eff(3), 10);\n    $bm_rt = n = 0;\n    if (numKeys > 0) {\n        $bm_rt = n = nearestKey(time).index;\n        if (key(n).time > time) {\n            n--;\n        }\n    }\n    if (n == 0) {\n        $bm_rt = t = 0;\n    } else {\n        $bm_rt = t = $bm_sub(time, key(n).time);\n    }\n    if (n > 0) {\n        v = velocityAtTime($bm_sub(key(n).time, $bm_div(thisComp.frameDuration, 10)));\n        $bm_rt = $bm_sum(value, $bm_div($bm_mul($bm_mul(v, amp), Math.sin($bm_mul($bm_mul($bm_mul(freq, t), 2), Math.PI))), Math.exp($bm_mul(decay, t))));\n    } else {\n        $bm_rt = value;\n    }\n} catch (e) {\n    $bm_rt = value = value;\n}"},"r":{"a":0,"k":0,"ix":6},"o":{"a":0,"k":100,"ix":7},"sk":{"a":0,"k":0,"ix":4},"sa":{"a":0,"k":0,"ix":5},"nm":"Transform"}],"nm":"Group 1","np":1,"cix":2,"bm":0,"ix":1,"mn":"ADBE Vector Group","hd":false},{"ty":"st","c":{"a":0,"k":[0,0,0,1],"ix":3},"o":{"a":0,"k":100,"ix":4},"w":{"a":0,"k":32,"ix":5},"lc":2,"lj":2,"bm":0,"nm":"Stroke 1","mn":"ADBE Vector Graphic - Stroke","hd":false}],"ip":41,"op":91,"st":-8,"ct":1,"bm":0},{"ddd":0,"ind":2,"ty":4,"nm":"Layer 3","sr":1,"ks":{"o":{"a":0,"k":100,"ix":11},"r":{"a":0,"k":0,"ix":10,"x":"var $bm_rt;\nvar eff, amp, freq, decay, n, n, t, t, v;\ntry {\n    eff = effect('Elastic Controller');\n    amp = $bm_div(eff(1), 200);\n    freq = $bm_div(eff(2), 30);\n    decay = $bm_div(eff(3), 10);\n    $bm_rt = n = 0;\n    if (numKeys > 0) {\n        $bm_rt = n = nearestKey(time).index;\n        if (key(n).time > time) {\n            n--;\n        }\n    }\n    if (n == 0) {\n        $bm_rt = t = 0;\n    } else {\n        $bm_rt = t = $bm_sub(time, key(n).time);\n    }\n    if (n > 0) {\n        v = velocityAtTime($bm_sub(key(n).time, $bm_div(thisComp.frameDuration, 10)));\n        $bm_rt = $bm_sum(value, $bm_div($bm_mul($bm_mul(v, amp), Math.sin($bm_mul($bm_mul($bm_mul(freq, t), 2), Math.PI))), Math.exp($bm_mul(decay, t))));\n    } else {\n        $bm_rt = value;\n    }\n} catch (e) {\n    $bm_rt = value = value;\n}"},"p":{"a":0,"k":[256,256,0],"ix":2,"l":2,"x":"var $bm_rt;\nvar eff, amp, freq, decay, n, n, t, t, v;\ntry {\n    eff = effect('Elastic Controller');\n    amp = $bm_div(eff(1), 200);\n    freq = $bm_div(eff(2), 30);\n    decay = $bm_div(eff(3), 10);\n    $bm_rt = n = 0;\n    if (numKeys > 0) {\n        $bm_rt = n = nearestKey(time).index;\n        if (key(n).time > time) {\n            n--;\n        }\n    }\n    if (n == 0) {\n        $bm_rt = t = 0;\n    } else {\n        $bm_rt = t = $bm_sub(time, key(n).time);\n    }\n    if (n > 0) {\n        v = velocityAtTime($bm_sub(key(n).time, $bm_div(thisComp.frameDuration, 10)));\n        $bm_rt = $bm_sum(value, $bm_div($bm_mul($bm_mul(v, amp), Math.sin($bm_mul($bm_mul($bm_mul(freq, t), 2), Math.PI))), Math.exp($bm_mul(decay, t))));\n    } else {\n        $bm_rt = value;\n    }\n} catch (e) {\n    $bm_rt = value = value;\n}"},"a":{"a":0,"k":[372.459,345.83,0],"ix":1,"l":2},"s":{"a":0,"k":[100,100,100],"ix":6,"l":2}},"ao":0,"ef":[{"ty":5,"nm":"Elastic Controller","np":5,"mn":"Pseudo/MDS Elastic Controller","ix":1,"en":1,"ef":[{"ty":0,"nm":"Amplitude","mn":"Pseudo/MDS Elastic Controller-0001","ix":1,"v":{"a":0,"k":20,"ix":1}},{"ty":0,"nm":"Frequency","mn":"Pseudo/MDS Elastic Controller-0002","ix":2,"v":{"a":0,"k":60,"ix":2}},{"ty":0,"nm":"Decay","mn":"Pseudo/MDS Elastic Controller-0003","ix":3,"v":{"a":0,"k":90,"ix":3}}]}],"shapes":[{"ty":"gr","it":[{"ty":"gr","it":[{"ty":"gr","it":[{"ind":0,"ty":"sh","ix":1,"ks":{"a":0,"k":{"i":[[-0.623,-1.184],[0,0],[-1.993,-0.311],[0,0],[-0.975,-1.286],[2.24,-2.097],[0,0],[-0.373,-1.973],[0,0],[3.279,-0.518],[1.225,0.602],[0,0],[1.786,-0.975],[0,0],[1.641,2.946],[-0.228,1.329],[0,0],[1.453,1.41],[0,0],[-2.366,2.366],[0,0],[-1.308,0.228],[0,0],[-0.913,1.807],[0,0],[-1.557,0.521],[-1.453,-0.749]],"o":[[0,0],[0.894,1.826],[0,0],[1.619,0.228],[1.869,2.428],[0,0],[-1.453,1.37],[0,0],[0.476,3.281],[-1.37,0.207],[0,0],[-1.786,-0.975],[0,0],[-2.989,1.517],[-0.623,-1.184],[0,0],[0.352,-1.993],[0,0],[-2.387,-2.387],[0.021,0],[0.975,-0.892],[0,0],[1.993,-0.311],[0,0],[0.725,-1.453],[1.536,-0.518],[1.203,0.58]],"v":[[15.216,-82.289],[33.087,-46.338],[37.716,-42.954],[77.736,-37.183],[81.804,-34.818],[81.162,-26.847],[52.142,1.195],[50.399,6.593],[57.354,46.174],[52.33,53.046],[48.345,52.444],[12.705,33.763],[6.975,33.763],[-28.933,52.547],[-37.236,49.995],[-37.859,46.134],[-30.926,6.571],[-32.669,1.155],[-61.812,-26.869],[-61.834,-35.462],[-61.812,-35.462],[-58.324,-37.164],[-18.305,-42.975],[-13.678,-46.359],[4.174,-82.289],[7.724,-85.382],[12.415,-85.028]],"c":true},"ix":2},"nm":"Path 1","mn":"ADBE Vector Shape - Group","hd":false},{"ty":"tr","p":{"a":0,"k":[362.74,362.068],"ix":2},"a":{"a":0,"k":[0,0],"ix":1},"s":{"a":0,"k":[100,100],"ix":3},"r":{"a":0,"k":0,"ix":6},"o":{"a":0,"k":100,"ix":7},"sk":{"a":0,"k":0,"ix":4},"sa":{"a":0,"k":0,"ix":5},"nm":"Transform"}],"nm":"Group 1","np":1,"cix":2,"bm":0,"ix":1,"mn":"ADBE Vector Group","hd":false},{"ty":"tr","p":{"a":0,"k":[370.605,349.361],"ix":2},"a":{"a":0,"k":[370.605,349.361],"ix":1},"s":{"a":1,"k":[{"i":{"x":[0.667,0.667],"y":[1,1]},"o":{"x":[0.333,0.333],"y":[0,0]},"t":11,"s":[100,100]},{"i":{"x":[0.667,0.667],"y":[1,1]},"o":{"x":[0.333,0.333],"y":[0,0]},"t":26,"s":[-100,100]},{"t":41,"s":[100,100]}],"ix":3,"x":"var $bm_rt;\nvar eff, amp, freq, decay, n, n, t, t, v;\ntry {\n    eff = effect('Elastic Controller');\n    amp = $bm_div(eff(1), 200);\n    freq = $bm_div(eff(2), 30);\n    decay = $bm_div(eff(3), 10);\n    $bm_rt = n = 0;\n    if (numKeys > 0) {\n        $bm_rt = n = nearestKey(time).index;\n        if (key(n).time > time) {\n            n--;\n        }\n    }\n    if (n == 0) {\n        $bm_rt = t = 0;\n    } else {\n        $bm_rt = t = $bm_sub(time, key(n).time);\n    }\n    if (n > 0) {\n        v = velocityAtTime($bm_sub(key(n).time, $bm_div(thisComp.frameDuration, 10)));\n        $bm_rt = $bm_sum(value, $bm_div($bm_mul($bm_mul(v, amp), Math.sin($bm_mul($bm_mul($bm_mul(freq, t), 2), Math.PI))), Math.exp($bm_mul(decay, t))));\n    } else {\n        $bm_rt = value;\n    }\n} catch (e) {\n    $bm_rt = value = value;\n}"},"r":{"a":0,"k":0,"ix":6},"o":{"a":0,"k":100,"ix":7},"sk":{"a":0,"k":0,"ix":4},"sa":{"a":0,"k":0,"ix":5},"nm":"Transform"}],"nm":"Group 1","np":1,"cix":2,"bm":0,"ix":1,"mn":"ADBE Vector Group","hd":false},{"ty":"tr","p":{"a":0,"k":[372.74,353.068],"ix":2},"a":{"a":0,"k":[372.74,353.068],"ix":1},"s":{"a":1,"k":[{"i":{"x":[0.11,0.11],"y":[1,1]},"o":{"x":[0.167,0.167],"y":[0.167,0.167]},"t":11,"s":[0,0]},{"i":{"x":[0.833,0.833],"y":[0.833,0.833]},"o":{"x":[0.89,0.89],"y":[0,0]},"t":26,"s":[144,144]},{"t":41,"s":[0,0]}],"ix":3,"x":"var $bm_rt;\nvar eff, amp, freq, decay, n, n, t, t, v;\ntry {\n    eff = effect('Elastic Controller');\n    amp = $bm_div(eff(1), 200);\n    freq = $bm_div(eff(2), 30);\n    decay = $bm_div(eff(3), 10);\n    $bm_rt = n = 0;\n    if (numKeys > 0) {\n        $bm_rt = n = nearestKey(time).index;\n        if (key(n).time > time) {\n            n--;\n        }\n    }\n    if (n == 0) {\n        $bm_rt = t = 0;\n    } else {\n        $bm_rt = t = $bm_sub(time, key(n).time);\n    }\n    if (n > 0) {\n        v = velocityAtTime($bm_sub(key(n).time, $bm_div(thisComp.frameDuration, 10)));\n        $bm_rt = $bm_sum(value, $bm_div($bm_mul($bm_mul(v, amp), Math.sin($bm_mul($bm_mul($bm_mul(freq, t), 2), Math.PI))), Math.exp($bm_mul(decay, t))));\n    } else {\n        $bm_rt = value;\n    }\n} catch (e) {\n    $bm_rt = value = value;\n}"},"r":{"a":0,"k":0,"ix":6},"o":{"a":0,"k":100,"ix":7},"sk":{"a":0,"k":0,"ix":4},"sa":{"a":0,"k":0,"ix":5},"nm":"Transform"}],"nm":"Group 1","np":1,"cix":2,"bm":0,"ix":1,"mn":"ADBE Vector Group","hd":false},{"ty":"st","c":{"a":0,"k":[0,0,0,1],"ix":3},"o":{"a":0,"k":100,"ix":4},"w":{"a":0,"k":32,"ix":5},"lc":2,"lj":2,"bm":0,"nm":"Stroke 1","mn":"ADBE Vector Graphic - Stroke","hd":false}],"ip":11,"op":41,"st":0,"ct":1,"bm":0},{"ddd":0,"ind":3,"ty":4,"nm":"Layer 1","sr":1,"ks":{"o":{"a":0,"k":100,"ix":11},"r":{"a":1,"k":[{"i":{"x":[0.667],"y":[1]},"o":{"x":[0.333],"y":[0]},"t":0,"s":[0]},{"t":12,"s":[-86]}],"ix":10,"x":"var $bm_rt;\nvar eff, amp, freq, decay, n, n, t, t, v;\ntry {\n    eff = effect('Elastic Controller');\n    amp = $bm_div(eff(1), 200);\n    freq = $bm_div(eff(2), 30);\n    decay = $bm_div(eff(3), 10);\n    $bm_rt = n = 0;\n    if (numKeys > 0) {\n        $bm_rt = n = nearestKey(time).index;\n        if (key(n).time > time) {\n            n--;\n        }\n    }\n    if (n == 0) {\n        $bm_rt = t = 0;\n    } else {\n        $bm_rt = t = $bm_sub(time, key(n).time);\n    }\n    if (n > 0) {\n        v = velocityAtTime($bm_sub(key(n).time, $bm_div(thisComp.frameDuration, 10)));\n        $bm_rt = $bm_sum(value, $bm_div($bm_mul($bm_mul(v, amp), Math.sin($bm_mul($bm_mul($bm_mul(freq, t), 2), Math.PI))), Math.exp($bm_mul(decay, t))));\n    } else {\n        $bm_rt = value;\n    }\n} catch (e) {\n    $bm_rt = value = value;\n}"},"p":{"a":1,"k":[{"i":{"x":0.667,"y":1},"o":{"x":0.333,"y":0},"t":0,"s":[372.459,352.83,0],"to":[0,0,0],"ti":[0,0,0]},{"t":12,"s":[412.459,422.83,0]}],"ix":2,"l":2,"x":"var $bm_rt;\nvar eff, amp, freq, decay, n, n, t, t, v;\ntry {\n    eff = effect('Elastic Controller');\n    amp = $bm_div(eff(1), 200);\n    freq = $bm_div(eff(2), 30);\n    decay = $bm_div(eff(3), 10);\n    $bm_rt = n = 0;\n    if (numKeys > 0) {\n        $bm_rt = n = nearestKey(time).index;\n        if (key(n).time > time) {\n            n--;\n        }\n    }\n    if (n == 0) {\n        $bm_rt = t = 0;\n    } else {\n        $bm_rt = t = $bm_sub(time, key(n).time);\n    }\n    if (n > 0) {\n        v = velocityAtTime($bm_sub(key(n).time, $bm_div(thisComp.frameDuration, 10)));\n        $bm_rt = $bm_sum(value, $bm_div($bm_mul($bm_mul(v, amp), Math.sin($bm_mul($bm_mul($bm_mul(freq, t), 2), Math.PI))), Math.exp($bm_mul(decay, t))));\n    } else {\n        $bm_rt = value;\n    }\n} catch (e) {\n    $bm_rt = value = value;\n}"},"a":{"a":0,"k":[372.459,345.83,0],"ix":1,"l":2},"s":{"a":0,"k":[100,100,100],"ix":6,"l":2}},"ao":0,"ef":[{"ty":5,"nm":"Elastic Controller","np":5,"mn":"Pseudo/MDS Elastic Controller","ix":1,"en":1,"ef":[{"ty":0,"nm":"Amplitude","mn":"Pseudo/MDS Elastic Controller-0001","ix":1,"v":{"a":0,"k":20,"ix":1}},{"ty":0,"nm":"Frequency","mn":"Pseudo/MDS Elastic Controller-0002","ix":2,"v":{"a":0,"k":60,"ix":2}},{"ty":0,"nm":"Decay","mn":"Pseudo/MDS Elastic Controller-0003","ix":3,"v":{"a":0,"k":90,"ix":3}}]}],"shapes":[{"ty":"gr","it":[{"ty":"gr","it":[{"ty":"gr","it":[{"ind":0,"ty":"sh","ix":1,"ks":{"a":0,"k":{"i":[[-0.623,-1.184],[0,0],[-1.993,-0.311],[0,0],[-0.975,-1.286],[2.24,-2.097],[0,0],[-0.373,-1.973],[0,0],[3.279,-0.518],[1.225,0.602],[0,0],[1.786,-0.975],[0,0],[1.641,2.946],[-0.228,1.329],[0,0],[1.453,1.41],[0,0],[-2.366,2.366],[0,0],[-1.308,0.228],[0,0],[-0.913,1.807],[0,0],[-1.557,0.521],[-1.453,-0.749]],"o":[[0,0],[0.894,1.826],[0,0],[1.619,0.228],[1.869,2.428],[0,0],[-1.453,1.37],[0,0],[0.476,3.281],[-1.37,0.207],[0,0],[-1.786,-0.975],[0,0],[-2.989,1.517],[-0.623,-1.184],[0,0],[0.352,-1.993],[0,0],[-2.387,-2.387],[0.021,0],[0.975,-0.892],[0,0],[1.993,-0.311],[0,0],[0.725,-1.453],[1.536,-0.518],[1.203,0.58]],"v":[[15.216,-82.289],[33.087,-46.338],[37.716,-42.954],[77.736,-37.183],[81.804,-34.818],[81.162,-26.847],[52.142,1.195],[50.399,6.593],[57.354,46.174],[52.33,53.046],[48.345,52.444],[12.705,33.763],[6.975,33.763],[-28.933,52.547],[-37.236,49.995],[-37.859,46.134],[-30.926,6.571],[-32.669,1.155],[-61.812,-26.869],[-61.834,-35.462],[-61.812,-35.462],[-58.324,-37.164],[-18.305,-42.975],[-13.678,-46.359],[4.174,-82.289],[7.724,-85.382],[12.415,-85.028]],"c":true},"ix":2},"nm":"Path 1","mn":"ADBE Vector Shape - Group","hd":false},{"ty":"tr","p":{"a":0,"k":[362.74,362.068],"ix":2},"a":{"a":0,"k":[0,0],"ix":1},"s":{"a":0,"k":[100,100],"ix":3},"r":{"a":0,"k":0,"ix":6},"o":{"a":0,"k":100,"ix":7},"sk":{"a":0,"k":0,"ix":4},"sa":{"a":0,"k":0,"ix":5},"nm":"Transform"}],"nm":"Group 1","np":1,"cix":2,"bm":0,"ix":1,"mn":"ADBE Vector Group","hd":false},{"ty":"tr","p":{"a":0,"k":[370.605,349.361],"ix":2},"a":{"a":0,"k":[370.605,349.361],"ix":1},"s":{"a":0,"k":[100,100],"ix":3,"x":"var $bm_rt;\nvar eff, amp, freq, decay, n, n, t, t, v;\ntry {\n    eff = effect('Elastic Controller');\n    amp = $bm_div(eff(1), 200);\n    freq = $bm_div(eff(2), 30);\n    decay = $bm_div(eff(3), 10);\n    $bm_rt = n = 0;\n    if (numKeys > 0) {\n        $bm_rt = n = nearestKey(time).index;\n        if (key(n).time > time) {\n            n--;\n        }\n    }\n    if (n == 0) {\n        $bm_rt = t = 0;\n    } else {\n        $bm_rt = t = $bm_sub(time, key(n).time);\n    }\n    if (n > 0) {\n        v = velocityAtTime($bm_sub(key(n).time, $bm_div(thisComp.frameDuration, 10)));\n        $bm_rt = $bm_sum(value, $bm_div($bm_mul($bm_mul(v, amp), Math.sin($bm_mul($bm_mul($bm_mul(freq, t), 2), Math.PI))), Math.exp($bm_mul(decay, t))));\n    } else {\n        $bm_rt = value;\n    }\n} catch (e) {\n    $bm_rt = value = value;\n}"},"r":{"a":0,"k":0,"ix":6},"o":{"a":0,"k":100,"ix":7},"sk":{"a":0,"k":0,"ix":4},"sa":{"a":0,"k":0,"ix":5},"nm":"Transform"}],"nm":"Group 1","np":1,"cix":2,"bm":0,"ix":1,"mn":"ADBE Vector Group","hd":false},{"ty":"tr","p":{"a":0,"k":[372.74,353.068],"ix":2},"a":{"a":0,"k":[372.74,353.068],"ix":1},"s":{"a":1,"k":[{"i":{"x":[0.667,0.667],"y":[1,1]},"o":{"x":[0.333,0.333],"y":[0,0]},"t":0,"s":[100,100]},{"t":12,"s":[0,0]}],"ix":3,"x":"var $bm_rt;\nvar eff, amp, freq, decay, n, n, t, t, v;\ntry {\n    eff = effect('Elastic Controller');\n    amp = $bm_div(eff(1), 200);\n    freq = $bm_div(eff(2), 30);\n    decay = $bm_div(eff(3), 10);\n    $bm_rt = n = 0;\n    if (numKeys > 0) {\n        $bm_rt = n = nearestKey(time).index;\n        if (key(n).time > time) {\n            n--;\n        }\n    }\n    if (n == 0) {\n        $bm_rt = t = 0;\n    } else {\n        $bm_rt = t = $bm_sub(time, key(n).time);\n    }\n    if (n > 0) {\n        v = velocityAtTime($bm_sub(key(n).time, $bm_div(thisComp.frameDuration, 10)));\n        $bm_rt = $bm_sum(value, $bm_div($bm_mul($bm_mul(v, amp), Math.sin($bm_mul($bm_mul($bm_mul(freq, t), 2), Math.PI))), Math.exp($bm_mul(decay, t))));\n    } else {\n        $bm_rt = value;\n    }\n} catch (e) {\n    $bm_rt = value = value;\n}"},"r":{"a":0,"k":0,"ix":6},"o":{"a":0,"k":100,"ix":7},"sk":{"a":0,"k":0,"ix":4},"sa":{"a":0,"k":0,"ix":5},"nm":"Transform"}],"nm":"Group 1","np":1,"cix":2,"bm":0,"ix":1,"mn":"ADBE Vector Group","hd":false},{"ty":"st","c":{"a":0,"k":[0,0,0,1],"ix":3},"o":{"a":0,"k":100,"ix":4},"w":{"a":0,"k":32,"ix":5},"lc":2,"lj":2,"bm":0,"nm":"Stroke 1","mn":"ADBE Vector Graphic - Stroke","hd":false}],"ip":0,"op":11,"st":0,"ct":1,"bm":0},{"ddd":0,"ind":4,"ty":4,"nm":"Card","sr":1,"ks":{"o":{"a":0,"k":100,"ix":11},"r":{"a":0,"k":0,"ix":10,"x":"var $bm_rt;\nvar eff, amp, freq, decay, n, n, t, t, v;\ntry {\n    eff = effect('Elastic Controller');\n    amp = $bm_div(eff(1), 300);\n    freq = $bm_div(eff(2), 30);\n    decay = $bm_div(eff(3), 10);\n    $bm_rt = n = 0;\n    if (numKeys > 0) {\n        $bm_rt = n = nearestKey(time).index;\n        if (key(n).time > time) {\n            n--;\n        }\n    }\n    if (n == 0) {\n        $bm_rt = t = 0;\n    } else {\n        $bm_rt = t = $bm_sub(time, key(n).time);\n    }\n    if (n > 0) {\n        v = velocityAtTime($bm_sub(key(n).time, $bm_div(thisComp.frameDuration, 10)));\n        $bm_rt = $bm_sum(value, $bm_div($bm_mul($bm_mul(v, amp), Math.sin($bm_mul($bm_mul($bm_mul(freq, t), 2), Math.PI))), Math.exp($bm_mul(decay, t))));\n    } else {\n        $bm_rt = value;\n    }\n} catch (e) {\n    $bm_rt = value = value;\n}"},"p":{"a":0,"k":[256,256,0],"ix":2,"l":2,"x":"var $bm_rt;\nvar eff, amp, freq, decay, n, n, t, t, v;\ntry {\n    eff = effect('Elastic Controller');\n    amp = $bm_div(eff(1), 200);\n    freq = $bm_div(eff(2), 30);\n    decay = $bm_div(eff(3), 10);\n    $bm_rt = n = 0;\n    if (numKeys > 0) {\n        $bm_rt = n = nearestKey(time).index;\n        if (key(n).time > time) {\n            n--;\n        }\n    }\n    if (n == 0) {\n        $bm_rt = t = 0;\n    } else {\n        $bm_rt = t = $bm_sub(time, key(n).time);\n    }\n    if (n > 0) {\n        v = velocityAtTime($bm_sub(key(n).time, $bm_div(thisComp.frameDuration, 10)));\n        $bm_rt = $bm_sum(value, $bm_div($bm_mul($bm_mul(v, amp), Math.sin($bm_mul($bm_mul($bm_mul(freq, t), 2), Math.PI))), Math.exp($bm_mul(decay, t))));\n    } else {\n        $bm_rt = value;\n    }\n} catch (e) {\n    $bm_rt = value = value;\n}"},"a":{"a":0,"k":[276.045,256.019,0],"ix":1,"l":2},"s":{"a":0,"k":[100,100,100],"ix":6,"l":2}},"ao":0,"ef":[{"ty":5,"nm":"Elastic Controller","np":5,"mn":"Pseudo/MDS Elastic Controller","ix":1,"en":1,"ef":[{"ty":0,"nm":"Amplitude","mn":"Pseudo/MDS Elastic Controller-0001","ix":1,"v":{"a":0,"k":20,"ix":1}},{"ty":0,"nm":"Frequency","mn":"Pseudo/MDS Elastic Controller-0002","ix":2,"v":{"a":0,"k":60,"ix":2}},{"ty":0,"nm":"Decay","mn":"Pseudo/MDS Elastic Controller-0003","ix":3,"v":{"a":0,"k":90,"ix":3}}]}],"shapes":[{"ty":"gr","it":[{"ty":"gr","it":[{"ty":"gr","it":[{"ty":"gr","it":[{"ind":0,"ty":"sh","ix":1,"ks":{"a":0,"k":{"i":[[0,0],[0,0]],"o":[[0,0],[0,0]],"v":[[-189.925,-52.468],[187.227,-52.392]],"c":false},"ix":2},"nm":"Path 1","mn":"ADBE Vector Shape - Group","hd":false},{"ty":"tm","s":{"a":0,"k":0,"ix":1},"e":{"a":1,"k":[{"i":{"x":[0.667],"y":[1]},"o":{"x":[0.333],"y":[0]},"t":4,"s":[100]},{"i":{"x":[0.833],"y":[1]},"o":{"x":[0.167],"y":[0]},"t":15,"s":[0]},{"i":{"x":[0.667],"y":[1]},"o":{"x":[0.333],"y":[0]},"t":34,"s":[0]},{"t":45,"s":[100]}],"ix":2},"o":{"a":1,"k":[{"i":{"x":[0.667],"y":[1]},"o":{"x":[0.333],"y":[0]},"t":4,"s":[192.2]},{"i":{"x":[0.833],"y":[1]},"o":{"x":[0.167],"y":[0]},"t":15,"s":[362.6]},{"i":{"x":[0.667],"y":[1]},"o":{"x":[0.333],"y":[0]},"t":34,"s":[362.6]},{"t":45,"s":[192.2]}],"ix":3},"m":1,"ix":2,"nm":"Trim Paths 1","mn":"ADBE Vector Filter - Trim","hd":false},{"ty":"tr","p":{"a":0,"k":[276.023,256.019],"ix":2},"a":{"a":0,"k":[0,0],"ix":1},"s":{"a":0,"k":[100,100],"ix":3},"r":{"a":0,"k":0,"ix":6},"o":{"a":0,"k":100,"ix":7},"sk":{"a":0,"k":0,"ix":4},"sa":{"a":0,"k":0,"ix":5},"nm":"Transform"}],"nm":"L","np":2,"cix":2,"bm":0,"ix":1,"mn":"ADBE Vector Group","hd":false},{"ty":"gr","it":[{"ind":0,"ty":"sh","ix":1,"ks":{"a":0,"k":{"i":[[0,0],[-52.521,0],[0,0],[0,52.159],[0,0],[50.761,0],[0,0],[0,-51.573],[0,0]],"o":[[0,52.452],[0,0],[52.228,0],[0,0],[0,-50.716],[0,0],[-51.641,0],[0,0],[0,0]],"v":[[-191.93,63],[-106.753,152.519],[106.979,152.519],[191.68,63.5],[191.68,-79.5],[109.357,-166.019],[-108.18,-166.019],[-191.93,-78],[-191.93,63.001]],"c":true},"ix":2},"nm":"Path 1","mn":"ADBE Vector Shape - Group","hd":false},{"ty":"tm","s":{"a":0,"k":0,"ix":1},"e":{"a":1,"k":[{"i":{"x":[0.667],"y":[1]},"o":{"x":[0.333],"y":[0]},"t":0,"s":[71.2]},{"i":{"x":[0.667],"y":[1]},"o":{"x":[0.333],"y":[0]},"t":13,"s":[100]},{"i":{"x":[0.833],"y":[0.833]},"o":{"x":[0.333],"y":[0]},"t":35,"s":[100]},{"t":44,"s":[71.9]}],"ix":2,"x":"var $bm_rt;\nvar eff, amp, freq, decay, n, n, t, t, v;\ntry {\n    eff = effect('Elastic Controller');\n    amp = $bm_div(eff(1), 200);\n    freq = $bm_div(eff(2), 30);\n    decay = $bm_div(eff(3), 10);\n    $bm_rt = n = 0;\n    if (numKeys > 0) {\n        $bm_rt = n = nearestKey(time).index;\n        if (key(n).time > time) {\n            n--;\n        }\n    }\n    if (n == 0) {\n        $bm_rt = t = 0;\n    } else {\n        $bm_rt = t = $bm_sub(time, key(n).time);\n    }\n    if (n > 0) {\n        v = velocityAtTime($bm_sub(key(n).time, $bm_div(thisComp.frameDuration, 10)));\n        $bm_rt = $bm_sum(value, $bm_div($bm_mul($bm_mul(v, amp), Math.sin($bm_mul($bm_mul($bm_mul(freq, t), 2), Math.PI))), Math.exp($bm_mul(decay, t))));\n    } else {\n        $bm_rt = value;\n    }\n} catch (e) {\n    $bm_rt = value = value;\n}"},"o":{"a":1,"k":[{"i":{"x":[0.667],"y":[1]},"o":{"x":[0.333],"y":[0]},"t":0,"s":[-197.8]},{"i":{"x":[0.649],"y":[-0.914]},"o":{"x":[0.333],"y":[0]},"t":13,"s":[-251.2]},{"i":{"x":[0.833],"y":[0.833]},"o":{"x":[0.407],"y":[0.346]},"t":35,"s":[-236.49]},{"t":44,"s":[-197.9]}],"ix":3,"x":"var $bm_rt;\nvar eff, amp, freq, decay, n, n, t, t, v;\ntry {\n    eff = effect('Elastic Controller');\n    amp = $bm_div(eff(1), 200);\n    freq = $bm_div(eff(2), 30);\n    decay = $bm_div(eff(3), 10);\n    $bm_rt = n = 0;\n    if (numKeys > 0) {\n        $bm_rt = n = nearestKey(time).index;\n        if (key(n).time > time) {\n            n--;\n        }\n    }\n    if (n == 0) {\n        $bm_rt = t = 0;\n    } else {\n        $bm_rt = t = $bm_sub(time, key(n).time);\n    }\n    if (n > 0) {\n        v = velocityAtTime($bm_sub(key(n).time, $bm_div(thisComp.frameDuration, 10)));\n        $bm_rt = $bm_sum(value, $bm_div($bm_mul($bm_mul(v, amp), Math.sin($bm_mul($bm_mul($bm_mul(freq, t), 2), Math.PI))), Math.exp($bm_mul(decay, t))));\n    } else {\n        $bm_rt = value;\n    }\n} catch (e) {\n    $bm_rt = value = value;\n}"},"m":1,"ix":2,"nm":"Trim Paths 1","mn":"ADBE Vector Filter - Trim","hd":false},{"ty":"tr","p":{"a":0,"k":[276.023,256.019],"ix":2},"a":{"a":0,"k":[0,0],"ix":1},"s":{"a":0,"k":[100,100],"ix":3},"r":{"a":0,"k":0,"ix":6},"o":{"a":0,"k":100,"ix":7},"sk":{"a":0,"k":0,"ix":4},"sa":{"a":0,"k":0,"ix":5},"nm":"Transform"}],"nm":"C","np":2,"cix":2,"bm":0,"ix":2,"mn":"ADBE Vector Group","hd":false},{"ty":"tr","p":{"a":0,"k":[276.045,256.019],"ix":2},"a":{"a":0,"k":[276.045,256.019],"ix":1},"s":{"a":0,"k":[100,100],"ix":3},"r":{"a":0,"k":0,"ix":6},"o":{"a":0,"k":100,"ix":7},"sk":{"a":0,"k":0,"ix":4},"sa":{"a":0,"k":0,"ix":5},"nm":"Transform"}],"nm":"Group 1","np":2,"cix":2,"bm":0,"ix":1,"mn":"ADBE Vector Group","hd":false},{"ty":"tr","p":{"a":0,"k":[276.045,255.683],"ix":2},"a":{"a":0,"k":[276.045,255.683],"ix":1},"s":{"a":1,"k":[{"i":{"x":[0.833,0.833],"y":[0.833,1]},"o":{"x":[0.333,0.333],"y":[0,0]},"t":0,"s":[100,100]},{"i":{"x":[0.667,0.667],"y":[1,1]},"o":{"x":[0.167,0.167],"y":[0,0]},"t":7,"s":[115,100]},{"i":{"x":[0.833,0.833],"y":[0.833,1]},"o":{"x":[0.333,0.333],"y":[0,0]},"t":43,"s":[115,100]},{"t":49,"s":[100,100]}],"ix":3,"x":"var $bm_rt;\nvar eff, amp, freq, decay, n, n, t, t, v;\ntry {\n    eff = effect('Elastic Controller');\n    amp = $bm_div(eff(1), 200);\n    freq = $bm_div(eff(2), 30);\n    decay = $bm_div(eff(3), 10);\n    $bm_rt = n = 0;\n    if (numKeys > 0) {\n        $bm_rt = n = nearestKey(time).index;\n        if (key(n).time > time) {\n            n--;\n        }\n    }\n    if (n == 0) {\n        $bm_rt = t = 0;\n    } else {\n        $bm_rt = t = $bm_sub(time, key(n).time);\n    }\n    if (n > 0) {\n        v = velocityAtTime($bm_sub(key(n).time, $bm_div(thisComp.frameDuration, 10)));\n        $bm_rt = $bm_sum(value, $bm_div($bm_mul($bm_mul(v, amp), Math.sin($bm_mul($bm_mul($bm_mul(freq, t), 2), Math.PI))), Math.exp($bm_mul(decay, t))));\n    } else {\n        $bm_rt = value;\n    }\n} catch (e) {\n    $bm_rt = value = value;\n}"},"r":{"a":0,"k":0,"ix":6},"o":{"a":0,"k":100,"ix":7},"sk":{"a":0,"k":0,"ix":4},"sa":{"a":0,"k":0,"ix":5},"nm":"Transform"}],"nm":"Group 1","np":1,"cix":2,"bm":0,"ix":1,"mn":"ADBE Vector Group","hd":false},{"ty":"tr","p":{"a":0,"k":[276.128,255.975],"ix":2},"a":{"a":0,"k":[276.128,255.975],"ix":1},"s":{"a":1,"k":[{"i":{"x":[0.833,0.833],"y":[1,0.833]},"o":{"x":[0.333,0.333],"y":[0,0]},"t":0,"s":[100,100]},{"i":{"x":[0.667,0.667],"y":[1,1]},"o":{"x":[0.167,0.167],"y":[0,0]},"t":7,"s":[100,115]},{"i":{"x":[0.833,0.833],"y":[1,0.833]},"o":{"x":[0.333,0.333],"y":[0,0]},"t":38,"s":[100,115]},{"t":44,"s":[100,100]}],"ix":3,"x":"var $bm_rt;\nvar eff, amp, freq, decay, n, n, t, t, v;\ntry {\n    eff = effect('Elastic Controller');\n    amp = $bm_div(eff(1), 200);\n    freq = $bm_div(eff(2), 30);\n    decay = $bm_div(eff(3), 10);\n    $bm_rt = n = 0;\n    if (numKeys > 0) {\n        $bm_rt = n = nearestKey(time).index;\n        if (key(n).time > time) {\n            n--;\n        }\n    }\n    if (n == 0) {\n        $bm_rt = t = 0;\n    } else {\n        $bm_rt = t = $bm_sub(time, key(n).time);\n    }\n    if (n > 0) {\n        v = velocityAtTime($bm_sub(key(n).time, $bm_div(thisComp.frameDuration, 10)));\n        $bm_rt = $bm_sum(value, $bm_div($bm_mul($bm_mul(v, amp), Math.sin($bm_mul($bm_mul($bm_mul(freq, t), 2), Math.PI))), Math.exp($bm_mul(decay, t))));\n    } else {\n        $bm_rt = value;\n    }\n} catch (e) {\n    $bm_rt = value = value;\n}"},"r":{"a":0,"k":0,"ix":6},"o":{"a":0,"k":100,"ix":7},"sk":{"a":0,"k":0,"ix":4},"sa":{"a":0,"k":0,"ix":5},"nm":"Transform"}],"nm":"Group 2","np":1,"cix":2,"bm":0,"ix":1,"mn":"ADBE Vector Group","hd":false},{"ty":"st","c":{"a":0,"k":[0,0,0,1],"ix":3},"o":{"a":0,"k":100,"ix":4},"w":{"a":0,"k":32,"ix":5},"lc":2,"lj":2,"bm":0,"nm":"Stroke 1","mn":"ADBE Vector Graphic - Stroke","hd":false},{"ty":"gr","it":[{"ty":"rc","d":1,"s":{"a":0,"k":[472,496],"ix":2},"p":{"a":0,"k":[0,0],"ix":3},"r":{"a":0,"k":0,"ix":4},"nm":"Rectangle Path 1","mn":"ADBE Vector Shape - Rect","hd":false},{"ty":"st","c":{"a":0,"k":[0,0,0,1],"ix":3},"o":{"a":0,"k":100,"ix":4},"w":{"a":0,"k":32,"ix":5},"lc":1,"lj":1,"ml":4,"bm":0,"nm":"Stroke 1","mn":"ADBE Vector Graphic - Stroke","hd":false},{"ty":"fl","c":{"a":0,"k":[1,1,1,1],"ix":4},"o":{"a":0,"k":100,"ix":5},"r":1,"bm":0,"nm":"Fill 1","mn":"ADBE Vector Graphic - Fill","hd":false},{"ty":"tr","p":{"a":0,"k":[280.045,273.019],"ix":2},"a":{"a":0,"k":[0,0],"ix":1},"s":{"a":0,"k":[100,100],"ix":3},"r":{"a":0,"k":0,"ix":6},"o":{"a":0,"k":0,"ix":7},"sk":{"a":0,"k":0,"ix":4},"sa":{"a":0,"k":0,"ix":5},"nm":"Transform"}],"nm":"Rectangle 1","np":3,"cix":2,"bm":0,"ix":3,"mn":"ADBE Vector Group","hd":false}],"ip":0,"op":90,"st":0,"ct":1,"bm":0}],"markers":[],"props":{}}