{"v":"5.8.0","fr":60,"ip":0,"op":90,"w":512,"h":512,"nm":"049 Checkmark#ui,interface,notification,alert,announce,buzz,action-1","assets":[],"layers":[{"ind":1,"ty":3,"nm":"Null 880","sr":1,"ks":{"o":{"a":0,"k":0,"ix":11},"r":{"a":0,"k":0,"ix":10},"p":{"s":true,"x":{"a":0,"k":290.968,"ix":3},"y":{"a":1,"k":[{"i":{"x":[0.833],"y":[0.833]},"o":{"x":[0.333],"y":[0]},"t":17,"s":[181.422]},{"t":22,"s":[224.422]}],"ix":4,"x":"var $bm_rt;\nvar amp, freq, decay, n, n, t, t, v;\ntry {\n    amp = $bm_div(effect('Elastic: Y Position')(1), 200);\n    freq = $bm_div(effect('Elastic: Y Position')(2), 30);\n    decay = $bm_div(effect('Elastic: Y Position')(3), 10);\n    $bm_rt = n = 0;\n    if (numKeys > 0) {\n        $bm_rt = n = nearestKey(time).index;\n        if (key(n).time > time) {\n            n--;\n        }\n    }\n    if (n == 0) {\n        $bm_rt = t = 0;\n    } else {\n        $bm_rt = t = $bm_sub(time, key(n).time);\n    }\n    if (n > 0) {\n        v = velocityAtTime($bm_sub(key(n).time, $bm_div(thisComp.frameDuration, 10)));\n        $bm_rt = $bm_sum(value, $bm_div($bm_mul($bm_mul(v, amp), Math.sin($bm_mul($bm_mul($bm_mul(freq, t), 2), Math.PI))), Math.exp($bm_mul(decay, t))));\n    } else {\n        $bm_rt = value;\n    }\n} catch (e$$4) {\n    $bm_rt = value = value;\n}"}},"a":{"a":0,"k":[50,50,0],"ix":1,"l":2},"s":{"a":0,"k":[100,100,100],"ix":6,"l":2}},"ao":0,"ef":[{"ty":5,"nm":"Elastic: Y Position","np":5,"ix":1,"en":1,"ef":[{"ty":0,"nm":"Amplitude","ix":1,"v":{"a":0,"k":20,"ix":1}},{"ty":0,"nm":"Frequency","ix":2,"v":{"a":0,"k":40,"ix":2}},{"ty":0,"nm":"Decay","ix":3,"v":{"a":0,"k":40,"ix":3}}]}],"ip":15,"op":105,"st":0},{"ind":2,"ty":3,"nm":"Layer 3: Path 1 [1.1.0]","cl":"1 0","parent":1,"sr":1,"ks":{"o":{"a":0,"k":0,"ix":11},"r":{"a":0,"k":0,"ix":10},"p":{"a":1,"k":[{"i":{"x":0.94,"y":1},"o":{"x":0.333,"y":0},"t":25,"s":[62.322,-95.75,0],"to":[22.833,6,0],"ti":[-22.833,-6,0]},{"t":33,"s":[199.322,-59.75,0]}],"ix":2,"l":2,"x":"var $bm_rt;\nvar amp, freq, decay, n, n, t, t, v;\ntry {\n    amp = $bm_div(effect('Elastic: Position')(1), 200);\n    freq = $bm_div(effect('Elastic: Position')(2), 30);\n    decay = $bm_div(effect('Elastic: Position')(3), 10);\n    $bm_rt = n = 0;\n    if (numKeys > 0) {\n        $bm_rt = n = nearestKey(time).index;\n        if (key(n).time > time) {\n            n--;\n        }\n    }\n    if (n == 0) {\n        $bm_rt = t = 0;\n    } else {\n        $bm_rt = t = $bm_sub(time, key(n).time);\n    }\n    if (n > 0) {\n        v = velocityAtTime($bm_sub(key(n).time, $bm_div(thisComp.frameDuration, 10)));\n        $bm_rt = $bm_sum(value, $bm_div($bm_mul($bm_mul(v, amp), Math.sin($bm_mul($bm_mul($bm_mul(freq, t), 2), Math.PI))), Math.exp($bm_mul(decay, t))));\n    } else {\n        $bm_rt = value;\n    }\n} catch (e$$4) {\n    $bm_rt = value = value;\n}"},"a":{"a":0,"k":[0,0,0],"ix":1,"l":2},"s":{"a":0,"k":[100,100,100],"ix":6,"l":2}},"ao":0,"ef":[{"ty":5,"nm":"Elastic: Position","np":5,"ix":1,"en":1,"ef":[{"ty":0,"nm":"Amplitude","ix":1,"v":{"a":0,"k":20,"ix":1}},{"ty":0,"nm":"Frequency","ix":2,"v":{"a":0,"k":40,"ix":2}},{"ty":0,"nm":"Decay","ix":3,"v":{"a":0,"k":60,"ix":3}}]}],"ip":15,"op":105,"st":15},{"ind":4,"ty":4,"nm":"Layer 3","parent":1,"sr":1,"ks":{"o":{"a":0,"k":100,"ix":11},"r":{"a":0,"k":0,"ix":10},"p":{"a":0,"k":[89.697,50,0],"ix":2,"l":2},"a":{"a":0,"k":[0,0,0],"ix":1,"l":2},"s":{"a":0,"k":[100,100,100],"ix":6,"l":2}},"ao":0,"ef":[{"ty":5,"nm":"Layer 3: Path 1 [1.1.0]","np":3,"ix":1,"en":1,"ef":[{"ty":10,"nm":"Layer","ix":1,"v":{"a":0,"k":2,"ix":1}}]},{"ty":5,"nm":"Layer 3: Path 1 [1.1.1]","np":3,"ix":2,"en":1,"ef":[{"ty":10,"nm":"Layer","ix":1,"v":{"a":0,"k":3,"ix":1}}]}],"shapes":[{"ty":"gr","it":[{"ind":0,"ty":"sh","ix":1,"ks":{"a":0,"k":{"i":[[0,0],[83.48,-159.668]],"o":[[0,0],[0,0]],"v":[[109.645,-109.746],[-109.645,109.746]],"c":false},"ix":2,"x":"var $bm_rt;\nvar nullLayerNames = [\n    'Layer 3: Path 1 [1.1.0]',\n    'Layer 3: Path 1 [1.1.1]'\n];\nvar origPath = thisProperty;\nvar origPoints = origPath.points();\nvar origInTang = origPath.inTangents();\nvar origOutTang = origPath.outTangents();\nvar getNullLayers = [];\nfor (var i = 0, il = nullLayerNames.length; i < il; i++) {\n    try {\n        getNullLayers.push(effect(nullLayerNames[i])('ADBE Layer Control-0001'));\n    } catch (err) {\n        getNullLayers.push(null);\n    }\n}\nfor (var i = 0, il = getNullLayers.length; i < il; i++) {\n    if (getNullLayers[i] != null && getNullLayers[i].index != thisLayer.index) {\n        origPoints[i] = fromCompToSurface(getNullLayers[i].toComp(getNullLayers[i].anchorPoint));\n    }\n}\n$bm_rt = createPath(origPoints, origInTang, origOutTang, origPath.isClosed());"},"nm":"Path 1"},{"ty":"st","c":{"a":0,"k":[0,0,0,1],"ix":3},"o":{"a":0,"k":100,"ix":4},"w":{"a":0,"k":32,"ix":5},"lc":2,"lj":2,"nm":"Stroke 1"},{"ty":"tr","p":{"a":0,"k":[0,0],"ix":2},"a":{"a":0,"k":[0,0],"ix":1},"s":{"a":0,"k":[100,100],"ix":3},"r":{"a":0,"k":0,"ix":6},"o":{"a":0,"k":100,"ix":7},"sk":{"a":0,"k":0,"ix":4},"sa":{"a":0,"k":0,"ix":5},"nm":"Transform"}],"nm":"Group 1","cix":2,"ix":1},{"ty":"tm","s":{"a":0,"k":100,"ix":1},"e":{"a":1,"k":[{"i":{"x":[0.667],"y":[1]},"o":{"x":[0.167],"y":[0.167]},"t":22,"s":[100]},{"t":32,"s":[0]}],"ix":2},"o":{"a":0,"k":0,"ix":3},"m":1,"ix":2,"nm":"Trim Paths 1"}],"ip":15,"op":105,"st":15},{"ind":6,"ty":3,"nm":"Layer 5: Path 1 [1.1.1]","cl":"1 1","parent":1,"sr":1,"ks":{"o":{"a":0,"k":0,"ix":11},"r":{"a":0,"k":0,"ix":10},"p":{"a":1,"k":[{"i":{"x":0.833,"y":0.833},"o":{"x":0.333,"y":0},"t":18,"s":[-105.322,42.595,0],"to":[1,4,0],"ti":[-1,-4,0]},{"t":21,"s":[-99.322,66.595,0]}],"ix":2,"l":2,"x":"var $bm_rt;\nvar amp, freq, decay, n, n, t, t, v;\ntry {\n    amp = $bm_div(effect('Elastic: Position')(1), 200);\n    freq = $bm_div(effect('Elastic: Position')(2), 30);\n    decay = $bm_div(effect('Elastic: Position')(3), 10);\n    $bm_rt = n = 0;\n    if (numKeys > 0) {\n        $bm_rt = n = nearestKey(time).index;\n        if (key(n).time > time) {\n            n--;\n        }\n    }\n    if (n == 0) {\n        $bm_rt = t = 0;\n    } else {\n        $bm_rt = t = $bm_sub(time, key(n).time);\n    }\n    if (n > 0) {\n        v = velocityAtTime($bm_sub(key(n).time, $bm_div(thisComp.frameDuration, 10)));\n        $bm_rt = $bm_sum(value, $bm_div($bm_mul($bm_mul(v, amp), Math.sin($bm_mul($bm_mul($bm_mul(freq, t), 2), Math.PI))), Math.exp($bm_mul(decay, t))));\n    } else {\n        $bm_rt = value;\n    }\n} catch (e$$4) {\n    $bm_rt = value = value;\n}"},"a":{"a":0,"k":[0,0,0],"ix":1,"l":2},"s":{"a":0,"k":[100,100,100],"ix":6,"l":2}},"ao":0,"ef":[{"ty":5,"nm":"Elastic: Position","np":5,"ix":1,"en":1,"ef":[{"ty":0,"nm":"Amplitude","ix":1,"v":{"a":0,"k":20,"ix":1}},{"ty":0,"nm":"Frequency","ix":2,"v":{"a":0,"k":40,"ix":2}},{"ty":0,"nm":"Decay","ix":3,"v":{"a":0,"k":60,"ix":3}}]}],"ip":15,"op":105,"st":15},{"ind":7,"ty":4,"nm":"Layer 5","parent":1,"sr":1,"ks":{"o":{"a":0,"k":40,"ix":11},"r":{"a":0,"k":0,"ix":10},"p":{"a":0,"k":[-59.634,113.157,0],"ix":2,"l":2},"a":{"a":0,"k":[0,0,0],"ix":1,"l":2},"s":{"a":0,"k":[100,100,100],"ix":6,"l":2}},"ao":0,"ef":[{"ty":5,"nm":"Layer 5: Path 1 [1.1.0]","np":3,"ix":1,"en":1,"ef":[{"ty":10,"nm":"Layer","ix":1,"v":{"a":0,"k":5,"ix":1}}]},{"ty":5,"nm":"Layer 5: Path 1 [1.1.1]","np":3,"ix":2,"en":1,"ef":[{"ty":10,"nm":"Layer","ix":1,"v":{"a":0,"k":6,"ix":1}}]}],"shapes":[{"ty":"gr","it":[{"ind":0,"ty":"sh","ix":1,"ks":{"a":0,"k":{"i":[[0,0],[0,0]],"o":[[-30.022,-53.169],[0,0]],"v":[[39.688,46.59],[-39.688,-46.59]],"c":false},"ix":2,"x":"var $bm_rt;\nvar nullLayerNames = [\n    'Layer 5: Path 1 [1.1.0]',\n    'Layer 5: Path 1 [1.1.1]'\n];\nvar origPath = thisProperty;\nvar origPoints = origPath.points();\nvar origInTang = origPath.inTangents();\nvar origOutTang = origPath.outTangents();\nvar getNullLayers = [];\nfor (var i = 0, il = nullLayerNames.length; i < il; i++) {\n    try {\n        getNullLayers.push(effect(nullLayerNames[i])('ADBE Layer Control-0001'));\n    } catch (err) {\n        getNullLayers.push(null);\n    }\n}\nfor (var i = 0, il = getNullLayers.length; i < il; i++) {\n    if (getNullLayers[i] != null && getNullLayers[i].index != thisLayer.index) {\n        origPoints[i] = fromCompToSurface(getNullLayers[i].toComp(getNullLayers[i].anchorPoint));\n    }\n}\n$bm_rt = createPath(origPoints, origInTang, origOutTang, origPath.isClosed());"},"nm":"Path 1"},{"ty":"st","c":{"a":0,"k":[0,0,0,1],"ix":3},"o":{"a":0,"k":100,"ix":4},"w":{"a":0,"k":32,"ix":5},"lc":2,"lj":2,"nm":"Stroke 1"},{"ty":"tr","p":{"a":0,"k":[0,0],"ix":2},"a":{"a":0,"k":[0,0],"ix":1},"s":{"a":0,"k":[100,100],"ix":3},"r":{"a":0,"k":0,"ix":6},"o":{"a":0,"k":100,"ix":7},"sk":{"a":0,"k":0,"ix":4},"sa":{"a":0,"k":0,"ix":5},"nm":"Transform"}],"nm":"Group 1","cix":2,"ix":1},{"ty":"tm","s":{"a":0,"k":100,"ix":1},"e":{"a":1,"k":[{"i":{"x":[0.833],"y":[0.833]},"o":{"x":[0.167],"y":[0.167]},"t":15,"s":[100]},{"t":22,"s":[0]}],"ix":2},"o":{"a":0,"k":0,"ix":3},"m":1,"ix":2,"nm":"Trim Paths 1"}],"ip":15,"op":105,"st":15},{"ind":8,"ty":4,"nm":"Layer 2 :M","sr":1,"ks":{"o":{"a":0,"k":100,"ix":11},"r":{"a":0,"k":0,"ix":10},"p":{"a":1,"k":[{"i":{"x":0.667,"y":1},"o":{"x":0.167,"y":0.167},"t":4,"s":[290.978,224.422,0],"to":[15.167,-14.333,0],"ti":[-15.167,14.333,0]},{"t":13,"s":[381.978,138.422,0]}],"ix":2,"l":2},"a":{"a":0,"k":[290.978,224.422,0],"ix":1,"l":2},"s":{"a":0,"k":[100,100,100],"ix":6,"l":2}},"ao":0,"shapes":[{"ty":"gr","it":[{"ty":"gr","it":[{"ind":0,"ty":"sh","ix":1,"ks":{"a":0,"k":{"i":[[0,0],[32.114,27.117]],"o":[[-20.838,-34.967],[0,0]],"v":[[39.688,46.59],[-39.688,-46.59]],"c":false},"ix":2},"nm":"Path 1"},{"ty":"st","c":{"a":0,"k":[0,0,0,1],"ix":3},"o":{"a":0,"k":100,"ix":4},"w":{"a":0,"k":32,"ix":5},"lc":2,"lj":2,"nm":"Stroke 1"},{"ty":"tr","p":{"a":0,"k":[0,0],"ix":2},"a":{"a":0,"k":[0,0],"ix":1},"s":{"a":0,"k":[100,100],"ix":3},"r":{"a":0,"k":0,"ix":6},"o":{"a":0,"k":100,"ix":7},"sk":{"a":0,"k":0,"ix":4},"sa":{"a":0,"k":0,"ix":5},"nm":"Transform"}],"nm":"Group 1","cix":2,"ix":1},{"ty":"tm","s":{"a":0,"k":0,"ix":1},"e":{"a":1,"k":[{"i":{"x":[0.833],"y":[0.833]},"o":{"x":[0.167],"y":[0.167]},"t":0,"s":[100]},{"t":6,"s":[0]}],"ix":2},"o":{"a":0,"k":0,"ix":3},"m":2,"ix":2,"nm":"Trim Paths 2"},{"ty":"tr","p":{"a":0,"k":[181.334,287.579],"ix":2},"a":{"a":0,"k":[0,0],"ix":1},"s":{"a":0,"k":[100,100],"ix":3},"r":{"a":0,"k":0,"ix":6},"o":{"a":0,"k":40,"ix":7},"sk":{"a":0,"k":0,"ix":4},"sa":{"a":0,"k":0,"ix":5},"nm":"Transform"}],"nm":"Layer 2","cix":2,"ix":1},{"ty":"gr","it":[{"ty":"gr","it":[{"ind":0,"ty":"sh","ix":1,"ks":{"a":0,"k":{"i":[[0,0],[32.48,-61.026]],"o":[[-115.977,56.153],[0,0]],"v":[[109.645,-109.746],[-109.645,109.746]],"c":false},"ix":2},"nm":"Path 1"},{"ty":"st","c":{"a":0,"k":[0,0,0,1],"ix":3},"o":{"a":0,"k":100,"ix":4},"w":{"a":0,"k":32,"ix":5},"lc":2,"lj":2,"nm":"Stroke 1"},{"ty":"tr","p":{"a":0,"k":[0,0],"ix":2},"a":{"a":0,"k":[0,0],"ix":1},"s":{"a":0,"k":[100,100],"ix":3},"r":{"a":0,"k":0,"ix":6},"o":{"a":0,"k":100,"ix":7},"sk":{"a":0,"k":0,"ix":4},"sa":{"a":0,"k":0,"ix":5},"nm":"Transform"}],"nm":"Group 1","cix":2,"ix":1},{"ty":"tm","s":{"a":0,"k":0,"ix":1},"e":{"a":1,"k":[{"i":{"x":[0.833],"y":[0.833]},"o":{"x":[0.167],"y":[0.167]},"t":6,"s":[100]},{"t":14,"s":[0]}],"ix":2},"o":{"a":0,"k":0,"ix":3},"m":2,"ix":2,"nm":"Trim Paths 1"},{"ty":"tr","p":{"a":0,"k":[330.665,224.422],"ix":2},"a":{"a":0,"k":[0,0],"ix":1},"s":{"a":0,"k":[100,100],"ix":3},"r":{"a":0,"k":0,"ix":6},"o":{"a":0,"k":100,"ix":7},"sk":{"a":0,"k":0,"ix":4},"sa":{"a":0,"k":0,"ix":5},"nm":"Transform"}],"nm":"Layer 1","cix":2,"ix":2}],"ip":0,"op":90,"st":0}],"markers":[]}