{"v":"4.8.0","meta":{"g":"LottieFiles AE 3.5.2","a":"","k":"","d":"","tc":""},"fr":60,"ip":0,"op":90,"w":512,"h":512,"nm":"06 Delivery hand send","assets":[],"layers":[{"ind":1,"ty":4,"nm":"Layer 5","parent":3,"sr":1,"ks":{"o":{"a":0,"k":40,"ix":11},"r":{"a":0,"k":0,"ix":10},"p":{"s":true,"x":{"a":0,"k":0.079,"ix":3},"y":{"a":0,"k":-45.709,"ix":4,"x":"var $bm_rt;\nvar amp, freq, decay, n, n, t, t, v;\ntry {\n    amp = $bm_div(effect('Elastic: Y Position')(1), 200);\n    freq = $bm_div(effect('Elastic: Y Position')(2), 30);\n    decay = $bm_div(effect('Elastic: Y Position')(3), 10);\n    $bm_rt = n = 0;\n    if (numKeys > 0) {\n        $bm_rt = n = nearestKey(time).index;\n        if (key(n).time > time) {\n            n--;\n        }\n    }\n    if (n == 0) {\n        $bm_rt = t = 0;\n    } else {\n        $bm_rt = t = $bm_sub(time, key(n).time);\n    }\n    if (n > 0) {\n        v = velocityAtTime($bm_sub(key(n).time, $bm_div(thisComp.frameDuration, 10)));\n        $bm_rt = $bm_sum(value, $bm_div($bm_mul($bm_mul(v, amp), Math.sin($bm_mul($bm_mul($bm_mul(freq, t), 2), Math.PI))), Math.exp($bm_mul(decay, t))));\n    } else {\n        $bm_rt = value;\n    }\n} catch (e$$4) {\n    $bm_rt = value = value;\n}"}},"a":{"a":0,"k":[0,0,0],"ix":1},"s":{"a":0,"k":[100,100,100],"ix":6}},"ao":0,"ef":[{"ty":5,"nm":"Elastic: Y Position","np":5,"ix":1,"en":1,"ef":[{"ty":0,"nm":"Amplitude","ix":1,"v":{"a":0,"k":20,"ix":1}},{"ty":0,"nm":"Frequency","ix":2,"v":{"a":0,"k":40,"ix":2}},{"ty":0,"nm":"Decay","ix":3,"v":{"a":0,"k":60,"ix":3}}]}],"shapes":[{"ty":"gr","it":[{"ty":"gr","it":[{"ind":0,"ty":"sh","ix":1,"ks":{"a":0,"k":{"i":[[0,0],[0,0],[0,0],[0,0],[0,0]],"o":[[0,0],[0,0],[0,0],[0,0],[0,0]],"v":[[50.638,-78.411],[50.934,58.073],[0.226,39.185],[-50.777,58.411],[-50.934,-77.893]],"c":false},"ix":2},"nm":"Path 1"},{"ty":"tr","p":{"a":0,"k":[0,236.3],"ix":2},"a":{"a":0,"k":[0,294.194],"ix":1},"s":{"a":0,"k":[57,77.5],"ix":3,"x":"var $bm_rt;\n$bm_rt = thisComp.layer('Layer 4').content('Group 1').content('Group 1').transform.scale;"},"r":{"a":0,"k":0,"ix":6},"o":{"a":0,"k":100,"ix":7},"sk":{"a":0,"k":0,"ix":4},"sa":{"a":0,"k":0,"ix":5},"nm":"Transform"}],"nm":"Group 1","cix":2,"ix":1},{"ty":"st","c":{"a":0,"k":[0,0,0,1],"ix":3},"o":{"a":0,"k":100,"ix":4},"w":{"a":0,"k":30.72,"ix":5},"lc":2,"lj":2,"nm":"Stroke 1"},{"ty":"tr","p":{"a":0,"k":[0,0],"ix":2},"a":{"a":0,"k":[0,0],"ix":1},"s":{"a":0,"k":[100,100],"ix":3},"r":{"a":0,"k":0,"ix":6},"o":{"a":0,"k":100,"ix":7},"sk":{"a":0,"k":0,"ix":4},"sa":{"a":0,"k":0,"ix":5},"nm":"Transform"}],"nm":"Group 1","cix":2,"ix":1}],"ip":0,"op":90,"st":0},{"ind":2,"ty":4,"nm":"Mask","td":1,"sr":1,"ks":{"o":{"a":0,"k":100,"ix":11},"r":{"a":0,"k":0,"ix":10},"p":{"a":1,"k":[{"i":{"x":0.667,"y":1},"o":{"x":0.333,"y":0},"t":0,"s":[252.911,346.291,0],"to":[0,8.167,0],"ti":[0,0,0]},{"i":{"x":0.667,"y":1},"o":{"x":0.333,"y":0},"t":45,"s":[252.911,395.291,0],"to":[0,0,0],"ti":[0,8.167,0]},{"t":89,"s":[252.911,346.291,0]}],"ix":2},"a":{"a":0,"k":[252.911,346.291,0],"ix":1},"s":{"a":0,"k":[100,100,100],"ix":6}},"ao":0,"shapes":[{"ty":"gr","it":[{"ind":0,"ty":"sh","ix":1,"ks":{"a":1,"k":[{"i":{"x":0.667,"y":1},"o":{"x":0.333,"y":0},"t":0,"s":[{"i":[[0,0],[0,0],[0,23.753],[19.128,4.803],[28.575,-0.698],[35.907,-24.031],[0,0]],"o":[[0,0],[23.732,0],[0,-19.726],[-27.38,-6.875],[-45.293,1.096],[0,0],[0,0]],"v":[[38.148,46.369],[71.406,46.369],[114.328,5.56],[81.828,-34.751],[-1.445,-46.308],[-114.328,4.045],[-113.648,122.371]],"c":false}]},{"i":{"x":0.667,"y":1},"o":{"x":0.333,"y":0},"t":31,"s":[{"i":[[0,0],[0,0],[0,18.316],[19.128,3.704],[28.575,-0.533],[35.907,-18.531],[0,0]],"o":[[0,0],[23.732,0],[0,-15.211],[-27.38,-5.302],[-45.293,0.845],[0,0],[0,0]],"v":[[38.148,46.369],[71.406,46.369],[114.328,14.9],[81.828,-16.184],[-1.445,-25.096],[-114.328,13.731],[-114.06,123.187]],"c":false}]},{"i":{"x":0.667,"y":1},"o":{"x":0.333,"y":0},"t":58,"s":[{"i":[[0,0],[0,0],[0,18.316],[19.128,3.704],[28.575,-0.533],[35.907,-18.531],[0,0]],"o":[[0,0],[23.732,0],[0,-15.211],[-27.38,-5.302],[-45.293,0.845],[0,0],[0,0]],"v":[[38.148,46.369],[71.406,46.369],[114.328,14.9],[81.828,-16.184],[-1.445,-25.096],[-114.328,13.731],[-114.81,123.187]],"c":false}]},{"t":89,"s":[{"i":[[0,0],[0,0],[0,23.753],[19.128,4.803],[28.575,-0.698],[35.907,-24.031],[0,0]],"o":[[0,0],[23.732,0],[0,-19.726],[-27.38,-6.875],[-45.293,1.096],[0,0],[0,0]],"v":[[38.148,46.369],[71.406,46.369],[114.328,5.56],[81.828,-34.751],[-1.445,-46.308],[-114.328,4.045],[-113.06,122.649]],"c":false}]}],"ix":2},"nm":"Path 1"},{"ty":"tr","p":{"a":0,"k":[184.648,298.629],"ix":2},"a":{"a":0,"k":[0,0],"ix":1},"s":{"a":0,"k":[100,100],"ix":3},"r":{"a":0,"k":0,"ix":6},"o":{"a":0,"k":100,"ix":7},"sk":{"a":0,"k":0,"ix":4},"sa":{"a":0,"k":0,"ix":5},"nm":"Transform"}],"nm":"Group 1","cix":2,"ix":1},{"ty":"gr","it":[{"ind":0,"ty":"sh","ix":1,"ks":{"a":1,"k":[{"i":{"x":0.667,"y":1},"o":{"x":0.333,"y":0},"t":0,"s":[{"i":[[0,0],[-16.978,0.42],[-29.989,22.577],[-13.552,-13.588],[15.024,-15.086],[43.878,-17.056],[61.672,12.216],[24.151,0]],"o":[[16.818,-2.47],[39.393,-0.936],[15.323,-11.538],[15.024,15.104],[-32.381,32.52],[-60.895,23.693],[-23.872,-4.702],[0,0]],"v":[[-30.115,-14.83],[20.798,-15.209],[121.027,-72.018],[171.343,-68.432],[171.343,-13.773],[66.469,65.951],[-112.609,65.951],[-182.611,60.95]],"c":false}]},{"i":{"x":0.667,"y":1},"o":{"x":0.333,"y":0},"t":31,"s":[{"i":[[0,0],[-16.978,0.42],[-37.509,1.45],[-3.36,-18.895],[20.621,-5.298],[42.621,-8.123],[61.672,12.216],[24.151,0]],"o":[[16.818,-2.47],[39.393,-0.936],[19.167,-0.741],[3.729,20.975],[-40.901,10.509],[-64.187,12.233],[-23.872,-4.702],[0,0]],"v":[[-30.115,-14.83],[20.798,-15.209],[179.161,-34.345],[218.449,-2.708],[187.281,42.194],[63.469,66.951],[-112.609,65.951],[-182.611,60.95]],"c":false}]},{"i":{"x":0.667,"y":1},"o":{"x":0.333,"y":0},"t":58,"s":[{"i":[[0,0],[-16.978,0.42],[-37.509,1.45],[-3.36,-18.895],[20.621,-5.298],[42.621,-8.123],[61.672,12.216],[24.151,0]],"o":[[16.818,-2.47],[39.393,-0.936],[19.167,-0.741],[3.729,20.975],[-40.901,10.509],[-64.187,12.233],[-23.872,-4.702],[0,0]],"v":[[-30.115,-14.83],[20.798,-15.209],[179.161,-34.345],[218.449,-2.708],[187.281,42.194],[63.469,66.951],[-112.609,65.951],[-182.611,60.95]],"c":false}]},{"t":89,"s":[{"i":[[0,0],[-16.978,0.42],[-29.989,22.577],[-13.552,-13.588],[15.024,-15.086],[43.878,-17.056],[61.672,12.216],[24.151,0]],"o":[[16.818,-2.47],[39.393,-0.936],[15.323,-11.538],[15.024,15.104],[-32.381,32.52],[-60.895,23.693],[-23.872,-4.702],[0,0]],"v":[[-30.115,-14.83],[20.798,-15.209],[121.027,-72.018],[171.343,-68.432],[171.343,-13.773],[66.469,65.951],[-112.609,65.951],[-182.611,60.95]],"c":false}]}],"ix":2},"nm":"Path 1"},{"ty":"st","c":{"a":0,"k":[0,0,0,1],"ix":3},"o":{"a":0,"k":100,"ix":4},"w":{"a":0,"k":30.72,"ix":5},"lc":2,"lj":2,"nm":"Stroke 1"},{"ty":"tr","p":{"a":0,"k":[252.911,360.575],"ix":2},"a":{"a":0,"k":[0,0],"ix":1},"s":{"a":0,"k":[100,100],"ix":3},"r":{"a":0,"k":0,"ix":6},"o":{"a":0,"k":100,"ix":7},"sk":{"a":0,"k":0,"ix":4},"sa":{"a":0,"k":0,"ix":5},"nm":"Transform"}],"nm":"Group 2","cix":2,"ix":2},{"ty":"fl","c":{"a":0,"k":[1,0,0,1],"ix":4},"o":{"a":0,"k":100,"ix":5},"r":1,"nm":"Fill 1"}],"ip":0,"op":90,"st":0},{"ind":3,"ty":4,"nm":"Layer 4","tt":2,"sr":1,"ks":{"o":{"a":0,"k":100,"ix":11},"r":{"a":0,"k":0,"ix":10},"p":{"s":true,"x":{"a":0,"k":258.92,"ix":3},"y":{"a":1,"k":[{"i":{"x":[0.23],"y":[1]},"o":{"x":[0.333],"y":[0]},"t":4,"s":[368.32]},{"i":{"x":[0.667],"y":[1]},"o":{"x":[0.77],"y":[0]},"t":44,"s":[265.02]},{"i":{"x":[0.667],"y":[1]},"o":{"x":[0.333],"y":[0]},"t":80,"s":[368.32]},{"t":93,"s":[368.32]}],"ix":4}},"a":{"a":0,"k":[0,184.32,0],"ix":1},"s":{"a":0,"k":[100,100,100],"ix":6}},"ao":0,"ef":[{"ty":5,"nm":"Elastic: Scale - Transform","np":5,"ix":1,"en":1,"ef":[{"ty":0,"nm":"Amplitude","ix":1,"v":{"a":0,"k":20,"ix":1}},{"ty":0,"nm":"Frequency","ix":2,"v":{"a":0,"k":40,"ix":2}},{"ty":0,"nm":"Decay","ix":3,"v":{"a":0,"k":60,"ix":3}}]},{"ty":5,"nm":"Elastic Controller","np":5,"ix":2,"en":1,"ef":[{"ty":0,"nm":"Amplitude","ix":1,"v":{"a":0,"k":20,"ix":1}},{"ty":0,"nm":"Frequency","ix":2,"v":{"a":0,"k":40,"ix":2}},{"ty":0,"nm":"Decay","ix":3,"v":{"a":0,"k":206,"ix":3}}]}],"shapes":[{"ty":"gr","it":[{"ty":"gr","it":[{"ind":0,"ty":"sh","ix":1,"ks":{"a":0,"k":{"i":[[-50.868,0.118],[0,0],[-0.12,-51.886],[0,0],[60.328,-0.139],[0,0],[0.139,60.269],[0,0]],"o":[[0,0],[51.921,-0.12],[0,0],[0.139,60.271],[0,0],[-60.329,0.139],[0,0],[-0.118,-50.969]],"v":[[-101.764,-183.902],[99.479,-184.339],[183.923,-96.006],[184.3,80.838],[86.692,183.902],[-85.835,184.32],[-183.921,81.715],[-184.321,-96.731]],"c":true},"ix":2},"nm":"Path 1"},{"ty":"tr","p":{"a":0,"k":[0,184],"ix":2},"a":{"a":0,"k":[0,184],"ix":1},"s":{"a":1,"k":[{"i":{"x":[0.23,0.23],"y":[1,1]},"o":{"x":[0.333,0.333],"y":[0,0]},"t":0,"s":[80.3,80.3]},{"i":{"x":[0.667,0.667],"y":[1,1]},"o":{"x":[0.77,0.77],"y":[0,0]},"t":41,"s":[61.7,61.7]},{"t":89,"s":[80.3,80.3]}],"ix":3,"x":"var $bm_rt;\nvar amp, freq, decay, n, n, t, t, v;\ntry {\n    amp = $bm_div(effect('Elastic: Scale - Transform')(1), 200);\n    freq = $bm_div(effect('Elastic: Scale - Transform')(2), 30);\n    decay = $bm_div(effect('Elastic: Scale - Transform')(3), 10);\n    $bm_rt = n = 0;\n    if (numKeys > 0) {\n        $bm_rt = n = nearestKey(time).index;\n        if (key(n).time > time) {\n            n--;\n        }\n    }\n    if (n == 0) {\n        $bm_rt = t = 0;\n    } else {\n        $bm_rt = t = $bm_sub(time, key(n).time);\n    }\n    if (n > 0) {\n        v = velocityAtTime($bm_sub(key(n).time, $bm_div(thisComp.frameDuration, 10)));\n        $bm_rt = $bm_sum(value, $bm_div($bm_mul($bm_mul(v, amp), Math.sin($bm_mul($bm_mul($bm_mul(freq, t), 2), Math.PI))), Math.exp($bm_mul(decay, t))));\n    } else {\n        $bm_rt = value;\n    }\n} catch (e$$4) {\n    $bm_rt = value = value;\n}"},"r":{"a":0,"k":0,"ix":6},"o":{"a":0,"k":100,"ix":7},"sk":{"a":0,"k":0,"ix":4},"sa":{"a":0,"k":0,"ix":5},"nm":"Transform"}],"nm":"Group 1","cix":2,"ix":1},{"ty":"st","c":{"a":0,"k":[0,0,0,1],"ix":3},"o":{"a":0,"k":100,"ix":4},"w":{"a":0,"k":30.72,"ix":5},"lc":2,"lj":2,"nm":"Stroke 1"},{"ty":"tr","p":{"a":0,"k":[0,184.32],"ix":2},"a":{"a":0,"k":[0,184.32],"ix":1},"s":{"a":0,"k":[100,100],"ix":3},"r":{"a":0,"k":0,"ix":6},"o":{"a":0,"k":100,"ix":7},"sk":{"a":0,"k":0,"ix":4},"sa":{"a":0,"k":0,"ix":5},"nm":"Transform"}],"nm":"Group 1","cix":2,"ix":1},{"ty":"tm","s":{"a":1,"k":[{"i":{"x":[0.833],"y":[0.833]},"o":{"x":[0.167],"y":[0.167]},"t":12,"s":[16.5]},{"i":{"x":[0.833],"y":[0.833]},"o":{"x":[0.167],"y":[0.167]},"t":13,"s":[0]},{"i":{"x":[0.833],"y":[0.833]},"o":{"x":[0.167],"y":[0.167]},"t":70,"s":[0]},{"t":71,"s":[16.5]}],"ix":1},"e":{"a":0,"k":100,"ix":2},"o":{"a":0,"k":-145,"ix":3},"m":1,"ix":2,"nm":"Trim Paths 1"}],"ip":0,"op":90,"st":0},{"ind":5,"ty":4,"nm":"Layer 1","sr":1,"ks":{"o":{"a":0,"k":100,"ix":11},"r":{"a":0,"k":0,"ix":10},"p":{"a":1,"k":[{"i":{"x":0.667,"y":1},"o":{"x":0.333,"y":0},"t":0,"s":[252.911,346.291,0],"to":[0,8.167,0],"ti":[0,0,0]},{"i":{"x":0.667,"y":1},"o":{"x":0.333,"y":0},"t":45,"s":[252.911,395.291,0],"to":[0,0,0],"ti":[0,8.167,0]},{"t":89,"s":[252.911,346.291,0]}],"ix":2},"a":{"a":0,"k":[252.911,346.291,0],"ix":1},"s":{"a":0,"k":[100,100,100],"ix":6}},"ao":0,"shapes":[{"ty":"gr","it":[{"ind":0,"ty":"sh","ix":1,"ks":{"a":1,"k":[{"i":{"x":0.667,"y":1},"o":{"x":0.333,"y":0},"t":0,"s":[{"i":[[0,0],[0,0],[0,23.753],[19.128,4.803],[28.575,-0.698],[35.907,-24.031]],"o":[[0,0],[23.732,0],[0,-19.726],[-27.38,-6.875],[-45.293,1.096],[0,0]],"v":[[38.148,46.369],[71.406,46.369],[114.328,5.56],[81.828,-34.751],[-1.445,-46.308],[-114.328,4.045]],"c":false}]},{"i":{"x":0.667,"y":1},"o":{"x":0.333,"y":0},"t":31,"s":[{"i":[[0,0],[0,0],[0,18.316],[19.128,3.704],[28.575,-0.533],[35.907,-18.531]],"o":[[0,0],[23.732,0],[0,-15.211],[-27.38,-5.302],[-45.293,0.845],[0,0]],"v":[[38.148,46.369],[71.406,46.369],[114.328,14.9],[81.828,-16.184],[-1.445,-25.096],[-114.328,13.731]],"c":false}]},{"i":{"x":0.667,"y":1},"o":{"x":0.333,"y":0},"t":58,"s":[{"i":[[0,0],[0,0],[0,18.316],[19.128,3.704],[28.575,-0.533],[35.907,-18.531]],"o":[[0,0],[23.732,0],[0,-15.211],[-27.38,-5.302],[-45.293,0.845],[0,0]],"v":[[38.148,46.369],[71.406,46.369],[114.328,14.9],[81.828,-16.184],[-1.445,-25.096],[-114.328,13.731]],"c":false}]},{"t":89,"s":[{"i":[[0,0],[0,0],[0,23.753],[19.128,4.803],[28.575,-0.698],[35.907,-24.031]],"o":[[0,0],[23.732,0],[0,-19.726],[-27.38,-6.875],[-45.293,1.096],[0,0]],"v":[[38.148,46.369],[71.406,46.369],[114.328,5.56],[81.828,-34.751],[-1.445,-46.308],[-114.328,4.045]],"c":false}]}],"ix":2},"nm":"Path 1"},{"ty":"st","c":{"a":0,"k":[0,0,0,1],"ix":3},"o":{"a":0,"k":100,"ix":4},"w":{"a":0,"k":30.72,"ix":5},"lc":2,"lj":2,"nm":"Stroke 1"},{"ty":"tr","p":{"a":0,"k":[184.648,298.629],"ix":2},"a":{"a":0,"k":[0,0],"ix":1},"s":{"a":0,"k":[100,100],"ix":3},"r":{"a":0,"k":0,"ix":6},"o":{"a":0,"k":100,"ix":7},"sk":{"a":0,"k":0,"ix":4},"sa":{"a":0,"k":0,"ix":5},"nm":"Transform"}],"nm":"Group 1","cix":2,"ix":1},{"ty":"gr","it":[{"ind":0,"ty":"sh","ix":1,"ks":{"a":1,"k":[{"i":{"x":0.667,"y":1},"o":{"x":0.333,"y":0},"t":0,"s":[{"i":[[0,0],[-16.978,0.42],[-29.989,22.577],[-13.552,-13.588],[15.024,-15.086],[43.878,-17.056],[61.672,12.216],[24.151,0]],"o":[[16.818,-2.47],[39.393,-0.936],[15.323,-11.538],[15.024,15.104],[-32.381,32.52],[-60.895,23.693],[-23.872,-4.702],[0,0]],"v":[[-30.115,-14.83],[20.798,-15.209],[121.027,-72.018],[171.343,-68.432],[171.343,-13.773],[66.469,65.951],[-112.609,65.951],[-182.611,60.95]],"c":false}]},{"i":{"x":0.667,"y":1},"o":{"x":0.333,"y":0},"t":31,"s":[{"i":[[0,0],[-16.978,0.42],[-37.509,1.45],[-3.36,-18.895],[20.621,-5.298],[42.621,-8.123],[61.672,12.216],[24.151,0]],"o":[[16.818,-2.47],[39.393,-0.936],[19.167,-0.741],[3.729,20.975],[-40.901,10.509],[-64.187,12.233],[-23.872,-4.702],[0,0]],"v":[[-30.115,-14.83],[20.798,-15.209],[179.161,-34.345],[218.449,-2.708],[187.281,42.194],[63.469,66.951],[-112.609,65.951],[-182.611,60.95]],"c":false}]},{"i":{"x":0.667,"y":1},"o":{"x":0.333,"y":0},"t":58,"s":[{"i":[[0,0],[-16.978,0.42],[-37.509,1.45],[-3.36,-18.895],[20.621,-5.298],[42.621,-8.123],[61.672,12.216],[24.151,0]],"o":[[16.818,-2.47],[39.393,-0.936],[19.167,-0.741],[3.729,20.975],[-40.901,10.509],[-64.187,12.233],[-23.872,-4.702],[0,0]],"v":[[-30.115,-14.83],[20.798,-15.209],[179.161,-34.345],[218.449,-2.708],[187.281,42.194],[63.469,66.951],[-112.609,65.951],[-182.611,60.95]],"c":false}]},{"t":89,"s":[{"i":[[0,0],[-16.978,0.42],[-29.989,22.577],[-13.552,-13.588],[15.024,-15.086],[43.878,-17.056],[61.672,12.216],[24.151,0]],"o":[[16.818,-2.47],[39.393,-0.936],[15.323,-11.538],[15.024,15.104],[-32.381,32.52],[-60.895,23.693],[-23.872,-4.702],[0,0]],"v":[[-30.115,-14.83],[20.798,-15.209],[121.027,-72.018],[171.343,-68.432],[171.343,-13.773],[66.469,65.951],[-112.609,65.951],[-182.611,60.95]],"c":false}]}],"ix":2},"nm":"Path 1"},{"ty":"st","c":{"a":0,"k":[0,0,0,1],"ix":3},"o":{"a":0,"k":100,"ix":4},"w":{"a":0,"k":30.72,"ix":5},"lc":2,"lj":2,"nm":"Stroke 1"},{"ty":"tr","p":{"a":0,"k":[252.911,360.575],"ix":2},"a":{"a":0,"k":[0,0],"ix":1},"s":{"a":0,"k":[100,100],"ix":3},"r":{"a":0,"k":0,"ix":6},"o":{"a":0,"k":100,"ix":7},"sk":{"a":0,"k":0,"ix":4},"sa":{"a":0,"k":0,"ix":5},"nm":"Transform"}],"nm":"Group 2","cix":2,"ix":2}],"ip":0,"op":90,"st":0}],"markers":[]}