{"v":"4.8.0","meta":{"g":"LottieFiles AE 3.5.2","a":"","k":"","d":"","tc":""},"fr":60,"ip":0,"op":90,"w":512,"h":512,"nm":"05 Delivery Box","assets":[],"layers":[{"ind":1,"ty":3,"nm":"Null 6","sr":1,"ks":{"o":{"a":0,"k":0,"ix":11},"r":{"a":1,"k":[{"i":{"x":[0.12],"y":[1]},"o":{"x":[0.66],"y":[0]},"t":0,"s":[0]},{"i":{"x":[0.833],"y":[1]},"o":{"x":[0.167],"y":[0]},"t":30,"s":[-180]},{"t":31,"s":[0]}],"ix":10},"p":{"a":0,"k":[253,256,0],"ix":2},"a":{"a":0,"k":[50,50,0],"ix":1},"s":{"a":0,"k":[100,100,100],"ix":6}},"ao":0,"ip":31,"op":90,"st":0},{"ind":2,"ty":3,"nm":"Null 7","parent":1,"sr":1,"ks":{"o":{"a":0,"k":0,"ix":11},"r":{"a":0,"k":0,"ix":10},"p":{"a":0,"k":[53,224,0],"ix":2},"a":{"a":0,"k":[50,50,0],"ix":1},"s":{"a":1,"k":[{"i":{"x":[0.667,0.667,0.667],"y":[1,1,1]},"o":{"x":[0.333,0.333,0.333],"y":[0,0,0]},"t":32,"s":[100,100,100]},{"i":{"x":[0.833,0.833,0.833],"y":[1,0.833,1]},"o":{"x":[0.333,0.333,0.333],"y":[0,0,0]},"t":42,"s":[100,88.5,100]},{"t":50.16,"s":[100,100,100]}],"ix":6,"x":"var $bm_rt;\nvar amp, freq, decay, n, n, t, t, v;\ntry {\n    amp = $bm_div(effect('Elastic: Scale')(1), 200);\n    freq = $bm_div(effect('Elastic: Scale')(2), 30);\n    decay = $bm_div(effect('Elastic: Scale')(3), 10);\n    $bm_rt = n = 0;\n    if (numKeys > 0) {\n        $bm_rt = n = nearestKey(time).index;\n        if (key(n).time > time) {\n            n--;\n        }\n    }\n    if (n == 0) {\n        $bm_rt = t = 0;\n    } else {\n        $bm_rt = t = $bm_sub(time, key(n).time);\n    }\n    if (n > 0) {\n        v = velocityAtTime($bm_sub(key(n).time, $bm_div(thisComp.frameDuration, 10)));\n        $bm_rt = $bm_sum(value, $bm_div($bm_mul($bm_mul(v, amp), Math.sin($bm_mul($bm_mul($bm_mul(freq, t), 2), Math.PI))), Math.exp($bm_mul(decay, t))));\n    } else {\n        $bm_rt = value;\n    }\n} catch (e$$4) {\n    $bm_rt = value = value;\n}"}},"ao":0,"ef":[{"ty":5,"nm":"Elastic: Scale","np":5,"ix":1,"en":1,"ef":[{"ty":0,"nm":"Amplitude","ix":1,"v":{"a":0,"k":20,"ix":1}},{"ty":0,"nm":"Frequency","ix":2,"v":{"a":0,"k":40,"ix":2}},{"ty":0,"nm":"Decay","ix":3,"v":{"a":0,"k":60,"ix":3}}]}],"ip":31,"op":90,"st":0},{"ind":3,"ty":4,"nm":"Layer 7","parent":2,"sr":1,"ks":{"o":{"a":0,"k":100,"ix":11},"r":{"a":0,"k":0,"ix":10},"p":{"a":0,"k":[46.916,-124.059,0],"ix":2},"a":{"a":0,"k":[0,0,0],"ix":1},"s":{"a":0,"k":[100,96.594,100],"ix":6}},"ao":0,"shapes":[{"ty":"gr","it":[{"ind":0,"ty":"sh","ix":1,"ks":{"a":1,"k":[{"i":{"x":0.12,"y":1},"o":{"x":0.66,"y":0},"t":0,"s":[{"i":[[0,-18.861],[0,-17.795],[15.201,-8.776],[15.424,-8.907],[15.056,8.693],[15.403,8.888],[0,18.184],[0,17.814],[-15.632,9.058],[-12.064,7.049],[-14.223,-8.457],[-15.403,-8.907]],"o":[[0,18.861],[0,17.795],[-15.201,8.776],[-15.423,8.907],[-15.056,-8.693],[-15.403,-8.888],[0,-18.184],[0,-17.814],[16.921,-9.805],[15.613,-9.123],[11.958,7.11],[15.403,8.907]],"v":[[166.136,-67.145],[166.136,67.159],[141.228,110.3],[24.918,177.452],[-24.918,177.452],[-141.228,110.3],[-166.136,67.159],[-166.136,-67.145],[-141.228,-110.306],[-24.918,-177.457],[24.918,-177.457],[141.228,-110.306]],"c":true}]},{"i":{"x":0.12,"y":1},"o":{"x":0.167,"y":0},"t":30,"s":[{"i":[[0,-18.861],[0,-17.795],[0,-17.726],[54.208,0],[16.143,0],[28.674,0],[0,25.539],[0,17.814],[0,19.506],[-37.921,0],[-16.084,0],[-15.379,0]],"o":[[0,18.861],[0,17.795],[0,13.774],[-19.536,0],[-16.083,0],[-34.826,0],[0,-18.183],[0,-17.814],[0,-31.988],[15.579,0],[12.761,0],[39.121,0]],"v":[[147.035,-102.145],[146.809,47.159],[146.656,83.423],[99.876,143.266],[58.031,142.967],[-103.59,143.518],[-147.909,93.659],[-147.296,-49.145],[-147.224,-92.314],[-94.994,-145.612],[-50.832,-145.612],[96.963,-145.309]],"c":true}]},{"t":55,"s":[{"i":[[0,-18.861],[0,-17.795],[15.201,-8.776],[15.424,-8.907],[15.056,8.693],[15.403,8.888],[0,18.184],[0,17.814],[-15.632,9.058],[-12.064,7.049],[-14.223,-8.457],[-15.403,-8.907]],"o":[[0,18.861],[0,17.795],[-15.201,8.776],[-15.423,8.907],[-15.056,-8.693],[-15.403,-8.888],[0,-18.184],[0,-17.814],[16.921,-9.805],[15.613,-9.123],[11.958,7.11],[15.403,8.907]],"v":[[166.136,-67.145],[166.136,67.159],[141.228,110.3],[24.918,177.452],[-24.918,177.452],[-141.228,110.3],[-166.136,67.159],[-166.136,-67.145],[-141.228,-110.306],[-24.918,-177.457],[24.918,-177.457],[141.228,-110.306]],"c":true}]}],"ix":2},"nm":"Path 1"},{"ty":"tr","p":{"a":0,"k":[0.062,0.032],"ix":2},"a":{"a":0,"k":[0.062,0.032],"ix":1},"s":{"a":0,"k":[-100,103.637],"ix":3},"r":{"a":0,"k":0,"ix":6},"o":{"a":0,"k":100,"ix":7},"sk":{"a":0,"k":0,"ix":4},"sa":{"a":0,"k":0,"ix":5},"nm":"Transform"}],"nm":"Group 1","cix":2,"ix":1},{"ty":"st","c":{"a":0,"k":[0,0,0,1],"ix":3},"o":{"a":0,"k":100,"ix":4},"w":{"a":0,"k":30.72,"ix":5},"lc":2,"lj":2,"nm":"Stroke 1"}],"ip":31,"op":90,"st":0},{"ind":4,"ty":4,"nm":"Mask 2","parent":2,"td":1,"sr":1,"ks":{"o":{"a":0,"k":100,"ix":11},"r":{"a":0,"k":0,"ix":10},"p":{"a":0,"k":[46.916,-124.059,0],"ix":2},"a":{"a":0,"k":[0,0,0],"ix":1},"s":{"a":0,"k":[100,96.594,100],"ix":6}},"ao":0,"shapes":[{"ty":"gr","it":[{"ind":0,"ty":"sh","ix":1,"ks":{"a":1,"k":[{"i":{"x":0.12,"y":1},"o":{"x":0.66,"y":0},"t":0,"s":[{"i":[[0,-18.861],[0,-17.795],[15.201,-8.776],[15.424,-8.907],[15.056,8.693],[15.403,8.888],[0,18.184],[0,17.814],[-15.632,9.058],[-12.064,7.049],[-14.223,-8.457],[-15.403,-8.907]],"o":[[0,18.861],[0,17.795],[-15.201,8.776],[-15.423,8.907],[-15.056,-8.693],[-15.403,-8.888],[0,-18.184],[0,-17.814],[16.921,-9.805],[15.613,-9.123],[11.958,7.11],[15.403,8.907]],"v":[[166.136,-67.145],[166.136,67.159],[141.228,110.3],[24.918,177.452],[-24.918,177.452],[-141.228,110.3],[-166.136,67.159],[-166.136,-67.145],[-141.228,-110.306],[-24.918,-177.457],[24.918,-177.457],[141.228,-110.306]],"c":true}]},{"i":{"x":0.12,"y":1},"o":{"x":0.167,"y":0},"t":30,"s":[{"i":[[0,-18.861],[0,-17.795],[0,-17.726],[54.208,0],[16.143,0],[28.674,0],[0,25.539],[0,17.814],[0,19.506],[-37.921,0],[-16.084,0],[-15.379,0]],"o":[[0,18.861],[0,17.795],[0,13.774],[-19.536,0],[-16.083,0],[-34.826,0],[0,-18.183],[0,-17.814],[0,-31.988],[15.579,0],[12.761,0],[39.121,0]],"v":[[147.035,-102.145],[146.809,47.159],[146.656,83.423],[99.876,143.266],[58.031,142.967],[-103.59,143.518],[-147.909,93.659],[-147.296,-49.145],[-147.224,-92.314],[-94.994,-145.612],[-50.832,-145.612],[96.963,-145.309]],"c":true}]},{"t":55,"s":[{"i":[[0,-18.861],[0,-17.795],[15.201,-8.776],[15.424,-8.907],[15.056,8.693],[15.403,8.888],[0,18.184],[0,17.814],[-15.632,9.058],[-12.064,7.049],[-14.223,-8.457],[-15.403,-8.907]],"o":[[0,18.861],[0,17.795],[-15.201,8.776],[-15.423,8.907],[-15.056,-8.693],[-15.403,-8.888],[0,-18.184],[0,-17.814],[16.921,-9.805],[15.613,-9.123],[11.958,7.11],[15.403,8.907]],"v":[[166.136,-67.145],[166.136,67.159],[141.228,110.3],[24.918,177.452],[-24.918,177.452],[-141.228,110.3],[-166.136,67.159],[-166.136,-67.145],[-141.228,-110.306],[-24.918,-177.457],[24.918,-177.457],[141.228,-110.306]],"c":true}]}],"ix":2},"nm":"Path 1"},{"ty":"tr","p":{"a":0,"k":[0.094,0],"ix":2},"a":{"a":0,"k":[0.094,0],"ix":1},"s":{"a":0,"k":[100,100],"ix":3,"x":"var $bm_rt;\n$bm_rt = thisComp.layer('Layer 5').content('Group 1').transform.scale;"},"r":{"a":0,"k":0,"ix":6},"o":{"a":0,"k":100,"ix":7},"sk":{"a":0,"k":0,"ix":4},"sa":{"a":0,"k":0,"ix":5},"nm":"Transform"}],"nm":"Group 1","cix":2,"ix":1},{"ty":"fl","c":{"a":0,"k":[1,0,0,1],"ix":4},"o":{"a":0,"k":100,"ix":5},"r":1,"nm":"Fill 1"}],"ip":31,"op":90,"st":0},{"ind":5,"ty":4,"nm":"Layer 4 :M 2","parent":2,"tt":1,"sr":1,"ks":{"o":{"a":0,"k":40,"ix":11},"r":{"a":0,"k":0,"ix":10},"p":{"a":0,"k":[46.842,-79.708,0],"ix":2},"a":{"a":0,"k":[252.842,301.718,0],"ix":1},"s":{"a":0,"k":[100,96.594,100],"ix":6}},"ao":0,"shapes":[{"ty":"gr","it":[{"ty":"gr","it":[{"ty":"gr","it":[{"ind":0,"ty":"sh","ix":1,"ks":{"a":1,"k":[{"i":{"x":0.12,"y":1},"o":{"x":0.66,"y":0},"t":0,"s":[{"i":[[0,0],[0,0]],"o":[[0,0],[0,0]],"v":[[0,92.628],[0,-92.628]],"c":false}]},{"i":{"x":0.12,"y":1},"o":{"x":0.167,"y":0},"t":30,"s":[{"i":[[0,0],[0,0]],"o":[[0,0],[0,0]],"v":[[169.81,52.064],[169.642,-261.607]],"c":false}]},{"t":55,"s":[{"i":[[0,0],[0,0]],"o":[[0,0],[0,0]],"v":[[0,92.628],[0,-92.628]],"c":false}]}],"ix":2},"nm":"Path 1"},{"ty":"tr","p":{"a":0,"k":[0.008,-91.816],"ix":2},"a":{"a":0,"k":[0.008,-91.816],"ix":1},"s":{"a":0,"k":[100,100],"ix":3,"x":"var $bm_rt;\n$bm_rt = thisComp.layer('Layer 5').content('Group 1').transform.scale;"},"r":{"a":0,"k":0,"ix":6},"o":{"a":0,"k":100,"ix":7},"sk":{"a":0,"k":0,"ix":4},"sa":{"a":0,"k":0,"ix":5},"nm":"Transform"}],"nm":"Group 1","cix":2,"ix":1},{"ty":"st","c":{"a":0,"k":[0,0,0,1],"ix":3},"o":{"a":0,"k":100,"ix":4},"w":{"a":0,"k":30.72,"ix":5},"lc":2,"lj":2,"nm":"Stroke 1"},{"ty":"tr","p":{"a":0,"k":[0,-92.628],"ix":2},"a":{"a":0,"k":[0,-92.628],"ix":1},"s":{"a":0,"k":[100,100],"ix":3},"r":{"a":0,"k":0,"ix":6},"o":{"a":0,"k":100,"ix":7},"sk":{"a":0,"k":0,"ix":4},"sa":{"a":0,"k":0,"ix":5},"nm":"Transform"}],"nm":"Group 1","cix":2,"ix":1},{"ty":"tr","p":{"a":0,"k":[252.961,255.06],"ix":2},"a":{"a":0,"k":[0,-92.628],"ix":1},"s":{"a":0,"k":[100,100],"ix":3},"r":{"a":0,"k":0,"ix":6},"o":{"a":0,"k":100,"ix":7},"sk":{"a":0,"k":0,"ix":4},"sa":{"a":0,"k":0,"ix":5},"nm":"Transform"}],"nm":"Layer 4","cix":2,"ix":1},{"ty":"gr","it":[{"ty":"gr","it":[{"ind":0,"ty":"sh","ix":1,"ks":{"a":1,"k":[{"i":{"x":0.12,"y":1},"o":{"x":0.66,"y":0},"t":0,"s":[{"i":[[0,0],[0,0],[0,0]],"o":[[0,0],[0,0],[0,0]],"v":[[-159.162,-46.04],[0.01,46.04],[159.162,-46.04]],"c":false}]},{"i":{"x":0.12,"y":1},"o":{"x":0.167,"y":0},"t":30,"s":[{"i":[[0,0],[0,0],[0,0]],"o":[[0,0],[0,0],[0,0]],"v":[[-151.622,-120.957],[169.824,-121.048],[170.144,-121.218]],"c":false}]},{"t":55,"s":[{"i":[[0,0],[0,0],[0,0]],"o":[[0,0],[0,0],[0,0]],"v":[[-159.162,-46.04],[0.01,46.04],[159.162,-46.04]],"c":false}]}],"ix":2},"nm":"Path 1"},{"ty":"tr","p":{"a":0,"k":[0.188,46.684],"ix":2},"a":{"a":0,"k":[0.188,46.684],"ix":1},"s":{"a":0,"k":[100,100],"ix":3,"x":"var $bm_rt;\n$bm_rt = thisComp.layer('Layer 5').content('Group 1').transform.scale;"},"r":{"a":0,"k":0,"ix":6},"o":{"a":0,"k":100,"ix":7},"sk":{"a":0,"k":0,"ix":4},"sa":{"a":0,"k":0,"ix":5},"nm":"Transform"}],"nm":"Group 1","cix":2,"ix":1},{"ty":"st","c":{"a":0,"k":[0,0,0,1],"ix":3},"o":{"a":0,"k":100,"ix":4},"w":{"a":0,"k":30.72,"ix":5},"lc":2,"lj":2,"nm":"Stroke 1"},{"ty":"tr","p":{"a":0,"k":[252.842,209.16],"ix":2},"a":{"a":0,"k":[0,0],"ix":1},"s":{"a":0,"k":[100,100],"ix":3},"r":{"a":0,"k":0,"ix":6},"o":{"a":0,"k":100,"ix":7},"sk":{"a":0,"k":0,"ix":4},"sa":{"a":0,"k":0,"ix":5},"nm":"Transform"}],"nm":"Layer 3","cix":2,"ix":2},{"ty":"gr","it":[{"ty":"rc","d":1,"s":{"a":0,"k":[483.469,483.469],"ix":2},"p":{"a":0,"k":[0,0],"ix":3},"r":{"a":0,"k":0,"ix":4},"nm":"Rectangle Path 1"},{"ty":"fl","c":{"a":0,"k":[1,0,0,1],"ix":4},"o":{"a":0,"k":100,"ix":5},"r":1,"nm":"Fill 1"},{"ty":"tr","p":{"a":0,"k":[253.734,254.311],"ix":2},"a":{"a":0,"k":[0,0],"ix":1},"s":{"a":0,"k":[100,100],"ix":3},"r":{"a":0,"k":0,"ix":6},"o":{"a":0,"k":0,"ix":7},"sk":{"a":0,"k":0,"ix":4},"sa":{"a":0,"k":0,"ix":5},"nm":"Transform"}],"nm":"Rectangle 1","cix":2,"ix":3}],"ip":31,"op":90,"st":0},{"ind":7,"ty":3,"nm":"Null 6","sr":1,"ks":{"o":{"a":0,"k":0,"ix":11},"r":{"a":1,"k":[{"i":{"x":[0.12],"y":[1]},"o":{"x":[0.66],"y":[0]},"t":0,"s":[0]},{"t":30,"s":[-180]}],"ix":10},"p":{"a":0,"k":[253,256,0],"ix":2},"a":{"a":0,"k":[50,50,0],"ix":1},"s":{"a":0,"k":[100,100,100],"ix":6}},"ao":0,"ip":0,"op":31,"st":0},{"ind":8,"ty":3,"nm":"Null 5","parent":7,"sr":1,"ks":{"o":{"a":0,"k":0,"ix":11},"r":{"a":0,"k":0,"ix":10},"p":{"a":0,"k":[53,224,0],"ix":2},"a":{"a":0,"k":[50,50,0],"ix":1},"s":{"a":1,"k":[{"i":{"x":[0.667,0.667,0.667],"y":[1,1,1]},"o":{"x":[0.333,0.333,0.333],"y":[0,0,0]},"t":32,"s":[100,100,100]},{"i":{"x":[0.833,0.833,0.833],"y":[1,0.833,1]},"o":{"x":[0.333,0.333,0.333],"y":[0,0,0]},"t":42,"s":[100,88.5,100]},{"t":50.16,"s":[100,100,100]}],"ix":6,"x":"var $bm_rt;\nvar amp, freq, decay, n, n, t, t, v;\ntry {\n    amp = $bm_div(effect('Elastic: Scale')(1), 200);\n    freq = $bm_div(effect('Elastic: Scale')(2), 30);\n    decay = $bm_div(effect('Elastic: Scale')(3), 10);\n    $bm_rt = n = 0;\n    if (numKeys > 0) {\n        $bm_rt = n = nearestKey(time).index;\n        if (key(n).time > time) {\n            n--;\n        }\n    }\n    if (n == 0) {\n        $bm_rt = t = 0;\n    } else {\n        $bm_rt = t = $bm_sub(time, key(n).time);\n    }\n    if (n > 0) {\n        v = velocityAtTime($bm_sub(key(n).time, $bm_div(thisComp.frameDuration, 10)));\n        $bm_rt = $bm_sum(value, $bm_div($bm_mul($bm_mul(v, amp), Math.sin($bm_mul($bm_mul($bm_mul(freq, t), 2), Math.PI))), Math.exp($bm_mul(decay, t))));\n    } else {\n        $bm_rt = value;\n    }\n} catch (e$$4) {\n    $bm_rt = value = value;\n}"}},"ao":0,"ef":[{"ty":5,"nm":"Elastic: Scale","np":5,"ix":1,"en":1,"ef":[{"ty":0,"nm":"Amplitude","ix":1,"v":{"a":0,"k":20,"ix":1}},{"ty":0,"nm":"Frequency","ix":2,"v":{"a":0,"k":40,"ix":2}},{"ty":0,"nm":"Decay","ix":3,"v":{"a":0,"k":60,"ix":3}}]}],"ip":0,"op":31,"st":0},{"ind":9,"ty":4,"nm":"Layer 5","parent":8,"sr":1,"ks":{"o":{"a":0,"k":100,"ix":11},"r":{"a":0,"k":0,"ix":10},"p":{"a":0,"k":[46.916,-124.059,0],"ix":2},"a":{"a":0,"k":[0,0,0],"ix":1},"s":{"a":0,"k":[100,96.594,100],"ix":6}},"ao":0,"shapes":[{"ty":"gr","it":[{"ind":0,"ty":"sh","ix":1,"ks":{"a":1,"k":[{"i":{"x":0.12,"y":1},"o":{"x":0.66,"y":0},"t":0,"s":[{"i":[[0,-18.861],[0,-17.795],[15.201,-8.776],[15.424,-8.907],[15.056,8.693],[15.403,8.888],[0,18.184],[0,17.814],[-15.632,9.058],[-12.064,7.049],[-14.223,-8.457],[-15.403,-8.907]],"o":[[0,18.861],[0,17.795],[-15.201,8.776],[-15.423,8.907],[-15.056,-8.693],[-15.403,-8.888],[0,-18.184],[0,-17.814],[16.921,-9.805],[15.613,-9.123],[11.958,7.11],[15.403,8.907]],"v":[[166.136,-67.145],[166.136,67.159],[141.228,110.3],[24.918,177.452],[-24.918,177.452],[-141.228,110.3],[-166.136,67.159],[-166.136,-67.145],[-141.228,-110.306],[-24.918,-177.457],[24.918,-177.457],[141.228,-110.306]],"c":true}]},{"i":{"x":0.12,"y":1},"o":{"x":0.167,"y":0},"t":30,"s":[{"i":[[0,-18.861],[0,-17.795],[0,-17.726],[54.208,0],[16.143,0],[28.674,0],[0,25.539],[0,17.814],[0,19.506],[-37.921,0],[-16.084,0],[-15.379,0]],"o":[[0,18.861],[0,17.795],[0,13.774],[-19.536,0],[-16.083,0],[-34.826,0],[0,-18.183],[0,-17.814],[0,-31.988],[15.579,0],[12.761,0],[39.121,0]],"v":[[147.035,-102.145],[146.809,47.159],[146.656,83.423],[99.876,143.266],[58.031,142.967],[-103.59,143.518],[-147.909,93.659],[-147.296,-49.145],[-147.224,-92.314],[-94.994,-145.612],[-50.832,-145.612],[96.963,-145.309]],"c":true}]},{"t":55,"s":[{"i":[[0,-18.861],[0,-17.795],[15.201,-8.776],[15.424,-8.907],[15.056,8.693],[15.403,8.888],[0,18.184],[0,17.814],[-15.632,9.058],[-12.064,7.049],[-14.223,-8.457],[-15.403,-8.907]],"o":[[0,18.861],[0,17.795],[-15.201,8.776],[-15.423,8.907],[-15.056,-8.693],[-15.403,-8.888],[0,-18.184],[0,-17.814],[16.921,-9.805],[15.613,-9.123],[11.958,7.11],[15.403,8.907]],"v":[[166.136,-67.145],[166.136,67.159],[141.228,110.3],[24.918,177.452],[-24.918,177.452],[-141.228,110.3],[-166.136,67.159],[-166.136,-67.145],[-141.228,-110.306],[-24.918,-177.457],[24.918,-177.457],[141.228,-110.306]],"c":true}]}],"ix":2},"nm":"Path 1"},{"ty":"tr","p":{"a":0,"k":[0.062,0.032],"ix":2},"a":{"a":0,"k":[0.062,0.032],"ix":1},"s":{"a":0,"k":[-100,103.637],"ix":3},"r":{"a":0,"k":0,"ix":6},"o":{"a":0,"k":100,"ix":7},"sk":{"a":0,"k":0,"ix":4},"sa":{"a":0,"k":0,"ix":5},"nm":"Transform"}],"nm":"Group 1","cix":2,"ix":1},{"ty":"st","c":{"a":0,"k":[0,0,0,1],"ix":3},"o":{"a":0,"k":100,"ix":4},"w":{"a":0,"k":30.72,"ix":5},"lc":2,"lj":2,"nm":"Stroke 1"}],"ip":0,"op":31,"st":0},{"ind":10,"ty":4,"nm":"Mask","parent":8,"td":1,"sr":1,"ks":{"o":{"a":0,"k":100,"ix":11},"r":{"a":0,"k":0,"ix":10},"p":{"a":0,"k":[46.916,-124.059,0],"ix":2},"a":{"a":0,"k":[0,0,0],"ix":1},"s":{"a":0,"k":[100,96.594,100],"ix":6}},"ao":0,"shapes":[{"ty":"gr","it":[{"ind":0,"ty":"sh","ix":1,"ks":{"a":1,"k":[{"i":{"x":0.12,"y":1},"o":{"x":0.66,"y":0},"t":0,"s":[{"i":[[0,-18.861],[0,-17.795],[15.201,-8.776],[15.424,-8.907],[15.056,8.693],[15.403,8.888],[0,18.184],[0,17.814],[-15.632,9.058],[-12.064,7.049],[-14.223,-8.457],[-15.403,-8.907]],"o":[[0,18.861],[0,17.795],[-15.201,8.776],[-15.423,8.907],[-15.056,-8.693],[-15.403,-8.888],[0,-18.184],[0,-17.814],[16.921,-9.805],[15.613,-9.123],[11.958,7.11],[15.403,8.907]],"v":[[166.136,-67.145],[166.136,67.159],[141.228,110.3],[24.918,177.452],[-24.918,177.452],[-141.228,110.3],[-166.136,67.159],[-166.136,-67.145],[-141.228,-110.306],[-24.918,-177.457],[24.918,-177.457],[141.228,-110.306]],"c":true}]},{"i":{"x":0.12,"y":1},"o":{"x":0.167,"y":0},"t":30,"s":[{"i":[[0,-18.861],[0,-17.795],[0,-17.726],[54.208,0],[16.143,0],[28.674,0],[0,25.539],[0,17.814],[0,19.506],[-37.921,0],[-16.084,0],[-15.379,0]],"o":[[0,18.861],[0,17.795],[0,13.774],[-19.536,0],[-16.083,0],[-34.826,0],[0,-18.183],[0,-17.814],[0,-31.988],[15.579,0],[12.761,0],[39.121,0]],"v":[[147.035,-102.145],[146.809,47.159],[146.656,83.423],[99.876,143.266],[58.031,142.967],[-103.59,143.518],[-147.909,93.659],[-147.296,-49.145],[-147.224,-92.314],[-94.994,-145.612],[-50.832,-145.612],[96.963,-145.309]],"c":true}]},{"t":55,"s":[{"i":[[0,-18.861],[0,-17.795],[15.201,-8.776],[15.424,-8.907],[15.056,8.693],[15.403,8.888],[0,18.184],[0,17.814],[-15.632,9.058],[-12.064,7.049],[-14.223,-8.457],[-15.403,-8.907]],"o":[[0,18.861],[0,17.795],[-15.201,8.776],[-15.423,8.907],[-15.056,-8.693],[-15.403,-8.888],[0,-18.184],[0,-17.814],[16.921,-9.805],[15.613,-9.123],[11.958,7.11],[15.403,8.907]],"v":[[166.136,-67.145],[166.136,67.159],[141.228,110.3],[24.918,177.452],[-24.918,177.452],[-141.228,110.3],[-166.136,67.159],[-166.136,-67.145],[-141.228,-110.306],[-24.918,-177.457],[24.918,-177.457],[141.228,-110.306]],"c":true}]}],"ix":2},"nm":"Path 1"},{"ty":"tr","p":{"a":0,"k":[0.094,0],"ix":2},"a":{"a":0,"k":[0.094,0],"ix":1},"s":{"a":0,"k":[100,100],"ix":3,"x":"var $bm_rt;\n$bm_rt = thisComp.layer('Layer 5').content('Group 1').transform.scale;"},"r":{"a":0,"k":0,"ix":6},"o":{"a":0,"k":100,"ix":7},"sk":{"a":0,"k":0,"ix":4},"sa":{"a":0,"k":0,"ix":5},"nm":"Transform"}],"nm":"Group 1","cix":2,"ix":1},{"ty":"fl","c":{"a":0,"k":[1,0,0,1],"ix":4},"o":{"a":0,"k":100,"ix":5},"r":1,"nm":"Fill 1"}],"ip":0,"op":31,"st":0},{"ind":11,"ty":4,"nm":"Layer 4 :M","parent":8,"tt":1,"sr":1,"ks":{"o":{"a":0,"k":40,"ix":11},"r":{"a":0,"k":0,"ix":10},"p":{"a":0,"k":[46.842,-79.708,0],"ix":2},"a":{"a":0,"k":[252.842,301.718,0],"ix":1},"s":{"a":0,"k":[100,96.594,100],"ix":6}},"ao":0,"shapes":[{"ty":"gr","it":[{"ty":"gr","it":[{"ty":"gr","it":[{"ind":0,"ty":"sh","ix":1,"ks":{"a":1,"k":[{"i":{"x":0.12,"y":1},"o":{"x":0.66,"y":0},"t":0,"s":[{"i":[[0,0],[0,0]],"o":[[0,0],[0,0]],"v":[[0,92.628],[0,-92.628]],"c":false}]},{"i":{"x":0.12,"y":1},"o":{"x":0.167,"y":0},"t":30,"s":[{"i":[[0,0],[0,0]],"o":[[0,0],[0,0]],"v":[[169.81,52.064],[169.642,-261.607]],"c":false}]},{"t":55,"s":[{"i":[[0,0],[0,0]],"o":[[0,0],[0,0]],"v":[[0,92.628],[0,-92.628]],"c":false}]}],"ix":2},"nm":"Path 1"},{"ty":"tr","p":{"a":0,"k":[0.008,-91.816],"ix":2},"a":{"a":0,"k":[0.008,-91.816],"ix":1},"s":{"a":0,"k":[100,100],"ix":3,"x":"var $bm_rt;\n$bm_rt = thisComp.layer('Layer 5').content('Group 1').transform.scale;"},"r":{"a":0,"k":0,"ix":6},"o":{"a":0,"k":100,"ix":7},"sk":{"a":0,"k":0,"ix":4},"sa":{"a":0,"k":0,"ix":5},"nm":"Transform"}],"nm":"Group 1","cix":2,"ix":1},{"ty":"st","c":{"a":0,"k":[0,0,0,1],"ix":3},"o":{"a":0,"k":100,"ix":4},"w":{"a":0,"k":30.72,"ix":5},"lc":2,"lj":2,"nm":"Stroke 1"},{"ty":"tr","p":{"a":0,"k":[0,-92.628],"ix":2},"a":{"a":0,"k":[0,-92.628],"ix":1},"s":{"a":0,"k":[100,100],"ix":3},"r":{"a":0,"k":0,"ix":6},"o":{"a":0,"k":100,"ix":7},"sk":{"a":0,"k":0,"ix":4},"sa":{"a":0,"k":0,"ix":5},"nm":"Transform"}],"nm":"Group 1","cix":2,"ix":1},{"ty":"tr","p":{"a":0,"k":[252.961,255.06],"ix":2},"a":{"a":0,"k":[0,-92.628],"ix":1},"s":{"a":0,"k":[100,100],"ix":3},"r":{"a":0,"k":0,"ix":6},"o":{"a":0,"k":100,"ix":7},"sk":{"a":0,"k":0,"ix":4},"sa":{"a":0,"k":0,"ix":5},"nm":"Transform"}],"nm":"Layer 4","cix":2,"ix":1},{"ty":"gr","it":[{"ty":"gr","it":[{"ind":0,"ty":"sh","ix":1,"ks":{"a":1,"k":[{"i":{"x":0.12,"y":1},"o":{"x":0.66,"y":0},"t":0,"s":[{"i":[[0,0],[0,0],[0,0]],"o":[[0,0],[0,0],[0,0]],"v":[[-159.162,-46.04],[0.01,46.04],[159.162,-46.04]],"c":false}]},{"i":{"x":0.12,"y":1},"o":{"x":0.167,"y":0},"t":30,"s":[{"i":[[0,0],[0,0],[0,0]],"o":[[0,0],[0,0],[0,0]],"v":[[-151.622,-120.957],[169.824,-121.048],[170.144,-121.218]],"c":false}]},{"t":55,"s":[{"i":[[0,0],[0,0],[0,0]],"o":[[0,0],[0,0],[0,0]],"v":[[-159.162,-46.04],[0.01,46.04],[159.162,-46.04]],"c":false}]}],"ix":2},"nm":"Path 1"},{"ty":"tr","p":{"a":0,"k":[0.188,46.684],"ix":2},"a":{"a":0,"k":[0.188,46.684],"ix":1},"s":{"a":0,"k":[100,100],"ix":3,"x":"var $bm_rt;\n$bm_rt = thisComp.layer('Layer 5').content('Group 1').transform.scale;"},"r":{"a":0,"k":0,"ix":6},"o":{"a":0,"k":100,"ix":7},"sk":{"a":0,"k":0,"ix":4},"sa":{"a":0,"k":0,"ix":5},"nm":"Transform"}],"nm":"Group 1","cix":2,"ix":1},{"ty":"st","c":{"a":0,"k":[0,0,0,1],"ix":3},"o":{"a":0,"k":100,"ix":4},"w":{"a":0,"k":30.72,"ix":5},"lc":2,"lj":2,"nm":"Stroke 1"},{"ty":"tr","p":{"a":0,"k":[252.842,209.16],"ix":2},"a":{"a":0,"k":[0,0],"ix":1},"s":{"a":0,"k":[100,100],"ix":3},"r":{"a":0,"k":0,"ix":6},"o":{"a":0,"k":100,"ix":7},"sk":{"a":0,"k":0,"ix":4},"sa":{"a":0,"k":0,"ix":5},"nm":"Transform"}],"nm":"Layer 3","cix":2,"ix":2},{"ty":"gr","it":[{"ty":"rc","d":1,"s":{"a":0,"k":[483.469,483.469],"ix":2},"p":{"a":0,"k":[0,0],"ix":3},"r":{"a":0,"k":0,"ix":4},"nm":"Rectangle Path 1"},{"ty":"fl","c":{"a":0,"k":[1,0,0,1],"ix":4},"o":{"a":0,"k":100,"ix":5},"r":1,"nm":"Fill 1"},{"ty":"tr","p":{"a":0,"k":[253.734,254.311],"ix":2},"a":{"a":0,"k":[0,0],"ix":1},"s":{"a":0,"k":[100,100],"ix":3},"r":{"a":0,"k":0,"ix":6},"o":{"a":0,"k":0,"ix":7},"sk":{"a":0,"k":0,"ix":4},"sa":{"a":0,"k":0,"ix":5},"nm":"Transform"}],"nm":"Rectangle 1","cix":2,"ix":3}],"ip":0,"op":31,"st":0}],"markers":[]}