{"v":"4.8.0","meta":{"g":"LottieFiles AE 3.5.2","a":"","k":"","d":"","tc":""},"fr":60,"ip":0,"op":90,"w":512,"h":512,"nm":"05 Delivery Boxes 2","assets":[],"layers":[{"ind":1,"ty":4,"nm":"Layer 3","sr":1,"ks":{"o":{"a":0,"k":100,"ix":11},"r":{"a":1,"k":[{"i":{"x":[0.667],"y":[1]},"o":{"x":[0.167],"y":[0.167]},"t":3,"s":[0]},{"i":{"x":[0.833],"y":[0.833]},"o":{"x":[0.333],"y":[0]},"t":13,"s":[5.2]},{"t":19,"s":[0]}],"ix":10,"x":"var $bm_rt;\nvar amp, freq, decay, n, n, t, t, v;\ntry {\n    amp = $bm_div(effect('Elastic: Rotation')(1), 200);\n    freq = $bm_div(effect('Elastic: Rotation')(2), 30);\n    decay = $bm_div(effect('Elastic: Rotation')(3), 10);\n    $bm_rt = n = 0;\n    if (numKeys > 0) {\n        $bm_rt = n = nearestKey(time).index;\n        if (key(n).time > time) {\n            n--;\n        }\n    }\n    if (n == 0) {\n        $bm_rt = t = 0;\n    } else {\n        $bm_rt = t = $bm_sub(time, key(n).time);\n    }\n    if (n > 0) {\n        v = velocityAtTime($bm_sub(key(n).time, $bm_div(thisComp.frameDuration, 10)));\n        $bm_rt = $bm_sum(value, $bm_div($bm_mul($bm_mul(v, amp), Math.sin($bm_mul($bm_mul($bm_mul(freq, t), 2), Math.PI))), Math.exp($bm_mul(decay, t))));\n    } else {\n        $bm_rt = value;\n    }\n} catch (e$$4) {\n    $bm_rt = value = value;\n}"},"p":{"s":true,"x":{"a":0,"k":242.644,"ix":3},"y":{"a":1,"k":[{"i":{"x":[0.667],"y":[1]},"o":{"x":[0.167],"y":[0.167]},"t":0,"s":[163.894]},{"i":{"x":[0.833],"y":[0.833]},"o":{"x":[0.333],"y":[0]},"t":11,"s":[116.694]},{"i":{"x":[0.833],"y":[0.833]},"o":{"x":[0.167],"y":[0.167]},"t":17,"s":[163.894]},{"i":{"x":[0.667],"y":[1]},"o":{"x":[0.167],"y":[0.167]},"t":58,"s":[163.894]},{"i":{"x":[0.833],"y":[0.833]},"o":{"x":[0.333],"y":[0]},"t":65,"s":[144.194]},{"t":71,"s":[163.894]}],"ix":4,"x":"var $bm_rt;\nvar elastic, gravity, bounceMax, on_off, n, n, t, v, vl, vu, vu, tCur, segDur, tNext, numberOfBounces, delta, inOutExp;\ntry {\n    elastic = $bm_div(effect('Bounce: Y Position')(1), 200);\n    gravity = $bm_mul(effect('Bounce: Y Position')(2), 150);\n    bounceMax = effect('Bounce: Y Position')(3);\n    on_off = effect('Bounce: Y Position')(4);\n    $bm_rt = n = 0;\n    if (numKeys > 0) {\n        $bm_rt = n = nearestKey(time).index;\n        if (key(n).time > time) {\n            n--;\n        }\n    }\n    if (n > 0) {\n        t = $bm_sub(time, key(n).time);\n        v = $bm_mul($bm_neg(velocityAtTime($bm_sub(key(n).time, 0.001))), elastic);\n        vl = length(v);\n        if ($bm_isInstanceOfArray(value)) {\n            vu = vl > 0 ? normalize(v) : [\n                0,\n                0,\n                0\n            ];\n        } else {\n            vu = v < 0 ? -1 : 1;\n        }\n        tCur = 0;\n        segDur = $bm_div($bm_mul(2, vl), gravity);\n        tNext = segDur;\n        numberOfBounces = 1;\n        while (tNext < t && numberOfBounces <= bounceMax) {\n            vl *= elastic;\n            segDur *= elastic;\n            tCur = tNext;\n            tNext = $bm_sum(tNext, segDur);\n            numberOfBounces++;\n        }\n        if (numberOfBounces <= bounceMax) {\n            delta = $bm_sub(t, tCur);\n            $bm_rt = inOutExp = $bm_mul($bm_mul(vu, delta), $bm_sub(vl, $bm_div($bm_mul(gravity, delta), 2)));\n            if (on_off == 1) {\n                $bm_rt = value = $bm_sub(value, inOutExp);\n            } else {\n                $bm_rt = value = $bm_sum(value, inOutExp);\n            }\n        } else {\n            $bm_rt = value = value;\n        }\n    } else {\n        $bm_rt = value = value;\n    }\n} catch (e$$4) {\n    $bm_rt = value = value;\n}"}},"a":{"a":0,"k":[242.644,163.894,0],"ix":1},"s":{"a":0,"k":[100,100,100],"ix":6}},"ao":0,"ef":[{"ty":5,"nm":"Bounce: Y Position","np":6,"ix":1,"en":1,"ef":[{"ty":0,"nm":"Amplitude","ix":1,"v":{"a":0,"k":100,"ix":1}},{"ty":0,"nm":"Gravity","ix":2,"v":{"a":0,"k":15,"ix":2}},{"ty":0,"nm":"Max Jumps","ix":3,"v":{"a":0,"k":5,"ix":3}},{"ty":7,"nm":"Jump In/Out","ix":4,"v":{"a":0,"k":0,"ix":4}}]},{"ty":5,"nm":"Elastic: Rotation","np":5,"ix":2,"en":1,"ef":[{"ty":0,"nm":"Amplitude","ix":1,"v":{"a":0,"k":20,"ix":1}},{"ty":0,"nm":"Frequency","ix":2,"v":{"a":0,"k":40,"ix":2}},{"ty":0,"nm":"Decay","ix":3,"v":{"a":0,"k":60,"ix":3}}]}],"shapes":[{"ty":"gr","it":[{"ind":0,"ty":"sh","ix":1,"ks":{"a":0,"k":{"i":[[0,0],[0,0]],"o":[[0,0],[0,0]],"v":[[-20.463,0],[20.463,0]],"c":false},"ix":2},"nm":"Path 1"},{"ty":"tr","p":{"a":0,"k":[242.623,133.21],"ix":2},"a":{"a":0,"k":[0,0],"ix":1},"s":{"a":1,"k":[{"i":{"x":[0.667,0.667],"y":[1,1]},"o":{"x":[0.167,0.167],"y":[0.167,0]},"t":2,"s":[100,100]},{"i":{"x":[0.833,0.833],"y":[1,1]},"o":{"x":[0.167,0.167],"y":[0,0]},"t":10,"s":[1,100]},{"i":{"x":[0.833,0.833],"y":[0.833,0.833]},"o":{"x":[0.167,0.167],"y":[0.167,0.167]},"t":58,"s":[1,100]},{"t":62,"s":[100,100]}],"ix":3,"x":"var $bm_rt;\nvar amp, freq, decay, n, n, t, t, v;\ntry {\n    amp = $bm_div(effect('Elastic: Scale - Transform')(1), 200);\n    freq = $bm_div(effect('Elastic: Scale - Transform')(2), 30);\n    decay = $bm_div(effect('Elastic: Scale - Transform')(3), 10);\n    $bm_rt = n = 0;\n    if (numKeys > 0) {\n        $bm_rt = n = nearestKey(time).index;\n        if (key(n).time > time) {\n            n--;\n        }\n    }\n    if (n == 0) {\n        $bm_rt = t = 0;\n    } else {\n        $bm_rt = t = $bm_sub(time, key(n).time);\n    }\n    if (n > 0) {\n        v = velocityAtTime($bm_sub(key(n).time, $bm_div(thisComp.frameDuration, 10)));\n        $bm_rt = $bm_sum(value, $bm_div($bm_mul($bm_mul(v, amp), Math.sin($bm_mul($bm_mul($bm_mul(freq, t), 2), Math.PI))), Math.exp($bm_mul(decay, t))));\n    } else {\n        $bm_rt = value;\n    }\n} catch (e$$4) {\n    $bm_rt = value = value;\n}"},"r":{"a":0,"k":0,"ix":6},"o":{"a":0,"k":40,"ix":7},"sk":{"a":0,"k":0,"ix":4},"sa":{"a":0,"k":0,"ix":5},"nm":"Transform"}],"nm":"Group 1","cix":2,"ix":1},{"ty":"st","c":{"a":0,"k":[0,0,0,1],"ix":3},"o":{"a":0,"k":40,"ix":4},"w":{"a":0,"k":30.72,"ix":5},"lc":2,"lj":2,"nm":"Stroke 1"},{"ty":"gr","it":[{"ind":0,"ty":"sh","ix":1,"ks":{"a":0,"k":{"i":[[-30.087,-0.08],[0,0],[-0.08,30.147],[0,0],[30.188,0.08],[0,0],[0.06,-30.147],[0,0]],"o":[[0,0],[30.167,0.059],[0,0],[0.08,-30.147],[0,0],[-30.167,-0.06],[0,0],[-0.06,30.147]],"v":[[-43.367,92.016],[42.949,92.214],[92.026,40.887],[92.204,-40.449],[43.367,-92.015],[-42.949,-92.214],[-92.005,-40.887],[-92.204,40.448]],"c":true},"ix":2},"nm":"Path 1"},{"ty":"st","c":{"a":0,"k":[0,0,0,1],"ix":3},"o":{"a":0,"k":100,"ix":4},"w":{"a":0,"k":30.72,"ix":5},"lc":2,"lj":2,"nm":"Stroke 1"},{"ty":"tr","p":{"a":0,"k":[242.644,163.894],"ix":2},"a":{"a":0,"k":[0,0],"ix":1},"s":{"a":0,"k":[100,100],"ix":3},"r":{"a":0,"k":0,"ix":6},"o":{"a":0,"k":100,"ix":7},"sk":{"a":0,"k":0,"ix":4},"sa":{"a":0,"k":0,"ix":5},"nm":"Transform"}],"nm":"Group 2","cix":2,"ix":3}],"ip":0,"op":90,"st":0},{"ind":2,"ty":4,"nm":"Layer 2","sr":1,"ks":{"o":{"a":0,"k":100,"ix":11},"r":{"a":1,"k":[{"i":{"x":[0.667],"y":[1]},"o":{"x":[0.167],"y":[0.167]},"t":2,"s":[0]},{"i":{"x":[0.833],"y":[0.833]},"o":{"x":[0.333],"y":[0]},"t":9,"s":[7]},{"t":14,"s":[0]}],"ix":10,"x":"var $bm_rt;\nvar elastic, gravity, bounceMax, on_off, n, n, t, v, vl, vu, vu, tCur, segDur, tNext, numberOfBounces, delta, inOutExp;\ntry {\n    elastic = $bm_div(effect('Bounce: Rotation')(1), 200);\n    gravity = $bm_mul(effect('Bounce: Rotation')(2), 150);\n    bounceMax = effect('Bounce: Rotation')(3);\n    on_off = effect('Bounce: Rotation')(4);\n    $bm_rt = n = 0;\n    if (numKeys > 0) {\n        $bm_rt = n = nearestKey(time).index;\n        if (key(n).time > time) {\n            n--;\n        }\n    }\n    if (n > 0) {\n        t = $bm_sub(time, key(n).time);\n        v = $bm_mul($bm_neg(velocityAtTime($bm_sub(key(n).time, 0.001))), elastic);\n        vl = length(v);\n        if ($bm_isInstanceOfArray(value)) {\n            vu = vl > 0 ? normalize(v) : [\n                0,\n                0,\n                0\n            ];\n        } else {\n            vu = v < 0 ? -1 : 1;\n        }\n        tCur = 0;\n        segDur = $bm_div($bm_mul(2, vl), gravity);\n        tNext = segDur;\n        numberOfBounces = 1;\n        while (tNext < t && numberOfBounces <= bounceMax) {\n            vl *= elastic;\n            segDur *= elastic;\n            tCur = tNext;\n            tNext = $bm_sum(tNext, segDur);\n            numberOfBounces++;\n        }\n        if (numberOfBounces <= bounceMax) {\n            delta = $bm_sub(t, tCur);\n            $bm_rt = inOutExp = $bm_mul($bm_mul(vu, delta), $bm_sub(vl, $bm_div($bm_mul(gravity, delta), 2)));\n            if (on_off == 1) {\n                $bm_rt = value = $bm_sub(value, inOutExp);\n            } else {\n                $bm_rt = value = $bm_sum(value, inOutExp);\n            }\n        } else {\n            $bm_rt = value = value;\n        }\n    } else {\n        $bm_rt = value = value;\n    }\n} catch (e$$4) {\n    $bm_rt = value = value;\n}"},"p":{"s":true,"x":{"a":1,"k":[{"i":{"x":[0.9],"y":[1]},"o":{"x":[0.167],"y":[0.167]},"t":0,"s":[160.804]},{"i":{"x":[0],"y":[1]},"o":{"x":[0.167],"y":[0]},"t":18,"s":[119.304]},{"i":{"x":[0.833],"y":[0.833]},"o":{"x":[1],"y":[0]},"t":30,"s":[119.304]},{"t":60,"s":[160.804]}],"ix":3},"y":{"a":1,"k":[{"i":{"x":[0.667],"y":[1]},"o":{"x":[0.167],"y":[0.167]},"t":0,"s":[348.104]},{"i":{"x":[0.833],"y":[0.833]},"o":{"x":[0.333],"y":[0]},"t":7,"s":[322]},{"t":12,"s":[348.104]}],"ix":4,"x":"var $bm_rt;\nvar elastic, gravity, bounceMax, on_off, n, n, t, v, vl, vu, vu, tCur, segDur, tNext, numberOfBounces, delta, inOutExp;\ntry {\n    elastic = $bm_div(effect('Bounce: Y Position')(1), 200);\n    gravity = $bm_mul(effect('Bounce: Y Position')(2), 150);\n    bounceMax = effect('Bounce: Y Position')(3);\n    on_off = effect('Bounce: Y Position')(4);\n    $bm_rt = n = 0;\n    if (numKeys > 0) {\n        $bm_rt = n = nearestKey(time).index;\n        if (key(n).time > time) {\n            n--;\n        }\n    }\n    if (n > 0) {\n        t = $bm_sub(time, key(n).time);\n        v = $bm_mul($bm_neg(velocityAtTime($bm_sub(key(n).time, 0.001))), elastic);\n        vl = length(v);\n        if ($bm_isInstanceOfArray(value)) {\n            vu = vl > 0 ? normalize(v) : [\n                0,\n                0,\n                0\n            ];\n        } else {\n            vu = v < 0 ? -1 : 1;\n        }\n        tCur = 0;\n        segDur = $bm_div($bm_mul(2, vl), gravity);\n        tNext = segDur;\n        numberOfBounces = 1;\n        while (tNext < t && numberOfBounces <= bounceMax) {\n            vl *= elastic;\n            segDur *= elastic;\n            tCur = tNext;\n            tNext = $bm_sum(tNext, segDur);\n            numberOfBounces++;\n        }\n        if (numberOfBounces <= bounceMax) {\n            delta = $bm_sub(t, tCur);\n            $bm_rt = inOutExp = $bm_mul($bm_mul(vu, delta), $bm_sub(vl, $bm_div($bm_mul(gravity, delta), 2)));\n            if (on_off == 1) {\n                $bm_rt = value = $bm_sub(value, inOutExp);\n            } else {\n                $bm_rt = value = $bm_sum(value, inOutExp);\n            }\n        } else {\n            $bm_rt = value = value;\n        }\n    } else {\n        $bm_rt = value = value;\n    }\n} catch (e$$4) {\n    $bm_rt = value = value;\n}"}},"a":{"a":0,"k":[160.804,348.104,0],"ix":1},"s":{"a":0,"k":[100,100,100],"ix":6}},"ao":0,"ef":[{"ty":5,"nm":"Bounce: Y Position","np":6,"ix":1,"en":1,"ef":[{"ty":0,"nm":"Amplitude","ix":1,"v":{"a":0,"k":95,"ix":1}},{"ty":0,"nm":"Gravity","ix":2,"v":{"a":0,"k":13.1,"ix":2}},{"ty":0,"nm":"Max Jumps","ix":3,"v":{"a":0,"k":5,"ix":3}},{"ty":7,"nm":"Jump In/Out","ix":4,"v":{"a":0,"k":0,"ix":4}}]},{"ty":5,"nm":"Bounce: Rotation","np":6,"ix":2,"en":1,"ef":[{"ty":0,"nm":"Amplitude","ix":1,"v":{"a":0,"k":50,"ix":1}},{"ty":0,"nm":"Gravity","ix":2,"v":{"a":0,"k":15,"ix":2}},{"ty":0,"nm":"Max Jumps","ix":3,"v":{"a":0,"k":5,"ix":3}},{"ty":7,"nm":"Jump In/Out","ix":4,"v":{"a":0,"k":0,"ix":4}}]},{"ty":5,"nm":"Elastic: Scale - Transform","np":5,"ix":3,"en":1,"ef":[{"ty":0,"nm":"Amplitude","ix":1,"v":{"a":0,"k":20,"ix":1}},{"ty":0,"nm":"Frequency","ix":2,"v":{"a":0,"k":60,"ix":2}},{"ty":0,"nm":"Decay","ix":3,"v":{"a":0,"k":100,"ix":3}}]}],"shapes":[{"ty":"gr","it":[{"ind":0,"ty":"sh","ix":1,"ks":{"a":0,"k":{"i":[[0,0],[0,0]],"o":[[0,0],[0,0]],"v":[[-20.463,0],[20.463,0]],"c":false},"ix":2},"nm":"Path 1"},{"ty":"tr","p":{"a":0,"k":[160.823,317.399],"ix":2},"a":{"a":0,"k":[0,0],"ix":1},"s":{"a":1,"k":[{"i":{"x":[0.667,0.667],"y":[1,1]},"o":{"x":[0.167,0.167],"y":[0.167,0]},"t":0,"s":[100,100]},{"i":{"x":[0.833,0.833],"y":[1,1]},"o":{"x":[0.167,0.167],"y":[0,0]},"t":8,"s":[1,100]},{"i":{"x":[0.833,0.833],"y":[0.833,0.833]},"o":{"x":[0.167,0.167],"y":[0.167,0.167]},"t":58,"s":[1,100]},{"t":62,"s":[100,100]}],"ix":3,"x":"var $bm_rt;\nvar amp, freq, decay, n, n, t, t, v;\ntry {\n    amp = $bm_div(effect('Elastic: Scale - Transform')(1), 200);\n    freq = $bm_div(effect('Elastic: Scale - Transform')(2), 30);\n    decay = $bm_div(effect('Elastic: Scale - Transform')(3), 10);\n    $bm_rt = n = 0;\n    if (numKeys > 0) {\n        $bm_rt = n = nearestKey(time).index;\n        if (key(n).time > time) {\n            n--;\n        }\n    }\n    if (n == 0) {\n        $bm_rt = t = 0;\n    } else {\n        $bm_rt = t = $bm_sub(time, key(n).time);\n    }\n    if (n > 0) {\n        v = velocityAtTime($bm_sub(key(n).time, $bm_div(thisComp.frameDuration, 10)));\n        $bm_rt = $bm_sum(value, $bm_div($bm_mul($bm_mul(v, amp), Math.sin($bm_mul($bm_mul($bm_mul(freq, t), 2), Math.PI))), Math.exp($bm_mul(decay, t))));\n    } else {\n        $bm_rt = value;\n    }\n} catch (e$$4) {\n    $bm_rt = value = value;\n}"},"r":{"a":0,"k":0,"ix":6},"o":{"a":0,"k":40,"ix":7},"sk":{"a":0,"k":0,"ix":4},"sa":{"a":0,"k":0,"ix":5},"nm":"Transform"}],"nm":"Group 1","cix":2,"ix":1},{"ty":"st","c":{"a":0,"k":[0,0,0,1],"ix":3},"o":{"a":0,"k":40,"ix":4},"w":{"a":0,"k":30.72,"ix":5},"lc":2,"lj":2,"nm":"Stroke 1"},{"ty":"gr","it":[{"ind":0,"ty":"sh","ix":1,"ks":{"a":0,"k":{"i":[[-30.087,-0.08],[0,0],[-0.08,30.147],[0,0],[30.187,0.061],[0,0],[0.06,-30.149],[0,0]],"o":[[0,0],[30.167,0.08],[0,0],[0.08,-30.149],[0,0],[-30.167,-0.059],[0,0],[-0.06,30.147]],"v":[[-43.367,92.016],[42.949,92.214],[92.026,40.887],[92.204,-40.447],[43.368,-91.995],[-42.949,-92.214],[-92.005,-40.885],[-92.204,40.449]],"c":true},"ix":2},"nm":"Path 1"},{"ty":"st","c":{"a":0,"k":[0,0,0,1],"ix":3},"o":{"a":0,"k":100,"ix":4},"w":{"a":0,"k":30.72,"ix":5},"lc":2,"lj":2,"nm":"Stroke 1"},{"ty":"tr","p":{"a":0,"k":[160.804,348.104],"ix":2},"a":{"a":0,"k":[0,0],"ix":1},"s":{"a":0,"k":[100,100],"ix":3},"r":{"a":0,"k":0,"ix":6},"o":{"a":0,"k":100,"ix":7},"sk":{"a":0,"k":0,"ix":4},"sa":{"a":0,"k":0,"ix":5},"nm":"Transform"}],"nm":"Group 2","cix":2,"ix":3}],"ip":0,"op":90,"st":0},{"ind":3,"ty":4,"nm":"Layer 1","sr":1,"ks":{"o":{"a":0,"k":100,"ix":11},"r":{"a":0,"k":0,"ix":10},"p":{"s":true,"x":{"a":1,"k":[{"i":{"x":[0.667],"y":[1]},"o":{"x":[0.167],"y":[0.167]},"t":3,"s":[345.044]},{"i":{"x":[0],"y":[1]},"o":{"x":[0.167],"y":[0]},"t":21,"s":[372.944]},{"i":{"x":[0.833],"y":[0.833]},"o":{"x":[1],"y":[0]},"t":30,"s":[372.944]},{"t":60,"s":[345.044]}],"ix":3,"x":"var $bm_rt;\nvar elastic, gravity, bounceMax, on_off, n, n, t, v, vl, vu, vu, tCur, segDur, tNext, numberOfBounces, delta, inOutExp;\ntry {\n    elastic = $bm_div(effect('Bounce: X Position')(1), 200);\n    gravity = $bm_mul(effect('Bounce: X Position')(2), 150);\n    bounceMax = effect('Bounce: X Position')(3);\n    on_off = effect('Bounce: X Position')(4);\n    $bm_rt = n = 0;\n    if (numKeys > 0) {\n        $bm_rt = n = nearestKey(time).index;\n        if (key(n).time > time) {\n            n--;\n        }\n    }\n    if (n > 0) {\n        t = $bm_sub(time, key(n).time);\n        v = $bm_mul($bm_neg(velocityAtTime($bm_sub(key(n).time, 0.001))), elastic);\n        vl = length(v);\n        if ($bm_isInstanceOfArray(value)) {\n            vu = vl > 0 ? normalize(v) : [\n                0,\n                0,\n                0\n            ];\n        } else {\n            vu = v < 0 ? -1 : 1;\n        }\n        tCur = 0;\n        segDur = $bm_div($bm_mul(2, vl), gravity);\n        tNext = segDur;\n        numberOfBounces = 1;\n        while (tNext < t && numberOfBounces <= bounceMax) {\n            vl *= elastic;\n            segDur *= elastic;\n            tCur = tNext;\n            tNext = $bm_sum(tNext, segDur);\n            numberOfBounces++;\n        }\n        if (numberOfBounces <= bounceMax) {\n            delta = $bm_sub(t, tCur);\n            $bm_rt = inOutExp = $bm_mul($bm_mul(vu, delta), $bm_sub(vl, $bm_div($bm_mul(gravity, delta), 2)));\n            if (on_off == 1) {\n                $bm_rt = value = $bm_sub(value, inOutExp);\n            } else {\n                $bm_rt = value = $bm_sum(value, inOutExp);\n            }\n        } else {\n            $bm_rt = value = value;\n        }\n    } else {\n        $bm_rt = value = value;\n    }\n} catch (e$$4) {\n    $bm_rt = value = value;\n}"},"y":{"a":1,"k":[{"i":{"x":[0.667],"y":[1]},"o":{"x":[0.167],"y":[0.167]},"t":3,"s":[348.104]},{"i":{"x":[0.833],"y":[0.833]},"o":{"x":[0.333],"y":[0]},"t":10,"s":[337.804]},{"t":15,"s":[348.104]}],"ix":4,"x":"var $bm_rt;\nvar elastic, gravity, bounceMax, on_off, n, n, t, v, vl, vu, vu, tCur, segDur, tNext, numberOfBounces, delta, inOutExp;\ntry {\n    elastic = $bm_div(effect('Bounce: Y Position')(1), 200);\n    gravity = $bm_mul(effect('Bounce: Y Position')(2), 150);\n    bounceMax = effect('Bounce: Y Position')(3);\n    on_off = effect('Bounce: Y Position')(4);\n    $bm_rt = n = 0;\n    if (numKeys > 0) {\n        $bm_rt = n = nearestKey(time).index;\n        if (key(n).time > time) {\n            n--;\n        }\n    }\n    if (n > 0) {\n        t = $bm_sub(time, key(n).time);\n        v = $bm_mul($bm_neg(velocityAtTime($bm_sub(key(n).time, 0.001))), elastic);\n        vl = length(v);\n        if ($bm_isInstanceOfArray(value)) {\n            vu = vl > 0 ? normalize(v) : [\n                0,\n                0,\n                0\n            ];\n        } else {\n            vu = v < 0 ? -1 : 1;\n        }\n        tCur = 0;\n        segDur = $bm_div($bm_mul(2, vl), gravity);\n        tNext = segDur;\n        numberOfBounces = 1;\n        while (tNext < t && numberOfBounces <= bounceMax) {\n            vl *= elastic;\n            segDur *= elastic;\n            tCur = tNext;\n            tNext = $bm_sum(tNext, segDur);\n            numberOfBounces++;\n        }\n        if (numberOfBounces <= bounceMax) {\n            delta = $bm_sub(t, tCur);\n            $bm_rt = inOutExp = $bm_mul($bm_mul(vu, delta), $bm_sub(vl, $bm_div($bm_mul(gravity, delta), 2)));\n            if (on_off == 1) {\n                $bm_rt = value = $bm_sub(value, inOutExp);\n            } else {\n                $bm_rt = value = $bm_sum(value, inOutExp);\n            }\n        } else {\n            $bm_rt = value = value;\n        }\n    } else {\n        $bm_rt = value = value;\n    }\n} catch (e$$4) {\n    $bm_rt = value = value;\n}"}},"a":{"a":0,"k":[345.044,348.104,0],"ix":1},"s":{"a":0,"k":[100,100,100],"ix":6}},"ao":0,"ef":[{"ty":5,"nm":"Bounce: Y Position","np":6,"ix":1,"en":1,"ef":[{"ty":0,"nm":"Amplitude","ix":1,"v":{"a":0,"k":106.9,"ix":1}},{"ty":0,"nm":"Gravity","ix":2,"v":{"a":0,"k":13.2,"ix":2}},{"ty":0,"nm":"Max Jumps","ix":3,"v":{"a":0,"k":5,"ix":3}},{"ty":7,"nm":"Jump In/Out","ix":4,"v":{"a":0,"k":0,"ix":4}}]},{"ty":5,"nm":"Elastic Controller","np":5,"ix":2,"en":1,"ef":[{"ty":0,"nm":"Amplitude","ix":1,"v":{"a":0,"k":20,"ix":1}},{"ty":0,"nm":"Frequency","ix":2,"v":{"a":0,"k":60,"ix":2}},{"ty":0,"nm":"Decay","ix":3,"v":{"a":0,"k":100,"ix":3}}]},{"ty":5,"nm":"Bounce: X Position","np":6,"ix":3,"en":1,"ef":[{"ty":0,"nm":"Amplitude","ix":1,"v":{"a":0,"k":167,"ix":1}},{"ty":0,"nm":"Gravity","ix":2,"v":{"a":0,"k":51,"ix":2}},{"ty":0,"nm":"Max Jumps","ix":3,"v":{"a":0,"k":10,"ix":3}},{"ty":7,"nm":"Jump In/Out","ix":4,"v":{"a":0,"k":0,"ix":4}}]}],"shapes":[{"ty":"gr","it":[{"ind":0,"ty":"sh","ix":1,"ks":{"a":0,"k":{"i":[[0,0],[0,0]],"o":[[0,0],[0,0]],"v":[[-20.463,0],[20.463,0]],"c":false},"ix":2},"nm":"Path 1"},{"ty":"tr","p":{"a":0,"k":[345.023,317.399],"ix":2},"a":{"a":0,"k":[0,0],"ix":1},"s":{"a":1,"k":[{"i":{"x":[0.667,0.667],"y":[1,1]},"o":{"x":[0.167,0.167],"y":[0.167,0]},"t":5,"s":[100,100]},{"i":{"x":[0.833,0.833],"y":[1,1]},"o":{"x":[0.167,0.167],"y":[0,0]},"t":13,"s":[1,100]},{"i":{"x":[0.833,0.833],"y":[0.833,0.833]},"o":{"x":[0.167,0.167],"y":[0.167,0.167]},"t":58,"s":[1,100]},{"t":62,"s":[100,100]}],"ix":3,"x":"var $bm_rt;\nvar amp, freq, decay, n, n, t, t, v;\ntry {\n    amp = $bm_div(effect('Elastic Controller')(1), 200);\n    freq = $bm_div(effect('Elastic Controller')(2), 30);\n    decay = $bm_div(effect('Elastic Controller')(3), 10);\n    $bm_rt = n = 0;\n    if (numKeys > 0) {\n        $bm_rt = n = nearestKey(time).index;\n        if (key(n).time > time) {\n            n--;\n        }\n    }\n    if (n == 0) {\n        $bm_rt = t = 0;\n    } else {\n        $bm_rt = t = $bm_sub(time, key(n).time);\n    }\n    if (n > 0) {\n        v = velocityAtTime($bm_sub(key(n).time, $bm_div(thisComp.frameDuration, 10)));\n        $bm_rt = $bm_sum(value, $bm_div($bm_mul($bm_mul(v, amp), Math.sin($bm_mul($bm_mul($bm_mul(freq, t), 2), Math.PI))), Math.exp($bm_mul(decay, t))));\n    } else {\n        $bm_rt = value;\n    }\n} catch (e$$4) {\n    $bm_rt = value = value;\n}"},"r":{"a":0,"k":0,"ix":6},"o":{"a":0,"k":40,"ix":7},"sk":{"a":0,"k":0,"ix":4,"x":"var $bm_rt;\nvar amp, freq, decay, n, n, t, t, v;\ntry {\n    amp = $bm_div(effect('Elastic Controller')(1), 200);\n    freq = $bm_div(effect('Elastic Controller')(2), 30);\n    decay = $bm_div(effect('Elastic Controller')(3), 10);\n    $bm_rt = n = 0;\n    if (numKeys > 0) {\n        $bm_rt = n = nearestKey(time).index;\n        if (key(n).time > time) {\n            n--;\n        }\n    }\n    if (n == 0) {\n        $bm_rt = t = 0;\n    } else {\n        $bm_rt = t = $bm_sub(time, key(n).time);\n    }\n    if (n > 0) {\n        v = velocityAtTime($bm_sub(key(n).time, $bm_div(thisComp.frameDuration, 10)));\n        $bm_rt = $bm_sum(value, $bm_div($bm_mul($bm_mul(v, amp), Math.sin($bm_mul($bm_mul($bm_mul(freq, t), 2), Math.PI))), Math.exp($bm_mul(decay, t))));\n    } else {\n        $bm_rt = value;\n    }\n} catch (e$$4) {\n    $bm_rt = value = value;\n}"},"sa":{"a":0,"k":0,"ix":5},"nm":"Transform"}],"nm":"Group 1","cix":2,"ix":1},{"ty":"st","c":{"a":0,"k":[0,0,0,1],"ix":3},"o":{"a":0,"k":40,"ix":4},"w":{"a":0,"k":30.72,"ix":5},"lc":2,"lj":2,"nm":"Stroke 1"},{"ty":"gr","it":[{"ind":0,"ty":"sh","ix":1,"ks":{"a":0,"k":{"i":[[-30.087,-0.08],[0,0],[-0.08,30.147],[0,0],[30.188,0.061],[0,0],[0.061,-30.149],[0,0]],"o":[[0,0],[30.167,0.08],[0,0],[0.08,-30.149],[0,0],[-30.167,-0.059],[0,0],[-0.059,30.147]],"v":[[-43.367,92.016],[42.95,92.214],[92.026,40.887],[92.204,-40.447],[43.367,-91.995],[-42.948,-92.214],[-92.005,-40.885],[-92.204,40.449]],"c":true},"ix":2},"nm":"Path 1"},{"ty":"st","c":{"a":0,"k":[0,0,0,1],"ix":3},"o":{"a":0,"k":100,"ix":4},"w":{"a":0,"k":30.72,"ix":5},"lc":2,"lj":2,"nm":"Stroke 1"},{"ty":"tr","p":{"a":0,"k":[345.044,348.104],"ix":2},"a":{"a":0,"k":[0,0],"ix":1},"s":{"a":0,"k":[100,100],"ix":3},"r":{"a":0,"k":0,"ix":6},"o":{"a":0,"k":100,"ix":7},"sk":{"a":0,"k":0,"ix":4},"sa":{"a":0,"k":0,"ix":5},"nm":"Transform"}],"nm":"Group 2","cix":2,"ix":3}],"ip":0,"op":90,"st":0}],"markers":[]}