{"v":"4.8.0","meta":{"g":"LottieFiles AE 3.5.2","a":"","k":"","d":"","tc":""},"fr":60,"ip":0,"op":90,"w":512,"h":512,"nm":"06 Delivery Cloud","assets":[],"layers":[{"ind":1,"ty":4,"nm":"Layer 6","sr":1,"ks":{"o":{"a":0,"k":100,"ix":11},"r":{"a":0,"k":0,"ix":10},"p":{"a":1,"k":[{"i":{"x":0.833,"y":0.833},"o":{"x":0.167,"y":0.167},"t":11,"s":[336.139,366.001,0],"to":[82,-17.833,0],"ti":[2,70.833,0]},{"i":{"x":0.833,"y":0.833},"o":{"x":0.167,"y":0.167},"t":18,"s":[420.139,205.001,0],"to":[-0.854,-30.254,0],"ti":[2,70.833,0]},{"i":{"x":0.833,"y":0.833},"o":{"x":0.167,"y":0.167},"t":50,"s":[420.139,205.001,0],"to":[-0.854,-30.254,0],"ti":[114.425,-28.568,0]},{"t":57,"s":[336.139,366.001,0]}],"ix":2,"x":"var $bm_rt;\nvar amp, freq, decay, n, n, t, t, v;\ntry {\n    amp = $bm_div(effect('Elastic Controller')(1), 200);\n    freq = $bm_div(effect('Elastic Controller')(2), 30);\n    decay = $bm_div(effect('Elastic Controller')(3), 10);\n    $bm_rt = n = 0;\n    if (numKeys > 0) {\n        $bm_rt = n = nearestKey(time).index;\n        if (key(n).time > time) {\n            n--;\n        }\n    }\n    if (n == 0) {\n        $bm_rt = t = 0;\n    } else {\n        $bm_rt = t = $bm_sub(time, key(n).time);\n    }\n    if (n > 0) {\n        v = velocityAtTime($bm_sub(key(n).time, $bm_div(thisComp.frameDuration, 10)));\n        $bm_rt = $bm_sum(value, $bm_div($bm_mul($bm_mul(v, amp), Math.sin($bm_mul($bm_mul($bm_mul(freq, t), 2), Math.PI))), Math.exp($bm_mul(decay, t))));\n    } else {\n        $bm_rt = value;\n    }\n} catch (e$$4) {\n    $bm_rt = value = value;\n}"},"a":{"a":0,"k":[0,0,0],"ix":1},"s":{"a":1,"k":[{"i":{"x":[0.833,0.833,0.833],"y":[0.833,0.833,0.833]},"o":{"x":[0.167,0.167,0.167],"y":[0.167,0.167,0.167]},"t":11,"s":[100,100,100]},{"i":{"x":[0.833,0.833,0.833],"y":[0.833,0.833,0.833]},"o":{"x":[0.167,0.167,0.167],"y":[0.167,0.167,0.167]},"t":18,"s":[0,0,100]},{"i":{"x":[0.87,0.87,0.87],"y":[1,1,1]},"o":{"x":[0.167,0.167,0.167],"y":[0.167,0.167,0]},"t":50,"s":[0,0,100]},{"t":60,"s":[100,100,100]}],"ix":6,"x":"var $bm_rt;\nvar amp, freq, decay, n, n, t, t, v;\ntry {\n    amp = $bm_div(effect('Elastic Controller')(1), 200);\n    freq = $bm_div(effect('Elastic Controller')(2), 30);\n    decay = $bm_div(effect('Elastic Controller')(3), 10);\n    $bm_rt = n = 0;\n    if (numKeys > 0) {\n        $bm_rt = n = nearestKey(time).index;\n        if (key(n).time > time) {\n            n--;\n        }\n    }\n    if (n == 0) {\n        $bm_rt = t = 0;\n    } else {\n        $bm_rt = t = $bm_sub(time, key(n).time);\n    }\n    if (n > 0) {\n        v = velocityAtTime($bm_sub(key(n).time, $bm_div(thisComp.frameDuration, 10)));\n        $bm_rt = $bm_sum(value, $bm_div($bm_mul($bm_mul(v, amp), Math.sin($bm_mul($bm_mul($bm_mul(freq, t), 2), Math.PI))), Math.exp($bm_mul(decay, t))));\n    } else {\n        $bm_rt = value;\n    }\n} catch (e$$4) {\n    $bm_rt = value = value;\n}"}},"ao":0,"ef":[{"ty":5,"nm":"Elastic Controller","np":5,"ix":1,"en":1,"ef":[{"ty":0,"nm":"Amplitude","ix":1,"v":{"a":0,"k":15,"ix":1}},{"ty":0,"nm":"Frequency","ix":2,"v":{"a":0,"k":70,"ix":2}},{"ty":0,"nm":"Decay","ix":3,"v":{"a":0,"k":100,"ix":3}}]}],"shapes":[{"ty":"gr","it":[{"ind":0,"ty":"sh","ix":1,"ks":{"a":0,"k":{"i":[[0,-18.332],[0,-29.149],[-16.138,-7.293],[-5.14,0],[0,0],[-6.875,2.748],[0,18.87],[25.483,0.219],[40.628,0]],"o":[[-25.485,0.219],[0,18.87],[6.795,2.748],[0,0],[5.14,0],[16.138,-7.313],[0,-29.149],[0,-18.332],[-40.626,0]],"v":[[-55.012,-18.849],[-101.099,27.655],[-73.743,70.057],[-55.053,73.862],[54.971,73.862],[73.762,70.116],[101.099,27.655],[55.012,-18.849],[-0.001,-73.862]],"c":true},"ix":2},"nm":"Path 1"},{"ty":"st","c":{"a":0,"k":[0,0,0,1],"ix":3},"o":{"a":0,"k":100,"ix":4},"w":{"a":0,"k":30.72,"ix":5},"lc":2,"lj":2,"nm":"Stroke 1"},{"ty":"tr","p":{"a":0,"k":[0,0],"ix":2},"a":{"a":0,"k":[0,0],"ix":1},"s":{"a":0,"k":[100,100],"ix":3},"r":{"a":0,"k":0,"ix":6},"o":{"a":0,"k":100,"ix":7},"sk":{"a":0,"k":0,"ix":4},"sa":{"a":0,"k":0,"ix":5},"nm":"Transform"}],"nm":"Group 1","cix":2,"ix":1}],"ip":49,"op":90,"st":0},{"ind":2,"ty":4,"nm":"Layer 5","sr":1,"ks":{"o":{"a":0,"k":100,"ix":11},"r":{"a":0,"k":0,"ix":10},"p":{"a":1,"k":[{"i":{"x":0.833,"y":0.833},"o":{"x":0.167,"y":0.167},"t":11,"s":[336.139,366.001,0],"to":[82,-17.833,0],"ti":[2,70.833,0]},{"i":{"x":0.833,"y":0.833},"o":{"x":0.167,"y":0.167},"t":18,"s":[420.139,205.001,0],"to":[-0.854,-30.254,0],"ti":[2,70.833,0]},{"i":{"x":0.833,"y":0.833},"o":{"x":0.167,"y":0.167},"t":50,"s":[420.139,205.001,0],"to":[-0.854,-30.254,0],"ti":[114.425,-28.568,0]},{"t":57,"s":[336.139,366.001,0]}],"ix":2,"x":"var $bm_rt;\nvar amp, freq, decay, n, n, t, t, v;\ntry {\n    amp = $bm_div(effect('Elastic Controller')(1), 200);\n    freq = $bm_div(effect('Elastic Controller')(2), 30);\n    decay = $bm_div(effect('Elastic Controller')(3), 10);\n    $bm_rt = n = 0;\n    if (numKeys > 0) {\n        $bm_rt = n = nearestKey(time).index;\n        if (key(n).time > time) {\n            n--;\n        }\n    }\n    if (n == 0) {\n        $bm_rt = t = 0;\n    } else {\n        $bm_rt = t = $bm_sub(time, key(n).time);\n    }\n    if (n > 0) {\n        v = velocityAtTime($bm_sub(key(n).time, $bm_div(thisComp.frameDuration, 10)));\n        $bm_rt = $bm_sum(value, $bm_div($bm_mul($bm_mul(v, amp), Math.sin($bm_mul($bm_mul($bm_mul(freq, t), 2), Math.PI))), Math.exp($bm_mul(decay, t))));\n    } else {\n        $bm_rt = value;\n    }\n} catch (e$$4) {\n    $bm_rt = value = value;\n}"},"a":{"a":0,"k":[0,0,0],"ix":1},"s":{"a":1,"k":[{"i":{"x":[0.833,0.833,0.833],"y":[0.833,0.833,0.833]},"o":{"x":[0.167,0.167,0.167],"y":[0.167,0.167,0.167]},"t":11,"s":[100,100,100]},{"i":{"x":[0.833,0.833,0.833],"y":[0.833,0.833,0.833]},"o":{"x":[0.167,0.167,0.167],"y":[0.167,0.167,0.167]},"t":18,"s":[0,0,100]},{"i":{"x":[0.87,0.87,0.87],"y":[1,1,1]},"o":{"x":[0.167,0.167,0.167],"y":[0.167,0.167,0]},"t":50,"s":[0,0,100]},{"t":60,"s":[100,100,100]}],"ix":6,"x":"var $bm_rt;\nvar amp, freq, decay, n, n, t, t, v;\ntry {\n    amp = $bm_div(effect('Elastic Controller')(1), 200);\n    freq = $bm_div(effect('Elastic Controller')(2), 30);\n    decay = $bm_div(effect('Elastic Controller')(3), 10);\n    $bm_rt = n = 0;\n    if (numKeys > 0) {\n        $bm_rt = n = nearestKey(time).index;\n        if (key(n).time > time) {\n            n--;\n        }\n    }\n    if (n == 0) {\n        $bm_rt = t = 0;\n    } else {\n        $bm_rt = t = $bm_sub(time, key(n).time);\n    }\n    if (n > 0) {\n        v = velocityAtTime($bm_sub(key(n).time, $bm_div(thisComp.frameDuration, 10)));\n        $bm_rt = $bm_sum(value, $bm_div($bm_mul($bm_mul(v, amp), Math.sin($bm_mul($bm_mul($bm_mul(freq, t), 2), Math.PI))), Math.exp($bm_mul(decay, t))));\n    } else {\n        $bm_rt = value;\n    }\n} catch (e$$4) {\n    $bm_rt = value = value;\n}"}},"ao":0,"ef":[{"ty":5,"nm":"Elastic Controller","np":5,"ix":1,"en":1,"ef":[{"ty":0,"nm":"Amplitude","ix":1,"v":{"a":0,"k":15,"ix":1}},{"ty":0,"nm":"Frequency","ix":2,"v":{"a":0,"k":70,"ix":2}},{"ty":0,"nm":"Decay","ix":3,"v":{"a":0,"k":100,"ix":3}}]}],"shapes":[{"ty":"gr","it":[{"ind":0,"ty":"sh","ix":1,"ks":{"a":0,"k":{"i":[[0,-18.332],[0,-29.149],[-16.138,-7.293],[-5.14,0],[0,0],[-6.875,2.748],[0,18.87],[25.483,0.219],[40.628,0]],"o":[[-25.485,0.219],[0,18.87],[6.795,2.748],[0,0],[5.14,0],[16.138,-7.313],[0,-29.149],[0,-18.332],[-40.626,0]],"v":[[-55.012,-18.849],[-101.099,27.655],[-73.743,70.057],[-55.053,73.862],[54.971,73.862],[73.762,70.116],[101.099,27.655],[55.012,-18.849],[-0.001,-73.862]],"c":true},"ix":2},"nm":"Path 1"},{"ty":"st","c":{"a":0,"k":[0,0,0,1],"ix":3},"o":{"a":0,"k":100,"ix":4},"w":{"a":0,"k":30.72,"ix":5},"lc":2,"lj":2,"nm":"Stroke 1"},{"ty":"tr","p":{"a":0,"k":[0,0],"ix":2},"a":{"a":0,"k":[0,0],"ix":1},"s":{"a":0,"k":[100,100],"ix":3},"r":{"a":0,"k":0,"ix":6},"o":{"a":0,"k":100,"ix":7},"sk":{"a":0,"k":0,"ix":4},"sa":{"a":0,"k":0,"ix":5},"nm":"Transform"}],"nm":"Group 1","cix":2,"ix":1}],"ip":0,"op":18,"st":0},{"ind":3,"ty":4,"nm":"Layer 2","sr":1,"ks":{"o":{"a":0,"k":40,"ix":11},"r":{"a":0,"k":0,"ix":10},"p":{"s":true,"x":{"a":1,"k":[{"i":{"x":[0.667],"y":[1]},"o":{"x":[0.333],"y":[0]},"t":0,"s":[252.898]},{"i":{"x":[0.45],"y":[1]},"o":{"x":[0.167],"y":[0]},"t":31,"s":[263.498]},{"i":{"x":[0.45],"y":[1]},"o":{"x":[0.55],"y":[0]},"t":36,"s":[263.498]},{"t":67,"s":[252.898]}],"ix":3},"y":{"a":1,"k":[{"i":{"x":[0.667],"y":[1]},"o":{"x":[0.333],"y":[0]},"t":0,"s":[150.091]},{"i":{"x":[0.833],"y":[0.833]},"o":{"x":[0.333],"y":[0]},"t":8,"s":[177.891]},{"i":{"x":[0.667],"y":[1]},"o":{"x":[0.167],"y":[0]},"t":13,"s":[154.591]},{"i":{"x":[0.667],"y":[1]},"o":{"x":[0.333],"y":[0]},"t":36,"s":[154.591]},{"t":67,"s":[150.091]}],"ix":4,"x":"var $bm_rt;\nvar amp, freq, decay, n, n, t, t, v;\ntry {\n    amp = $bm_div(effect('Elastic: Y Position')(1), 200);\n    freq = $bm_div(effect('Elastic: Y Position')(2), 30);\n    decay = $bm_div(effect('Elastic: Y Position')(3), 10);\n    $bm_rt = n = 0;\n    if (numKeys > 0) {\n        $bm_rt = n = nearestKey(time).index;\n        if (key(n).time > time) {\n            n--;\n        }\n    }\n    if (n == 0) {\n        $bm_rt = t = 0;\n    } else {\n        $bm_rt = t = $bm_sub(time, key(n).time);\n    }\n    if (n > 0) {\n        v = velocityAtTime($bm_sub(key(n).time, $bm_div(thisComp.frameDuration, 10)));\n        $bm_rt = $bm_sum(value, $bm_div($bm_mul($bm_mul(v, amp), Math.sin($bm_mul($bm_mul($bm_mul(freq, t), 2), Math.PI))), Math.exp($bm_mul(decay, t))));\n    } else {\n        $bm_rt = value;\n    }\n} catch (e$$4) {\n    $bm_rt = value = value;\n}"}},"a":{"a":0,"k":[0,0,0],"ix":1},"s":{"a":0,"k":[100,100,100],"ix":6}},"ao":0,"ef":[{"ty":5,"nm":"Elastic: Y Position","np":5,"ix":1,"en":1,"ef":[{"ty":0,"nm":"Amplitude","ix":1,"v":{"a":0,"k":20,"ix":1}},{"ty":0,"nm":"Frequency","ix":2,"v":{"a":0,"k":40,"ix":2}},{"ty":0,"nm":"Decay","ix":3,"v":{"a":0,"k":60,"ix":3}}]}],"shapes":[{"ty":"gr","it":[{"ty":"gr","it":[{"ind":0,"ty":"sh","ix":1,"ks":{"a":0,"k":{"i":[[0,0],[0,0],[0,0],[0,0],[0,0]],"o":[[0,0],[0,0],[0,0],[0,0],[0,0]],"v":[[57.92,-78.411],[58.258,58.073],[0.259,39.185],[-58.079,58.411],[-58.258,-77.893]],"c":false},"ix":2},"nm":"Path 1"},{"ty":"tr","p":{"a":0,"k":[0,0],"ix":2},"a":{"a":0,"k":[0,0],"ix":1},"s":{"a":1,"k":[{"i":{"x":[0.667,0.667],"y":[1,1]},"o":{"x":[0.333,0.333],"y":[0,0]},"t":0,"s":[100,100]},{"i":{"x":[0.45,0.45],"y":[1,1]},"o":{"x":[0.167,0.167],"y":[0,0]},"t":31,"s":[60.6,100]},{"i":{"x":[0.45,0.45],"y":[1,1]},"o":{"x":[0.55,0.55],"y":[0,0]},"t":36,"s":[60.6,100]},{"t":67,"s":[100,100]}],"ix":3},"r":{"a":0,"k":0,"ix":6},"o":{"a":0,"k":100,"ix":7},"sk":{"a":0,"k":0,"ix":4},"sa":{"a":0,"k":0,"ix":5},"nm":"Transform"}],"nm":"Group 1","cix":2,"ix":1},{"ty":"st","c":{"a":0,"k":[0,0,0,1],"ix":3},"o":{"a":0,"k":100,"ix":4},"w":{"a":0,"k":30.72,"ix":5},"lc":2,"lj":2,"nm":"Stroke 1"},{"ty":"tr","p":{"a":0,"k":[0,0],"ix":2},"a":{"a":0,"k":[0,0],"ix":1},"s":{"a":0,"k":[100,100],"ix":3},"r":{"a":0,"k":0,"ix":6},"o":{"a":0,"k":100,"ix":7},"sk":{"a":0,"k":0,"ix":4},"sa":{"a":0,"k":0,"ix":5},"nm":"Transform"}],"nm":"Group 1","cix":2,"ix":1}],"ip":0,"op":90,"st":0},{"ind":4,"ty":4,"nm":"Layer 3","sr":1,"ks":{"o":{"a":0,"k":100,"ix":11},"r":{"a":0,"k":0,"ix":10},"p":{"s":true,"x":{"a":0,"k":252.92,"ix":3},"y":{"a":0,"k":440.32,"ix":4}},"a":{"a":0,"k":[0,184.32,0],"ix":1},"s":{"a":0,"k":[100,100,100],"ix":6}},"ao":0,"ef":[{"ty":5,"nm":"Elastic: Scale - Transform","np":5,"ix":1,"en":1,"ef":[{"ty":0,"nm":"Amplitude","ix":1,"v":{"a":0,"k":20,"ix":1}},{"ty":0,"nm":"Frequency","ix":2,"v":{"a":0,"k":40,"ix":2}},{"ty":0,"nm":"Decay","ix":3,"v":{"a":0,"k":60,"ix":3}}]},{"ty":5,"nm":"Elastic Controller","np":5,"ix":2,"en":1,"ef":[{"ty":0,"nm":"Amplitude","ix":1,"v":{"a":0,"k":20,"ix":1}},{"ty":0,"nm":"Frequency","ix":2,"v":{"a":0,"k":40,"ix":2}},{"ty":0,"nm":"Decay","ix":3,"v":{"a":0,"k":206,"ix":3}}]}],"shapes":[{"ty":"gr","it":[{"ty":"gr","it":[{"ind":0,"ty":"sh","ix":1,"ks":{"a":1,"k":[{"i":{"x":0.667,"y":1},"o":{"x":0.333,"y":0},"t":0,"s":[{"i":[[-60.129,0.139],[0,0],[-0.139,-60.269],[0,0],[60.328,-0.139],[0,0],[0.139,60.269],[0,0]],"o":[[0,0],[60.309,-0.139],[0,0],[0.139,60.271],[0,0],[-60.329,0.139],[0,0],[-0.139,-60.249]],"v":[[-86.711,-183.902],[85.836,-184.32],[183.923,-81.715],[184.3,80.838],[86.692,183.902],[-85.835,184.32],[-183.921,81.715],[-184.3,-80.86]],"c":true}]},{"i":{"x":0.45,"y":1},"o":{"x":0.167,"y":0},"t":31,"s":[{"i":[[-45.805,0.139],[0,0],[-0.106,-60.269],[0,0],[45.956,-0.139],[0,0],[0.106,60.269],[0,0]],"o":[[0,0],[45.942,-0.139],[0,0],[0.106,60.271],[0,0],[-45.957,0.139],[0,0],[-0.106,-60.249]],"v":[[-50.474,-183.902],[80.967,-184.32],[155.687,-81.715],[155.974,80.838],[81.619,183.902],[-49.806,184.32],[-124.526,81.715],[-124.814,-80.86]],"c":true}]},{"i":{"x":0.45,"y":1},"o":{"x":0.55,"y":0},"t":36,"s":[{"i":[[-45.805,0.139],[0,0],[-0.106,-60.269],[0,0],[45.956,-0.139],[0,0],[0.106,60.269],[0,0]],"o":[[0,0],[45.942,-0.139],[0,0],[0.106,60.271],[0,0],[-45.957,0.139],[0,0],[-0.106,-60.249]],"v":[[-50.474,-183.902],[80.967,-184.32],[155.687,-81.715],[155.974,80.838],[81.619,183.902],[-49.806,184.32],[-124.526,81.715],[-124.814,-80.86]],"c":true}]},{"t":67,"s":[{"i":[[-60.129,0.139],[0,0],[-0.139,-60.269],[0,0],[60.328,-0.139],[0,0],[0.139,60.269],[0,0]],"o":[[0,0],[60.309,-0.139],[0,0],[0.139,60.271],[0,0],[-60.329,0.139],[0,0],[-0.139,-60.249]],"v":[[-86.711,-183.902],[85.836,-184.32],[183.923,-81.715],[184.3,80.838],[86.692,183.902],[-85.835,184.32],[-183.921,81.715],[-184.3,-80.86]],"c":true}]}],"ix":2},"nm":"Path 1"},{"ty":"tr","p":{"a":0,"k":[0,184],"ix":2},"a":{"a":0,"k":[0,184],"ix":1},"s":{"a":1,"k":[{"i":{"x":[0.667,0.667],"y":[1,1]},"o":{"x":[0.333,0.333],"y":[0,0]},"t":0,"s":[100,100]},{"i":{"x":[0.833,0.833],"y":[1,0.833]},"o":{"x":[0.333,0.333],"y":[0,0]},"t":8,"s":[100,93.1]},{"t":13,"s":[100,100]}],"ix":3,"x":"var $bm_rt;\nvar amp, freq, decay, n, n, t, t, v;\ntry {\n    amp = $bm_div(effect('Elastic: Scale - Transform')(1), 200);\n    freq = $bm_div(effect('Elastic: Scale - Transform')(2), 30);\n    decay = $bm_div(effect('Elastic: Scale - Transform')(3), 10);\n    $bm_rt = n = 0;\n    if (numKeys > 0) {\n        $bm_rt = n = nearestKey(time).index;\n        if (key(n).time > time) {\n            n--;\n        }\n    }\n    if (n == 0) {\n        $bm_rt = t = 0;\n    } else {\n        $bm_rt = t = $bm_sub(time, key(n).time);\n    }\n    if (n > 0) {\n        v = velocityAtTime($bm_sub(key(n).time, $bm_div(thisComp.frameDuration, 10)));\n        $bm_rt = $bm_sum(value, $bm_div($bm_mul($bm_mul(v, amp), Math.sin($bm_mul($bm_mul($bm_mul(freq, t), 2), Math.PI))), Math.exp($bm_mul(decay, t))));\n    } else {\n        $bm_rt = value;\n    }\n} catch (e$$4) {\n    $bm_rt = value = value;\n}"},"r":{"a":0,"k":0,"ix":6},"o":{"a":0,"k":100,"ix":7},"sk":{"a":0,"k":0,"ix":4},"sa":{"a":0,"k":0,"ix":5},"nm":"Transform"}],"nm":"Group 1","cix":2,"ix":1},{"ty":"st","c":{"a":0,"k":[0,0,0,1],"ix":3},"o":{"a":0,"k":100,"ix":4},"w":{"a":0,"k":30.72,"ix":5},"lc":2,"lj":2,"nm":"Stroke 1"},{"ty":"tr","p":{"a":0,"k":[0,184.32],"ix":2},"a":{"a":0,"k":[0,184.32],"ix":1},"s":{"a":0,"k":[100,100],"ix":3},"r":{"a":0,"k":0,"ix":6},"o":{"a":0,"k":100,"ix":7},"sk":{"a":0,"k":0,"ix":4},"sa":{"a":0,"k":0,"ix":5},"nm":"Transform"}],"nm":"Group 1","cix":2,"ix":1},{"ty":"tm","s":{"a":1,"k":[{"i":{"x":[0.3],"y":[1]},"o":{"x":[0.167],"y":[0.167]},"t":10,"s":[32.2]},{"i":{"x":[0.833],"y":[1]},"o":{"x":[0.167],"y":[0]},"t":29,"s":[0]},{"i":{"x":[0.833],"y":[0.833]},"o":{"x":[0.7],"y":[0]},"t":44,"s":[0]},{"t":58,"s":[32.2]}],"ix":1,"x":"var $bm_rt;\nvar amp, freq, decay, n, n, t, t, v;\ntry {\n    amp = $bm_div(effect('Elastic Controller')(1), 200);\n    freq = $bm_div(effect('Elastic Controller')(2), 30);\n    decay = $bm_div(effect('Elastic Controller')(3), 10);\n    $bm_rt = n = 0;\n    if (numKeys > 0) {\n        $bm_rt = n = nearestKey(time).index;\n        if (key(n).time > time) {\n            n--;\n        }\n    }\n    if (n == 0) {\n        $bm_rt = t = 0;\n    } else {\n        $bm_rt = t = $bm_sub(time, key(n).time);\n    }\n    if (n > 0) {\n        v = velocityAtTime($bm_sub(key(n).time, $bm_div(thisComp.frameDuration, 10)));\n        $bm_rt = $bm_sum(value, $bm_div($bm_mul($bm_mul(v, amp), Math.sin($bm_mul($bm_mul($bm_mul(freq, t), 2), Math.PI))), Math.exp($bm_mul(decay, t))));\n    } else {\n        $bm_rt = value;\n    }\n} catch (e$$4) {\n    $bm_rt = value = value;\n}"},"e":{"a":0,"k":100,"ix":2},"o":{"a":1,"k":[{"i":{"x":[0.3],"y":[1]},"o":{"x":[0.167],"y":[0.167]},"t":10,"s":[-249.5]},{"i":{"x":[0.833],"y":[1]},"o":{"x":[0.167],"y":[0]},"t":29,"s":[-283.2]},{"i":{"x":[0.833],"y":[0.833]},"o":{"x":[0.7],"y":[0]},"t":44,"s":[-283.2]},{"t":58,"s":[-249.5]}],"ix":3,"x":"var $bm_rt;\nvar amp, freq, decay, n, n, t, t, v;\ntry {\n    amp = $bm_div(effect('Elastic Controller')(1), 200);\n    freq = $bm_div(effect('Elastic Controller')(2), 30);\n    decay = $bm_div(effect('Elastic Controller')(3), 10);\n    $bm_rt = n = 0;\n    if (numKeys > 0) {\n        $bm_rt = n = nearestKey(time).index;\n        if (key(n).time > time) {\n            n--;\n        }\n    }\n    if (n == 0) {\n        $bm_rt = t = 0;\n    } else {\n        $bm_rt = t = $bm_sub(time, key(n).time);\n    }\n    if (n > 0) {\n        v = velocityAtTime($bm_sub(key(n).time, $bm_div(thisComp.frameDuration, 10)));\n        $bm_rt = $bm_sum(value, $bm_div($bm_mul($bm_mul(v, amp), Math.sin($bm_mul($bm_mul($bm_mul(freq, t), 2), Math.PI))), Math.exp($bm_mul(decay, t))));\n    } else {\n        $bm_rt = value;\n    }\n} catch (e$$4) {\n    $bm_rt = value = value;\n}"},"m":1,"ix":2,"nm":"Trim Paths 1"}],"ip":0,"op":90,"st":0},{"ind":5,"ty":4,"nm":"Layer 1","parent":4,"sr":1,"ks":{"o":{"a":0,"k":100,"ix":11},"r":{"a":0,"k":0,"ix":10},"p":{"a":0,"k":[0,0,0],"ix":2},"a":{"a":0,"k":[0,0,0],"ix":1},"s":{"a":0,"k":[100,100,100],"ix":6}},"ao":0,"hasMask":true,"masksProperties":[{"inv":false,"mode":"a","pt":{"a":1,"k":[{"i":{"x":0.833,"y":0.833},"o":{"x":0.167,"y":0.167},"t":13,"s":[{"i":[[0,0],[0,0],[0,0],[0,0]],"o":[[0,0],[0,0],[0,0],[0,0]],"v":[[-82.92,-221],[-274.92,-221],[-274.92,227],[-82.92,227]],"c":true}]},{"i":{"x":0.833,"y":0.833},"o":{"x":0.167,"y":0.167},"t":30,"s":[{"i":[[0,0],[0,0],[0,0],[0,0]],"o":[[0,0],[0,0],[0,0],[0,0]],"v":[[-40.92,-221],[-274.92,-221],[-274.92,227],[-40.92,227]],"c":true}]},{"i":{"x":0.833,"y":0.833},"o":{"x":0.167,"y":0.167},"t":56,"s":[{"i":[[0,0],[0,0],[0,0],[0,0]],"o":[[0,0],[0,0],[0,0],[0,0]],"v":[[-40.92,-221],[-274.92,-221],[-274.92,227],[-40.92,227]],"c":true}]},{"t":62,"s":[{"i":[[0,0],[0,0],[0,0],[0,0]],"o":[[0,0],[0,0],[0,0],[0,0]],"v":[[-162.92,-221],[-396.92,-221],[-396.92,227],[-162.92,227]],"c":true}]}],"ix":1},"o":{"a":0,"k":100,"ix":3},"x":{"a":0,"k":0,"ix":4},"nm":"Mask 1"}],"shapes":[{"ty":"gr","it":[{"ty":"gr","it":[{"ind":0,"ty":"sh","ix":1,"ks":{"a":1,"k":[{"i":{"x":0.667,"y":1},"o":{"x":0.333,"y":0},"t":0,"s":[{"i":[[-60.129,0.139],[0,0],[-0.139,-60.269],[0,0],[60.328,-0.139],[0,0],[0.139,60.269],[0,0]],"o":[[0,0],[60.309,-0.139],[0,0],[0.139,60.271],[0,0],[-60.329,0.139],[0,0],[-0.139,-60.249]],"v":[[-86.711,-183.902],[85.836,-184.32],[183.923,-81.715],[184.3,80.838],[86.692,183.902],[-85.835,184.32],[-183.921,81.715],[-184.3,-80.86]],"c":true}]},{"i":{"x":0.45,"y":1},"o":{"x":0.167,"y":0},"t":31,"s":[{"i":[[-60.475,0.139],[0,0],[-0.14,-60.269],[0,0],[60.675,-0.139],[0,0],[0.14,60.269],[0,0]],"o":[[0,0],[60.656,-0.139],[0,0],[0.14,60.271],[0,0],[-60.676,0.139],[0,0],[-0.14,-60.249]],"v":[[-117.63,-183.902],[53.91,-184.481],[152.561,-81.877],[152.94,80.677],[54.771,183.741],[-116.749,184.32],[-215.399,81.715],[-215.78,-80.86]],"c":true}]},{"i":{"x":0.45,"y":1},"o":{"x":0.55,"y":0},"t":36,"s":[{"i":[[-60.475,0.139],[0,0],[-0.14,-60.269],[0,0],[60.675,-0.139],[0,0],[0.14,60.269],[0,0]],"o":[[0,0],[60.656,-0.139],[0,0],[0.14,60.271],[0,0],[-60.676,0.139],[0,0],[-0.14,-60.249]],"v":[[-117.63,-183.902],[53.91,-184.481],[152.561,-81.877],[152.94,80.677],[54.771,183.741],[-116.749,184.32],[-215.399,81.715],[-215.78,-80.86]],"c":true}]},{"t":67,"s":[{"i":[[-60.129,0.139],[0,0],[-0.139,-60.269],[0,0],[60.328,-0.139],[0,0],[0.139,60.269],[0,0]],"o":[[0,0],[60.309,-0.139],[0,0],[0.139,60.271],[0,0],[-60.329,0.139],[0,0],[-0.139,-60.249]],"v":[[-86.711,-183.902],[85.836,-184.32],[183.923,-81.715],[184.3,80.838],[86.692,183.902],[-85.835,184.32],[-183.921,81.715],[-184.3,-80.86]],"c":true}]}],"ix":2},"nm":"Path 1"},{"ty":"tr","p":{"a":0,"k":[0,184.25],"ix":2},"a":{"a":0,"k":[0,184.25],"ix":1},"s":{"a":0,"k":[100,100],"ix":3,"x":"var $bm_rt;\n$bm_rt = thisComp.layer('Layer 3').content('Group 1').content('Group 1').transform.scale;"},"r":{"a":0,"k":0,"ix":6},"o":{"a":0,"k":100,"ix":7},"sk":{"a":0,"k":0,"ix":4},"sa":{"a":0,"k":0,"ix":5},"nm":"Transform"}],"nm":"Group 1","cix":2,"ix":1},{"ty":"st","c":{"a":0,"k":[0,0,0,1],"ix":3},"o":{"a":0,"k":100,"ix":4},"w":{"a":0,"k":29.6,"ix":5},"lc":2,"lj":2,"nm":"Stroke 1"},{"ty":"tr","p":{"a":0,"k":[0,0],"ix":2},"a":{"a":0,"k":[0,0],"ix":1},"s":{"a":0,"k":[100,100],"ix":3},"r":{"a":0,"k":0,"ix":6},"o":{"a":0,"k":100,"ix":7},"sk":{"a":0,"k":0,"ix":4},"sa":{"a":0,"k":0,"ix":5},"nm":"Transform"}],"nm":"Group 1","cix":2,"ix":1}],"ip":0,"op":90,"st":0}],"markers":[]}