{"v":"4.8.0","meta":{"g":"LottieFiles AE 3.5.2","a":"","k":"","d":"","tc":""},"fr":60,"ip":0,"op":90,"w":512,"h":512,"nm":"06 Delivery Refresh","assets":[],"layers":[{"ind":1,"ty":4,"nm":"Arrow","parent":2,"sr":1,"ks":{"o":{"a":0,"k":100,"ix":11},"r":{"a":0,"k":0,"ix":10},"p":{"a":0,"k":[-75.289,-27.162,0],"ix":2},"a":{"a":0,"k":[0,0,0],"ix":1},"s":{"a":0,"k":[100,100,100],"ix":6}},"ao":0,"shapes":[{"ty":"gr","it":[{"ind":0,"ty":"sh","ix":1,"ks":{"a":1,"k":[{"i":{"x":0.25,"y":1},"o":{"x":0.333,"y":0},"t":6,"s":[{"i":[[0,0],[0,0],[0,0]],"o":[[0,0],[0,0],[0,0]],"v":[[-33.068,-23.334],[-13.34,23.334],[33.068,3.706]],"c":false}]},{"i":{"x":0.667,"y":1},"o":{"x":0.333,"y":0},"t":32.348,"s":[{"i":[[0,0],[0,0],[0,0]],"o":[[0,0],[0,0],[0,0]],"v":[[-14.409,-16.134],[-13.34,23.334],[14.409,-3.494]],"c":false}]},{"i":{"x":0.667,"y":1},"o":{"x":0.333,"y":0},"t":41.619,"s":[{"i":[[0,0],[0,0],[0,0]],"o":[[0,0],[0,0],[0,0]],"v":[[-42.397,-26.934],[-13.34,23.334],[42.397,7.306]],"c":false}]},{"i":{"x":0.667,"y":1},"o":{"x":0.333,"y":0},"t":48.914,"s":[{"i":[[0,0],[0,0],[0,0]],"o":[[0,0],[0,0],[0,0]],"v":[[-19.073,-17.934],[-13.34,23.334],[19.073,-1.694]],"c":false}]},{"i":{"x":0.667,"y":1},"o":{"x":0.333,"y":0},"t":59.285,"s":[{"i":[[0,0],[0,0],[0,0]],"o":[[0,0],[0,0],[0,0]],"v":[[-37.732,-25.134],[-13.34,23.334],[37.732,5.506]],"c":false}]},{"t":69,"s":[{"i":[[0,0],[0,0],[0,0]],"o":[[0,0],[0,0],[0,0]],"v":[[-33.068,-23.334],[-13.34,23.334],[33.068,3.706]],"c":false}]}],"ix":2},"nm":"Path 1"},{"ty":"tr","p":{"a":0,"k":[76.594,24.5],"ix":2},"a":{"a":0,"k":[76.594,24.5],"ix":1},"s":{"a":0,"k":[100,100],"ix":3,"x":"var $bm_rt;\n$bm_rt = thisComp.layer('Circle').content('Group 1').transform.scale;"},"r":{"a":0,"k":0,"ix":6},"o":{"a":0,"k":100,"ix":7},"sk":{"a":0,"k":0,"ix":4},"sa":{"a":0,"k":0,"ix":5},"nm":"Transform"}],"nm":"Group 1","cix":2,"ix":1},{"ty":"st","c":{"a":0,"k":[0,0,0,1],"ix":3},"o":{"a":0,"k":100,"ix":4},"w":{"a":0,"k":30.72,"ix":5},"lc":2,"lj":2,"nm":"Stroke 1"}],"ip":0,"op":92,"st":0},{"ind":2,"ty":4,"nm":"Circle","sr":1,"ks":{"o":{"a":0,"k":100,"ix":11},"r":{"a":1,"k":[{"i":{"x":[0.833],"y":[0.833]},"o":{"x":[0.333],"y":[0]},"t":6,"s":[24]},{"t":34.332,"s":[-336.2]}],"ix":10,"x":"var $bm_rt;\nvar amp, freq, decay, n, n, t, t, v;\ntry {\n    amp = $bm_div(effect('Elastic Controller')(1), 200);\n    freq = $bm_div(effect('Elastic Controller')(2), 30);\n    decay = $bm_div(effect('Elastic Controller')(3), 10);\n    $bm_rt = n = 0;\n    if (numKeys > 0) {\n        $bm_rt = n = nearestKey(time).index;\n        if (key(n).time > time) {\n            n--;\n        }\n    }\n    if (n == 0) {\n        $bm_rt = t = 0;\n    } else {\n        $bm_rt = t = $bm_sub(time, key(n).time);\n    }\n    if (n > 0) {\n        v = velocityAtTime($bm_sub(key(n).time, $bm_div(thisComp.frameDuration, 10)));\n        $bm_rt = $bm_sum(value, $bm_div($bm_mul($bm_mul(v, amp), Math.sin($bm_mul($bm_mul($bm_mul(freq, t), 2), Math.PI))), Math.exp($bm_mul(decay, t))));\n    } else {\n        $bm_rt = value;\n    }\n} catch (e$$4) {\n    $bm_rt = value = value;\n}"},"p":{"a":0,"k":[368.68,367.52,0],"ix":2},"a":{"a":0,"k":[0,0,0],"ix":1},"s":{"a":0,"k":[100,100,100],"ix":6}},"ao":0,"ef":[{"ty":5,"nm":"Elastic Controller","np":5,"ix":1,"en":1,"ef":[{"ty":0,"nm":"Amplitude","ix":1,"v":{"a":0,"k":20,"ix":1}},{"ty":0,"nm":"Frequency","ix":2,"v":{"a":0,"k":65,"ix":2}},{"ty":0,"nm":"Decay","ix":3,"v":{"a":0,"k":60,"ix":3}}]}],"shapes":[{"ty":"gr","it":[{"ind":0,"ty":"sh","ix":1,"ks":{"a":0,"k":{"i":[[0,0],[-47.266,0],[0,-47.962],[47.964,0],[15.922,17.355],[0,28.25]],"o":[[1.196,-46.868],[47.964,0],[0,48.065],[-25.426,0],[0,0],[1,0]],"v":[[-86.9,-2.371],[-0.001,-86.9],[86.9,-0.001],[-0.001,86.9],[-64.164,58.684],[-87.27,6.1]],"c":false},"ix":2},"nm":"Path 1"},{"ty":"tr","p":{"a":0,"k":[0.125,-0.562],"ix":2},"a":{"a":0,"k":[0.375,-0.062],"ix":1},"s":{"a":1,"k":[{"i":{"x":[0.667,0.667],"y":[1,1]},"o":{"x":[0.333,0.333],"y":[0,0]},"t":10.25,"s":[78.6,78.6]},{"i":{"x":[0.833,0.833],"y":[0.833,0.833]},"o":{"x":[0.333,0.333],"y":[0,0]},"t":23,"s":[52.6,52.6]},{"t":38.582,"s":[78.6,78.6]}],"ix":3,"x":"var $bm_rt;\nvar amp, freq, decay, n, n, t, t, v;\ntry {\n    amp = $bm_div(effect('Elastic Controller')(1), 200);\n    freq = $bm_div(effect('Elastic Controller')(2), 30);\n    decay = $bm_div(effect('Elastic Controller')(3), 10);\n    $bm_rt = n = 0;\n    if (numKeys > 0) {\n        $bm_rt = n = nearestKey(time).index;\n        if (key(n).time > time) {\n            n--;\n        }\n    }\n    if (n == 0) {\n        $bm_rt = t = 0;\n    } else {\n        $bm_rt = t = $bm_sub(time, key(n).time);\n    }\n    if (n > 0) {\n        v = velocityAtTime($bm_sub(key(n).time, $bm_div(thisComp.frameDuration, 10)));\n        $bm_rt = $bm_sum(value, $bm_div($bm_mul($bm_mul(v, amp), Math.sin($bm_mul($bm_mul($bm_mul(freq, t), 2), Math.PI))), Math.exp($bm_mul(decay, t))));\n    } else {\n        $bm_rt = value;\n    }\n} catch (e$$4) {\n    $bm_rt = value = value;\n}"},"r":{"a":0,"k":0,"ix":6},"o":{"a":0,"k":100,"ix":7},"sk":{"a":0,"k":0,"ix":4},"sa":{"a":0,"k":0,"ix":5},"nm":"Transform"}],"nm":"Group 1","cix":2,"ix":1},{"ty":"st","c":{"a":0,"k":[0,0,0,1],"ix":3},"o":{"a":0,"k":100,"ix":4},"w":{"a":0,"k":30.72,"ix":5},"lc":2,"lj":2,"nm":"Stroke 1"},{"ty":"tm","s":{"a":0,"k":2.8,"ix":1},"e":{"a":1,"k":[{"i":{"x":[0.667],"y":[1]},"o":{"x":[0.333],"y":[0]},"t":11.668,"s":[89.1]},{"i":{"x":[0.833],"y":[0.833]},"o":{"x":[0.333],"y":[0]},"t":24.418,"s":[69.9]},{"t":40,"s":[89.1]}],"ix":2,"x":"var $bm_rt;\nvar amp, freq, decay, n, n, t, t, v;\ntry {\n    amp = $bm_div(effect('Elastic Controller')(1), 200);\n    freq = $bm_div(effect('Elastic Controller')(2), 30);\n    decay = $bm_div(effect('Elastic Controller')(3), 10);\n    $bm_rt = n = 0;\n    if (numKeys > 0) {\n        $bm_rt = n = nearestKey(time).index;\n        if (key(n).time > time) {\n            n--;\n        }\n    }\n    if (n == 0) {\n        $bm_rt = t = 0;\n    } else {\n        $bm_rt = t = $bm_sub(time, key(n).time);\n    }\n    if (n > 0) {\n        v = velocityAtTime($bm_sub(key(n).time, $bm_div(thisComp.frameDuration, 10)));\n        $bm_rt = $bm_sum(value, $bm_div($bm_mul($bm_mul(v, amp), Math.sin($bm_mul($bm_mul($bm_mul(freq, t), 2), Math.PI))), Math.exp($bm_mul(decay, t))));\n    } else {\n        $bm_rt = value;\n    }\n} catch (e$$4) {\n    $bm_rt = value = value;\n}"},"o":{"a":0,"k":0,"ix":3},"m":1,"ix":3,"nm":"Trim Paths 1"}],"ip":0,"op":92,"st":0},{"ind":3,"ty":4,"nm":"Layer 2","sr":1,"ks":{"o":{"a":0,"k":40,"ix":11},"r":{"a":0,"k":0,"ix":10},"p":{"s":true,"x":{"a":1,"k":[{"i":{"x":[0.667],"y":[1]},"o":{"x":[0.333],"y":[0]},"t":0,"s":[252.898]},{"i":{"x":[0.45],"y":[1]},"o":{"x":[0.167],"y":[0]},"t":28,"s":[263.498]},{"i":{"x":[0.45],"y":[1]},"o":{"x":[0.55],"y":[0]},"t":36,"s":[263.498]},{"t":59,"s":[252.898]}],"ix":3},"y":{"a":1,"k":[{"i":{"x":[0.667],"y":[1]},"o":{"x":[0.333],"y":[0]},"t":0,"s":[150.091]},{"i":{"x":[0.833],"y":[0.833]},"o":{"x":[0.333],"y":[0]},"t":8,"s":[177.891]},{"i":{"x":[0.667],"y":[1]},"o":{"x":[0.167],"y":[0]},"t":13,"s":[154.591]},{"i":{"x":[0.667],"y":[1]},"o":{"x":[0.333],"y":[0]},"t":36,"s":[154.591]},{"t":59,"s":[150.091]}],"ix":4,"x":"var $bm_rt;\nvar amp, freq, decay, n, n, t, t, v;\ntry {\n    amp = $bm_div(effect('Elastic: Y Position')(1), 200);\n    freq = $bm_div(effect('Elastic: Y Position')(2), 30);\n    decay = $bm_div(effect('Elastic: Y Position')(3), 10);\n    $bm_rt = n = 0;\n    if (numKeys > 0) {\n        $bm_rt = n = nearestKey(time).index;\n        if (key(n).time > time) {\n            n--;\n        }\n    }\n    if (n == 0) {\n        $bm_rt = t = 0;\n    } else {\n        $bm_rt = t = $bm_sub(time, key(n).time);\n    }\n    if (n > 0) {\n        v = velocityAtTime($bm_sub(key(n).time, $bm_div(thisComp.frameDuration, 10)));\n        $bm_rt = $bm_sum(value, $bm_div($bm_mul($bm_mul(v, amp), Math.sin($bm_mul($bm_mul($bm_mul(freq, t), 2), Math.PI))), Math.exp($bm_mul(decay, t))));\n    } else {\n        $bm_rt = value;\n    }\n} catch (e$$4) {\n    $bm_rt = value = value;\n}"}},"a":{"a":0,"k":[0,0,0],"ix":1},"s":{"a":0,"k":[100,100,100],"ix":6}},"ao":0,"ef":[{"ty":5,"nm":"Elastic: Y Position","np":5,"ix":1,"en":1,"ef":[{"ty":0,"nm":"Amplitude","ix":1,"v":{"a":0,"k":20,"ix":1}},{"ty":0,"nm":"Frequency","ix":2,"v":{"a":0,"k":40,"ix":2}},{"ty":0,"nm":"Decay","ix":3,"v":{"a":0,"k":60,"ix":3}}]}],"shapes":[{"ty":"gr","it":[{"ty":"gr","it":[{"ind":0,"ty":"sh","ix":1,"ks":{"a":0,"k":{"i":[[0,0],[0,0],[0,0],[0,0],[0,0]],"o":[[0,0],[0,0],[0,0],[0,0],[0,0]],"v":[[57.92,-78.411],[58.258,58.073],[0.259,39.185],[-58.079,58.411],[-58.258,-77.893]],"c":false},"ix":2},"nm":"Path 1"},{"ty":"tr","p":{"a":0,"k":[0,0],"ix":2},"a":{"a":0,"k":[0,0],"ix":1},"s":{"a":1,"k":[{"i":{"x":[0.667,0.667],"y":[1,1]},"o":{"x":[0.333,0.333],"y":[0,0]},"t":0,"s":[100,100]},{"i":{"x":[0.45,0.45],"y":[1,1]},"o":{"x":[0.167,0.167],"y":[0,0]},"t":28,"s":[60.6,100]},{"i":{"x":[0.45,0.45],"y":[1,1]},"o":{"x":[0.55,0.55],"y":[0,0]},"t":36,"s":[60.6,100]},{"t":59,"s":[100,100]}],"ix":3},"r":{"a":0,"k":0,"ix":6},"o":{"a":0,"k":100,"ix":7},"sk":{"a":0,"k":0,"ix":4},"sa":{"a":0,"k":0,"ix":5},"nm":"Transform"}],"nm":"Group 1","cix":2,"ix":1},{"ty":"st","c":{"a":0,"k":[0,0,0,1],"ix":3},"o":{"a":0,"k":100,"ix":4},"w":{"a":0,"k":30.72,"ix":5},"lc":2,"lj":2,"nm":"Stroke 1"},{"ty":"tr","p":{"a":0,"k":[0,0],"ix":2},"a":{"a":0,"k":[0,0],"ix":1},"s":{"a":0,"k":[100,100],"ix":3},"r":{"a":0,"k":0,"ix":6},"o":{"a":0,"k":100,"ix":7},"sk":{"a":0,"k":0,"ix":4},"sa":{"a":0,"k":0,"ix":5},"nm":"Transform"}],"nm":"Group 1","cix":2,"ix":1}],"ip":0,"op":90,"st":0},{"ind":4,"ty":4,"nm":"Layer 3","sr":1,"ks":{"o":{"a":0,"k":100,"ix":11},"r":{"a":0,"k":0,"ix":10},"p":{"s":true,"x":{"a":0,"k":252.92,"ix":3},"y":{"a":0,"k":440.32,"ix":4}},"a":{"a":0,"k":[0,184.32,0],"ix":1},"s":{"a":0,"k":[100,100,100],"ix":6}},"ao":0,"ef":[{"ty":5,"nm":"Elastic: Scale - Transform","np":5,"ix":1,"en":1,"ef":[{"ty":0,"nm":"Amplitude","ix":1,"v":{"a":0,"k":20,"ix":1}},{"ty":0,"nm":"Frequency","ix":2,"v":{"a":0,"k":40,"ix":2}},{"ty":0,"nm":"Decay","ix":3,"v":{"a":0,"k":60,"ix":3}}]},{"ty":5,"nm":"Elastic Controller","np":5,"ix":2,"en":1,"ef":[{"ty":0,"nm":"Amplitude","ix":1,"v":{"a":0,"k":20,"ix":1}},{"ty":0,"nm":"Frequency","ix":2,"v":{"a":0,"k":40,"ix":2}},{"ty":0,"nm":"Decay","ix":3,"v":{"a":0,"k":206,"ix":3}}]}],"shapes":[{"ty":"gr","it":[{"ty":"gr","it":[{"ind":0,"ty":"sh","ix":1,"ks":{"a":1,"k":[{"i":{"x":0.667,"y":1},"o":{"x":0.333,"y":0},"t":0,"s":[{"i":[[-60.129,0.139],[0,0],[-0.139,-60.269],[0,0],[60.328,-0.139],[0,0],[0.139,60.269],[0,0]],"o":[[0,0],[60.309,-0.139],[0,0],[0.139,60.271],[0,0],[-60.329,0.139],[0,0],[-0.139,-60.249]],"v":[[-86.711,-183.902],[85.836,-184.32],[183.923,-81.715],[184.3,80.838],[86.692,183.902],[-85.835,184.32],[-183.921,81.715],[-184.3,-80.86]],"c":true}]},{"i":{"x":0.45,"y":1},"o":{"x":0.167,"y":0},"t":31,"s":[{"i":[[-45.805,0.139],[0,0],[-0.106,-60.269],[0,0],[45.956,-0.139],[0,0],[0.106,60.269],[0,0]],"o":[[0,0],[45.942,-0.139],[0,0],[0.106,60.271],[0,0],[-45.957,0.139],[0,0],[-0.106,-60.249]],"v":[[-50.474,-183.902],[80.967,-184.32],[155.687,-81.715],[155.974,80.838],[81.619,183.902],[-49.806,184.32],[-124.526,81.715],[-124.814,-80.86]],"c":true}]},{"i":{"x":0.45,"y":1},"o":{"x":0.55,"y":0},"t":36,"s":[{"i":[[-45.805,0.139],[0,0],[-0.106,-60.269],[0,0],[45.956,-0.139],[0,0],[0.106,60.269],[0,0]],"o":[[0,0],[45.942,-0.139],[0,0],[0.106,60.271],[0,0],[-45.957,0.139],[0,0],[-0.106,-60.249]],"v":[[-50.474,-183.902],[80.967,-184.32],[155.687,-81.715],[155.974,80.838],[81.619,183.902],[-49.806,184.32],[-124.526,81.715],[-124.814,-80.86]],"c":true}]},{"t":59,"s":[{"i":[[-60.129,0.139],[0,0],[-0.139,-60.269],[0,0],[60.328,-0.139],[0,0],[0.139,60.269],[0,0]],"o":[[0,0],[60.309,-0.139],[0,0],[0.139,60.271],[0,0],[-60.329,0.139],[0,0],[-0.139,-60.249]],"v":[[-86.711,-183.902],[85.836,-184.32],[183.923,-81.715],[184.3,80.838],[86.692,183.902],[-85.835,184.32],[-183.921,81.715],[-184.3,-80.86]],"c":true}]}],"ix":2},"nm":"Path 1"},{"ty":"tr","p":{"a":0,"k":[0,184],"ix":2},"a":{"a":0,"k":[0,184],"ix":1},"s":{"a":1,"k":[{"i":{"x":[0.667,0.667],"y":[1,1]},"o":{"x":[0.333,0.333],"y":[0,0]},"t":0,"s":[100,100]},{"i":{"x":[0.833,0.833],"y":[1,0.833]},"o":{"x":[0.333,0.333],"y":[0,0]},"t":8,"s":[100,93.1]},{"t":13,"s":[100,100]}],"ix":3,"x":"var $bm_rt;\nvar amp, freq, decay, n, n, t, t, v;\ntry {\n    amp = $bm_div(effect('Elastic: Scale - Transform')(1), 200);\n    freq = $bm_div(effect('Elastic: Scale - Transform')(2), 30);\n    decay = $bm_div(effect('Elastic: Scale - Transform')(3), 10);\n    $bm_rt = n = 0;\n    if (numKeys > 0) {\n        $bm_rt = n = nearestKey(time).index;\n        if (key(n).time > time) {\n            n--;\n        }\n    }\n    if (n == 0) {\n        $bm_rt = t = 0;\n    } else {\n        $bm_rt = t = $bm_sub(time, key(n).time);\n    }\n    if (n > 0) {\n        v = velocityAtTime($bm_sub(key(n).time, $bm_div(thisComp.frameDuration, 10)));\n        $bm_rt = $bm_sum(value, $bm_div($bm_mul($bm_mul(v, amp), Math.sin($bm_mul($bm_mul($bm_mul(freq, t), 2), Math.PI))), Math.exp($bm_mul(decay, t))));\n    } else {\n        $bm_rt = value;\n    }\n} catch (e$$4) {\n    $bm_rt = value = value;\n}"},"r":{"a":0,"k":0,"ix":6},"o":{"a":0,"k":100,"ix":7},"sk":{"a":0,"k":0,"ix":4},"sa":{"a":0,"k":0,"ix":5},"nm":"Transform"}],"nm":"Group 1","cix":2,"ix":1},{"ty":"st","c":{"a":0,"k":[0,0,0,1],"ix":3},"o":{"a":0,"k":100,"ix":4},"w":{"a":0,"k":30.72,"ix":5},"lc":2,"lj":2,"nm":"Stroke 1"},{"ty":"tr","p":{"a":0,"k":[0,184.32],"ix":2},"a":{"a":0,"k":[0,184.32],"ix":1},"s":{"a":0,"k":[100,100],"ix":3},"r":{"a":0,"k":0,"ix":6},"o":{"a":0,"k":100,"ix":7},"sk":{"a":0,"k":0,"ix":4},"sa":{"a":0,"k":0,"ix":5},"nm":"Transform"}],"nm":"Group 1","cix":2,"ix":1},{"ty":"tm","s":{"a":1,"k":[{"i":{"x":[0.3],"y":[1]},"o":{"x":[0.167],"y":[0.167]},"t":10,"s":[29.6]},{"i":{"x":[0.3],"y":[1]},"o":{"x":[0.167],"y":[0]},"t":29,"s":[22.9]},{"i":{"x":[0.833],"y":[0.833]},"o":{"x":[0.167],"y":[0]},"t":36,"s":[22.9]},{"t":50,"s":[29.6]}],"ix":1,"x":"var $bm_rt;\nvar amp, freq, decay, n, n, t, t, v;\ntry {\n    amp = $bm_div(effect('Elastic Controller')(1), 200);\n    freq = $bm_div(effect('Elastic Controller')(2), 30);\n    decay = $bm_div(effect('Elastic Controller')(3), 10);\n    $bm_rt = n = 0;\n    if (numKeys > 0) {\n        $bm_rt = n = nearestKey(time).index;\n        if (key(n).time > time) {\n            n--;\n        }\n    }\n    if (n == 0) {\n        $bm_rt = t = 0;\n    } else {\n        $bm_rt = t = $bm_sub(time, key(n).time);\n    }\n    if (n > 0) {\n        v = velocityAtTime($bm_sub(key(n).time, $bm_div(thisComp.frameDuration, 10)));\n        $bm_rt = $bm_sum(value, $bm_div($bm_mul($bm_mul(v, amp), Math.sin($bm_mul($bm_mul($bm_mul(freq, t), 2), Math.PI))), Math.exp($bm_mul(decay, t))));\n    } else {\n        $bm_rt = value;\n    }\n} catch (e$$4) {\n    $bm_rt = value = value;\n}"},"e":{"a":0,"k":100,"ix":2},"o":{"a":1,"k":[{"i":{"x":[0.3],"y":[1]},"o":{"x":[0.167],"y":[0.167]},"t":10,"s":[-258.9]},{"i":{"x":[0.3],"y":[1]},"o":{"x":[0.167],"y":[0]},"t":29,"s":[-249.4]},{"i":{"x":[0.833],"y":[0.833]},"o":{"x":[0.167],"y":[0]},"t":36,"s":[-249.4]},{"t":50,"s":[-258.9]}],"ix":3,"x":"var $bm_rt;\nvar amp, freq, decay, n, n, t, t, v;\ntry {\n    amp = $bm_div(effect('Elastic Controller')(1), 200);\n    freq = $bm_div(effect('Elastic Controller')(2), 30);\n    decay = $bm_div(effect('Elastic Controller')(3), 10);\n    $bm_rt = n = 0;\n    if (numKeys > 0) {\n        $bm_rt = n = nearestKey(time).index;\n        if (key(n).time > time) {\n            n--;\n        }\n    }\n    if (n == 0) {\n        $bm_rt = t = 0;\n    } else {\n        $bm_rt = t = $bm_sub(time, key(n).time);\n    }\n    if (n > 0) {\n        v = velocityAtTime($bm_sub(key(n).time, $bm_div(thisComp.frameDuration, 10)));\n        $bm_rt = $bm_sum(value, $bm_div($bm_mul($bm_mul(v, amp), Math.sin($bm_mul($bm_mul($bm_mul(freq, t), 2), Math.PI))), Math.exp($bm_mul(decay, t))));\n    } else {\n        $bm_rt = value;\n    }\n} catch (e$$4) {\n    $bm_rt = value = value;\n}"},"m":1,"ix":2,"nm":"Trim Paths 1"}],"ip":0,"op":90,"st":0},{"ind":5,"ty":4,"nm":"Layer 1","parent":4,"sr":1,"ks":{"o":{"a":0,"k":100,"ix":11},"r":{"a":0,"k":0,"ix":10},"p":{"a":0,"k":[0,0,0],"ix":2},"a":{"a":0,"k":[0,0,0],"ix":1},"s":{"a":0,"k":[100,100,100],"ix":6}},"ao":0,"hasMask":true,"masksProperties":[{"inv":false,"mode":"a","pt":{"a":0,"k":{"i":[[0,0],[0,0],[0,0],[0,0]],"o":[[0,0],[0,0],[0,0],[0,0]],"v":[[-57.92,-221],[-274.92,-221],[-274.92,227],[-57.92,227]],"c":true},"ix":1},"o":{"a":0,"k":100,"ix":3},"x":{"a":0,"k":0,"ix":4},"nm":"Mask 1"}],"shapes":[{"ty":"gr","it":[{"ty":"gr","it":[{"ind":0,"ty":"sh","ix":1,"ks":{"a":1,"k":[{"i":{"x":0.667,"y":1},"o":{"x":0.333,"y":0},"t":0,"s":[{"i":[[-60.129,0.139],[0,0],[-0.139,-60.269],[0,0],[60.328,-0.139],[0,0],[0.139,60.269],[0,0]],"o":[[0,0],[60.309,-0.139],[0,0],[0.139,60.271],[0,0],[-60.329,0.139],[0,0],[-0.139,-60.249]],"v":[[-86.711,-183.902],[85.836,-184.32],[183.923,-81.715],[184.3,80.838],[86.692,183.902],[-85.835,184.32],[-183.921,81.715],[-184.3,-80.86]],"c":true}]},{"i":{"x":0.45,"y":1},"o":{"x":0.167,"y":0},"t":29,"s":[{"i":[[-60.475,0.139],[0,0],[-0.14,-60.269],[0,0],[60.675,-0.139],[0,0],[0.14,60.269],[0,0]],"o":[[0,0],[60.656,-0.139],[0,0],[0.14,60.271],[0,0],[-60.676,0.139],[0,0],[-0.14,-60.249]],"v":[[-117.63,-183.902],[53.91,-184.481],[152.561,-81.877],[152.94,80.677],[54.771,183.741],[-116.749,184.32],[-215.399,81.715],[-215.78,-80.86]],"c":true}]},{"i":{"x":0.45,"y":1},"o":{"x":0.55,"y":0},"t":36,"s":[{"i":[[-60.475,0.139],[0,0],[-0.14,-60.269],[0,0],[60.675,-0.139],[0,0],[0.14,60.269],[0,0]],"o":[[0,0],[60.656,-0.139],[0,0],[0.14,60.271],[0,0],[-60.676,0.139],[0,0],[-0.14,-60.249]],"v":[[-117.63,-183.902],[53.91,-184.481],[152.561,-81.877],[152.94,80.677],[54.771,183.741],[-116.749,184.32],[-215.399,81.715],[-215.78,-80.86]],"c":true}]},{"t":59,"s":[{"i":[[-60.129,0.139],[0,0],[-0.139,-60.269],[0,0],[60.328,-0.139],[0,0],[0.139,60.269],[0,0]],"o":[[0,0],[60.309,-0.139],[0,0],[0.139,60.271],[0,0],[-60.329,0.139],[0,0],[-0.139,-60.249]],"v":[[-86.711,-183.902],[85.836,-184.32],[183.923,-81.715],[184.3,80.838],[86.692,183.902],[-85.835,184.32],[-183.921,81.715],[-184.3,-80.86]],"c":true}]}],"ix":2},"nm":"Path 1"},{"ty":"tr","p":{"a":0,"k":[0,184.25],"ix":2},"a":{"a":0,"k":[0,184.25],"ix":1},"s":{"a":0,"k":[100,100],"ix":3,"x":"var $bm_rt;\n$bm_rt = thisComp.layer('Layer 3').content('Group 1').content('Group 1').transform.scale;"},"r":{"a":0,"k":0,"ix":6},"o":{"a":0,"k":100,"ix":7},"sk":{"a":0,"k":0,"ix":4},"sa":{"a":0,"k":0,"ix":5},"nm":"Transform"}],"nm":"Group 1","cix":2,"ix":1},{"ty":"st","c":{"a":0,"k":[0,0,0,1],"ix":3},"o":{"a":0,"k":100,"ix":4},"w":{"a":0,"k":29.6,"ix":5},"lc":2,"lj":2,"nm":"Stroke 1"},{"ty":"tr","p":{"a":0,"k":[0,0],"ix":2},"a":{"a":0,"k":[0,0],"ix":1},"s":{"a":0,"k":[100,100],"ix":3},"r":{"a":0,"k":0,"ix":6},"o":{"a":0,"k":100,"ix":7},"sk":{"a":0,"k":0,"ix":4},"sa":{"a":0,"k":0,"ix":5},"nm":"Transform"}],"nm":"Group 1","cix":2,"ix":1}],"ip":0,"op":90,"st":0}],"markers":[]}