{"v":"4.8.0","meta":{"g":"LottieFiles AE 3.5.2","a":"","k":"","d":"","tc":""},"fr":60,"ip":0,"op":90,"w":512,"h":512,"nm":"0","assets":[],"layers":[{"ind":2,"ty":4,"nm":"L","parent":3,"sr":1,"ks":{"o":{"a":0,"k":100},"r":{"a":0,"k":0},"p":{"s":true,"x":{"a":0,"k":142.021},"y":{"a":1,"k":[{"i":{"x":[0.833],"y":[0.833]},"o":{"x":[0.167],"y":[0.167]},"t":0,"s":[171.665]},{"i":{"x":[0.833],"y":[0.833]},"o":{"x":[0.169],"y":[-0.404]},"t":11,"s":[167.365]},{"i":{"x":[0.833],"y":[0.833]},"o":{"x":[0.167],"y":[0.167]},"t":18,"s":[171.653]},{"i":{"x":[0.29],"y":[1]},"o":{"x":[0.167],"y":[0.167]},"t":25,"s":[171.465]},{"i":{"x":[0.833],"y":[0.833]},"o":{"x":[0.71],"y":[0]},"t":35,"s":[160.965]},{"i":{"x":[0.667],"y":[1]},"o":{"x":[0.167],"y":[0.167]},"t":45,"s":[168.365]},{"i":{"x":[0.833],"y":[0.833]},"o":{"x":[0.297],"y":[0]},"t":54,"s":[160.965]},{"i":{"x":[0.667],"y":[1]},"o":{"x":[0.167],"y":[0.167]},"t":63,"s":[170.311]},{"i":{"x":[0.833],"y":[0.833]},"o":{"x":[0.333],"y":[0]},"t":72,"s":[162.665]},{"i":{"x":[0.833],"y":[0.833]},"o":{"x":[0.167],"y":[0.167]},"t":81,"s":[171.354]},{"t":89,"s":[171.665]}]}},"a":{"a":0,"k":[142.021,170.985,0]},"s":{"a":0,"k":[100,100,100]}},"ao":0,"shapes":[{"ty":"gr","it":[{"ind":0,"ty":"sh","ks":{"a":0,"k":{"i":[[0,0],[0,0]],"o":[[0,0],[0,0]],"v":[[-16.786,0],[16.786,0]],"c":false}},"nm":"P"},{"ty":"st","c":{"a":0,"k":[0,0,0,1]},"o":{"a":0,"k":100},"w":{"a":0,"k":30.72},"lc":2,"lj":2,"nm":"S"},{"ty":"tr","p":{"a":0,"k":[142.026,153.21]},"a":{"a":0,"k":[0,0]},"s":{"a":0,"k":[100,100]},"r":{"a":0,"k":0},"o":{"a":0,"k":40},"sk":{"a":0,"k":0},"sa":{"a":0,"k":0},"nm":"T"}],"nm":"G"},{"ty":"gr","it":[{"ind":0,"ty":"sh","ks":{"a":0,"k":{"i":[[-21.877,0.04],[0,0],[-0.059,-21.917],[0,0],[21.937,-0.059],[0,0],[0.04,21.917],[0,0]],"o":[[0,0],[21.937,-0.06],[0,0],[0.041,21.916],[0,0],[-21.957,0.061],[0,0],[-0.06,-21.917]],"v":[[-37.876,-61.586],[37.558,-61.745],[73.242,-24.427],[73.381,24.109],[37.876,61.606],[-37.557,61.745],[-73.242,24.428],[-73.381,-24.108]],"c":true}},"nm":"P"},{"ty":"st","c":{"a":0,"k":[0,0,0,1]},"o":{"a":0,"k":100},"w":{"a":0,"k":30.72},"lc":2,"lj":2,"nm":"S"},{"ty":"tr","p":{"a":0,"k":[142.021,170.985]},"a":{"a":0,"k":[0,0]},"s":{"a":0,"k":[100,100]},"r":{"a":0,"k":0},"o":{"a":0,"k":40},"sk":{"a":0,"k":0},"sa":{"a":0,"k":0},"nm":"T"}],"nm":"G"}],"ip":0,"op":90,"st":0},{"ind":3,"ty":4,"nm":"L","sr":1,"ks":{"o":{"a":0,"k":100},"r":{"a":0,"k":0},"p":{"s":true,"x":{"a":1,"k":[{"i":{"x":[0.667],"y":[1]},"o":{"x":[0.167],"y":[0.167]},"t":0,"s":[252.916]},{"i":{"x":[0.667],"y":[1]},"o":{"x":[0.333],"y":[0]},"t":22,"s":[302.416]},{"i":{"x":[0.833],"y":[0.833]},"o":{"x":[0.333],"y":[0]},"t":55,"s":[208.416]},{"t":89,"s":[252.916]}]},"y":{"a":1,"k":[{"i":{"x":[0.833],"y":[0.85]},"o":{"x":[0.167],"y":[0.167]},"t":0,"s":[228.042]},{"i":{"x":[0.833],"y":[0.811]},"o":{"x":[0.167],"y":[0.187]},"t":1,"s":[228.79]},{"i":{"x":[0.833],"y":[0.831]},"o":{"x":[0.167],"y":[0.149]},"t":2,"s":[229.389]},{"i":{"x":[0.833],"y":[0.847]},"o":{"x":[0.167],"y":[0.165]},"t":3,"s":[230.146]},{"i":{"x":[0.833],"y":[0.86]},"o":{"x":[0.167],"y":[0.183]},"t":4,"s":[230.92]},{"i":{"x":[0.833],"y":[0.88]},"o":{"x":[0.167],"y":[0.207]},"t":5,"s":[231.57]},{"i":{"x":[0.833],"y":[0.931]},"o":{"x":[0.167],"y":[0.273]},"t":6,"s":[232.009]},{"i":{"x":[0.833],"y":[0.45]},"o":{"x":[0.167],"y":[-0.394]},"t":7,"s":[232.203]},{"i":{"x":[0.833],"y":[0.82]},"o":{"x":[0.167],"y":[0.098]},"t":8,"s":[232.169]},{"i":{"x":[0.833],"y":[0.856]},"o":{"x":[0.167],"y":[0.155]},"t":9,"s":[231.98]},{"i":{"x":[0.833],"y":[0.883]},"o":{"x":[0.167],"y":[0.198]},"t":10,"s":[231.76]},{"i":{"x":[0.833],"y":[1.01]},"o":{"x":[0.167],"y":[0.291]},"t":11,"s":[231.601]},{"i":{"x":[0.833],"y":[0.662]},"o":{"x":[0.167],"y":[0.009]},"t":12,"s":[231.538]},{"i":{"x":[0.833],"y":[0.783]},"o":{"x":[0.167],"y":[0.111]},"t":13,"s":[231.609]},{"i":{"x":[0.833],"y":[0.812]},"o":{"x":[0.167],"y":[0.135]},"t":14,"s":[231.829]},{"i":{"x":[0.833],"y":[0.83]},"o":{"x":[0.167],"y":[0.15]},"t":15,"s":[232.18]},{"i":{"x":[0.833],"y":[0.848]},"o":{"x":[0.167],"y":[0.163]},"t":16,"s":[232.62]},{"i":{"x":[0.833],"y":[0.889]},"o":{"x":[0.167],"y":[0.184]},"t":17,"s":[233.079]},{"i":{"x":[0.833],"y":[1.224]},"o":{"x":[0.167],"y":[0.334]},"t":18,"s":[233.457]},{"i":{"x":[0.833],"y":[0.736]},"o":{"x":[0.167],"y":[0.061]},"t":19,"s":[233.582]},{"i":{"x":[0.833],"y":[0.799]},"o":{"x":[0.167],"y":[0.122]},"t":20,"s":[233.119]},{"i":{"x":[0.833],"y":[0.818]},"o":{"x":[0.167],"y":[0.142]},"t":21,"s":[232.112]},{"i":{"x":[0.833],"y":[0.829]},"o":{"x":[0.167],"y":[0.154]},"t":22,"s":[230.691]},{"i":{"x":[0.833],"y":[0.839]},"o":{"x":[0.167],"y":[0.163]},"t":23,"s":[229.011]},{"i":{"x":[0.833],"y":[0.852]},"o":{"x":[0.167],"y":[0.173]},"t":24,"s":[227.252]},{"i":{"x":[0.833],"y":[0.874]},"o":{"x":[0.167],"y":[0.191]},"t":25,"s":[225.623]},{"i":{"x":[0.833],"y":[0.9]},"o":{"x":[0.167],"y":[0.247]},"t":26,"s":[224.358]},{"i":{"x":[0.833],"y":[0.962]},"o":{"x":[0.167],"y":[0.493]},"t":27,"s":[223.714]},{"i":{"x":[0.833],"y":[0.458]},"o":{"x":[0.167],"y":[-0.068]},"t":28,"s":[223.583]},{"i":{"x":[0.833],"y":[0.754]},"o":{"x":[0.167],"y":[0.098]},"t":29,"s":[223.655]},{"i":{"x":[0.833],"y":[0.795]},"o":{"x":[0.167],"y":[0.126]},"t":30,"s":[224.052]},{"i":{"x":[0.833],"y":[0.814]},"o":{"x":[0.167],"y":[0.14]},"t":31,"s":[224.823]},{"i":{"x":[0.833],"y":[0.828]},"o":{"x":[0.167],"y":[0.151]},"t":32,"s":[225.948]},{"i":{"x":[0.833],"y":[0.842]},"o":{"x":[0.167],"y":[0.161]},"t":33,"s":[227.333]},{"i":{"x":[0.833],"y":[0.86]},"o":{"x":[0.167],"y":[0.176]},"t":34,"s":[228.811]},{"i":{"x":[0.833],"y":[0.865]},"o":{"x":[0.167],"y":[0.206]},"t":35,"s":[230.141]},{"i":{"x":[0.833],"y":[0.889]},"o":{"x":[0.167],"y":[0.218]},"t":36,"s":[231.044]},{"i":{"x":[0.833],"y":[1.026]},"o":{"x":[0.167],"y":[0.335]},"t":37,"s":[231.603]},{"i":{"x":[0.833],"y":[0.693]},"o":{"x":[0.167],"y":[0.02]},"t":38,"s":[231.788]},{"i":{"x":[0.833],"y":[0.793]},"o":{"x":[0.167],"y":[0.114]},"t":39,"s":[231.546]},{"i":{"x":[0.833],"y":[0.82]},"o":{"x":[0.167],"y":[0.139]},"t":40,"s":[230.894]},{"i":{"x":[0.833],"y":[0.839]},"o":{"x":[0.167],"y":[0.155]},"t":41,"s":[229.923]},{"i":{"x":[0.833],"y":[0.864]},"o":{"x":[0.167],"y":[0.173]},"t":42,"s":[228.797]},{"i":{"x":[0.833],"y":[0.872]},"o":{"x":[0.167],"y":[0.216]},"t":43,"s":[227.751]},{"i":{"x":[0.833],"y":[0.75]},"o":{"x":[0.167],"y":[0.238]},"t":44,"s":[227.094]},{"i":{"x":[0.833],"y":[0.82]},"o":{"x":[0.167],"y":[0.125]},"t":45,"s":[226.739]},{"i":{"x":[0.833],"y":[0.844]},"o":{"x":[0.167],"y":[0.155]},"t":46,"s":[226.028]},{"i":{"x":[0.833],"y":[0.862]},"o":{"x":[0.167],"y":[0.179]},"t":47,"s":[225.205]},{"i":{"x":[0.833],"y":[0.892]},"o":{"x":[0.167],"y":[0.211]},"t":48,"s":[224.485]},{"i":{"x":[0.833],"y":[1.044]},"o":{"x":[0.167],"y":[0.369]},"t":49,"s":[224.016]},{"i":{"x":[0.833],"y":[0.716]},"o":{"x":[0.167],"y":[0.029]},"t":50,"s":[223.879]},{"i":{"x":[0.833],"y":[0.803]},"o":{"x":[0.167],"y":[0.118]},"t":51,"s":[224.089]},{"i":{"x":[0.833],"y":[0.803]},"o":{"x":[0.167],"y":[0.144]},"t":52,"s":[224.594]},{"i":{"x":[0.833],"y":[0.824]},"o":{"x":[0.167],"y":[0.144]},"t":53,"s":[225.284]},{"i":{"x":[0.833],"y":[0.843]},"o":{"x":[0.167],"y":[0.158]},"t":54,"s":[226.227]},{"i":{"x":[0.833],"y":[0.857]},"o":{"x":[0.167],"y":[0.177]},"t":55,"s":[227.274]},{"i":{"x":[0.833],"y":[0.875]},"o":{"x":[0.167],"y":[0.2]},"t":56,"s":[228.204]},{"i":{"x":[0.833],"y":[0.916]},"o":{"x":[0.167],"y":[0.25]},"t":57,"s":[228.871]},{"i":{"x":[0.833],"y":[15.643]},"o":{"x":[0.167],"y":[19.547]},"t":58,"s":[229.203]},{"i":{"x":[0.833],"y":[0.8]},"o":{"x":[0.167],"y":[0.083]},"t":59,"s":[229.205]},{"i":{"x":[0.833],"y":[0.829]},"o":{"x":[0.167],"y":[0.143]},"t":60,"s":[228.953]},{"i":{"x":[0.833],"y":[0.788]},"o":{"x":[0.167],"y":[0.162]},"t":61,"s":[228.601]},{"i":{"x":[0.833],"y":[0.85]},"o":{"x":[0.167],"y":[0.137]},"t":62,"s":[228.23]},{"i":{"x":[0.833],"y":[0.901]},"o":{"x":[0.167],"y":[0.188]},"t":63,"s":[227.658]},{"i":{"x":[0.833],"y":[1.313]},"o":{"x":[0.167],"y":[0.518]},"t":64,"s":[227.202]},{"i":{"x":[0.833],"y":[0.729]},"o":{"x":[0.167],"y":[0.066]},"t":65,"s":[227.115]},{"i":{"x":[0.833],"y":[0.796]},"o":{"x":[0.167],"y":[0.12]},"t":66,"s":[227.531]},{"i":{"x":[0.833],"y":[0.821]},"o":{"x":[0.167],"y":[0.141]},"t":67,"s":[228.468]},{"i":{"x":[0.833],"y":[0.913]},"o":{"x":[0.167],"y":[0.156]},"t":68,"s":[229.827]},{"i":{"x":[0.833],"y":[0.909]},"o":{"x":[0.167],"y":[0.241]},"t":69,"s":[231.392]},{"i":{"x":[0.833],"y":[0.837]},"o":{"x":[0.167],"y":[-0.112]},"t":72,"s":[233.079]},{"i":{"x":[0.833],"y":[0.85]},"o":{"x":[0.167],"y":[0.17]},"t":73,"s":[232.62]},{"i":{"x":[0.833],"y":[0.865]},"o":{"x":[0.167],"y":[0.188]},"t":74,"s":[232.18]},{"i":{"x":[0.833],"y":[0.889]},"o":{"x":[0.167],"y":[0.217]},"t":75,"s":[231.829]},{"i":{"x":[0.833],"y":[0.991]},"o":{"x":[0.167],"y":[0.338]},"t":76,"s":[231.609]},{"i":{"x":[0.833],"y":[0.709]},"o":{"x":[0.167],"y":[-0.01]},"t":77,"s":[231.538]},{"i":{"x":[0.833],"y":[0.802]},"o":{"x":[0.167],"y":[0.117]},"t":78,"s":[231.601]},{"i":{"x":[0.833],"y":[0.845]},"o":{"x":[0.167],"y":[0.144]},"t":79,"s":[231.76]},{"i":{"x":[0.833],"y":[0.902]},"o":{"x":[0.167],"y":[0.18]},"t":80,"s":[231.98]},{"i":{"x":[0.833],"y":[1.394]},"o":{"x":[0.167],"y":[0.55]},"t":81,"s":[232.169]},{"i":{"x":[0.833],"y":[0.727]},"o":{"x":[0.167],"y":[0.069]},"t":82,"s":[232.203]},{"i":{"x":[0.833],"y":[0.793]},"o":{"x":[0.167],"y":[0.12]},"t":83,"s":[232.009]},{"i":{"x":[0.833],"y":[0.817]},"o":{"x":[0.167],"y":[0.14]},"t":84,"s":[231.57]},{"i":{"x":[0.833],"y":[0.835]},"o":{"x":[0.167],"y":[0.153]},"t":85,"s":[230.92]},{"i":{"x":[0.833],"y":[0.851]},"o":{"x":[0.167],"y":[0.169]},"t":86,"s":[230.146]},{"i":{"x":[0.833],"y":[0.812]},"o":{"x":[0.167],"y":[0.189]},"t":87,"s":[229.389]},{"i":{"x":[0.833],"y":[0.833]},"o":{"x":[0.167],"y":[0.15]},"t":88,"s":[228.79]},{"t":89,"s":[228.042]}]}},"a":{"a":0,"k":[252.916,230.422,0]},"s":{"a":0,"k":[100,100,100]}},"ao":0,"shapes":[{"ty":"gr","it":[{"ind":0,"ty":"sh","ks":{"a":0,"k":{"i":[[9.224,-25.802],[4.284,18.629],[-18.629,4.284]],"o":[[-18.631,4.284],[-4.282,-18.629],[19.546,19.187]],"v":[[21.315,33.231],[-25.07,9.162],[5.833,-34.233]],"c":true}},"nm":"P"},{"ty":"st","c":{"a":0,"k":[0,0,0,1]},"o":{"a":0,"k":100},"w":{"a":0,"k":30.72},"lc":2,"lj":2,"nm":"S"},{"ty":"tr","p":{"a":0,"k":[391.991,183.673]},"a":{"a":0,"k":[0,0]},"s":{"a":0,"k":[100,100]},"r":{"a":0,"k":0},"o":{"a":0,"k":40},"sk":{"a":0,"k":0},"sa":{"a":0,"k":0},"nm":"T"}],"nm":"G"},{"ty":"gr","it":[{"ind":0,"ty":"sh","ks":{"a":0,"k":{"i":[[0,0],[-13.15,-19.925]],"o":[[0,0],[0,0]],"v":[[-19.515,-11.366],[19.515,11.366]],"c":false}},"nm":"P"},{"ty":"st","c":{"a":0,"k":[0,0,0,1]},"o":{"a":0,"k":100},"w":{"a":0,"k":30.72},"lc":2,"lj":2,"nm":"S"},{"ty":"tr","p":{"a":0,"k":[417.716,284.637]},"a":{"a":0,"k":[0,0]},"s":{"a":0,"k":[100,100]},"r":{"a":0,"k":0},"o":{"a":0,"k":100},"sk":{"a":0,"k":0},"sa":{"a":0,"k":0},"nm":"T"}],"nm":"G"},{"ty":"gr","it":[{"ind":0,"ty":"sh","ks":{"a":0,"k":{"i":[[0,0],[0,0],[-3.287,-8.01],[0,0],[6.654,-5.978],[0,0],[5.241,0],[0,0],[0,0],[-36.72,0],[0,0],[-7.352,-14.862],[0,0],[-12.294,0],[0,0],[-0.815,13.21],[0,0],[-16.177,0],[0,0]],"o":[[0,0],[8.647,0],[0,0],[3.387,8.268],[0,0],[-3.906,3.508],[0,0],[0,0],[0,-36.721],[0,0],[16.577,0],[0,0],[5.458,11.018],[0,0],[13.251,0],[0,0],[-0.24,-16.179],[0,0],[0,0]],"v":[[34.824,-121.818],[78.42,-121.818],[100.116,-107.253],[161.265,42.46],[155.826,66.229],[100.237,116.358],[86.03,121.818],[-162.845,121.818],[-162.845,70.671],[-96.357,4.185],[-58.64,4.185],[-19.569,28.451],[-6.099,55.729],[22.89,73.72],[42.555,73.72],[67.579,50.23],[66.226,-39.41],[95.195,-68.819],[115.818,-68.819]],"c":false}},"nm":"P"},{"ty":"st","c":{"a":0,"k":[0,0,0,1]},"o":{"a":0,"k":100},"w":{"a":0,"k":30.72},"lc":2,"lj":2,"nm":"S"},{"ty":"tr","p":{"a":0,"k":[231.445,228.528]},"a":{"a":0,"k":[0,0]},"s":{"a":0,"k":[100,100]},"r":{"a":0,"k":0},"o":{"a":0,"k":100},"sk":{"a":0,"k":0},"sa":{"a":0,"k":0},"nm":"T"}],"nm":"G"}],"ip":0,"op":90,"st":0},{"ind":4,"ty":4,"nm":"M","td":1,"sr":1,"ks":{"o":{"a":0,"k":100},"r":{"a":0,"k":0},"p":{"s":true,"x":{"a":1,"k":[{"i":{"x":[0.667],"y":[1]},"o":{"x":[0.167],"y":[0.167]},"t":0,"s":[252.916]},{"i":{"x":[0.667],"y":[1]},"o":{"x":[0.333],"y":[0]},"t":22,"s":[302.416]},{"i":{"x":[0.833],"y":[0.833]},"o":{"x":[0.333],"y":[0]},"t":55,"s":[208.416]},{"t":89,"s":[252.916]}]},"y":{"a":1,"k":[{"i":{"x":[0.833],"y":[0.85]},"o":{"x":[0.167],"y":[0.167]},"t":0,"s":[228.042]},{"i":{"x":[0.833],"y":[0.811]},"o":{"x":[0.167],"y":[0.187]},"t":1,"s":[228.79]},{"i":{"x":[0.833],"y":[0.831]},"o":{"x":[0.167],"y":[0.149]},"t":2,"s":[229.389]},{"i":{"x":[0.833],"y":[0.847]},"o":{"x":[0.167],"y":[0.165]},"t":3,"s":[230.146]},{"i":{"x":[0.833],"y":[0.86]},"o":{"x":[0.167],"y":[0.183]},"t":4,"s":[230.92]},{"i":{"x":[0.833],"y":[0.88]},"o":{"x":[0.167],"y":[0.207]},"t":5,"s":[231.57]},{"i":{"x":[0.833],"y":[0.931]},"o":{"x":[0.167],"y":[0.273]},"t":6,"s":[232.009]},{"i":{"x":[0.833],"y":[0.45]},"o":{"x":[0.167],"y":[-0.394]},"t":7,"s":[232.203]},{"i":{"x":[0.833],"y":[0.82]},"o":{"x":[0.167],"y":[0.098]},"t":8,"s":[232.169]},{"i":{"x":[0.833],"y":[0.856]},"o":{"x":[0.167],"y":[0.155]},"t":9,"s":[231.98]},{"i":{"x":[0.833],"y":[0.883]},"o":{"x":[0.167],"y":[0.198]},"t":10,"s":[231.76]},{"i":{"x":[0.833],"y":[1.01]},"o":{"x":[0.167],"y":[0.291]},"t":11,"s":[231.601]},{"i":{"x":[0.833],"y":[0.662]},"o":{"x":[0.167],"y":[0.009]},"t":12,"s":[231.538]},{"i":{"x":[0.833],"y":[0.783]},"o":{"x":[0.167],"y":[0.111]},"t":13,"s":[231.609]},{"i":{"x":[0.833],"y":[0.812]},"o":{"x":[0.167],"y":[0.135]},"t":14,"s":[231.829]},{"i":{"x":[0.833],"y":[0.83]},"o":{"x":[0.167],"y":[0.15]},"t":15,"s":[232.18]},{"i":{"x":[0.833],"y":[0.848]},"o":{"x":[0.167],"y":[0.163]},"t":16,"s":[232.62]},{"i":{"x":[0.833],"y":[0.889]},"o":{"x":[0.167],"y":[0.184]},"t":17,"s":[233.079]},{"i":{"x":[0.833],"y":[1.224]},"o":{"x":[0.167],"y":[0.334]},"t":18,"s":[233.457]},{"i":{"x":[0.833],"y":[0.736]},"o":{"x":[0.167],"y":[0.061]},"t":19,"s":[233.582]},{"i":{"x":[0.833],"y":[0.799]},"o":{"x":[0.167],"y":[0.122]},"t":20,"s":[233.119]},{"i":{"x":[0.833],"y":[0.818]},"o":{"x":[0.167],"y":[0.142]},"t":21,"s":[232.112]},{"i":{"x":[0.833],"y":[0.829]},"o":{"x":[0.167],"y":[0.154]},"t":22,"s":[230.691]},{"i":{"x":[0.833],"y":[0.839]},"o":{"x":[0.167],"y":[0.163]},"t":23,"s":[229.011]},{"i":{"x":[0.833],"y":[0.852]},"o":{"x":[0.167],"y":[0.173]},"t":24,"s":[227.252]},{"i":{"x":[0.833],"y":[0.874]},"o":{"x":[0.167],"y":[0.191]},"t":25,"s":[225.623]},{"i":{"x":[0.833],"y":[0.9]},"o":{"x":[0.167],"y":[0.247]},"t":26,"s":[224.358]},{"i":{"x":[0.833],"y":[0.962]},"o":{"x":[0.167],"y":[0.493]},"t":27,"s":[223.714]},{"i":{"x":[0.833],"y":[0.458]},"o":{"x":[0.167],"y":[-0.068]},"t":28,"s":[223.583]},{"i":{"x":[0.833],"y":[0.754]},"o":{"x":[0.167],"y":[0.098]},"t":29,"s":[223.655]},{"i":{"x":[0.833],"y":[0.795]},"o":{"x":[0.167],"y":[0.126]},"t":30,"s":[224.052]},{"i":{"x":[0.833],"y":[0.814]},"o":{"x":[0.167],"y":[0.14]},"t":31,"s":[224.823]},{"i":{"x":[0.833],"y":[0.828]},"o":{"x":[0.167],"y":[0.151]},"t":32,"s":[225.948]},{"i":{"x":[0.833],"y":[0.842]},"o":{"x":[0.167],"y":[0.161]},"t":33,"s":[227.333]},{"i":{"x":[0.833],"y":[0.86]},"o":{"x":[0.167],"y":[0.176]},"t":34,"s":[228.811]},{"i":{"x":[0.833],"y":[0.865]},"o":{"x":[0.167],"y":[0.206]},"t":35,"s":[230.141]},{"i":{"x":[0.833],"y":[0.889]},"o":{"x":[0.167],"y":[0.218]},"t":36,"s":[231.044]},{"i":{"x":[0.833],"y":[1.026]},"o":{"x":[0.167],"y":[0.335]},"t":37,"s":[231.603]},{"i":{"x":[0.833],"y":[0.693]},"o":{"x":[0.167],"y":[0.02]},"t":38,"s":[231.788]},{"i":{"x":[0.833],"y":[0.793]},"o":{"x":[0.167],"y":[0.114]},"t":39,"s":[231.546]},{"i":{"x":[0.833],"y":[0.82]},"o":{"x":[0.167],"y":[0.139]},"t":40,"s":[230.894]},{"i":{"x":[0.833],"y":[0.839]},"o":{"x":[0.167],"y":[0.155]},"t":41,"s":[229.923]},{"i":{"x":[0.833],"y":[0.864]},"o":{"x":[0.167],"y":[0.173]},"t":42,"s":[228.797]},{"i":{"x":[0.833],"y":[0.872]},"o":{"x":[0.167],"y":[0.216]},"t":43,"s":[227.751]},{"i":{"x":[0.833],"y":[0.75]},"o":{"x":[0.167],"y":[0.238]},"t":44,"s":[227.094]},{"i":{"x":[0.833],"y":[0.82]},"o":{"x":[0.167],"y":[0.125]},"t":45,"s":[226.739]},{"i":{"x":[0.833],"y":[0.844]},"o":{"x":[0.167],"y":[0.155]},"t":46,"s":[226.028]},{"i":{"x":[0.833],"y":[0.862]},"o":{"x":[0.167],"y":[0.179]},"t":47,"s":[225.205]},{"i":{"x":[0.833],"y":[0.892]},"o":{"x":[0.167],"y":[0.211]},"t":48,"s":[224.485]},{"i":{"x":[0.833],"y":[1.044]},"o":{"x":[0.167],"y":[0.369]},"t":49,"s":[224.016]},{"i":{"x":[0.833],"y":[0.716]},"o":{"x":[0.167],"y":[0.029]},"t":50,"s":[223.879]},{"i":{"x":[0.833],"y":[0.803]},"o":{"x":[0.167],"y":[0.118]},"t":51,"s":[224.089]},{"i":{"x":[0.833],"y":[0.803]},"o":{"x":[0.167],"y":[0.144]},"t":52,"s":[224.594]},{"i":{"x":[0.833],"y":[0.824]},"o":{"x":[0.167],"y":[0.144]},"t":53,"s":[225.284]},{"i":{"x":[0.833],"y":[0.843]},"o":{"x":[0.167],"y":[0.158]},"t":54,"s":[226.227]},{"i":{"x":[0.833],"y":[0.857]},"o":{"x":[0.167],"y":[0.177]},"t":55,"s":[227.274]},{"i":{"x":[0.833],"y":[0.875]},"o":{"x":[0.167],"y":[0.2]},"t":56,"s":[228.204]},{"i":{"x":[0.833],"y":[0.916]},"o":{"x":[0.167],"y":[0.25]},"t":57,"s":[228.871]},{"i":{"x":[0.833],"y":[15.643]},"o":{"x":[0.167],"y":[19.547]},"t":58,"s":[229.203]},{"i":{"x":[0.833],"y":[0.8]},"o":{"x":[0.167],"y":[0.083]},"t":59,"s":[229.205]},{"i":{"x":[0.833],"y":[0.829]},"o":{"x":[0.167],"y":[0.143]},"t":60,"s":[228.953]},{"i":{"x":[0.833],"y":[0.788]},"o":{"x":[0.167],"y":[0.162]},"t":61,"s":[228.601]},{"i":{"x":[0.833],"y":[0.85]},"o":{"x":[0.167],"y":[0.137]},"t":62,"s":[228.23]},{"i":{"x":[0.833],"y":[0.901]},"o":{"x":[0.167],"y":[0.188]},"t":63,"s":[227.658]},{"i":{"x":[0.833],"y":[1.313]},"o":{"x":[0.167],"y":[0.518]},"t":64,"s":[227.202]},{"i":{"x":[0.833],"y":[0.729]},"o":{"x":[0.167],"y":[0.066]},"t":65,"s":[227.115]},{"i":{"x":[0.833],"y":[0.796]},"o":{"x":[0.167],"y":[0.12]},"t":66,"s":[227.531]},{"i":{"x":[0.833],"y":[0.821]},"o":{"x":[0.167],"y":[0.141]},"t":67,"s":[228.468]},{"i":{"x":[0.833],"y":[0.913]},"o":{"x":[0.167],"y":[0.156]},"t":68,"s":[229.827]},{"i":{"x":[0.833],"y":[0.909]},"o":{"x":[0.167],"y":[0.241]},"t":69,"s":[231.392]},{"i":{"x":[0.833],"y":[0.837]},"o":{"x":[0.167],"y":[-0.112]},"t":72,"s":[233.079]},{"i":{"x":[0.833],"y":[0.85]},"o":{"x":[0.167],"y":[0.17]},"t":73,"s":[232.62]},{"i":{"x":[0.833],"y":[0.865]},"o":{"x":[0.167],"y":[0.188]},"t":74,"s":[232.18]},{"i":{"x":[0.833],"y":[0.889]},"o":{"x":[0.167],"y":[0.217]},"t":75,"s":[231.829]},{"i":{"x":[0.833],"y":[0.991]},"o":{"x":[0.167],"y":[0.338]},"t":76,"s":[231.609]},{"i":{"x":[0.833],"y":[0.709]},"o":{"x":[0.167],"y":[-0.01]},"t":77,"s":[231.538]},{"i":{"x":[0.833],"y":[0.802]},"o":{"x":[0.167],"y":[0.117]},"t":78,"s":[231.601]},{"i":{"x":[0.833],"y":[0.845]},"o":{"x":[0.167],"y":[0.144]},"t":79,"s":[231.76]},{"i":{"x":[0.833],"y":[0.902]},"o":{"x":[0.167],"y":[0.18]},"t":80,"s":[231.98]},{"i":{"x":[0.833],"y":[1.394]},"o":{"x":[0.167],"y":[0.55]},"t":81,"s":[232.169]},{"i":{"x":[0.833],"y":[0.727]},"o":{"x":[0.167],"y":[0.069]},"t":82,"s":[232.203]},{"i":{"x":[0.833],"y":[0.793]},"o":{"x":[0.167],"y":[0.12]},"t":83,"s":[232.009]},{"i":{"x":[0.833],"y":[0.817]},"o":{"x":[0.167],"y":[0.14]},"t":84,"s":[231.57]},{"i":{"x":[0.833],"y":[0.835]},"o":{"x":[0.167],"y":[0.153]},"t":85,"s":[230.92]},{"i":{"x":[0.833],"y":[0.851]},"o":{"x":[0.167],"y":[0.169]},"t":86,"s":[230.146]},{"i":{"x":[0.833],"y":[0.812]},"o":{"x":[0.167],"y":[0.189]},"t":87,"s":[229.389]},{"i":{"x":[0.833],"y":[0.833]},"o":{"x":[0.167],"y":[0.15]},"t":88,"s":[228.79]},{"t":89,"s":[228.042]}]}},"a":{"a":0,"k":[252.916,230.422,0]},"s":{"a":0,"k":[100,100,100]}},"ao":0,"shapes":[{"ty":"gr","it":[{"ind":0,"ty":"sh","ks":{"a":0,"k":{"i":[[9.224,-25.802],[4.284,18.629],[-18.629,4.284]],"o":[[-18.631,4.284],[-4.282,-18.629],[19.546,19.187]],"v":[[21.315,33.231],[-25.07,9.162],[5.833,-34.233]],"c":true}},"nm":"P"},{"ty":"tr","p":{"a":0,"k":[391.991,183.673]},"a":{"a":0,"k":[0,0]},"s":{"a":0,"k":[100,100]},"r":{"a":0,"k":0},"o":{"a":0,"k":40},"sk":{"a":0,"k":0},"sa":{"a":0,"k":0},"nm":"T"}],"nm":"G"},{"ty":"gr","it":[{"ind":0,"ty":"sh","ks":{"a":0,"k":{"i":[[0,0],[-13.15,-19.925]],"o":[[0,0],[0,0]],"v":[[-19.515,-11.366],[19.515,11.366]],"c":false}},"nm":"P"},{"ty":"tr","p":{"a":0,"k":[417.716,284.637]},"a":{"a":0,"k":[0,0]},"s":{"a":0,"k":[100,100]},"r":{"a":0,"k":0},"o":{"a":0,"k":100},"sk":{"a":0,"k":0},"sa":{"a":0,"k":0},"nm":"T"}],"nm":"G"},{"ty":"gr","it":[{"ind":0,"ty":"sh","ks":{"a":0,"k":{"i":[[0,0],[0,0],[-3.287,-8.01],[0,0],[6.654,-5.978],[0,0],[5.241,0],[0,0],[0,0],[-36.72,0],[0,0],[-7.352,-14.862],[0,0],[-12.294,0],[0,0],[-0.815,13.21],[0,0],[-16.177,0],[0,0]],"o":[[0,0],[8.647,0],[0,0],[3.387,8.268],[0,0],[-3.906,3.508],[0,0],[0,0],[0,-36.721],[0,0],[16.577,0],[0,0],[5.458,11.018],[0,0],[13.251,0],[0,0],[-0.24,-16.179],[0,0],[0,0]],"v":[[34.824,-121.818],[78.42,-121.818],[100.116,-107.253],[161.265,42.46],[155.826,66.229],[100.237,116.358],[86.03,121.818],[-162.845,121.818],[-162.845,70.671],[-96.357,4.185],[-58.64,4.185],[-19.569,28.451],[-6.099,55.729],[22.89,73.72],[42.555,73.72],[67.579,50.23],[66.226,-39.41],[95.195,-68.819],[115.818,-68.819]],"c":false}},"nm":"P"},{"ty":"tr","p":{"a":0,"k":[231.445,228.528]},"a":{"a":0,"k":[0,0]},"s":{"a":0,"k":[100,100]},"r":{"a":0,"k":0},"o":{"a":0,"k":100},"sk":{"a":0,"k":0},"sa":{"a":0,"k":0},"nm":"T"}],"nm":"G"},{"ty":"fl","c":{"a":0,"k":[1,0,0,1]},"o":{"a":0,"k":100},"r":1,"nm":"F"}],"ip":0,"op":90,"st":0},{"ind":5,"ty":4,"nm":"L","parent":7,"tt":2,"sr":1,"ks":{"o":{"a":0,"k":100},"r":{"a":0,"k":0},"p":{"s":true,"x":{"a":0,"k":252.916},"y":{"a":0,"k":228.042}},"a":{"a":0,"k":[252.916,230.422,0]},"s":{"a":0,"k":[100,100,100]}},"ao":0,"shapes":[{"ty":"gr","it":[{"ty":"rc","d":1,"s":{"a":0,"k":[92,85]},"p":{"a":0,"k":[0,0]},"r":{"a":0,"k":0},"nm":"R"},{"ty":"st","c":{"a":0,"k":[0,0,0,1]},"o":{"a":0,"k":100},"w":{"a":0,"k":30.72},"lc":1,"lj":1,"ml":4,"nm":"S"},{"ty":"fl","c":{"a":0,"k":[1,1,1,1]},"o":{"a":0,"k":100},"r":1,"nm":"F"},{"ty":"tr","p":{"a":0,"k":[362,344.88]},"a":{"a":0,"k":[0,0]},"s":{"a":0,"k":[100,100]},"r":{"a":0,"k":0},"o":{"a":0,"k":0},"sk":{"a":0,"k":0},"sa":{"a":0,"k":0},"nm":"T"}],"nm":"R"},{"ty":"gr","it":[{"ind":0,"ty":"sh","ks":{"a":0,"k":{"i":[[0,0],[0,0]],"o":[[0,0],[0,0]],"v":[[10.729,12.512],[-10.729,-12.512]],"c":false}},"nm":"P"},{"ty":"st","c":{"a":0,"k":[0,0,0,1]},"o":{"a":0,"k":100},"w":{"a":0,"k":30.72},"lc":2,"lj":2,"nm":"S"},{"ty":"tr","p":{"a":0,"k":[359.93,341.622]},"a":{"a":0,"k":[0,0]},"s":{"a":0,"k":[100,100]},"r":{"a":0,"k":0},"o":{"a":0,"k":100},"sk":{"a":0,"k":0},"sa":{"a":0,"k":0},"nm":"T"}],"nm":"G"}],"ip":0,"op":90,"st":0},{"ind":6,"ty":4,"nm":"M","td":1,"sr":1,"ks":{"o":{"a":0,"k":100},"r":{"a":0,"k":0},"p":{"s":true,"x":{"a":1,"k":[{"i":{"x":[0.667],"y":[1]},"o":{"x":[0.167],"y":[0.167]},"t":0,"s":[252.916]},{"i":{"x":[0.667],"y":[1]},"o":{"x":[0.333],"y":[0]},"t":22,"s":[302.416]},{"i":{"x":[0.833],"y":[0.833]},"o":{"x":[0.333],"y":[0]},"t":55,"s":[208.416]},{"t":89,"s":[252.916]}]},"y":{"a":1,"k":[{"i":{"x":[0.833],"y":[0.85]},"o":{"x":[0.167],"y":[0.167]},"t":0,"s":[228.042]},{"i":{"x":[0.833],"y":[0.811]},"o":{"x":[0.167],"y":[0.187]},"t":1,"s":[228.79]},{"i":{"x":[0.833],"y":[0.831]},"o":{"x":[0.167],"y":[0.149]},"t":2,"s":[229.389]},{"i":{"x":[0.833],"y":[0.847]},"o":{"x":[0.167],"y":[0.165]},"t":3,"s":[230.146]},{"i":{"x":[0.833],"y":[0.86]},"o":{"x":[0.167],"y":[0.183]},"t":4,"s":[230.92]},{"i":{"x":[0.833],"y":[0.88]},"o":{"x":[0.167],"y":[0.207]},"t":5,"s":[231.57]},{"i":{"x":[0.833],"y":[0.931]},"o":{"x":[0.167],"y":[0.273]},"t":6,"s":[232.009]},{"i":{"x":[0.833],"y":[0.45]},"o":{"x":[0.167],"y":[-0.394]},"t":7,"s":[232.203]},{"i":{"x":[0.833],"y":[0.82]},"o":{"x":[0.167],"y":[0.098]},"t":8,"s":[232.169]},{"i":{"x":[0.833],"y":[0.856]},"o":{"x":[0.167],"y":[0.155]},"t":9,"s":[231.98]},{"i":{"x":[0.833],"y":[0.883]},"o":{"x":[0.167],"y":[0.198]},"t":10,"s":[231.76]},{"i":{"x":[0.833],"y":[1.01]},"o":{"x":[0.167],"y":[0.291]},"t":11,"s":[231.601]},{"i":{"x":[0.833],"y":[0.662]},"o":{"x":[0.167],"y":[0.009]},"t":12,"s":[231.538]},{"i":{"x":[0.833],"y":[0.783]},"o":{"x":[0.167],"y":[0.111]},"t":13,"s":[231.609]},{"i":{"x":[0.833],"y":[0.812]},"o":{"x":[0.167],"y":[0.135]},"t":14,"s":[231.829]},{"i":{"x":[0.833],"y":[0.83]},"o":{"x":[0.167],"y":[0.15]},"t":15,"s":[232.18]},{"i":{"x":[0.833],"y":[0.848]},"o":{"x":[0.167],"y":[0.163]},"t":16,"s":[232.62]},{"i":{"x":[0.833],"y":[0.889]},"o":{"x":[0.167],"y":[0.184]},"t":17,"s":[233.079]},{"i":{"x":[0.833],"y":[1.224]},"o":{"x":[0.167],"y":[0.334]},"t":18,"s":[233.457]},{"i":{"x":[0.833],"y":[0.736]},"o":{"x":[0.167],"y":[0.061]},"t":19,"s":[233.582]},{"i":{"x":[0.833],"y":[0.799]},"o":{"x":[0.167],"y":[0.122]},"t":20,"s":[233.119]},{"i":{"x":[0.833],"y":[0.818]},"o":{"x":[0.167],"y":[0.142]},"t":21,"s":[232.112]},{"i":{"x":[0.833],"y":[0.829]},"o":{"x":[0.167],"y":[0.154]},"t":22,"s":[230.691]},{"i":{"x":[0.833],"y":[0.839]},"o":{"x":[0.167],"y":[0.163]},"t":23,"s":[229.011]},{"i":{"x":[0.833],"y":[0.852]},"o":{"x":[0.167],"y":[0.173]},"t":24,"s":[227.252]},{"i":{"x":[0.833],"y":[0.874]},"o":{"x":[0.167],"y":[0.191]},"t":25,"s":[225.623]},{"i":{"x":[0.833],"y":[0.9]},"o":{"x":[0.167],"y":[0.247]},"t":26,"s":[224.358]},{"i":{"x":[0.833],"y":[0.962]},"o":{"x":[0.167],"y":[0.493]},"t":27,"s":[223.714]},{"i":{"x":[0.833],"y":[0.458]},"o":{"x":[0.167],"y":[-0.068]},"t":28,"s":[223.583]},{"i":{"x":[0.833],"y":[0.754]},"o":{"x":[0.167],"y":[0.098]},"t":29,"s":[223.655]},{"i":{"x":[0.833],"y":[0.795]},"o":{"x":[0.167],"y":[0.126]},"t":30,"s":[224.052]},{"i":{"x":[0.833],"y":[0.814]},"o":{"x":[0.167],"y":[0.14]},"t":31,"s":[224.823]},{"i":{"x":[0.833],"y":[0.828]},"o":{"x":[0.167],"y":[0.151]},"t":32,"s":[225.948]},{"i":{"x":[0.833],"y":[0.842]},"o":{"x":[0.167],"y":[0.161]},"t":33,"s":[227.333]},{"i":{"x":[0.833],"y":[0.86]},"o":{"x":[0.167],"y":[0.176]},"t":34,"s":[228.811]},{"i":{"x":[0.833],"y":[0.865]},"o":{"x":[0.167],"y":[0.206]},"t":35,"s":[230.141]},{"i":{"x":[0.833],"y":[0.889]},"o":{"x":[0.167],"y":[0.218]},"t":36,"s":[231.044]},{"i":{"x":[0.833],"y":[1.026]},"o":{"x":[0.167],"y":[0.335]},"t":37,"s":[231.603]},{"i":{"x":[0.833],"y":[0.693]},"o":{"x":[0.167],"y":[0.02]},"t":38,"s":[231.788]},{"i":{"x":[0.833],"y":[0.793]},"o":{"x":[0.167],"y":[0.114]},"t":39,"s":[231.546]},{"i":{"x":[0.833],"y":[0.82]},"o":{"x":[0.167],"y":[0.139]},"t":40,"s":[230.894]},{"i":{"x":[0.833],"y":[0.839]},"o":{"x":[0.167],"y":[0.155]},"t":41,"s":[229.923]},{"i":{"x":[0.833],"y":[0.864]},"o":{"x":[0.167],"y":[0.173]},"t":42,"s":[228.797]},{"i":{"x":[0.833],"y":[0.872]},"o":{"x":[0.167],"y":[0.216]},"t":43,"s":[227.751]},{"i":{"x":[0.833],"y":[0.75]},"o":{"x":[0.167],"y":[0.238]},"t":44,"s":[227.094]},{"i":{"x":[0.833],"y":[0.82]},"o":{"x":[0.167],"y":[0.125]},"t":45,"s":[226.739]},{"i":{"x":[0.833],"y":[0.844]},"o":{"x":[0.167],"y":[0.155]},"t":46,"s":[226.028]},{"i":{"x":[0.833],"y":[0.862]},"o":{"x":[0.167],"y":[0.179]},"t":47,"s":[225.205]},{"i":{"x":[0.833],"y":[0.892]},"o":{"x":[0.167],"y":[0.211]},"t":48,"s":[224.485]},{"i":{"x":[0.833],"y":[1.044]},"o":{"x":[0.167],"y":[0.369]},"t":49,"s":[224.016]},{"i":{"x":[0.833],"y":[0.716]},"o":{"x":[0.167],"y":[0.029]},"t":50,"s":[223.879]},{"i":{"x":[0.833],"y":[0.803]},"o":{"x":[0.167],"y":[0.118]},"t":51,"s":[224.089]},{"i":{"x":[0.833],"y":[0.803]},"o":{"x":[0.167],"y":[0.144]},"t":52,"s":[224.594]},{"i":{"x":[0.833],"y":[0.824]},"o":{"x":[0.167],"y":[0.144]},"t":53,"s":[225.284]},{"i":{"x":[0.833],"y":[0.843]},"o":{"x":[0.167],"y":[0.158]},"t":54,"s":[226.227]},{"i":{"x":[0.833],"y":[0.857]},"o":{"x":[0.167],"y":[0.177]},"t":55,"s":[227.274]},{"i":{"x":[0.833],"y":[0.875]},"o":{"x":[0.167],"y":[0.2]},"t":56,"s":[228.204]},{"i":{"x":[0.833],"y":[0.916]},"o":{"x":[0.167],"y":[0.25]},"t":57,"s":[228.871]},{"i":{"x":[0.833],"y":[15.643]},"o":{"x":[0.167],"y":[19.547]},"t":58,"s":[229.203]},{"i":{"x":[0.833],"y":[0.8]},"o":{"x":[0.167],"y":[0.083]},"t":59,"s":[229.205]},{"i":{"x":[0.833],"y":[0.829]},"o":{"x":[0.167],"y":[0.143]},"t":60,"s":[228.953]},{"i":{"x":[0.833],"y":[0.788]},"o":{"x":[0.167],"y":[0.162]},"t":61,"s":[228.601]},{"i":{"x":[0.833],"y":[0.85]},"o":{"x":[0.167],"y":[0.137]},"t":62,"s":[228.23]},{"i":{"x":[0.833],"y":[0.901]},"o":{"x":[0.167],"y":[0.188]},"t":63,"s":[227.658]},{"i":{"x":[0.833],"y":[1.313]},"o":{"x":[0.167],"y":[0.518]},"t":64,"s":[227.202]},{"i":{"x":[0.833],"y":[0.729]},"o":{"x":[0.167],"y":[0.066]},"t":65,"s":[227.115]},{"i":{"x":[0.833],"y":[0.796]},"o":{"x":[0.167],"y":[0.12]},"t":66,"s":[227.531]},{"i":{"x":[0.833],"y":[0.821]},"o":{"x":[0.167],"y":[0.141]},"t":67,"s":[228.468]},{"i":{"x":[0.833],"y":[0.913]},"o":{"x":[0.167],"y":[0.156]},"t":68,"s":[229.827]},{"i":{"x":[0.833],"y":[0.909]},"o":{"x":[0.167],"y":[0.241]},"t":69,"s":[231.392]},{"i":{"x":[0.833],"y":[0.837]},"o":{"x":[0.167],"y":[-0.112]},"t":72,"s":[233.079]},{"i":{"x":[0.833],"y":[0.85]},"o":{"x":[0.167],"y":[0.17]},"t":73,"s":[232.62]},{"i":{"x":[0.833],"y":[0.865]},"o":{"x":[0.167],"y":[0.188]},"t":74,"s":[232.18]},{"i":{"x":[0.833],"y":[0.889]},"o":{"x":[0.167],"y":[0.217]},"t":75,"s":[231.829]},{"i":{"x":[0.833],"y":[0.991]},"o":{"x":[0.167],"y":[0.338]},"t":76,"s":[231.609]},{"i":{"x":[0.833],"y":[0.709]},"o":{"x":[0.167],"y":[-0.01]},"t":77,"s":[231.538]},{"i":{"x":[0.833],"y":[0.802]},"o":{"x":[0.167],"y":[0.117]},"t":78,"s":[231.601]},{"i":{"x":[0.833],"y":[0.845]},"o":{"x":[0.167],"y":[0.144]},"t":79,"s":[231.76]},{"i":{"x":[0.833],"y":[0.902]},"o":{"x":[0.167],"y":[0.18]},"t":80,"s":[231.98]},{"i":{"x":[0.833],"y":[1.394]},"o":{"x":[0.167],"y":[0.55]},"t":81,"s":[232.169]},{"i":{"x":[0.833],"y":[0.727]},"o":{"x":[0.167],"y":[0.069]},"t":82,"s":[232.203]},{"i":{"x":[0.833],"y":[0.793]},"o":{"x":[0.167],"y":[0.12]},"t":83,"s":[232.009]},{"i":{"x":[0.833],"y":[0.817]},"o":{"x":[0.167],"y":[0.14]},"t":84,"s":[231.57]},{"i":{"x":[0.833],"y":[0.835]},"o":{"x":[0.167],"y":[0.153]},"t":85,"s":[230.92]},{"i":{"x":[0.833],"y":[0.851]},"o":{"x":[0.167],"y":[0.169]},"t":86,"s":[230.146]},{"i":{"x":[0.833],"y":[0.812]},"o":{"x":[0.167],"y":[0.189]},"t":87,"s":[229.389]},{"i":{"x":[0.833],"y":[0.833]},"o":{"x":[0.167],"y":[0.15]},"t":88,"s":[228.79]},{"t":89,"s":[228.042]}]}},"a":{"a":0,"k":[252.916,230.422,0]},"s":{"a":0,"k":[100,100,100]}},"ao":0,"shapes":[{"ty":"gr","it":[{"ind":0,"ty":"sh","ks":{"a":0,"k":{"i":[[9.224,-25.802],[4.284,18.629],[-18.629,4.284]],"o":[[-18.631,4.284],[-4.282,-18.629],[19.546,19.187]],"v":[[21.315,33.231],[-25.07,9.162],[5.833,-34.233]],"c":true}},"nm":"P"},{"ty":"tr","p":{"a":0,"k":[391.991,183.673]},"a":{"a":0,"k":[0,0]},"s":{"a":0,"k":[100,100]},"r":{"a":0,"k":0},"o":{"a":0,"k":40},"sk":{"a":0,"k":0},"sa":{"a":0,"k":0},"nm":"T"}],"nm":"G"},{"ty":"gr","it":[{"ind":0,"ty":"sh","ks":{"a":0,"k":{"i":[[0,0],[-13.15,-19.925]],"o":[[0,0],[0,0]],"v":[[-19.515,-11.366],[19.515,11.366]],"c":false}},"nm":"P"},{"ty":"tr","p":{"a":0,"k":[417.716,284.637]},"a":{"a":0,"k":[0,0]},"s":{"a":0,"k":[100,100]},"r":{"a":0,"k":0},"o":{"a":0,"k":100},"sk":{"a":0,"k":0},"sa":{"a":0,"k":0},"nm":"T"}],"nm":"G"},{"ty":"gr","it":[{"ind":0,"ty":"sh","ks":{"a":0,"k":{"i":[[0,0],[0,0],[-3.287,-8.01],[0,0],[6.654,-5.978],[0,0],[5.241,0],[0,0],[0,0],[-36.72,0],[0,0],[-7.352,-14.862],[0,0],[-12.294,0],[0,0],[-0.815,13.21],[0,0],[-16.177,0],[0,0]],"o":[[0,0],[8.647,0],[0,0],[3.387,8.268],[0,0],[-3.906,3.508],[0,0],[0,0],[0,-36.721],[0,0],[16.577,0],[0,0],[5.458,11.018],[0,0],[13.251,0],[0,0],[-0.24,-16.179],[0,0],[0,0]],"v":[[34.824,-121.818],[78.42,-121.818],[100.116,-107.253],[161.265,42.46],[155.826,66.229],[100.237,116.358],[86.03,121.818],[-162.845,121.818],[-162.845,70.671],[-96.357,4.185],[-58.64,4.185],[-19.569,28.451],[-6.099,55.729],[22.89,73.72],[42.555,73.72],[67.579,50.23],[66.226,-39.41],[95.195,-68.819],[115.818,-68.819]],"c":false}},"nm":"P"},{"ty":"tr","p":{"a":0,"k":[231.445,228.528]},"a":{"a":0,"k":[0,0]},"s":{"a":0,"k":[100,100]},"r":{"a":0,"k":0},"o":{"a":0,"k":100},"sk":{"a":0,"k":0},"sa":{"a":0,"k":0},"nm":"T"}],"nm":"G"},{"ty":"fl","c":{"a":0,"k":[1,0,0,1]},"o":{"a":0,"k":100},"r":1,"nm":"F"}],"ip":0,"op":90,"st":0},{"ind":7,"ty":4,"nm":"L","tt":2,"sr":1,"ks":{"o":{"a":0,"k":100},"r":{"a":0,"k":0},"p":{"s":true,"x":{"a":1,"k":[{"i":{"x":[0.667],"y":[1]},"o":{"x":[0.167],"y":[0.167]},"t":0,"s":[262.504]},{"i":{"x":[0.667],"y":[1]},"o":{"x":[0.333],"y":[0]},"t":22,"s":[311.104]},{"i":{"x":[0.833],"y":[0.833]},"o":{"x":[0.333],"y":[0]},"t":55,"s":[220.004]},{"t":89,"s":[262.504]}]},"y":{"a":1,"k":[{"i":{"x":[0.667],"y":[1]},"o":{"x":[0.333],"y":[0]},"t":6,"s":[354.135]},{"i":{"x":[0.667],"y":[1]},"o":{"x":[0.333],"y":[0]},"t":12.471,"s":[341.135]},{"t":18.941,"s":[354.135]}]}},"a":{"a":0,"k":[262.504,354.135,0]},"s":{"a":0,"k":[100,100,100]}},"ao":0,"shapes":[{"ty":"gr","it":[{"ty":"rc","d":1,"s":{"a":0,"k":[205,197]},"p":{"a":0,"k":[0,0]},"r":{"a":0,"k":0},"nm":"R"},{"ty":"st","c":{"a":0,"k":[0,0,0,1]},"o":{"a":0,"k":100},"w":{"a":0,"k":30.72},"lc":1,"lj":1,"ml":4,"nm":"S"},{"ty":"fl","c":{"a":0,"k":[1,1,1,1]},"o":{"a":0,"k":100},"r":1,"nm":"F"},{"ty":"tr","p":{"a":0,"k":[377.5,364.5]},"a":{"a":0,"k":[0,0]},"s":{"a":0,"k":[100,100]},"r":{"a":0,"k":0},"o":{"a":0,"k":0},"sk":{"a":0,"k":0},"sa":{"a":0,"k":0},"nm":"T"}],"nm":"R"},{"ty":"gr","it":[{"ty":"gr","it":[{"ind":0,"ty":"sh","ks":{"a":0,"k":{"i":[[0,0],[0,-25.684],[28.312,0],[0,28.492]],"o":[[24.785,3.727],[0,28.492],[-28.494,0],[0,0]],"v":[[7.611,-51.156],[51.504,-0.347],[0.001,51.156],[-51.504,-0.347]],"c":false}},"nm":"P"},{"ty":"st","c":{"a":0,"k":[0,0,0,1]},"o":{"a":0,"k":100},"w":{"a":0,"k":30.72},"lc":2,"lj":2,"nm":"S"},{"ty":"tr","p":{"a":0,"k":[0,0]},"a":{"a":0,"k":[0,0]},"s":{"a":0,"k":[100,100]},"r":{"a":0,"k":0},"o":{"a":0,"k":100},"sk":{"a":0,"k":0},"sa":{"a":0,"k":0},"nm":"T"}],"nm":"G"},{"ty":"tr","p":{"a":0,"k":[370.664,354.135]},"a":{"a":0,"k":[0,0]},"s":{"a":0,"k":[100,100]},"r":{"a":0,"k":0},"o":{"a":0,"k":40},"sk":{"a":0,"k":0},"sa":{"a":0,"k":0},"nm":"T"}],"nm":"L"}],"ip":0,"op":90,"st":0},{"ind":8,"ty":4,"nm":"M","td":1,"sr":1,"ks":{"o":{"a":0,"k":100},"r":{"a":0,"k":0},"p":{"s":true,"x":{"a":1,"k":[{"i":{"x":[0.667],"y":[1]},"o":{"x":[0.167],"y":[0.167]},"t":0,"s":[252.916]},{"i":{"x":[0.667],"y":[1]},"o":{"x":[0.333],"y":[0]},"t":22,"s":[302.416]},{"i":{"x":[0.833],"y":[0.833]},"o":{"x":[0.333],"y":[0]},"t":55,"s":[208.416]},{"t":89,"s":[252.916]}]},"y":{"a":1,"k":[{"i":{"x":[0.833],"y":[0.85]},"o":{"x":[0.167],"y":[0.167]},"t":0,"s":[228.042]},{"i":{"x":[0.833],"y":[0.811]},"o":{"x":[0.167],"y":[0.187]},"t":1,"s":[228.79]},{"i":{"x":[0.833],"y":[0.831]},"o":{"x":[0.167],"y":[0.149]},"t":2,"s":[229.389]},{"i":{"x":[0.833],"y":[0.847]},"o":{"x":[0.167],"y":[0.165]},"t":3,"s":[230.146]},{"i":{"x":[0.833],"y":[0.86]},"o":{"x":[0.167],"y":[0.183]},"t":4,"s":[230.92]},{"i":{"x":[0.833],"y":[0.88]},"o":{"x":[0.167],"y":[0.207]},"t":5,"s":[231.57]},{"i":{"x":[0.833],"y":[0.931]},"o":{"x":[0.167],"y":[0.273]},"t":6,"s":[232.009]},{"i":{"x":[0.833],"y":[0.45]},"o":{"x":[0.167],"y":[-0.394]},"t":7,"s":[232.203]},{"i":{"x":[0.833],"y":[0.82]},"o":{"x":[0.167],"y":[0.098]},"t":8,"s":[232.169]},{"i":{"x":[0.833],"y":[0.856]},"o":{"x":[0.167],"y":[0.155]},"t":9,"s":[231.98]},{"i":{"x":[0.833],"y":[0.883]},"o":{"x":[0.167],"y":[0.198]},"t":10,"s":[231.76]},{"i":{"x":[0.833],"y":[1.01]},"o":{"x":[0.167],"y":[0.291]},"t":11,"s":[231.601]},{"i":{"x":[0.833],"y":[0.662]},"o":{"x":[0.167],"y":[0.009]},"t":12,"s":[231.538]},{"i":{"x":[0.833],"y":[0.783]},"o":{"x":[0.167],"y":[0.111]},"t":13,"s":[231.609]},{"i":{"x":[0.833],"y":[0.812]},"o":{"x":[0.167],"y":[0.135]},"t":14,"s":[231.829]},{"i":{"x":[0.833],"y":[0.83]},"o":{"x":[0.167],"y":[0.15]},"t":15,"s":[232.18]},{"i":{"x":[0.833],"y":[0.848]},"o":{"x":[0.167],"y":[0.163]},"t":16,"s":[232.62]},{"i":{"x":[0.833],"y":[0.889]},"o":{"x":[0.167],"y":[0.184]},"t":17,"s":[233.079]},{"i":{"x":[0.833],"y":[1.224]},"o":{"x":[0.167],"y":[0.334]},"t":18,"s":[233.457]},{"i":{"x":[0.833],"y":[0.736]},"o":{"x":[0.167],"y":[0.061]},"t":19,"s":[233.582]},{"i":{"x":[0.833],"y":[0.799]},"o":{"x":[0.167],"y":[0.122]},"t":20,"s":[233.119]},{"i":{"x":[0.833],"y":[0.818]},"o":{"x":[0.167],"y":[0.142]},"t":21,"s":[232.112]},{"i":{"x":[0.833],"y":[0.829]},"o":{"x":[0.167],"y":[0.154]},"t":22,"s":[230.691]},{"i":{"x":[0.833],"y":[0.839]},"o":{"x":[0.167],"y":[0.163]},"t":23,"s":[229.011]},{"i":{"x":[0.833],"y":[0.852]},"o":{"x":[0.167],"y":[0.173]},"t":24,"s":[227.252]},{"i":{"x":[0.833],"y":[0.874]},"o":{"x":[0.167],"y":[0.191]},"t":25,"s":[225.623]},{"i":{"x":[0.833],"y":[0.9]},"o":{"x":[0.167],"y":[0.247]},"t":26,"s":[224.358]},{"i":{"x":[0.833],"y":[0.962]},"o":{"x":[0.167],"y":[0.493]},"t":27,"s":[223.714]},{"i":{"x":[0.833],"y":[0.458]},"o":{"x":[0.167],"y":[-0.068]},"t":28,"s":[223.583]},{"i":{"x":[0.833],"y":[0.754]},"o":{"x":[0.167],"y":[0.098]},"t":29,"s":[223.655]},{"i":{"x":[0.833],"y":[0.795]},"o":{"x":[0.167],"y":[0.126]},"t":30,"s":[224.052]},{"i":{"x":[0.833],"y":[0.814]},"o":{"x":[0.167],"y":[0.14]},"t":31,"s":[224.823]},{"i":{"x":[0.833],"y":[0.828]},"o":{"x":[0.167],"y":[0.151]},"t":32,"s":[225.948]},{"i":{"x":[0.833],"y":[0.842]},"o":{"x":[0.167],"y":[0.161]},"t":33,"s":[227.333]},{"i":{"x":[0.833],"y":[0.86]},"o":{"x":[0.167],"y":[0.176]},"t":34,"s":[228.811]},{"i":{"x":[0.833],"y":[0.865]},"o":{"x":[0.167],"y":[0.206]},"t":35,"s":[230.141]},{"i":{"x":[0.833],"y":[0.889]},"o":{"x":[0.167],"y":[0.218]},"t":36,"s":[231.044]},{"i":{"x":[0.833],"y":[1.026]},"o":{"x":[0.167],"y":[0.335]},"t":37,"s":[231.603]},{"i":{"x":[0.833],"y":[0.693]},"o":{"x":[0.167],"y":[0.02]},"t":38,"s":[231.788]},{"i":{"x":[0.833],"y":[0.793]},"o":{"x":[0.167],"y":[0.114]},"t":39,"s":[231.546]},{"i":{"x":[0.833],"y":[0.82]},"o":{"x":[0.167],"y":[0.139]},"t":40,"s":[230.894]},{"i":{"x":[0.833],"y":[0.839]},"o":{"x":[0.167],"y":[0.155]},"t":41,"s":[229.923]},{"i":{"x":[0.833],"y":[0.864]},"o":{"x":[0.167],"y":[0.173]},"t":42,"s":[228.797]},{"i":{"x":[0.833],"y":[0.872]},"o":{"x":[0.167],"y":[0.216]},"t":43,"s":[227.751]},{"i":{"x":[0.833],"y":[0.75]},"o":{"x":[0.167],"y":[0.238]},"t":44,"s":[227.094]},{"i":{"x":[0.833],"y":[0.82]},"o":{"x":[0.167],"y":[0.125]},"t":45,"s":[226.739]},{"i":{"x":[0.833],"y":[0.844]},"o":{"x":[0.167],"y":[0.155]},"t":46,"s":[226.028]},{"i":{"x":[0.833],"y":[0.862]},"o":{"x":[0.167],"y":[0.179]},"t":47,"s":[225.205]},{"i":{"x":[0.833],"y":[0.892]},"o":{"x":[0.167],"y":[0.211]},"t":48,"s":[224.485]},{"i":{"x":[0.833],"y":[1.044]},"o":{"x":[0.167],"y":[0.369]},"t":49,"s":[224.016]},{"i":{"x":[0.833],"y":[0.716]},"o":{"x":[0.167],"y":[0.029]},"t":50,"s":[223.879]},{"i":{"x":[0.833],"y":[0.803]},"o":{"x":[0.167],"y":[0.118]},"t":51,"s":[224.089]},{"i":{"x":[0.833],"y":[0.803]},"o":{"x":[0.167],"y":[0.144]},"t":52,"s":[224.594]},{"i":{"x":[0.833],"y":[0.824]},"o":{"x":[0.167],"y":[0.144]},"t":53,"s":[225.284]},{"i":{"x":[0.833],"y":[0.843]},"o":{"x":[0.167],"y":[0.158]},"t":54,"s":[226.227]},{"i":{"x":[0.833],"y":[0.857]},"o":{"x":[0.167],"y":[0.177]},"t":55,"s":[227.274]},{"i":{"x":[0.833],"y":[0.875]},"o":{"x":[0.167],"y":[0.2]},"t":56,"s":[228.204]},{"i":{"x":[0.833],"y":[0.916]},"o":{"x":[0.167],"y":[0.25]},"t":57,"s":[228.871]},{"i":{"x":[0.833],"y":[15.643]},"o":{"x":[0.167],"y":[19.547]},"t":58,"s":[229.203]},{"i":{"x":[0.833],"y":[0.8]},"o":{"x":[0.167],"y":[0.083]},"t":59,"s":[229.205]},{"i":{"x":[0.833],"y":[0.829]},"o":{"x":[0.167],"y":[0.143]},"t":60,"s":[228.953]},{"i":{"x":[0.833],"y":[0.788]},"o":{"x":[0.167],"y":[0.162]},"t":61,"s":[228.601]},{"i":{"x":[0.833],"y":[0.85]},"o":{"x":[0.167],"y":[0.137]},"t":62,"s":[228.23]},{"i":{"x":[0.833],"y":[0.901]},"o":{"x":[0.167],"y":[0.188]},"t":63,"s":[227.658]},{"i":{"x":[0.833],"y":[1.313]},"o":{"x":[0.167],"y":[0.518]},"t":64,"s":[227.202]},{"i":{"x":[0.833],"y":[0.729]},"o":{"x":[0.167],"y":[0.066]},"t":65,"s":[227.115]},{"i":{"x":[0.833],"y":[0.796]},"o":{"x":[0.167],"y":[0.12]},"t":66,"s":[227.531]},{"i":{"x":[0.833],"y":[0.821]},"o":{"x":[0.167],"y":[0.141]},"t":67,"s":[228.468]},{"i":{"x":[0.833],"y":[0.913]},"o":{"x":[0.167],"y":[0.156]},"t":68,"s":[229.827]},{"i":{"x":[0.833],"y":[0.909]},"o":{"x":[0.167],"y":[0.241]},"t":69,"s":[231.392]},{"i":{"x":[0.833],"y":[0.837]},"o":{"x":[0.167],"y":[-0.112]},"t":72,"s":[233.079]},{"i":{"x":[0.833],"y":[0.85]},"o":{"x":[0.167],"y":[0.17]},"t":73,"s":[232.62]},{"i":{"x":[0.833],"y":[0.865]},"o":{"x":[0.167],"y":[0.188]},"t":74,"s":[232.18]},{"i":{"x":[0.833],"y":[0.889]},"o":{"x":[0.167],"y":[0.217]},"t":75,"s":[231.829]},{"i":{"x":[0.833],"y":[0.991]},"o":{"x":[0.167],"y":[0.338]},"t":76,"s":[231.609]},{"i":{"x":[0.833],"y":[0.709]},"o":{"x":[0.167],"y":[-0.01]},"t":77,"s":[231.538]},{"i":{"x":[0.833],"y":[0.802]},"o":{"x":[0.167],"y":[0.117]},"t":78,"s":[231.601]},{"i":{"x":[0.833],"y":[0.845]},"o":{"x":[0.167],"y":[0.144]},"t":79,"s":[231.76]},{"i":{"x":[0.833],"y":[0.902]},"o":{"x":[0.167],"y":[0.18]},"t":80,"s":[231.98]},{"i":{"x":[0.833],"y":[1.394]},"o":{"x":[0.167],"y":[0.55]},"t":81,"s":[232.169]},{"i":{"x":[0.833],"y":[0.727]},"o":{"x":[0.167],"y":[0.069]},"t":82,"s":[232.203]},{"i":{"x":[0.833],"y":[0.793]},"o":{"x":[0.167],"y":[0.12]},"t":83,"s":[232.009]},{"i":{"x":[0.833],"y":[0.817]},"o":{"x":[0.167],"y":[0.14]},"t":84,"s":[231.57]},{"i":{"x":[0.833],"y":[0.835]},"o":{"x":[0.167],"y":[0.153]},"t":85,"s":[230.92]},{"i":{"x":[0.833],"y":[0.851]},"o":{"x":[0.167],"y":[0.169]},"t":86,"s":[230.146]},{"i":{"x":[0.833],"y":[0.812]},"o":{"x":[0.167],"y":[0.189]},"t":87,"s":[229.389]},{"i":{"x":[0.833],"y":[0.833]},"o":{"x":[0.167],"y":[0.15]},"t":88,"s":[228.79]},{"t":89,"s":[228.042]}]}},"a":{"a":0,"k":[252.916,230.422,0]},"s":{"a":0,"k":[100,100,100]}},"ao":0,"shapes":[{"ty":"gr","it":[{"ind":0,"ty":"sh","ks":{"a":0,"k":{"i":[[9.224,-25.802],[4.284,18.629],[-18.629,4.284]],"o":[[-18.631,4.284],[-4.282,-18.629],[19.546,19.187]],"v":[[21.315,33.231],[-25.07,9.162],[5.833,-34.233]],"c":true}},"nm":"P"},{"ty":"tr","p":{"a":0,"k":[391.991,183.673]},"a":{"a":0,"k":[0,0]},"s":{"a":0,"k":[100,100]},"r":{"a":0,"k":0},"o":{"a":0,"k":40},"sk":{"a":0,"k":0},"sa":{"a":0,"k":0},"nm":"T"}],"nm":"G"},{"ty":"gr","it":[{"ind":0,"ty":"sh","ks":{"a":0,"k":{"i":[[0,0],[-13.15,-19.925]],"o":[[0,0],[0,0]],"v":[[-19.515,-11.366],[19.515,11.366]],"c":false}},"nm":"P"},{"ty":"tr","p":{"a":0,"k":[417.716,284.637]},"a":{"a":0,"k":[0,0]},"s":{"a":0,"k":[100,100]},"r":{"a":0,"k":0},"o":{"a":0,"k":100},"sk":{"a":0,"k":0},"sa":{"a":0,"k":0},"nm":"T"}],"nm":"G"},{"ty":"gr","it":[{"ind":0,"ty":"sh","ks":{"a":0,"k":{"i":[[0,0],[0,0],[-3.287,-8.01],[0,0],[6.654,-5.978],[0,0],[5.241,0],[0,0],[0,0],[-36.72,0],[0,0],[-7.352,-14.862],[0,0],[-12.294,0],[0,0],[-0.815,13.21],[0,0],[-16.177,0],[0,0]],"o":[[0,0],[8.647,0],[0,0],[3.387,8.268],[0,0],[-3.906,3.508],[0,0],[0,0],[0,-36.721],[0,0],[16.577,0],[0,0],[5.458,11.018],[0,0],[13.251,0],[0,0],[-0.24,-16.179],[0,0],[0,0]],"v":[[34.824,-121.818],[78.42,-121.818],[100.116,-107.253],[161.265,42.46],[155.826,66.229],[100.237,116.358],[86.03,121.818],[-162.845,121.818],[-162.845,70.671],[-96.357,4.185],[-58.64,4.185],[-19.569,28.451],[-6.099,55.729],[22.89,73.72],[42.555,73.72],[67.579,50.23],[66.226,-39.41],[95.195,-68.819],[115.818,-68.819]],"c":false}},"nm":"P"},{"ty":"tr","p":{"a":0,"k":[231.445,228.528]},"a":{"a":0,"k":[0,0]},"s":{"a":0,"k":[100,100]},"r":{"a":0,"k":0},"o":{"a":0,"k":100},"sk":{"a":0,"k":0},"sa":{"a":0,"k":0},"nm":"T"}],"nm":"G"},{"ty":"fl","c":{"a":0,"k":[1,0,0,1]},"o":{"a":0,"k":100},"r":1,"nm":"F"}],"ip":0,"op":90,"st":0},{"ind":9,"ty":4,"nm":"L","tt":2,"sr":1,"ks":{"o":{"a":0,"k":100},"r":{"a":0,"k":0},"p":{"s":true,"x":{"a":1,"k":[{"i":{"x":[0.667],"y":[1]},"o":{"x":[0.167],"y":[0.167]},"t":0,"s":[262.504]},{"i":{"x":[0.667],"y":[1]},"o":{"x":[0.333],"y":[0]},"t":22,"s":[311.104]},{"i":{"x":[0.833],"y":[0.833]},"o":{"x":[0.333],"y":[0]},"t":55,"s":[220.004]},{"t":89,"s":[262.504]}]},"y":{"a":1,"k":[{"i":{"x":[0.667],"y":[1]},"o":{"x":[0.333],"y":[0]},"t":15.059,"s":[354.135]},{"i":{"x":[0.667],"y":[1]},"o":{"x":[0.333],"y":[0]},"t":21.529,"s":[341.135]},{"t":28,"s":[354.135]}]}},"a":{"a":0,"k":[262.504,354.135,0]},"s":{"a":0,"k":[100,100,100]}},"ao":0,"shapes":[{"ty":"gr","it":[{"ty":"rc","d":1,"s":{"a":0,"k":[206,141]},"p":{"a":0,"k":[0,0]},"r":{"a":0,"k":0},"nm":"R"},{"ty":"st","c":{"a":0,"k":[0,0,0,1]},"o":{"a":0,"k":100},"w":{"a":0,"k":30.72},"lc":1,"lj":1,"ml":4,"nm":"S"},{"ty":"fl","c":{"a":0,"k":[1,1,1,1]},"o":{"a":0,"k":100},"r":1,"nm":"F"},{"ty":"tr","p":{"a":0,"k":[158,373.5]},"a":{"a":0,"k":[0,0]},"s":{"a":0,"k":[100,100]},"r":{"a":0,"k":0},"o":{"a":0,"k":0},"sk":{"a":0,"k":0},"sa":{"a":0,"k":0},"nm":"T"}],"nm":"R"},{"ty":"gr","it":[{"ty":"gr","it":[{"ind":0,"ty":"sh","ks":{"a":0,"k":{"i":[[0,0],[0,-1.077],[28.313,0],[0,28.492],[-0.179,1.055]],"o":[[0.178,1.055],[0,28.492],[-28.512,0],[0,-1.077],[0,0]],"v":[[51.326,-27.435],[51.504,-24.068],[0,27.435],[-51.504,-24.068],[-51.325,-27.435]],"c":false}},"nm":"P"},{"ty":"st","c":{"a":0,"k":[0,0,0,1]},"o":{"a":0,"k":100},"w":{"a":0,"k":30.72},"lc":2,"lj":2,"nm":"S"},{"ty":"tr","p":{"a":0,"k":[0,0]},"a":{"a":0,"k":[0,0]},"s":{"a":0,"k":[100,100]},"r":{"a":0,"k":0},"o":{"a":0,"k":100},"sk":{"a":0,"k":0},"sa":{"a":0,"k":0},"nm":"T"}],"nm":"G"},{"ty":"tr","p":{"a":0,"k":[154.344,377.846]},"a":{"a":0,"k":[0,0]},"s":{"a":0,"k":[100,100]},"r":{"a":0,"k":0},"o":{"a":0,"k":40},"sk":{"a":0,"k":0},"sa":{"a":0,"k":0},"nm":"T"}],"nm":"L"}],"ip":0,"op":90,"st":0}],"markers":[]}