{"v":"5.12.1","fr":60,"ip":0,"op":90,"w":512,"h":512,"nm":"Filter#general,tools,tool,setting,filter,edit,option-2","ddd":0,"assets":[],"layers":[{"ddd":0,"ind":1,"ty":4,"nm":"Mask","td":1,"sr":1,"ks":{"o":{"a":0,"k":100,"ix":11},"r":{"a":0,"k":0,"ix":10},"p":{"a":0,"k":[266.25,255.969,0],"ix":2,"l":2},"a":{"a":0,"k":[266.25,255.969,0],"ix":1,"l":2},"s":{"a":0,"k":[100,100,100],"ix":6,"l":2}},"ao":0,"ef":[{"ty":5,"nm":"Elastic Controller","np":5,"mn":"Pseudo/MDS Elastic Controller","ix":1,"en":1,"ef":[{"ty":0,"nm":"Amplitude","mn":"Pseudo/MDS Elastic Controller-0001","ix":1,"v":{"a":0,"k":20,"ix":1}},{"ty":0,"nm":"Frequency","mn":"Pseudo/MDS Elastic Controller-0002","ix":2,"v":{"a":0,"k":60,"ix":2}},{"ty":0,"nm":"Decay","mn":"Pseudo/MDS Elastic Controller-0003","ix":3,"v":{"a":0,"k":90,"ix":3}}]}],"shapes":[{"ty":"gr","it":[{"ty":"gr","it":[{"ty":"gr","it":[{"ind":0,"ty":"sh","ix":1,"ks":{"a":1,"k":[{"i":{"x":0.833,"y":1},"o":{"x":0.167,"y":0},"t":2,"s":[{"i":[[0,17.6],[0,0],[-38.5,0],[0,0],[0,-38.5],[0,0],[15.8,-13.5],[0,0],[0,-16.2],[0,0],[19.5,-7],[0,0],[0,24.9],[0,0],[9.7,10.6],[0,0]],"o":[[0,0],[0,-38.4],[0,0],[38.4,0],[0,0],[0,20.7],[0,0],[-12.3,10.5],[0,0],[0,20.7],[0,0],[-23.5,8.4],[0,0],[0,-14.4],[0,0],[-11.9,-13.1]],"v":[[-189.75,-81.469],[-189.75,-122.469],[-120.15,-192.069],[120.25,-192.069],[189.75,-122.469],[189.75,-78.169],[164.95,-24.369],[65.65,60.531],[46.25,102.631],[46.25,131.031],[13.75,177.131],[-22.25,189.931],[-70.35,156.031],[-70.35,99.531],[-85.45,60.531],[-171.25,-33.769]],"c":true}]},{"i":{"x":0.667,"y":1},"o":{"x":0.167,"y":0},"t":5,"s":[{"i":[[0,17.6],[0,0],[-38.5,0],[0,0],[0,-38.5],[0,0],[15.8,-13.5],[0,0],[0,-16.2],[0,0],[19.5,-8.1],[12.199,-3.66],[0,24.9],[0,0],[9.7,10.6],[0,0]],"o":[[0,0],[0,-38.4],[0,0],[38.4,0],[0,0],[0,20.7],[0,0],[-12.3,10.5],[0,0],[0,20.7],[-11.762,4.886],[-27,8.1],[0,0],[0,-14.4],[0,0],[-11.9,-13.1]],"v":[[-189.75,-81.469],[-189.75,-122.469],[-120.15,-192.069],[120.25,-192.069],[189.75,-122.469],[189.75,-78.169],[164.95,-24.369],[65.65,60.531],[46.25,102.631],[46.25,131.031],[13.75,177.131],[-22.25,189.931],[-70.35,156.031],[-70.35,99.531],[-85.45,60.531],[-171.25,-33.769]],"c":true}]},{"i":{"x":0.833,"y":1},"o":{"x":0.167,"y":0},"t":20,"s":[{"i":[[0,17.6],[0,0],[-38.5,0],[0,0],[0,-38.5],[0,0],[15.8,-13.5],[0,0],[0,-16.2],[0,0],[22.329,6.496],[12.256,5.045],[-0.05,23],[0,0],[9.7,10.6],[0,0]],"o":[[0,0],[0,-38.4],[0,0],[38.4,0],[0,0],[0,20.7],[0,0],[-12.3,10.5],[0,0],[0,20.7],[-19.25,-5.6],[-24.05,-9.9],[0,0],[0,-14.4],[0,0],[-11.9,-13.1]],"v":[[-189.75,-81.469],[-189.75,-122.469],[-120.15,-192.069],[120.25,-192.069],[189.75,-122.469],[189.75,-78.169],[164.95,-24.369],[65.65,60.531],[46.25,102.631],[46,155.031],[2.5,190.631],[-40.2,174.931],[-70.2,126.031],[-70.35,99.531],[-85.45,60.531],[-171.25,-33.769]],"c":true}]},{"i":{"x":0.833,"y":1},"o":{"x":0.167,"y":0},"t":36,"s":[{"i":[[0,17.6],[0,0],[-38.5,0],[0,0],[0,-38.5],[0,0],[15.8,-13.5],[0,0],[0,-16.2],[0,0],[19.5,-8.1],[12.199,-3.66],[0,24.9],[0,0],[9.7,10.6],[0,0]],"o":[[0,0],[0,-38.4],[0,0],[38.4,0],[0,0],[0,20.7],[0,0],[-12.3,10.5],[0,0],[0,20.7],[-11.762,4.886],[-27,8.1],[0,0],[0,-14.4],[0,0],[-11.9,-13.1]],"v":[[-189.75,-81.469],[-189.75,-122.469],[-120.15,-192.069],[120.25,-192.069],[189.75,-122.469],[189.75,-78.169],[164.95,-24.369],[65.65,60.531],[46.25,102.631],[46.25,131.031],[13.75,177.131],[-22.25,189.931],[-70.35,156.031],[-70.35,99.531],[-85.45,60.531],[-171.25,-33.769]],"c":true}]},{"t":39,"s":[{"i":[[0,17.6],[0,0],[-38.5,0],[0,0],[0,-38.5],[0,0],[15.8,-13.5],[0,0],[0,-16.2],[0,0],[19.5,-7],[0,0],[0,24.9],[0,0],[9.7,10.6],[0,0]],"o":[[0,0],[0,-38.4],[0,0],[38.4,0],[0,0],[0,20.7],[0,0],[-12.3,10.5],[0,0],[0,20.7],[0,0],[-23.5,8.4],[0,0],[0,-14.4],[0,0],[-11.9,-13.1]],"v":[[-189.75,-81.469],[-189.75,-122.469],[-120.15,-192.069],[120.25,-192.069],[189.75,-122.469],[189.75,-78.169],[164.95,-24.369],[65.65,60.531],[46.25,102.631],[46.25,131.031],[13.75,177.131],[-22.25,189.931],[-70.35,156.031],[-70.35,99.531],[-85.45,60.531],[-171.25,-33.769]],"c":true}]}],"ix":2},"nm":"Path 1","mn":"ADBE Vector Shape - Group","hd":false},{"ty":"tr","p":{"a":0,"k":[266.25,255.969],"ix":2},"a":{"a":0,"k":[0,0],"ix":1},"s":{"a":0,"k":[100,100],"ix":3},"r":{"a":0,"k":0,"ix":6},"o":{"a":0,"k":100,"ix":7},"sk":{"a":0,"k":0,"ix":4},"sa":{"a":0,"k":0,"ix":5},"nm":"Transform"}],"nm":"Group 2","np":1,"cix":2,"bm":0,"ix":1,"mn":"ADBE Vector Group","hd":false},{"ty":"tr","p":{"a":0,"k":[266.25,255.969],"ix":2},"a":{"a":0,"k":[266.25,255.969],"ix":1},"s":{"a":1,"k":[{"i":{"x":[0.12,0.12],"y":[1,1]},"o":{"x":[0.333,0.333],"y":[0,0]},"t":0,"s":[100,100]},{"i":{"x":[0.12,0.12],"y":[1,1]},"o":{"x":[0.88,0.88],"y":[0,0]},"t":18,"s":[80,100]},{"i":{"x":[0.833,0.833],"y":[0.833,1]},"o":{"x":[0.88,0.88],"y":[0,0]},"t":22,"s":[80,100]},{"t":35,"s":[100,100]}],"ix":3,"x":"var $bm_rt;\nvar eff, amp, freq, decay, n, n, t, t, v;\ntry {\n    eff = effect('Elastic Controller');\n    amp = $bm_div(eff(1), 200);\n    freq = $bm_div(eff(2), 30);\n    decay = $bm_div(eff(3), 10);\n    $bm_rt = n = 0;\n    if (numKeys > 0) {\n        $bm_rt = n = nearestKey(time).index;\n        if (key(n).time > time) {\n            n--;\n        }\n    }\n    if (n == 0) {\n        $bm_rt = t = 0;\n    } else {\n        $bm_rt = t = $bm_sub(time, key(n).time);\n    }\n    if (n > 0) {\n        v = velocityAtTime($bm_sub(key(n).time, $bm_div(thisComp.frameDuration, 10)));\n        $bm_rt = $bm_sum(value, $bm_div($bm_mul($bm_mul(v, amp), Math.sin($bm_mul($bm_mul($bm_mul(freq, t), 2), Math.PI))), Math.exp($bm_mul(decay, t))));\n    } else {\n        $bm_rt = value;\n    }\n} catch (e) {\n    $bm_rt = value = value;\n}"},"r":{"a":0,"k":0,"ix":6},"o":{"a":0,"k":100,"ix":7},"sk":{"a":0,"k":0,"ix":4},"sa":{"a":0,"k":0,"ix":5},"nm":"Transform"}],"nm":"Group 1","np":1,"cix":2,"bm":0,"ix":1,"mn":"ADBE Vector Group","hd":false},{"ty":"tr","p":{"a":0,"k":[266.25,255.969],"ix":2},"a":{"a":0,"k":[266.25,255.969],"ix":1},"s":{"a":1,"k":[{"i":{"x":[0.12,0.12],"y":[1,1]},"o":{"x":[0.333,0.333],"y":[0,0]},"t":0,"s":[100,100]},{"i":{"x":[0.833,0.833],"y":[1,0.833]},"o":{"x":[0.88,0.88],"y":[0,0]},"t":18,"s":[100,80]},{"t":31,"s":[100,100]}],"ix":3,"x":"var $bm_rt;\nvar eff, amp, freq, decay, n, n, t, t, v;\ntry {\n    eff = effect('Elastic Controller');\n    amp = $bm_div(eff(1), 200);\n    freq = $bm_div(eff(2), 30);\n    decay = $bm_div(eff(3), 10);\n    $bm_rt = n = 0;\n    if (numKeys > 0) {\n        $bm_rt = n = nearestKey(time).index;\n        if (key(n).time > time) {\n            n--;\n        }\n    }\n    if (n == 0) {\n        $bm_rt = t = 0;\n    } else {\n        $bm_rt = t = $bm_sub(time, key(n).time);\n    }\n    if (n > 0) {\n        v = velocityAtTime($bm_sub(key(n).time, $bm_div(thisComp.frameDuration, 10)));\n        $bm_rt = $bm_sum(value, $bm_div($bm_mul($bm_mul(v, amp), Math.sin($bm_mul($bm_mul($bm_mul(freq, t), 2), Math.PI))), Math.exp($bm_mul(decay, t))));\n    } else {\n        $bm_rt = value;\n    }\n} catch (e) {\n    $bm_rt = value = value;\n}"},"r":{"a":0,"k":0,"ix":6},"o":{"a":0,"k":100,"ix":7},"sk":{"a":0,"k":0,"ix":4},"sa":{"a":0,"k":0,"ix":5},"nm":"Transform"}],"nm":"Group 1","np":1,"cix":2,"bm":0,"ix":1,"mn":"ADBE Vector Group","hd":false},{"ty":"fl","c":{"a":0,"k":[1,0,0,1],"ix":4},"o":{"a":0,"k":100,"ix":5},"r":1,"bm":0,"nm":"Fill 1","mn":"ADBE Vector Graphic - Fill","hd":false}],"ip":5,"op":36,"st":0,"ct":1,"bm":0},{"ddd":0,"ind":2,"ty":4,"nm":"Group 1","tt":1,"tp":1,"sr":1,"ks":{"o":{"a":0,"k":100,"ix":11},"r":{"a":0,"k":0,"ix":10},"p":{"a":1,"k":[{"i":{"x":0.667,"y":1},"o":{"x":0.333,"y":0},"t":5,"s":[67.1,179.7,0],"to":[0,0,0],"ti":[0,0,0]},{"t":35,"s":[645.1,179.7,0]}],"ix":2,"l":2},"a":{"a":0,"k":[390.1,179.7,0],"ix":1,"l":2},"s":{"a":0,"k":[100,100,100],"ix":6,"l":2}},"ao":0,"ef":[{"ty":5,"nm":"Elastic Controller","np":5,"mn":"Pseudo/MDS Elastic Controller","ix":1,"en":1,"ef":[{"ty":0,"nm":"Amplitude","mn":"Pseudo/MDS Elastic Controller-0001","ix":1,"v":{"a":0,"k":20,"ix":1}},{"ty":0,"nm":"Frequency","mn":"Pseudo/MDS Elastic Controller-0002","ix":2,"v":{"a":0,"k":60,"ix":2}},{"ty":0,"nm":"Decay","mn":"Pseudo/MDS Elastic Controller-0003","ix":3,"v":{"a":0,"k":90,"ix":3}}]}],"shapes":[{"ty":"gr","it":[{"ty":"gr","it":[{"ty":"gr","it":[{"ind":0,"ty":"sh","ix":1,"ks":{"a":0,"k":{"i":[[0,0],[0,0]],"o":[[0,0],[0,0]],"v":[[-189.9,0],[-58.1,0]],"c":false},"ix":2},"nm":"Path 1","mn":"ADBE Vector Shape - Group","hd":false},{"ty":"tr","p":{"a":0,"k":[390.1,179.7],"ix":2},"a":{"a":0,"k":[0,0],"ix":1},"s":{"a":0,"k":[100,100],"ix":3},"r":{"a":0,"k":0,"ix":6},"o":{"a":0,"k":100,"ix":7},"sk":{"a":0,"k":0,"ix":4},"sa":{"a":0,"k":0,"ix":5},"nm":"Transform"}],"nm":"Group 1","np":1,"cix":2,"bm":0,"ix":1,"mn":"ADBE Vector Group","hd":false},{"ty":"tr","p":{"a":0,"k":[266.25,255.969],"ix":2},"a":{"a":0,"k":[266.25,255.969],"ix":1},"s":{"a":1,"k":[{"i":{"x":[0.12,0.12],"y":[1,1]},"o":{"x":[0.333,0.333],"y":[0,0]},"t":0,"s":[100,100]},{"i":{"x":[0.12,0.12],"y":[1,1]},"o":{"x":[0.88,0.88],"y":[0,0]},"t":18,"s":[80,100]},{"i":{"x":[0.833,0.833],"y":[0.833,1]},"o":{"x":[0.88,0.88],"y":[0,0]},"t":22,"s":[80,100]},{"t":35,"s":[100,100]}],"ix":3,"x":"var $bm_rt;\nvar eff, amp, freq, decay, n, n, t, t, v;\ntry {\n    eff = effect('Elastic Controller');\n    amp = $bm_div(eff(1), 200);\n    freq = $bm_div(eff(2), 30);\n    decay = $bm_div(eff(3), 10);\n    $bm_rt = n = 0;\n    if (numKeys > 0) {\n        $bm_rt = n = nearestKey(time).index;\n        if (key(n).time > time) {\n            n--;\n        }\n    }\n    if (n == 0) {\n        $bm_rt = t = 0;\n    } else {\n        $bm_rt = t = $bm_sub(time, key(n).time);\n    }\n    if (n > 0) {\n        v = velocityAtTime($bm_sub(key(n).time, $bm_div(thisComp.frameDuration, 10)));\n        $bm_rt = $bm_sum(value, $bm_div($bm_mul($bm_mul(v, amp), Math.sin($bm_mul($bm_mul($bm_mul(freq, t), 2), Math.PI))), Math.exp($bm_mul(decay, t))));\n    } else {\n        $bm_rt = value;\n    }\n} catch (e) {\n    $bm_rt = value = value;\n}"},"r":{"a":0,"k":0,"ix":6},"o":{"a":0,"k":100,"ix":7},"sk":{"a":0,"k":0,"ix":4},"sa":{"a":0,"k":0,"ix":5},"nm":"Transform"}],"nm":"Group 1","np":1,"cix":2,"bm":0,"ix":1,"mn":"ADBE Vector Group","hd":false},{"ty":"tr","p":{"a":0,"k":[266.25,255.969],"ix":2},"a":{"a":0,"k":[266.25,255.969],"ix":1},"s":{"a":1,"k":[{"i":{"x":[0.12,0.12],"y":[1,1]},"o":{"x":[0.333,0.333],"y":[0,0]},"t":0,"s":[100,100]},{"i":{"x":[0.833,0.833],"y":[1,0.833]},"o":{"x":[0.88,0.88],"y":[0,0]},"t":18,"s":[100,80]},{"t":31,"s":[100,100]}],"ix":3,"x":"var $bm_rt;\nvar eff, amp, freq, decay, n, n, t, t, v;\ntry {\n    eff = effect('Elastic Controller');\n    amp = $bm_div(eff(1), 200);\n    freq = $bm_div(eff(2), 30);\n    decay = $bm_div(eff(3), 10);\n    $bm_rt = n = 0;\n    if (numKeys > 0) {\n        $bm_rt = n = nearestKey(time).index;\n        if (key(n).time > time) {\n            n--;\n        }\n    }\n    if (n == 0) {\n        $bm_rt = t = 0;\n    } else {\n        $bm_rt = t = $bm_sub(time, key(n).time);\n    }\n    if (n > 0) {\n        v = velocityAtTime($bm_sub(key(n).time, $bm_div(thisComp.frameDuration, 10)));\n        $bm_rt = $bm_sum(value, $bm_div($bm_mul($bm_mul(v, amp), Math.sin($bm_mul($bm_mul($bm_mul(freq, t), 2), Math.PI))), Math.exp($bm_mul(decay, t))));\n    } else {\n        $bm_rt = value;\n    }\n} catch (e) {\n    $bm_rt = value = value;\n}"},"r":{"a":0,"k":0,"ix":6},"o":{"a":0,"k":100,"ix":7},"sk":{"a":0,"k":0,"ix":4},"sa":{"a":0,"k":0,"ix":5},"nm":"Transform"}],"nm":"Group 1","np":1,"cix":2,"bm":0,"ix":1,"mn":"ADBE Vector Group","hd":false},{"ty":"st","c":{"a":0,"k":[0,0,0,1],"ix":3},"o":{"a":0,"k":100,"ix":4},"w":{"a":0,"k":32,"ix":5},"lc":2,"lj":2,"bm":0,"nm":"Stroke 1","mn":"ADBE Vector Graphic - Stroke","hd":false},{"ty":"gr","it":[{"ty":"rc","d":1,"s":{"a":0,"k":[284,128],"ix":2},"p":{"a":0,"k":[0,0],"ix":3},"r":{"a":0,"k":0,"ix":4},"nm":"Rectangle Path 1","mn":"ADBE Vector Shape - Rect","hd":false},{"ty":"st","c":{"a":0,"k":[0,0,0,1],"ix":3},"o":{"a":0,"k":100,"ix":4},"w":{"a":0,"k":32,"ix":5},"lc":1,"lj":1,"ml":4,"bm":0,"nm":"Stroke 1","mn":"ADBE Vector Graphic - Stroke","hd":false},{"ty":"fl","c":{"a":0,"k":[0.517646998985,0.121798997767,0.121798997767,1],"ix":4},"o":{"a":0,"k":100,"ix":5},"r":1,"bm":0,"nm":"Fill 1","mn":"ADBE Vector Graphic - Fill","hd":false},{"ty":"tr","p":{"a":0,"k":[273.5,180],"ix":2},"a":{"a":0,"k":[0,0],"ix":1},"s":{"a":0,"k":[100,100],"ix":3},"r":{"a":0,"k":0,"ix":6},"o":{"a":0,"k":0,"ix":7},"sk":{"a":0,"k":0,"ix":4},"sa":{"a":0,"k":0,"ix":5},"nm":"Transform"}],"nm":"Rectangle 1","np":3,"cix":2,"bm":0,"ix":3,"mn":"ADBE Vector Group","hd":false}],"ip":5,"op":36,"st":0,"ct":1,"bm":0},{"ddd":0,"ind":3,"ty":4,"nm":"Layer 1","sr":1,"ks":{"o":{"a":0,"k":100,"ix":11},"r":{"a":0,"k":0,"ix":10},"p":{"a":0,"k":[255.48,261.884,0],"ix":2,"l":2},"a":{"a":0,"k":[266.25,255.969,0],"ix":1,"l":2},"s":{"a":0,"k":[100,100,100],"ix":6,"l":2}},"ao":0,"ef":[{"ty":5,"nm":"Elastic Controller","np":5,"mn":"Pseudo/MDS Elastic Controller","ix":1,"en":1,"ef":[{"ty":0,"nm":"Amplitude","mn":"Pseudo/MDS Elastic Controller-0001","ix":1,"v":{"a":0,"k":20,"ix":1}},{"ty":0,"nm":"Frequency","mn":"Pseudo/MDS Elastic Controller-0002","ix":2,"v":{"a":0,"k":60,"ix":2}},{"ty":0,"nm":"Decay","mn":"Pseudo/MDS Elastic Controller-0003","ix":3,"v":{"a":0,"k":90,"ix":3}}]}],"shapes":[{"ty":"gr","it":[{"ty":"gr","it":[{"ty":"gr","it":[{"ind":0,"ty":"sh","ix":1,"ks":{"a":1,"k":[{"i":{"x":0.833,"y":1},"o":{"x":0.333,"y":0},"t":2,"s":[{"i":[[0,0],[-32.4,0],[0,0],[0,-32.4],[0,0],[17.4,-15.7],[0,0],[0,-9.5],[0,0],[12.8,-5.1],[0,0],[0,23.8],[0,0],[6.4,6.3],[0,0],[0,21.9]],"o":[[0,-32.4],[0,0],[32.4,0],[0,0],[0,23.4],[0,0],[-7.1,6.4],[0,0],[0,13.8],[0,0],[-22.1,8.8],[0,0],[0,-8.9],[0,0],[-15.4,-15.4],[0,0]],"v":[[-191.43,-134.592],[-132.73,-193.291],[133.77,-193.291],[192.47,-134.592],[192.47,-104.792],[165.17,-43.493],[57.57,62.906],[46.47,87.905],[46.47,131.405],[25.27,162.704],[-15.93,179.104],[-62.03,147.804],[-62.03,77.305],[-71.93,53.506],[-167.43,-31.493],[-191.43,-89.792]],"c":true}]},{"i":{"x":0.833,"y":1},"o":{"x":0.167,"y":0},"t":5,"s":[{"i":[[0,0],[-32.4,0],[0,0],[0,-32.4],[0,0],[17.4,-15.7],[0,0],[0,-9.5],[0.204,-14.498],[12.48,-5.173],[14.025,-4.668],[0.28,18.727],[0,0],[6.4,6.3],[0,0],[0,21.9]],"o":[[0,-32.4],[0,0],[32.4,0],[0,0],[0,23.4],[0,0],[-7.1,6.4],[0,0],[-0.22,15.627],[-13.655,5.66],[-25.32,8.427],[-0.352,-23.497],[0,-8.9],[0,0],[-15.4,-15.4],[0,0]],"v":[[-191.43,-134.592],[-132.73,-193.291],[133.77,-193.291],[192.47,-134.592],[192.47,-104.792],[165.17,-43.493],[57.57,62.906],[46.47,87.905],[46.47,131.405],[25.27,162.704],[-15.93,179.104],[-62.03,147.804],[-62.03,77.305],[-71.93,53.506],[-167.43,-31.493],[-191.43,-89.792]],"c":true}]},{"i":{"x":0.833,"y":1},"o":{"x":0.167,"y":0},"t":20,"s":[{"i":[[0,0],[-32.4,0],[0,0],[0,-32.4],[0,0],[17.4,-15.7],[0,0],[0,-9.5],[0.204,-14.498],[12.48,-5.173],[11.399,4.216],[0.28,18.727],[0,0],[6.4,6.3],[0,0],[0,21.9]],"o":[[0,-32.4],[0,0],[32.4,0],[0,0],[0,23.4],[0,0],[-7.1,6.4],[0,0],[-0.22,15.627],[-13.655,5.66],[-24.529,-9.073],[-0.352,-23.497],[0,-8.9],[0,0],[-15.4,-15.4],[0,0]],"v":[[-191.43,-134.592],[-132.73,-193.291],[133.77,-193.291],[192.47,-134.592],[192.47,-104.792],[165.17,-43.493],[57.57,62.906],[46.47,87.905],[46.439,147.905],[25.239,179.204],[-23.721,170.104],[-61.96,133.304],[-62.03,77.305],[-71.93,53.506],[-167.43,-31.493],[-191.43,-89.792]],"c":true}]},{"i":{"x":0.667,"y":1},"o":{"x":0.167,"y":0},"t":36,"s":[{"i":[[0,0],[-32.4,0],[0,0],[0,-32.4],[0,0],[17.4,-15.7],[0,0],[0,-9.5],[0.204,-14.498],[12.48,-5.173],[14.025,-4.668],[0.28,18.727],[0,0],[6.4,6.3],[0,0],[0,21.9]],"o":[[0,-32.4],[0,0],[32.4,0],[0,0],[0,23.4],[0,0],[-7.1,6.4],[0,0],[-0.22,15.627],[-13.655,5.66],[-25.32,8.427],[-0.352,-23.497],[0,-8.9],[0,0],[-15.4,-15.4],[0,0]],"v":[[-191.43,-134.592],[-132.73,-193.291],[133.77,-193.291],[192.47,-134.592],[192.47,-104.792],[165.17,-43.493],[57.57,62.906],[46.47,87.905],[46.47,131.405],[25.27,162.704],[-15.93,179.104],[-62.03,147.804],[-62.03,77.305],[-71.93,53.506],[-167.43,-31.493],[-191.43,-89.792]],"c":true}]},{"t":39,"s":[{"i":[[0,0],[-32.4,0],[0,0],[0,-32.4],[0,0],[17.4,-15.7],[0,0],[0,-9.5],[0,0],[12.8,-5.1],[0,0],[0,23.8],[0,0],[6.4,6.3],[0,0],[0,21.9]],"o":[[0,-32.4],[0,0],[32.4,0],[0,0],[0,23.4],[0,0],[-7.1,6.4],[0,0],[0,13.8],[0,0],[-22.1,8.8],[0,0],[0,-8.9],[0,0],[-15.4,-15.4],[0,0]],"v":[[-191.43,-134.592],[-132.73,-193.291],[133.77,-193.291],[192.47,-134.592],[192.47,-104.792],[165.17,-43.493],[57.57,62.906],[46.47,87.905],[46.47,131.405],[25.27,162.704],[-15.93,179.104],[-62.03,147.804],[-62.03,77.305],[-71.93,53.506],[-167.43,-31.493],[-191.43,-89.792]],"c":true}]}],"ix":2},"nm":"Path 1","mn":"ADBE Vector Shape - Group","hd":false},{"ty":"tr","p":{"a":0,"k":[266.25,255.969],"ix":2},"a":{"a":0,"k":[0,0],"ix":1},"s":{"a":0,"k":[100,100],"ix":3},"r":{"a":0,"k":0,"ix":6},"o":{"a":0,"k":100,"ix":7},"sk":{"a":0,"k":0,"ix":4},"sa":{"a":0,"k":0,"ix":5},"nm":"Transform"}],"nm":"Group 2","np":1,"cix":2,"bm":0,"ix":1,"mn":"ADBE Vector Group","hd":false},{"ty":"tr","p":{"a":0,"k":[266.25,255.969],"ix":2},"a":{"a":0,"k":[266.25,255.969],"ix":1},"s":{"a":1,"k":[{"i":{"x":[0.12,0.12],"y":[1,1]},"o":{"x":[0.333,0.333],"y":[0,0]},"t":0,"s":[100,100]},{"i":{"x":[0.12,0.12],"y":[1,1]},"o":{"x":[0.88,0.88],"y":[0,0]},"t":18,"s":[80,100]},{"i":{"x":[0.833,0.833],"y":[0.833,1]},"o":{"x":[0.88,0.88],"y":[0,0]},"t":22,"s":[80,100]},{"t":35,"s":[100,100]}],"ix":3,"x":"var $bm_rt;\nvar eff, amp, freq, decay, n, n, t, t, v;\ntry {\n    eff = effect('Elastic Controller');\n    amp = $bm_div(eff(1), 200);\n    freq = $bm_div(eff(2), 30);\n    decay = $bm_div(eff(3), 10);\n    $bm_rt = n = 0;\n    if (numKeys > 0) {\n        $bm_rt = n = nearestKey(time).index;\n        if (key(n).time > time) {\n            n--;\n        }\n    }\n    if (n == 0) {\n        $bm_rt = t = 0;\n    } else {\n        $bm_rt = t = $bm_sub(time, key(n).time);\n    }\n    if (n > 0) {\n        v = velocityAtTime($bm_sub(key(n).time, $bm_div(thisComp.frameDuration, 10)));\n        $bm_rt = $bm_sum(value, $bm_div($bm_mul($bm_mul(v, amp), Math.sin($bm_mul($bm_mul($bm_mul(freq, t), 2), Math.PI))), Math.exp($bm_mul(decay, t))));\n    } else {\n        $bm_rt = value;\n    }\n} catch (e) {\n    $bm_rt = value = value;\n}"},"r":{"a":0,"k":0,"ix":6},"o":{"a":0,"k":100,"ix":7},"sk":{"a":0,"k":0,"ix":4},"sa":{"a":0,"k":0,"ix":5},"nm":"Transform"}],"nm":"Group 1","np":1,"cix":2,"bm":0,"ix":1,"mn":"ADBE Vector Group","hd":false},{"ty":"tr","p":{"a":0,"k":[266.25,255.969],"ix":2},"a":{"a":0,"k":[266.25,255.969],"ix":1},"s":{"a":1,"k":[{"i":{"x":[0.12,0.12],"y":[1,1]},"o":{"x":[0.333,0.333],"y":[0,0]},"t":0,"s":[100,100]},{"i":{"x":[0.833,0.833],"y":[1,0.833]},"o":{"x":[0.88,0.88],"y":[0,0]},"t":18,"s":[100,80]},{"t":31,"s":[100,100]}],"ix":3,"x":"var $bm_rt;\nvar eff, amp, freq, decay, n, n, t, t, v;\ntry {\n    eff = effect('Elastic Controller');\n    amp = $bm_div(eff(1), 200);\n    freq = $bm_div(eff(2), 30);\n    decay = $bm_div(eff(3), 10);\n    $bm_rt = n = 0;\n    if (numKeys > 0) {\n        $bm_rt = n = nearestKey(time).index;\n        if (key(n).time > time) {\n            n--;\n        }\n    }\n    if (n == 0) {\n        $bm_rt = t = 0;\n    } else {\n        $bm_rt = t = $bm_sub(time, key(n).time);\n    }\n    if (n > 0) {\n        v = velocityAtTime($bm_sub(key(n).time, $bm_div(thisComp.frameDuration, 10)));\n        $bm_rt = $bm_sum(value, $bm_div($bm_mul($bm_mul(v, amp), Math.sin($bm_mul($bm_mul($bm_mul(freq, t), 2), Math.PI))), Math.exp($bm_mul(decay, t))));\n    } else {\n        $bm_rt = value;\n    }\n} catch (e) {\n    $bm_rt = value = value;\n}"},"r":{"a":0,"k":0,"ix":6},"o":{"a":0,"k":100,"ix":7},"sk":{"a":0,"k":0,"ix":4},"sa":{"a":0,"k":0,"ix":5},"nm":"Transform"}],"nm":"Group 1","np":1,"cix":2,"bm":0,"ix":1,"mn":"ADBE Vector Group","hd":false},{"ty":"st","c":{"a":0,"k":[0,0,0,1],"ix":3},"o":{"a":0,"k":100,"ix":4},"w":{"a":0,"k":32,"ix":5},"lc":2,"lj":2,"bm":0,"nm":"Stroke 1","mn":"ADBE Vector Graphic - Stroke","hd":false}],"ip":0,"op":90,"st":0,"ct":1,"bm":0}],"markers":[],"props":{}}