{"v":"5.12.1","fr":60,"ip":0,"op":90,"w":512,"h":512,"nm":"Grid interface#shape,rectangle,menu,app,shapes,design,framework-16","ddd":0,"assets":[],"layers":[{"ddd":0,"ind":1,"ty":4,"nm":"Layer 1","sr":1,"ks":{"o":{"a":0,"k":100,"ix":11},"r":{"a":0,"k":0,"ix":10},"p":{"a":0,"k":[256.05,256.05,0],"ix":2,"l":2},"a":{"a":0,"k":[256.05,256.05,0],"ix":1,"l":2},"s":{"a":0,"k":[100,100,100],"ix":6,"l":2}},"ao":0,"ef":[{"ty":5,"nm":"Elastic Controller","np":5,"mn":"Pseudo/MDS Elastic Controller","ix":1,"en":1,"ef":[{"ty":0,"nm":"Amplitude","mn":"Pseudo/MDS Elastic Controller-0001","ix":1,"v":{"a":0,"k":20,"ix":1}},{"ty":0,"nm":"Frequency","mn":"Pseudo/MDS Elastic Controller-0002","ix":2,"v":{"a":0,"k":60,"ix":2}},{"ty":0,"nm":"Decay","mn":"Pseudo/MDS Elastic Controller-0003","ix":3,"v":{"a":0,"k":90,"ix":3}}]}],"shapes":[{"ty":"gr","it":[{"ty":"gr","it":[{"ty":"gr","it":[{"ind":0,"ty":"sh","ix":1,"ks":{"a":1,"k":[{"i":{"x":0.31,"y":1},"o":{"x":0.69,"y":0},"t":3,"s":[{"i":[[-25.9,0],[0,0],[0,-25.9],[0,0],[25.9,0],[0,0],[0,25.9],[0,0]],"o":[[0,0],[25.9,0],[0,0],[0,25.9],[0,0],[-25.9,0],[0,0],[0,-25.9]],"v":[[-27.8,-192],[27.8,-192],[74.7,-145.1],[74.9,-89.9],[28,-43],[-27.6,-43],[-74.5,-89.9],[-74.7,-145.1]],"c":true}]},{"i":{"x":0.31,"y":1},"o":{"x":0.69,"y":0},"t":15,"s":[{"i":[[-25.9,0],[0,0],[0,-25.9],[0,0],[25.9,0],[0,0],[0,25.9],[0,0]],"o":[[0,0],[25.9,0],[0,0],[0,25.9],[0,0],[-25.9,0],[0,0],[0,-25.9]],"v":[[-27.409,43.278],[28.191,43.278],[75.091,90.178],[75.291,145.378],[28.391,192.278],[-27.209,192.278],[-74.109,145.378],[-74.309,90.178]],"c":true}]},{"i":{"x":0.31,"y":1},"o":{"x":0.69,"y":0},"t":27,"s":[{"i":[[-25.9,0],[0,0],[0,-25.9],[0,0],[25.9,0],[0,0],[0,25.9],[0,0]],"o":[[0,0],[25.9,0],[0,0],[0,25.9],[0,0],[-25.9,0],[0,0],[0,-25.9]],"v":[[-27.409,43.278],[28.191,43.278],[75.091,90.178],[75.291,145.378],[28.391,192.278],[-27.209,192.278],[-74.109,145.378],[-74.309,90.178]],"c":true}]},{"t":39,"s":[{"i":[[-25.9,0],[0,0],[0,-25.9],[0,0],[25.9,0],[0,0],[0,25.9],[0,0]],"o":[[0,0],[25.9,0],[0,0],[0,25.9],[0,0],[-25.9,0],[0,0],[0,-25.9]],"v":[[-28.248,42.486],[262.529,42.83],[309.429,89.73],[309.052,145.19],[262.152,192.09],[-28.125,191.736],[-75.025,144.836],[-75.148,89.386]],"c":true}]}],"ix":2},"nm":"Path 1","mn":"ADBE Vector Shape - Group","hd":false},{"ty":"tr","p":{"a":0,"k":[138.7,256],"ix":2},"a":{"a":0,"k":[0,0],"ix":1},"s":{"a":0,"k":[100,100],"ix":3},"r":{"a":0,"k":0,"ix":6},"o":{"a":0,"k":100,"ix":7},"sk":{"a":0,"k":0,"ix":4},"sa":{"a":0,"k":0,"ix":5},"nm":"Transform"}],"nm":"Group 1","np":1,"cix":2,"bm":0,"ix":1,"mn":"ADBE Vector Group","hd":false},{"ty":"gr","it":[{"ind":0,"ty":"sh","ix":1,"ks":{"a":1,"k":[{"i":{"x":0.31,"y":1},"o":{"x":0.69,"y":0},"t":3,"s":[{"i":[[-25.9,0],[0,0],[0,-25.9],[0,0],[25.9,0],[0,0],[0,25.9],[0,0]],"o":[[0,0],[25.9,0],[0,0],[0,25.9],[0,0],[-25.9,0],[0,0],[0,-25.9]],"v":[[-262.8,-75.3],[27.8,-74.7],[74.7,-27.8],[74.7,27.8],[27.8,74.7],[-262.8,74.1],[-309.7,27.2],[-309.7,-28.4]],"c":true}]},{"i":{"x":0.31,"y":1},"o":{"x":0.69,"y":0},"t":15,"s":[{"i":[[-25.9,0],[0,0],[0,-25.9],[0,0],[25.9,0],[0,0],[0,25.9],[0,0]],"o":[[0,0],[25.9,0],[0,0],[0,25.9],[0,0],[-25.9,0],[0,0],[0,-25.9]],"v":[[-27.522,-75.768],[27.8,-74.7],[74.7,-27.8],[74.7,27.8],[27.8,74.7],[-27.522,73.632],[-74.422,26.732],[-74.422,-28.868]],"c":true}]},{"i":{"x":0.31,"y":1},"o":{"x":0.69,"y":0},"t":27,"s":[{"i":[[-25.9,0],[0,0],[0,-25.9],[0,0],[25.9,0],[0,0],[0,25.9],[0,0]],"o":[[0,0],[25.9,0],[0,0],[0,25.9],[0,0],[-25.9,0],[0,0],[0,-25.9]],"v":[[-28.053,-309.201],[27.27,-308.133],[74.169,-261.233],[74.7,27.8],[27.8,74.7],[-27.522,73.632],[-74.422,26.732],[-74.953,-262.301]],"c":true}]},{"t":39,"s":[{"i":[[-25.9,0],[0,0],[0,-25.9],[0,0],[25.9,0],[0,0],[0,25.9],[0,0]],"o":[[0,0],[25.9,0],[0,0],[0,25.9],[0,0],[-25.9,0],[0,0],[0,-25.9]],"v":[[-27.8,-309.4],[27.8,-309.4],[74.7,-262.5],[74.7,-206.9],[27.8,-160],[-27.8,-160],[-74.7,-206.9],[-74.7,-262.5]],"c":true}]}],"ix":2},"nm":"Path 1","mn":"ADBE Vector Shape - Group","hd":false},{"ty":"tr","p":{"a":0,"k":[373.4,373.4],"ix":2},"a":{"a":0,"k":[0,0],"ix":1},"s":{"a":0,"k":[100,100],"ix":3},"r":{"a":0,"k":0,"ix":6},"o":{"a":0,"k":100,"ix":7},"sk":{"a":0,"k":0,"ix":4},"sa":{"a":0,"k":0,"ix":5},"nm":"Transform"}],"nm":"Group 2","np":1,"cix":2,"bm":0,"ix":2,"mn":"ADBE Vector Group","hd":false},{"ty":"gr","it":[{"ind":0,"ty":"sh","ix":1,"ks":{"a":1,"k":[{"i":{"x":0.31,"y":1},"o":{"x":0.69,"y":0},"t":3,"s":[{"i":[[-25.9,0],[0,0],[0,-25.9],[0,0],[25.9,0],[0,0],[0,25.9],[0,0]],"o":[[0,0],[25.9,0],[0,0],[0,25.9],[0,0],[-25.9,0],[0,0],[0,-25.9]],"v":[[-27.8,-74.7],[27.8,-74.7],[74.7,-27.8],[74.7,27.8],[27.8,74.7],[-27.8,74.7],[-74.7,27.8],[-74.7,-27.8]],"c":true}]},{"i":{"x":0.31,"y":1},"o":{"x":0.69,"y":0},"t":15,"s":[{"i":[[-25.9,0],[0,0],[0,-25.9],[0,0],[25.9,0],[0,0],[0,25.9],[0,0]],"o":[[0,0],[25.9,0],[0,0],[0,25.9],[0,0],[-25.9,0],[0,0],[0,-25.9]],"v":[[-263.078,-74.466],[27.8,-74.7],[74.7,-27.8],[74.7,27.8],[27.8,74.7],[-263.078,74.934],[-309.978,28.034],[-309.978,-27.566]],"c":true}]},{"i":{"x":0.31,"y":1},"o":{"x":0.69,"y":0},"t":27,"s":[{"i":[[-25.9,0],[0,0],[0,-25.9],[0,0],[25.9,0],[0,0],[0,25.9],[0,0]],"o":[[0,0],[25.9,0],[0,0],[0,25.9],[0,0],[-25.9,0],[0,0],[0,-25.9]],"v":[[-263.078,-74.466],[-206.806,-74.935],[-159.906,-28.035],[-159.906,27.565],[-206.806,74.465],[-263.078,74.934],[-309.978,28.034],[-309.978,-27.566]],"c":true}]},{"t":39,"s":[{"i":[[-25.9,0],[0,0],[0,-25.9],[0,0],[25.9,0],[0,0],[0,26.205],[0,0]],"o":[[0,0],[25.9,0],[0,0],[0,25.9],[0,0],[-26.205,0],[0,0],[0,-25.9]],"v":[[-262.406,-74.682],[-206.806,-74.935],[-159.906,-28.035],[-159.906,27.565],[-206.806,74.465],[-261.854,74.718],[-309.306,27.266],[-309.306,-27.782]],"c":true}]}],"ix":2},"nm":"Path 1","mn":"ADBE Vector Shape - Group","hd":false},{"ty":"tr","p":{"a":0,"k":[373.4,138.7],"ix":2},"a":{"a":0,"k":[0,0],"ix":1},"s":{"a":0,"k":[100,100],"ix":3},"r":{"a":0,"k":0,"ix":6},"o":{"a":0,"k":100,"ix":7},"sk":{"a":0,"k":0,"ix":4},"sa":{"a":0,"k":0,"ix":5},"nm":"Transform"}],"nm":"Group 3","np":1,"cix":2,"bm":0,"ix":3,"mn":"ADBE Vector Group","hd":false},{"ty":"tr","p":{"a":0,"k":[256.05,256.05],"ix":2},"a":{"a":0,"k":[256.05,256.05],"ix":1},"s":{"a":1,"k":[{"i":{"x":[0.833,0.833],"y":[0.833,1]},"o":{"x":[0.333,0.333],"y":[0,0]},"t":0,"s":[100,100]},{"i":{"x":[0.667,0.667],"y":[1,1]},"o":{"x":[0.167,0.167],"y":[0,0]},"t":6,"s":[85,100]},{"i":{"x":[0.833,0.833],"y":[0.833,1]},"o":{"x":[0.333,0.333],"y":[0,0]},"t":38,"s":[85,100]},{"t":43,"s":[100,100]}],"ix":3,"x":"var $bm_rt;\nvar eff, amp, freq, decay, n, n, t, t, v;\ntry {\n    eff = effect('Elastic Controller');\n    amp = $bm_div(eff(1), 200);\n    freq = $bm_div(eff(2), 30);\n    decay = $bm_div(eff(3), 10);\n    $bm_rt = n = 0;\n    if (numKeys > 0) {\n        $bm_rt = n = nearestKey(time).index;\n        if (key(n).time > time) {\n            n--;\n        }\n    }\n    if (n == 0) {\n        $bm_rt = t = 0;\n    } else {\n        $bm_rt = t = $bm_sub(time, key(n).time);\n    }\n    if (n > 0) {\n        v = velocityAtTime($bm_sub(key(n).time, $bm_div(thisComp.frameDuration, 10)));\n        $bm_rt = $bm_sum(value, $bm_div($bm_mul($bm_mul(v, amp), Math.sin($bm_mul($bm_mul($bm_mul(freq, t), 2), Math.PI))), Math.exp($bm_mul(decay, t))));\n    } else {\n        $bm_rt = value;\n    }\n} catch (e) {\n    $bm_rt = value = value;\n}"},"r":{"a":0,"k":0,"ix":6},"o":{"a":0,"k":100,"ix":7},"sk":{"a":0,"k":0,"ix":4},"sa":{"a":0,"k":0,"ix":5},"nm":"Transform"}],"nm":"Group 1","np":3,"cix":2,"bm":0,"ix":1,"mn":"ADBE Vector Group","hd":false},{"ty":"tr","p":{"a":0,"k":[256.05,256.05],"ix":2},"a":{"a":0,"k":[256.05,256.05],"ix":1},"s":{"a":1,"k":[{"i":{"x":[0.833,0.833],"y":[1,0.833]},"o":{"x":[0.333,0.333],"y":[0,0]},"t":0,"s":[100,100]},{"i":{"x":[0.667,0.667],"y":[1,1]},"o":{"x":[0.167,0.167],"y":[0,0]},"t":6,"s":[100,85]},{"i":{"x":[0.833,0.833],"y":[1,0.833]},"o":{"x":[0.333,0.333],"y":[0,0]},"t":34,"s":[100,85]},{"t":39,"s":[100,100]}],"ix":3,"x":"var $bm_rt;\nvar eff, amp, freq, decay, n, n, t, t, v;\ntry {\n    eff = effect('Elastic Controller');\n    amp = $bm_div(eff(1), 200);\n    freq = $bm_div(eff(2), 30);\n    decay = $bm_div(eff(3), 10);\n    $bm_rt = n = 0;\n    if (numKeys > 0) {\n        $bm_rt = n = nearestKey(time).index;\n        if (key(n).time > time) {\n            n--;\n        }\n    }\n    if (n == 0) {\n        $bm_rt = t = 0;\n    } else {\n        $bm_rt = t = $bm_sub(time, key(n).time);\n    }\n    if (n > 0) {\n        v = velocityAtTime($bm_sub(key(n).time, $bm_div(thisComp.frameDuration, 10)));\n        $bm_rt = $bm_sum(value, $bm_div($bm_mul($bm_mul(v, amp), Math.sin($bm_mul($bm_mul($bm_mul(freq, t), 2), Math.PI))), Math.exp($bm_mul(decay, t))));\n    } else {\n        $bm_rt = value;\n    }\n} catch (e) {\n    $bm_rt = value = value;\n}"},"r":{"a":0,"k":0,"ix":6},"o":{"a":0,"k":100,"ix":7},"sk":{"a":0,"k":0,"ix":4},"sa":{"a":0,"k":0,"ix":5},"nm":"Transform"}],"nm":"Group 1","np":1,"cix":2,"bm":0,"ix":1,"mn":"ADBE Vector Group","hd":false},{"ty":"st","c":{"a":0,"k":[0,0,0,1],"ix":3},"o":{"a":0,"k":100,"ix":4},"w":{"a":0,"k":32,"ix":5},"lc":2,"lj":2,"bm":0,"nm":"Stroke 1","mn":"ADBE Vector Graphic - Stroke","hd":false}],"ip":0,"op":90,"st":0,"ct":1,"bm":0}],"markers":[],"props":{}}