{"v":"5.8.0","fr":60,"ip":0,"op":90,"w":512,"h":512,"nm":"055 info dash#ui,interface,notification,alert,announce,buzz,action","assets":[],"layers":[{"ind":1,"ty":3,"nm":"Null 881","sr":1,"ks":{"o":{"a":0,"k":0,"ix":11},"r":{"a":0,"k":0,"ix":10},"p":{"s":true,"x":{"a":0,"k":256,"ix":3},"y":{"a":1,"k":[{"i":{"x":[0.667],"y":[1]},"o":{"x":[0.167],"y":[0.167]},"t":7,"s":[216.25]},{"i":{"x":[0.833],"y":[0.833]},"o":{"x":[0.333],"y":[0]},"t":17,"s":[175.45]},{"t":23,"s":[216.25]}],"ix":4,"x":"var $bm_rt;\nvar amp, freq, decay, n, n, t, t, v;\ntry {\n    amp = $bm_div(effect('Elastic: Y Position')(1), 200);\n    freq = $bm_div(effect('Elastic: Y Position')(2), 30);\n    decay = $bm_div(effect('Elastic: Y Position')(3), 10);\n    $bm_rt = n = 0;\n    if (numKeys > 0) {\n        $bm_rt = n = nearestKey(time).index;\n        if (key(n).time > time) {\n            n--;\n        }\n    }\n    if (n == 0) {\n        $bm_rt = t = 0;\n    } else {\n        $bm_rt = t = $bm_sub(time, key(n).time);\n    }\n    if (n > 0) {\n        v = velocityAtTime($bm_sub(key(n).time, $bm_div(thisComp.frameDuration, 10)));\n        $bm_rt = $bm_sum(value, $bm_div($bm_mul($bm_mul(v, amp), Math.sin($bm_mul($bm_mul($bm_mul(freq, t), 2), Math.PI))), Math.exp($bm_mul(decay, t))));\n    } else {\n        $bm_rt = value;\n    }\n} catch (e$$4) {\n    $bm_rt = value = value;\n}"}},"a":{"a":0,"k":[50,50,0],"ix":1,"l":2},"s":{"a":0,"k":[100,100,100],"ix":6,"l":2}},"ao":0,"ef":[{"ty":5,"nm":"Elastic: Y Position","np":5,"ix":1,"en":1,"ef":[{"ty":0,"nm":"Amplitude","ix":1,"v":{"a":0,"k":20,"ix":1}},{"ty":0,"nm":"Frequency","ix":2,"v":{"a":0,"k":40,"ix":2}},{"ty":0,"nm":"Decay","ix":3,"v":{"a":0,"k":45,"ix":3}}]}],"ip":0,"op":90,"st":0},{"ind":2,"ty":4,"nm":"Layer 3","parent":1,"sr":1,"ks":{"o":{"a":0,"k":100,"ix":11},"r":{"a":0,"k":0,"ix":10},"p":{"a":0,"k":[49.874,10.8,0],"ix":2,"l":2},"a":{"a":0,"k":[0,0,0],"ix":1,"l":2},"s":{"a":0,"k":[100,100,100],"ix":6,"l":2}},"ao":0,"shapes":[{"ty":"gr","it":[{"ind":0,"ty":"sh","ix":1,"ks":{"a":0,"k":{"i":[[0,0],[0,0]],"o":[[0,0],[0,0]],"v":[[0,0.675],[0,-0.675]],"c":false},"ix":2},"nm":"Path 1"},{"ty":"st","c":{"a":0,"k":[0,0,0,1],"ix":3},"o":{"a":0,"k":100,"ix":4},"w":{"a":0,"k":32,"ix":5},"lc":2,"lj":2,"nm":"Stroke 1"},{"ty":"tr","p":{"a":0,"k":[0,0],"ix":2},"a":{"a":0,"k":[0,0],"ix":1},"s":{"a":0,"k":[100,100],"ix":3},"r":{"a":0,"k":0,"ix":6},"o":{"a":0,"k":100,"ix":7},"sk":{"a":0,"k":0,"ix":4},"sa":{"a":0,"k":0,"ix":5},"nm":"Transform"}],"nm":"Group 1","cix":2,"ix":1}],"ip":0,"op":90,"st":0},{"ind":3,"ty":4,"nm":"Layer 2","parent":1,"sr":1,"ks":{"o":{"a":0,"k":100,"ix":11},"r":{"a":0,"k":0,"ix":10},"p":{"a":1,"k":[{"i":{"x":0.833,"y":0.833},"o":{"x":0.333,"y":0},"t":0,"s":[50,77.25,0],"to":[0,-11.083,0],"ti":[0,13.083,0]},{"i":{"x":0.667,"y":0.667},"o":{"x":0.167,"y":0.167},"t":9,"s":[50,10.75,0],"to":[0,0,0],"ti":[0,0,0]},{"i":{"x":0.667,"y":0.667},"o":{"x":0.333,"y":0.333},"t":10,"s":[50,10.75,0],"to":[0,0,0],"ti":[0,0,0]},{"i":{"x":0.833,"y":0.833},"o":{"x":0.333,"y":0},"t":19,"s":[50,10.75,0],"to":[0,11.083,0],"ti":[0,-11.083,0]},{"i":{"x":0.667,"y":0.667},"o":{"x":0.167,"y":0.167},"t":25,"s":[50,77.25,0],"to":[0,0,0],"ti":[0,0,0]},{"t":89,"s":[50,77.25,0]}],"ix":2,"l":2,"x":"var $bm_rt;\nvar amp, freq, decay, n, n, t, t, v;\ntry {\n    amp = $bm_div(effect('Elastic: Position')(1), 200);\n    freq = $bm_div(effect('Elastic: Position')(2), 30);\n    decay = $bm_div(effect('Elastic: Position')(3), 10);\n    $bm_rt = n = 0;\n    if (numKeys > 0) {\n        $bm_rt = n = nearestKey(time).index;\n        if (key(n).time > time) {\n            n--;\n        }\n    }\n    if (n == 0) {\n        $bm_rt = t = 0;\n    } else {\n        $bm_rt = t = $bm_sub(time, key(n).time);\n    }\n    if (n > 0) {\n        v = velocityAtTime($bm_sub(key(n).time, $bm_div(thisComp.frameDuration, 10)));\n        $bm_rt = $bm_sum(value, $bm_div($bm_mul($bm_mul(v, amp), Math.sin($bm_mul($bm_mul($bm_mul(freq, t), 2), Math.PI))), Math.exp($bm_mul(decay, t))));\n    } else {\n        $bm_rt = value;\n    }\n} catch (e$$4) {\n    $bm_rt = value = value;\n}"},"a":{"a":0,"k":[0,0,0],"ix":1,"l":2},"s":{"a":0,"k":[100,100,100],"ix":6,"l":2}},"ao":0,"ef":[{"ty":5,"nm":"Elastic: Position","np":5,"ix":1,"en":1,"ef":[{"ty":0,"nm":"Amplitude","ix":1,"v":{"a":0,"k":20,"ix":1}},{"ty":0,"nm":"Frequency","ix":2,"v":{"a":0,"k":40,"ix":2}},{"ty":0,"nm":"Decay","ix":3,"v":{"a":0,"k":50,"ix":3}}]}],"shapes":[{"ty":"gr","it":[{"ind":0,"ty":"sh","ix":1,"ks":{"a":0,"k":{"i":[[0,0],[0,0]],"o":[[0,0],[0,0]],"v":[[-0.252,91.023],[-0.126,-0.004]],"c":false},"ix":2},"nm":"Path 1"},{"ty":"st","c":{"a":0,"k":[0,0,0,1],"ix":3},"o":{"a":0,"k":100,"ix":4},"w":{"a":0,"k":32,"ix":5},"lc":2,"lj":2,"nm":"Stroke 1"},{"ty":"tr","p":{"a":0,"k":[0,0],"ix":2},"a":{"a":0,"k":[0,0],"ix":1},"s":{"a":0,"k":[100,100],"ix":3},"r":{"a":0,"k":0,"ix":6},"o":{"a":0,"k":100,"ix":7},"sk":{"a":0,"k":0,"ix":4},"sa":{"a":0,"k":0,"ix":5},"nm":"Transform"}],"nm":"Group 1","cix":2,"ix":1},{"ty":"tm","s":{"a":0,"k":100,"ix":1},"e":{"a":1,"k":[{"i":{"x":[0.833],"y":[0.833]},"o":{"x":[0.333],"y":[0]},"t":2,"s":[0]},{"i":{"x":[0.667],"y":[1]},"o":{"x":[0.167],"y":[0]},"t":9,"s":[99]},{"i":{"x":[0.687],"y":[1]},"o":{"x":[0.333],"y":[0]},"t":10,"s":[99]},{"i":{"x":[0.833],"y":[0.833]},"o":{"x":[0.333],"y":[0]},"t":19,"s":[99]},{"t":25,"s":[0]}],"ix":2},"o":{"a":0,"k":0,"ix":3},"m":1,"ix":2,"nm":"Trim Paths 1"}],"ip":0,"op":90,"st":0},{"ind":4,"ty":4,"nm":"Layer 1","sr":1,"ks":{"o":{"a":0,"k":40,"ix":11},"r":{"a":1,"k":[{"i":{"x":[0.667],"y":[1]},"o":{"x":[0.333],"y":[0]},"t":0,"s":[0]},{"i":{"x":[0.833],"y":[0.833]},"o":{"x":[0.333],"y":[0]},"t":15,"s":[-64.3]},{"t":28,"s":[-180]}],"ix":10,"x":"var $bm_rt;\nvar amp, freq, decay, n, n, t, t, v;\ntry {\n    amp = $bm_div(effect('Elastic Controller')(1), 200);\n    freq = $bm_div(effect('Elastic Controller')(2), 30);\n    decay = $bm_div(effect('Elastic Controller')(3), 10);\n    $bm_rt = n = 0;\n    if (numKeys > 0) {\n        $bm_rt = n = nearestKey(time).index;\n        if (key(n).time > time) {\n            n--;\n        }\n    }\n    if (n == 0) {\n        $bm_rt = t = 0;\n    } else {\n        $bm_rt = t = $bm_sub(time, key(n).time);\n    }\n    if (n > 0) {\n        v = velocityAtTime($bm_sub(key(n).time, $bm_div(thisComp.frameDuration, 10)));\n        $bm_rt = $bm_sum(value, $bm_div($bm_mul($bm_mul(v, amp), Math.sin($bm_mul($bm_mul($bm_mul(freq, t), 2), Math.PI))), Math.exp($bm_mul(decay, t))));\n    } else {\n        $bm_rt = value;\n    }\n} catch (e$$4) {\n    $bm_rt = value = value;\n}"},"p":{"a":0,"k":[256,256,0],"ix":2,"l":2},"a":{"a":0,"k":[0,0,0],"ix":1,"l":2},"s":{"a":1,"k":[{"i":{"x":[0.667,0.667,0.667],"y":[1,1,1]},"o":{"x":[0.333,0.333,0.333],"y":[0,0,0]},"t":4,"s":[100,100,100]},{"i":{"x":[0.667,0.667,0.667],"y":[1,1,1]},"o":{"x":[0.333,0.333,0.333],"y":[0,0,0]},"t":19,"s":[39,39,100]},{"i":{"x":[0.833,0.833,0.833],"y":[0.833,0.833,1.588]},"o":{"x":[0.333,0.333,0.333],"y":[0,0,0]},"t":25,"s":[88,88,100]},{"t":32,"s":[100,100,100]}],"ix":6,"l":2,"x":"var $bm_rt;\nvar amp, freq, decay, n, n, t, t, v;\ntry {\n    amp = $bm_div(effect('Elastic Controller')(1), 200);\n    freq = $bm_div(effect('Elastic Controller')(2), 30);\n    decay = $bm_div(effect('Elastic Controller')(3), 10);\n    $bm_rt = n = 0;\n    if (numKeys > 0) {\n        $bm_rt = n = nearestKey(time).index;\n        if (key(n).time > time) {\n            n--;\n        }\n    }\n    if (n == 0) {\n        $bm_rt = t = 0;\n    } else {\n        $bm_rt = t = $bm_sub(time, key(n).time);\n    }\n    if (n > 0) {\n        v = velocityAtTime($bm_sub(key(n).time, $bm_div(thisComp.frameDuration, 10)));\n        $bm_rt = $bm_sum(value, $bm_div($bm_mul($bm_mul(v, amp), Math.sin($bm_mul($bm_mul($bm_mul(freq, t), 2), Math.PI))), Math.exp($bm_mul(decay, t))));\n    } else {\n        $bm_rt = value;\n    }\n} catch (e$$4) {\n    $bm_rt = value = value;\n}"}},"ao":0,"ef":[{"ty":5,"nm":"Elastic Controller","np":5,"ix":1,"en":1,"ef":[{"ty":0,"nm":"Amplitude","ix":1,"v":{"a":0,"k":20,"ix":1}},{"ty":0,"nm":"Frequency","ix":2,"v":{"a":0,"k":40,"ix":2}},{"ty":0,"nm":"Decay","ix":3,"v":{"a":0,"k":45,"ix":3}}]}],"shapes":[{"ty":"gr","it":[{"ind":0,"ty":"sh","ix":1,"ks":{"a":0,"k":{"i":[[0,0],[-6.662,-47.637]],"o":[[48.051,5.625],[0,0]],"v":[[104.375,-191.583],[190.494,-104.633]],"c":false},"ix":2},"nm":"Path 1"},{"ty":"st","c":{"a":0,"k":[0,0,0,1],"ix":3},"o":{"a":0,"k":100,"ix":4},"w":{"a":0,"k":32,"ix":5},"lc":2,"lj":2,"nm":"Stroke 1"},{"ty":"tr","p":{"a":0,"k":[0,0],"ix":2},"a":{"a":0,"k":[0,0],"ix":1},"s":{"a":0,"k":[100,100],"ix":3},"r":{"a":0,"k":0,"ix":6},"o":{"a":0,"k":100,"ix":7},"sk":{"a":0,"k":0,"ix":4},"sa":{"a":0,"k":0,"ix":5},"nm":"Transform"}],"nm":"Group 2","cix":2,"ix":1},{"ty":"gr","it":[{"ind":0,"ty":"sh","ix":1,"ks":{"a":0,"k":{"i":[[0,0],[48.051,-5.626]],"o":[[-6.662,47.637],[0,0]],"v":[[190.494,104.853],[104.375,191.597]],"c":false},"ix":2},"nm":"Path 1"},{"ty":"st","c":{"a":0,"k":[0,0,0,1],"ix":3},"o":{"a":0,"k":100,"ix":4},"w":{"a":0,"k":32,"ix":5},"lc":2,"lj":2,"nm":"Stroke 1"},{"ty":"tr","p":{"a":0,"k":[0,0],"ix":2},"a":{"a":0,"k":[0,0],"ix":1},"s":{"a":0,"k":[100,100],"ix":3},"r":{"a":0,"k":0,"ix":6},"o":{"a":0,"k":100,"ix":7},"sk":{"a":0,"k":0,"ix":4},"sa":{"a":0,"k":0,"ix":5},"nm":"Transform"}],"nm":"Group 3","cix":2,"ix":2},{"ty":"gr","it":[{"ind":0,"ty":"sh","ix":1,"ks":{"a":0,"k":{"i":[[0,0],[0,0]],"o":[[0,0],[0,0]],"v":[[191.979,-42.291],[191.979,42.251]],"c":false},"ix":2},"nm":"Path 1"},{"ty":"st","c":{"a":0,"k":[0,0,0,1],"ix":3},"o":{"a":0,"k":100,"ix":4},"w":{"a":0,"k":32,"ix":5},"lc":2,"lj":2,"nm":"Stroke 1"},{"ty":"tr","p":{"a":0,"k":[0,0],"ix":2},"a":{"a":0,"k":[0,0],"ix":1},"s":{"a":0,"k":[100,100],"ix":3},"r":{"a":0,"k":0,"ix":6},"o":{"a":0,"k":100,"ix":7},"sk":{"a":0,"k":0,"ix":4},"sa":{"a":0,"k":0,"ix":5},"nm":"Transform"}],"nm":"Group 4","cix":2,"ix":3},{"ty":"gr","it":[{"ind":0,"ty":"sh","ix":1,"ks":{"a":0,"k":{"i":[[0,0],[6.663,47.635]],"o":[[-48.052,-5.626],[0,0]],"v":[[-105.089,191.575],[-191.417,104.834]],"c":false},"ix":2},"nm":"Path 1"},{"ty":"st","c":{"a":0,"k":[0,0,0,1],"ix":3},"o":{"a":0,"k":100,"ix":4},"w":{"a":0,"k":32,"ix":5},"lc":2,"lj":2,"nm":"Stroke 1"},{"ty":"tr","p":{"a":0,"k":[0,0],"ix":2},"a":{"a":0,"k":[0,0],"ix":1},"s":{"a":0,"k":[100,100],"ix":3},"r":{"a":0,"k":0,"ix":6},"o":{"a":0,"k":100,"ix":7},"sk":{"a":0,"k":0,"ix":4},"sa":{"a":0,"k":0,"ix":5},"nm":"Transform"}],"nm":"Group 5","cix":2,"ix":4},{"ty":"gr","it":[{"ind":0,"ty":"sh","ix":1,"ks":{"a":0,"k":{"i":[[0,0],[-48.052,5.625]],"o":[[6.663,-47.637],[0,0]],"v":[[-191.417,-104.633],[-105.089,-191.583]],"c":false},"ix":2},"nm":"Path 1"},{"ty":"st","c":{"a":0,"k":[0,0,0,1],"ix":3},"o":{"a":0,"k":100,"ix":4},"w":{"a":0,"k":32,"ix":5},"lc":2,"lj":2,"nm":"Stroke 1"},{"ty":"tr","p":{"a":0,"k":[0,0],"ix":2},"a":{"a":0,"k":[0,0],"ix":1},"s":{"a":0,"k":[100,100],"ix":3},"r":{"a":0,"k":0,"ix":6},"o":{"a":0,"k":100,"ix":7},"sk":{"a":0,"k":0,"ix":4},"sa":{"a":0,"k":0,"ix":5},"nm":"Transform"}],"nm":"Group 6","cix":2,"ix":5},{"ty":"gr","it":[{"ind":0,"ty":"sh","ix":1,"ks":{"a":0,"k":{"i":[[0,0],[0,0]],"o":[[0,0],[0,0]],"v":[[-192,42.251],[-192,-42.291]],"c":false},"ix":2},"nm":"Path 1"},{"ty":"st","c":{"a":0,"k":[0,0,0,1],"ix":3},"o":{"a":0,"k":100,"ix":4},"w":{"a":0,"k":32,"ix":5},"lc":2,"lj":2,"nm":"Stroke 1"},{"ty":"tr","p":{"a":0,"k":[0,0],"ix":2},"a":{"a":0,"k":[0,0],"ix":1},"s":{"a":0,"k":[100,100],"ix":3},"r":{"a":0,"k":0,"ix":6},"o":{"a":0,"k":100,"ix":7},"sk":{"a":0,"k":0,"ix":4},"sa":{"a":0,"k":0,"ix":5},"nm":"Transform"}],"nm":"Group 7","cix":2,"ix":6},{"ty":"gr","it":[{"ind":0,"ty":"sh","ix":1,"ks":{"a":0,"k":{"i":[[0,0],[0,0]],"o":[[0,0],[0,0]],"v":[[-42.251,-192],[42.293,-192]],"c":false},"ix":2},"nm":"Path 1"},{"ty":"st","c":{"a":0,"k":[0,0,0,1],"ix":3},"o":{"a":0,"k":100,"ix":4},"w":{"a":0,"k":32,"ix":5},"lc":2,"lj":2,"nm":"Stroke 1"},{"ty":"tr","p":{"a":0,"k":[0,0],"ix":2},"a":{"a":0,"k":[0,0],"ix":1},"s":{"a":0,"k":[100,100],"ix":3},"r":{"a":0,"k":0,"ix":6},"o":{"a":0,"k":100,"ix":7},"sk":{"a":0,"k":0,"ix":4},"sa":{"a":0,"k":0,"ix":5},"nm":"Transform"}],"nm":"Group 9","cix":2,"ix":7},{"ty":"gr","it":[{"ind":0,"ty":"sh","ix":1,"ks":{"a":0,"k":{"i":[[0,0],[0,0]],"o":[[0,0],[0,0]],"v":[[42.293,192],[-42.251,192]],"c":false},"ix":2},"nm":"Path 2"},{"ty":"st","c":{"a":0,"k":[0,0,0,1],"ix":3},"o":{"a":0,"k":100,"ix":4},"w":{"a":0,"k":32,"ix":5},"lc":2,"lj":2,"nm":"Stroke 1"},{"ty":"tr","p":{"a":0,"k":[0,0],"ix":2},"a":{"a":0,"k":[0,0],"ix":1},"s":{"a":0,"k":[100,100],"ix":3},"r":{"a":0,"k":0,"ix":6},"o":{"a":0,"k":100,"ix":7},"sk":{"a":0,"k":0,"ix":4},"sa":{"a":0,"k":0,"ix":5},"nm":"Transform"}],"nm":"Group 8","cix":2,"ix":8},{"ty":"tm","s":{"a":0,"k":0,"ix":1},"e":{"a":1,"k":[{"i":{"x":[0.667],"y":[1]},"o":{"x":[0.333],"y":[0]},"t":0,"s":[100]},{"i":{"x":[0.667],"y":[1]},"o":{"x":[0.333],"y":[0]},"t":12,"s":[0]},{"i":{"x":[0.833],"y":[0.833]},"o":{"x":[0.333],"y":[0]},"t":21,"s":[0]},{"t":27,"s":[100]}],"ix":2},"o":{"a":0,"k":0,"ix":3},"m":1,"ix":9,"nm":"Trim Paths 1"}],"ip":0,"op":90,"st":0}],"markers":[]}