{"v":"4.8.0","meta":{"g":"LottieFiles AE 3.5.3","a":"","k":"","d":"","tc":""},"fr":60,"ip":0,"op":90,"w":512,"h":512,"nm":"29 Lock Hide","assets":[],"layers":[{"ind":1,"ty":4,"nm":"Layer 2","sr":1,"ks":{"o":{"a":0,"k":100,"ix":11},"r":{"a":0,"k":0,"ix":10},"p":{"a":0,"k":[256,256,0],"ix":2},"a":{"a":0,"k":[0,0,0],"ix":1},"s":{"a":0,"k":[100,100,100],"ix":6}},"ao":0,"ef":[{"ty":5,"nm":"Elastic Controller","np":5,"ix":1,"en":1,"ef":[{"ty":0,"nm":"Amplitude","ix":1,"v":{"a":0,"k":20,"ix":1}},{"ty":0,"nm":"Frequency","ix":2,"v":{"a":0,"k":60,"ix":2}},{"ty":0,"nm":"Decay","ix":3,"v":{"a":0,"k":90,"ix":3}}]}],"shapes":[{"ty":"gr","it":[{"ind":0,"ty":"sh","ix":1,"ks":{"a":0,"k":{"i":[[0,0],[0,0]],"o":[[0,0],[0,0]],"v":[[148.986,194.433],[-150.8,-105.36]],"c":false},"ix":2},"nm":"Path 1"},{"ty":"tr","p":{"a":0,"k":[-0.938,45.062],"ix":2},"a":{"a":0,"k":[-0.938,45.062],"ix":1},"s":{"a":1,"k":[{"i":{"x":[0.833,0.833],"y":[0.833,0.833]},"o":{"x":[0.333,0.333],"y":[0,0]},"t":0,"s":[100,100]},{"i":{"x":[0.667,0.667],"y":[1,1]},"o":{"x":[0.167,0.167],"y":[0,0]},"t":7,"s":[19,19]},{"i":{"x":[0.833,0.833],"y":[0.833,0.833]},"o":{"x":[0.333,0.333],"y":[0,0]},"t":26,"s":[19,19]},{"t":33,"s":[100,100]}],"ix":3,"x":"var $bm_rt;\nvar eff, amp, freq, decay, n, n, t, t, v;\ntry {\n    eff = effect('Elastic Controller');\n    amp = $bm_div(eff(1), 200);\n    freq = $bm_div(eff(2), 30);\n    decay = $bm_div(eff(3), 10);\n    $bm_rt = n = 0;\n    if (numKeys > 0) {\n        $bm_rt = n = nearestKey(time).index;\n        if (key(n).time > time) {\n            n--;\n        }\n    }\n    if (n == 0) {\n        $bm_rt = t = 0;\n    } else {\n        $bm_rt = t = $bm_sub(time, key(n).time);\n    }\n    if (n > 0) {\n        v = velocityAtTime($bm_sub(key(n).time, $bm_div(thisComp.frameDuration, 10)));\n        $bm_rt = $bm_sum(value, $bm_div($bm_mul($bm_mul(v, amp), Math.sin($bm_mul($bm_mul($bm_mul(freq, t), 2), Math.PI))), Math.exp($bm_mul(decay, t))));\n    } else {\n        $bm_rt = value;\n    }\n} catch (e) {\n    $bm_rt = value = value;\n}"},"r":{"a":0,"k":0,"ix":6},"o":{"a":0,"k":100,"ix":7},"sk":{"a":0,"k":0,"ix":4},"sa":{"a":0,"k":0,"ix":5},"nm":"Transform"}],"nm":"Group 4","cix":2,"ix":1},{"ty":"st","c":{"a":0,"k":[0,0,0,1],"ix":3},"o":{"a":1,"k":[{"t":0,"s":[100],"h":1},{"t":7,"s":[0],"h":1},{"t":26,"s":[100],"h":1}],"ix":4},"w":{"a":0,"k":30.72,"ix":5},"lc":2,"lj":2,"nm":"Stroke 1"}],"ip":0,"op":90,"st":0},{"ind":2,"ty":4,"nm":"Layer 4","sr":1,"ks":{"o":{"a":0,"k":100,"ix":11},"r":{"a":0,"k":0,"ix":10,"x":"var $bm_rt;\nvar eff, amp, freq, decay, n, n, t, t, v;\ntry {\n    eff = effect('Elastic Controller');\n    amp = $bm_div(eff(1), 200);\n    freq = $bm_div(eff(2), 30);\n    decay = $bm_div(eff(3), 10);\n    $bm_rt = n = 0;\n    if (numKeys > 0) {\n        $bm_rt = n = nearestKey(time).index;\n        if (key(n).time > time) {\n            n--;\n        }\n    }\n    if (n == 0) {\n        $bm_rt = t = 0;\n    } else {\n        $bm_rt = t = $bm_sub(time, key(n).time);\n    }\n    if (n > 0) {\n        v = velocityAtTime($bm_sub(key(n).time, $bm_div(thisComp.frameDuration, 10)));\n        $bm_rt = $bm_sum(value, $bm_div($bm_mul($bm_mul(v, amp), Math.sin($bm_mul($bm_mul($bm_mul(freq, t), 2), Math.PI))), Math.exp($bm_mul(decay, t))));\n    } else {\n        $bm_rt = value;\n    }\n} catch (e) {\n    $bm_rt = value = value;\n}"},"p":{"a":0,"k":[254,302.349,0],"ix":2,"x":"var $bm_rt;\nvar eff, amp, freq, decay, n, n, t, t, v;\ntry {\n    eff = effect('Elastic Controller');\n    amp = $bm_div(eff(1), 200);\n    freq = $bm_div(eff(2), 30);\n    decay = $bm_div(eff(3), 10);\n    $bm_rt = n = 0;\n    if (numKeys > 0) {\n        $bm_rt = n = nearestKey(time).index;\n        if (key(n).time > time) {\n            n--;\n        }\n    }\n    if (n == 0) {\n        $bm_rt = t = 0;\n    } else {\n        $bm_rt = t = $bm_sub(time, key(n).time);\n    }\n    if (n > 0) {\n        v = velocityAtTime($bm_sub(key(n).time, $bm_div(thisComp.frameDuration, 10)));\n        $bm_rt = $bm_sum(value, $bm_div($bm_mul($bm_mul(v, amp), Math.sin($bm_mul($bm_mul($bm_mul(freq, t), 2), Math.PI))), Math.exp($bm_mul(decay, t))));\n    } else {\n        $bm_rt = value;\n    }\n} catch (e) {\n    $bm_rt = value = value;\n}"},"a":{"a":0,"k":[109.8,83.349,0],"ix":1},"s":{"a":0,"k":[100,100,100],"ix":6}},"ao":0,"ef":[{"ty":5,"nm":"Elastic Controller","np":5,"ix":1,"en":1,"ef":[{"ty":0,"nm":"Amplitude","ix":1,"v":{"a":0,"k":44.7,"ix":1}},{"ty":0,"nm":"Frequency","ix":2,"v":{"a":0,"k":60,"ix":2}},{"ty":0,"nm":"Decay","ix":3,"v":{"a":0,"k":90,"ix":3}}]},{"ty":5,"nm":"Elastic Controller 2","np":5,"ix":2,"en":1,"ef":[{"ty":0,"nm":"Amplitude","ix":1,"v":{"a":0,"k":20,"ix":1}},{"ty":0,"nm":"Frequency","ix":2,"v":{"a":0,"k":60,"ix":2}},{"ty":0,"nm":"Decay","ix":3,"v":{"a":0,"k":90,"ix":3}}]},{"ty":5,"nm":"Elastic Controller 3","np":5,"ix":3,"en":1,"ef":[{"ty":0,"nm":"Amplitude","ix":1,"v":{"a":0,"k":10,"ix":1}},{"ty":0,"nm":"Frequency","ix":2,"v":{"a":0,"k":60,"ix":2}},{"ty":0,"nm":"Decay","ix":3,"v":{"a":0,"k":90,"ix":3}}]}],"shapes":[{"ty":"gr","it":[{"ty":"gr","it":[{"ty":"gr","it":[{"ty":"gr","it":[{"ind":0,"ty":"sh","ix":1,"ks":{"a":1,"k":[{"i":{"x":0.833,"y":0.833},"o":{"x":0.333,"y":0},"t":0,"s":[{"i":[[0,0],[0,0],[49.946,-0.453],[0.697,-47.832],[0,0]],"o":[[0,0],[-0.465,-48.966],[-49.017,0.68],[0,0],[0,0]],"v":[[201.214,-9.132],[201.382,-50.765],[110.871,-138.269],[23.682,-51.219],[23.515,-9.132]],"c":false}]},{"i":{"x":0.667,"y":1},"o":{"x":0.167,"y":0.167},"t":7,"s":[{"i":[[0,0],[0,0],[49.946,-0.453],[0.697,-47.832],[0,0]],"o":[[0,0],[-0.465,-48.966],[-49.017,0.68],[0,0],[0,0]],"v":[[201.07,-9.132],[201.453,-33.765],[110.941,-121.269],[23.753,-34.219],[23.371,-9.132]],"c":false}]},{"i":{"x":0.833,"y":0.833},"o":{"x":0.333,"y":0},"t":30,"s":[{"i":[[0,0],[0,0],[49.946,-0.453],[0.697,-47.832],[0,0]],"o":[[0,0],[-0.465,-48.966],[-49.017,0.68],[0,0],[0,0]],"v":[[201.07,-9.132],[201.453,-33.765],[110.941,-121.269],[23.753,-34.219],[23.371,-9.132]],"c":false}]},{"t":35,"s":[{"i":[[0,0],[0,0],[49.946,-0.453],[0.697,-47.832],[0,0]],"o":[[0,0],[-0.465,-48.966],[-49.017,0.68],[0,0],[0,0]],"v":[[201.214,-9.132],[201.382,-50.765],[110.871,-138.269],[23.682,-51.219],[23.515,-9.132]],"c":false}]}],"ix":2},"nm":"Path 1"},{"ty":"tm","s":{"a":0,"k":0,"ix":1},"e":{"a":1,"k":[{"i":{"x":[0.833],"y":[0.833]},"o":{"x":[0.333],"y":[0]},"t":0,"s":[76.2]},{"i":{"x":[0.667],"y":[1]},"o":{"x":[0.167],"y":[0]},"t":7,"s":[98.5]},{"i":{"x":[0.833],"y":[0.833]},"o":{"x":[0.333],"y":[0]},"t":30,"s":[98.5]},{"t":35,"s":[76.2]}],"ix":2},"o":{"a":0,"k":0,"ix":3},"m":1,"ix":2,"nm":"Trim Paths 1"},{"ty":"tr","p":{"a":0,"k":[0,0],"ix":2},"a":{"a":0,"k":[0,0],"ix":1},"s":{"a":0,"k":[100,100],"ix":3},"r":{"a":0,"k":0,"ix":6},"o":{"a":0,"k":100,"ix":7},"sk":{"a":0,"k":0,"ix":4},"sa":{"a":0,"k":0,"ix":5},"nm":"Transform"}],"nm":"Group 1","cix":2,"ix":1},{"ty":"gr","it":[{"ind":0,"ty":"sh","ix":1,"ks":{"a":0,"k":{"i":[[33.488,0],[0,0],[0,33.489],[0,0],[-33.073,0],[0,0],[0,-34.044],[0,0]],"o":[[0,0],[-34.128,0],[0,0],[0,-32.094],[0,0],[34.694,0],[0,0],[0,32.679]],"v":[[202.8,225.314],[24.8,225.314],[-37.164,164.847],[-37.164,50.802],[22.55,-7.469],[200.273,-7.469],[263.264,54],[263.264,166.311]],"c":true},"ix":2},"nm":"Path 1"},{"ty":"tm","s":{"a":0,"k":0,"ix":1},"e":{"a":1,"k":[{"i":{"x":[0.833],"y":[0.833]},"o":{"x":[0.333],"y":[0]},"t":0,"s":[26.7]},{"i":{"x":[0.667],"y":[1]},"o":{"x":[0.167],"y":[0.167]},"t":7,"s":[53.9]},{"i":{"x":[0.833],"y":[0.833]},"o":{"x":[0.333],"y":[0]},"t":30,"s":[53.9]},{"t":35,"s":[26.7]}],"ix":2,"x":"var $bm_rt;\nvar eff, amp, freq, decay, n, n, t, t, v;\ntry {\n    eff = effect('Elastic Controller 3');\n    amp = $bm_div(eff(1), 200);\n    freq = $bm_div(eff(2), 30);\n    decay = $bm_div(eff(3), 10);\n    $bm_rt = n = 0;\n    if (numKeys > 0) {\n        $bm_rt = n = nearestKey(time).index;\n        if (key(n).time > time) {\n            n--;\n        }\n    }\n    if (n == 0) {\n        $bm_rt = t = 0;\n    } else {\n        $bm_rt = t = $bm_sub(time, key(n).time);\n    }\n    if (n > 0) {\n        v = velocityAtTime($bm_sub(key(n).time, $bm_div(thisComp.frameDuration, 10)));\n        $bm_rt = $bm_sum(value, $bm_div($bm_mul($bm_mul(v, amp), Math.sin($bm_mul($bm_mul($bm_mul(freq, t), 2), Math.PI))), Math.exp($bm_mul(decay, t))));\n    } else {\n        $bm_rt = value;\n    }\n} catch (e) {\n    $bm_rt = value = value;\n}"},"o":{"a":1,"k":[{"i":{"x":[0.833],"y":[0.833]},"o":{"x":[0.333],"y":[0]},"t":0,"s":[-143.8]},{"i":{"x":[0.667],"y":[1]},"o":{"x":[0.167],"y":[0.167]},"t":7,"s":[-187.8]},{"i":{"x":[0.833],"y":[0.833]},"o":{"x":[0.333],"y":[0]},"t":30,"s":[-187.8]},{"t":35,"s":[-143.8]}],"ix":3,"x":"var $bm_rt;\nvar eff, amp, freq, decay, n, n, t, t, v;\ntry {\n    eff = effect('Elastic Controller 3');\n    amp = $bm_div(eff(1), 200);\n    freq = $bm_div(eff(2), 30);\n    decay = $bm_div(eff(3), 10);\n    $bm_rt = n = 0;\n    if (numKeys > 0) {\n        $bm_rt = n = nearestKey(time).index;\n        if (key(n).time > time) {\n            n--;\n        }\n    }\n    if (n == 0) {\n        $bm_rt = t = 0;\n    } else {\n        $bm_rt = t = $bm_sub(time, key(n).time);\n    }\n    if (n > 0) {\n        v = velocityAtTime($bm_sub(key(n).time, $bm_div(thisComp.frameDuration, 10)));\n        $bm_rt = $bm_sum(value, $bm_div($bm_mul($bm_mul(v, amp), Math.sin($bm_mul($bm_mul($bm_mul(freq, t), 2), Math.PI))), Math.exp($bm_mul(decay, t))));\n    } else {\n        $bm_rt = value;\n    }\n} catch (e) {\n    $bm_rt = value = value;\n}"},"m":1,"ix":2,"nm":"Trim Paths 2"},{"ty":"tr","p":{"a":0,"k":[0,0],"ix":2},"a":{"a":0,"k":[0,0],"ix":1},"s":{"a":0,"k":[100,100],"ix":3},"r":{"a":0,"k":0,"ix":6},"o":{"a":0,"k":100,"ix":7},"sk":{"a":0,"k":0,"ix":4},"sa":{"a":0,"k":0,"ix":5},"nm":"Transform"}],"nm":"Group 3","cix":2,"ix":2},{"ty":"gr","it":[{"ind":0,"ty":"sh","ix":1,"ks":{"a":0,"k":{"i":[[33.488,0],[0,0],[0,33.489],[0,0],[-33.073,0],[0,0],[0,-34.044],[0,0]],"o":[[0,0],[-34.128,0],[0,0],[0,-32.094],[0,0],[34.694,0],[0,0],[0,32.679]],"v":[[202.8,225.314],[24.8,225.314],[-37.164,164.847],[-37.164,50.802],[22.55,-7.469],[200.273,-7.469],[263.264,54],[263.264,166.311]],"c":true},"ix":2},"nm":"Path 1"},{"ty":"tm","s":{"a":0,"k":0,"ix":1},"e":{"a":0,"k":51.9,"ix":2},"o":{"a":0,"k":-11.4,"ix":3},"m":1,"ix":2,"nm":"Trim Paths 2"},{"ty":"tr","p":{"a":0,"k":[0,0],"ix":2},"a":{"a":0,"k":[0,0],"ix":1},"s":{"a":0,"k":[100,100],"ix":3},"r":{"a":0,"k":0,"ix":6},"o":{"a":0,"k":100,"ix":7},"sk":{"a":0,"k":0,"ix":4},"sa":{"a":0,"k":0,"ix":5},"nm":"Transform"}],"nm":"Group 2","cix":2,"ix":3},{"ty":"tr","p":{"a":0,"k":[111.8,60.974],"ix":2},"a":{"a":0,"k":[111.8,60.974],"ix":1},"s":{"a":0,"k":[100,100],"ix":3},"r":{"a":0,"k":0,"ix":6},"o":{"a":0,"k":100,"ix":7},"sk":{"a":0,"k":0,"ix":4},"sa":{"a":0,"k":0,"ix":5},"nm":"Transform"}],"nm":"Group 1","cix":2,"ix":1},{"ty":"tr","p":{"a":0,"k":[111.8,60.974],"ix":2},"a":{"a":0,"k":[111.8,60.974],"ix":1},"s":{"a":1,"k":[{"i":{"x":[0.833,0.833],"y":[0.833,1]},"o":{"x":[0.333,0.333],"y":[0,0]},"t":7,"s":[100,100]},{"i":{"x":[0.667,0.667],"y":[1,1]},"o":{"x":[0.167,0.167],"y":[0,0]},"t":11,"s":[115,100]},{"i":{"x":[0.833,0.833],"y":[0.833,1]},"o":{"x":[0.333,0.333],"y":[0,0]},"t":31,"s":[115,100]},{"t":35,"s":[100,100]}],"ix":3,"x":"var $bm_rt;\nvar eff, amp, freq, decay, n, n, t, t, v;\ntry {\n    eff = effect('Elastic Controller 2');\n    amp = $bm_div(eff(1), 200);\n    freq = $bm_div(eff(2), 30);\n    decay = $bm_div(eff(3), 10);\n    $bm_rt = n = 0;\n    if (numKeys > 0) {\n        $bm_rt = n = nearestKey(time).index;\n        if (key(n).time > time) {\n            n--;\n        }\n    }\n    if (n == 0) {\n        $bm_rt = t = 0;\n    } else {\n        $bm_rt = t = $bm_sub(time, key(n).time);\n    }\n    if (n > 0) {\n        v = velocityAtTime($bm_sub(key(n).time, $bm_div(thisComp.frameDuration, 10)));\n        $bm_rt = $bm_sum(value, $bm_div($bm_mul($bm_mul(v, amp), Math.sin($bm_mul($bm_mul($bm_mul(freq, t), 2), Math.PI))), Math.exp($bm_mul(decay, t))));\n    } else {\n        $bm_rt = value;\n    }\n} catch (e) {\n    $bm_rt = value = value;\n}"},"r":{"a":0,"k":0,"ix":6},"o":{"a":0,"k":100,"ix":7},"sk":{"a":0,"k":0,"ix":4},"sa":{"a":0,"k":0,"ix":5},"nm":"Transform"}],"nm":"Group 1","cix":2,"ix":1},{"ty":"tr","p":{"a":0,"k":[111.8,60.962],"ix":2},"a":{"a":0,"k":[111.8,60.962],"ix":1},"s":{"a":1,"k":[{"i":{"x":[0.833,0.833],"y":[1,0.833]},"o":{"x":[0.333,0.333],"y":[0,0]},"t":7,"s":[100,100]},{"i":{"x":[0.667,0.667],"y":[1,1]},"o":{"x":[0.167,0.167],"y":[0,0]},"t":11,"s":[100,115]},{"i":{"x":[0.833,0.833],"y":[1,0.833]},"o":{"x":[0.333,0.333],"y":[0,0]},"t":35,"s":[100,115]},{"t":39,"s":[100,100]}],"ix":3,"x":"var $bm_rt;\nvar eff, amp, freq, decay, n, n, t, t, v;\ntry {\n    eff = effect('Elastic Controller 2');\n    amp = $bm_div(eff(1), 200);\n    freq = $bm_div(eff(2), 30);\n    decay = $bm_div(eff(3), 10);\n    $bm_rt = n = 0;\n    if (numKeys > 0) {\n        $bm_rt = n = nearestKey(time).index;\n        if (key(n).time > time) {\n            n--;\n        }\n    }\n    if (n == 0) {\n        $bm_rt = t = 0;\n    } else {\n        $bm_rt = t = $bm_sub(time, key(n).time);\n    }\n    if (n > 0) {\n        v = velocityAtTime($bm_sub(key(n).time, $bm_div(thisComp.frameDuration, 10)));\n        $bm_rt = $bm_sum(value, $bm_div($bm_mul($bm_mul(v, amp), Math.sin($bm_mul($bm_mul($bm_mul(freq, t), 2), Math.PI))), Math.exp($bm_mul(decay, t))));\n    } else {\n        $bm_rt = value;\n    }\n} catch (e) {\n    $bm_rt = value = value;\n}"},"r":{"a":0,"k":0,"ix":6},"o":{"a":0,"k":100,"ix":7},"sk":{"a":0,"k":0,"ix":4},"sa":{"a":0,"k":0,"ix":5},"nm":"Transform"}],"nm":"Group 1","cix":2,"ix":1},{"ty":"st","c":{"a":0,"k":[0,0,0,1],"ix":3},"o":{"a":0,"k":100,"ix":4},"w":{"a":0,"k":30.72,"ix":5},"lc":2,"lj":2,"nm":"Stroke 1"}],"ip":0,"op":90,"st":0}],"markers":[]}