{"v":"4.8.0","meta":{"g":"LottieFiles AE 3.5.3","a":"","k":"","d":"","tc":""},"fr":60,"ip":0,"op":90,"w":512,"h":512,"nm":"82 Machine","assets":[],"layers":[{"ind":1,"ty":4,"nm":"Elastic Control Layer","sr":1,"ks":{"o":{"a":0,"k":100,"ix":11},"r":{"a":0,"k":0,"ix":10},"p":{"a":0,"k":[256,256,0],"ix":2},"a":{"a":0,"k":[0,0,0],"ix":1},"s":{"a":0,"k":[100,100,100],"ix":6}},"ao":0,"ef":[{"ty":5,"nm":"Elastic Controller","np":5,"ix":1,"en":1,"ef":[{"ty":0,"nm":"Amplitude","ix":1,"v":{"a":0,"k":20,"ix":1}},{"ty":0,"nm":"Frequency","ix":2,"v":{"a":0,"k":60,"ix":2}},{"ty":0,"nm":"Decay","ix":3,"v":{"a":0,"k":90,"ix":3}}]}],"shapes":[],"ip":0,"op":90,"st":0},{"ind":2,"ty":4,"nm":"Layer 3","sr":1,"ks":{"o":{"a":0,"k":100,"ix":11},"r":{"a":1,"k":[{"i":{"x":[0.833],"y":[0.833]},"o":{"x":[0.333],"y":[0]},"t":0,"s":[0]},{"t":45,"s":[360]}],"ix":10,"x":"var $bm_rt;\nvar contLayer, eff, amp, freq, decay, n, n, t, t, v;\ntry {\n    contLayer = thisComp.layer('Elastic Control Layer');\n    eff = contLayer.effect('Elastic Controller');\n    amp = $bm_div(eff(1), 200);\n    freq = $bm_div(eff(2), 30);\n    decay = $bm_div(eff(3), 10);\n    $bm_rt = n = 0;\n    if (numKeys > 0) {\n        $bm_rt = n = nearestKey(time).index;\n        if (key(n).time > time) {\n            n--;\n        }\n    }\n    if (n == 0) {\n        $bm_rt = t = 0;\n    } else {\n        $bm_rt = t = $bm_sub(time, key(n).time);\n    }\n    if (n > 0) {\n        v = velocityAtTime($bm_sub(key(n).time, $bm_div(thisComp.frameDuration, 10)));\n        $bm_rt = $bm_sum(value, $bm_div($bm_mul($bm_mul(v, amp), Math.sin($bm_mul($bm_mul($bm_mul(freq, t), 2), Math.PI))), Math.exp($bm_mul(decay, t))));\n    } else {\n        $bm_rt = value;\n    }\n} catch (e) {\n    $bm_rt = value = value;\n}"},"p":{"a":0,"k":[190.7,384.5,0],"ix":2},"a":{"a":0,"k":[0,0,0],"ix":1},"s":{"a":0,"k":[100,100,100],"ix":6}},"ao":0,"shapes":[{"ty":"gr","it":[{"ind":0,"ty":"sh","ix":1,"ks":{"a":0,"k":{"i":[[-14.5,-14.5],[14.5,-14.5],[14.5,14.5],[-14.5,14.5]],"o":[[14.5,14.5],[-14.5,14.5],[-14.5,-14.5],[14.6,-14.5]],"v":[[26.3,-26.3],[26.3,26.3],[-26.3,26.3],[-26.3,-26.3]],"c":true},"ix":2},"nm":"Path 1"},{"ind":1,"ty":"sh","ix":2,"ks":{"a":0,"k":{"i":[[0,0],[0,0]],"o":[[0,0],[0,0]],"v":[[32.3,-18.6],[48.3,-27.9]],"c":false},"ix":2},"nm":"Path 2"},{"ind":2,"ty":"sh","ix":3,"ks":{"a":0,"k":{"i":[[0,0],[0,0]],"o":[[0,0],[0,0]],"v":[[-48.3,27.9],[-32.2,18.6]],"c":false},"ix":2},"nm":"Path 3"},{"ind":3,"ty":"sh","ix":4,"ks":{"a":0,"k":{"i":[[0,0],[0,0]],"o":[[0,0],[0,0]],"v":[[32.3,18.6],[48.3,27.9]],"c":false},"ix":2},"nm":"Path 4"},{"ind":4,"ty":"sh","ix":5,"ks":{"a":0,"k":{"i":[[0,0],[0,0]],"o":[[0,0],[0,0]],"v":[[-48.3,-27.9],[-32.2,-18.6]],"c":false},"ix":2},"nm":"Path 5"},{"ind":5,"ty":"sh","ix":6,"ks":{"a":0,"k":{"i":[[0,0],[0,0]],"o":[[0,0],[0,0]],"v":[[0.1,37.2],[0.1,55.8]],"c":false},"ix":2},"nm":"Path 6"},{"ind":6,"ty":"sh","ix":7,"ks":{"a":0,"k":{"i":[[0,0],[0,0]],"o":[[0,0],[0,0]],"v":[[0.1,-55.8],[0.1,-37.2]],"c":false},"ix":2},"nm":"Path 7"},{"ty":"tr","p":{"a":0,"k":[0,0],"ix":2},"a":{"a":0,"k":[0,0],"ix":1},"s":{"a":1,"k":[{"i":{"x":[0.833,0.833],"y":[0.833,0.833]},"o":{"x":[0.333,0.333],"y":[0,0]},"t":4,"s":[100,100]},{"i":{"x":[0.667,0.667],"y":[1,1]},"o":{"x":[0.167,0.167],"y":[0,0]},"t":9,"s":[110,110]},{"i":{"x":[0.833,0.833],"y":[0.833,0.833]},"o":{"x":[0.333,0.333],"y":[0,0]},"t":41,"s":[110,110]},{"t":46,"s":[100,100]}],"ix":3,"x":"var $bm_rt;\nvar contLayer, eff, amp, freq, decay, n, n, t, t, v;\ntry {\n    contLayer = thisComp.layer('Elastic Control Layer');\n    eff = contLayer.effect('Elastic Controller');\n    amp = $bm_div(eff(1), 200);\n    freq = $bm_div(eff(2), 30);\n    decay = $bm_div(eff(3), 10);\n    $bm_rt = n = 0;\n    if (numKeys > 0) {\n        $bm_rt = n = nearestKey(time).index;\n        if (key(n).time > time) {\n            n--;\n        }\n    }\n    if (n == 0) {\n        $bm_rt = t = 0;\n    } else {\n        $bm_rt = t = $bm_sub(time, key(n).time);\n    }\n    if (n > 0) {\n        v = velocityAtTime($bm_sub(key(n).time, $bm_div(thisComp.frameDuration, 10)));\n        $bm_rt = $bm_sum(value, $bm_div($bm_mul($bm_mul(v, amp), Math.sin($bm_mul($bm_mul($bm_mul(freq, t), 2), Math.PI))), Math.exp($bm_mul(decay, t))));\n    } else {\n        $bm_rt = value;\n    }\n} catch (e) {\n    $bm_rt = value = value;\n}"},"r":{"a":0,"k":0,"ix":6},"o":{"a":0,"k":100,"ix":7},"sk":{"a":0,"k":0,"ix":4},"sa":{"a":0,"k":0,"ix":5},"nm":"Transform"}],"nm":"Group 1","cix":2,"ix":1},{"ty":"st","c":{"a":0,"k":[0,0,0,1],"ix":3},"o":{"a":0,"k":100,"ix":4},"w":{"a":0,"k":30.72,"ix":5},"lc":2,"lj":2,"nm":"Stroke 1"}],"ip":0,"op":90,"st":0},{"ind":3,"ty":4,"nm":"Layer 2","sr":1,"ks":{"o":{"a":0,"k":100,"ix":11},"r":{"a":1,"k":[{"i":{"x":[0.833],"y":[0.833]},"o":{"x":[0.333],"y":[0]},"t":0,"s":[0]},{"t":45,"s":[360]}],"ix":10,"x":"var $bm_rt;\nvar contLayer, eff, amp, freq, decay, n, n, t, t, v;\ntry {\n    contLayer = thisComp.layer('Elastic Control Layer');\n    eff = contLayer.effect('Elastic Controller');\n    amp = $bm_div(eff(1), 200);\n    freq = $bm_div(eff(2), 30);\n    decay = $bm_div(eff(3), 10);\n    $bm_rt = n = 0;\n    if (numKeys > 0) {\n        $bm_rt = n = nearestKey(time).index;\n        if (key(n).time > time) {\n            n--;\n        }\n    }\n    if (n == 0) {\n        $bm_rt = t = 0;\n    } else {\n        $bm_rt = t = $bm_sub(time, key(n).time);\n    }\n    if (n > 0) {\n        v = velocityAtTime($bm_sub(key(n).time, $bm_div(thisComp.frameDuration, 10)));\n        $bm_rt = $bm_sum(value, $bm_div($bm_mul($bm_mul(v, amp), Math.sin($bm_mul($bm_mul($bm_mul(freq, t), 2), Math.PI))), Math.exp($bm_mul(decay, t))));\n    } else {\n        $bm_rt = value;\n    }\n} catch (e) {\n    $bm_rt = value = value;\n}"},"p":{"a":0,"k":[357.15,319,0],"ix":2},"a":{"a":0,"k":[357.15,319,0],"ix":1},"s":{"a":0,"k":[100,100,100],"ix":6}},"ao":0,"shapes":[{"ty":"gr","it":[{"ind":0,"ty":"sh","ix":1,"ks":{"a":0,"k":{"i":[[2.4,0],[0,-2.4],[-2.4,0],[0,2.4]],"o":[[-2.4,0],[0,2.4],[2.4,0],[0,-2.4]],"v":[[357.2,314.5],[352.8,318.9],[357.2,323.3],[361.6,318.9]],"c":true},"ix":2},"nm":"Path 1"},{"ind":1,"ty":"sh","ix":2,"ks":{"a":0,"k":{"i":[[0,0],[0,0]],"o":[[0,0],[0,0]],"v":[[357.3,318.5],[357.3,317.5]],"c":false},"ix":2},"nm":"Path 2"},{"ty":"tr","p":{"a":0,"k":[357.2,318.9],"ix":2},"a":{"a":0,"k":[357.2,318.9],"ix":1},"s":{"a":0,"k":[100,100],"ix":3,"x":"var $bm_rt;\n$bm_rt = content('Group 3').transform.scale;"},"r":{"a":0,"k":0,"ix":6},"o":{"a":0,"k":100,"ix":7},"sk":{"a":0,"k":0,"ix":4},"sa":{"a":0,"k":0,"ix":5},"nm":"Transform"}],"nm":"Group 2","cix":2,"ix":1},{"ty":"st","c":{"a":0,"k":[0,0,0,1],"ix":3},"o":{"a":0,"k":100,"ix":4},"w":{"a":0,"k":30.72,"ix":5},"lc":2,"lj":2,"nm":"Stroke 2"},{"ty":"gr","it":[{"ind":0,"ty":"sh","ix":1,"ks":{"a":0,"k":{"i":[[1.3,2.3],[0,0],[-0.1,2.6],[0,0],[3.6,2.6],[4.4,1.9],[3.8,-2.3],[0,0],[2.6,0],[0,0],[2.3,1.3],[0,0],[4,-1.8],[3.9,-2.8],[0,-4.5],[0,0],[1.3,-2.3],[0,0],[2.3,-1.3],[0,0],[0.5,-4.5],[-0.5,-4.5],[-4,-2.2],[0,0],[-1.3,-2.3],[0,0],[0,-2.7],[0,0],[-3.6,-2.6],[-4.4,-1.9],[-3.8,2.3],[0,0],[-2.6,0],[0,0],[-2.3,-1.3],[0,0],[-4,1.8],[-3.9,2.8],[0,4.5],[0,0],[-1.3,2.3],[0,0],[-2.3,1.3],[0,0],[-0.5,4.5],[0.5,4.5],[4,2.2],[0,0]],"o":[[0,0],[-1.4,-2.4],[0,0],[0.1,-4.4],[-3.8,-2.8],[-4,-1.8],[0,0],[-2.3,1.4],[0,0],[-2.6,0],[0,0],[-3.8,-2.3],[-4.3,1.9],[-3.6,2.6],[0,0],[0,2.7],[0,0],[-1.3,2.3],[0,0],[-4,2.2],[-0.5,4.5],[0.5,4.5],[0,0],[2.3,1.3],[0,0],[1.3,2.3],[0,0],[-0.1,4.4],[3.8,2.8],[4,1.8],[0,0],[2.3,-1.4],[0,0],[2.6,0],[0,0],[3.8,2.3],[4.3,-1.9],[3.6,-2.6],[0,0],[0,-2.7],[0,0],[1.3,-2.3],[0,0],[4,-2.2],[0.5,-4.5],[-0.5,-4.5],[0,0],[-2.2,-1.5]],"v":[[404.5,291.6],[404.5,291.6],[402.4,284.1],[402.6,275.5],[397,264.2],[384.7,257.1],[372.2,257.9],[364.8,262.3],[357.3,264.2],[357.2,264.2],[349.7,262.3],[342.2,258],[329.7,257.2],[317.4,264.3],[311.8,275.6],[312,284.2],[309.9,291.7],[309.9,291.8],[304.5,297.3],[297,301.5],[290,312.2],[290,325.8],[297,336.5],[304.5,340.7],[309.9,346.3],[309.9,346.4],[312,353.9],[311.8,362.5],[317.4,373.8],[329.7,380.9],[342.2,380.1],[349.6,375.7],[357.1,373.8],[357.2,373.8],[364.7,375.7],[372.1,380.1],[384.6,380.9],[396.9,373.8],[402.5,362.5],[402.3,353.9],[404.4,346.4],[404.4,346.3],[409.8,340.8],[417.3,336.6],[424.3,325.9],[424.3,312.3],[417.3,301.6],[409.8,297.4]],"c":true},"ix":2},"nm":"Path 1"},{"ty":"tr","p":{"a":0,"k":[357.15,319],"ix":2},"a":{"a":0,"k":[357.15,319],"ix":1},"s":{"a":1,"k":[{"i":{"x":[0.833,0.833],"y":[0.833,0.833]},"o":{"x":[0.333,0.333],"y":[0,0]},"t":0,"s":[100,100]},{"i":{"x":[0.667,0.667],"y":[1,1]},"o":{"x":[0.167,0.167],"y":[0.167,0.167]},"t":5,"s":[105,105]},{"i":{"x":[0.833,0.833],"y":[0.833,0.833]},"o":{"x":[0.333,0.333],"y":[0,0]},"t":45,"s":[110,110]},{"t":50,"s":[100,100]}],"ix":3,"x":"var $bm_rt;\nvar contLayer, eff, amp, freq, decay, n, n, t, t, v;\ntry {\n    contLayer = thisComp.layer('Elastic Control Layer');\n    eff = contLayer.effect('Elastic Controller');\n    amp = $bm_div(eff(1), 200);\n    freq = $bm_div(eff(2), 30);\n    decay = $bm_div(eff(3), 10);\n    $bm_rt = n = 0;\n    if (numKeys > 0) {\n        $bm_rt = n = nearestKey(time).index;\n        if (key(n).time > time) {\n            n--;\n        }\n    }\n    if (n == 0) {\n        $bm_rt = t = 0;\n    } else {\n        $bm_rt = t = $bm_sub(time, key(n).time);\n    }\n    if (n > 0) {\n        v = velocityAtTime($bm_sub(key(n).time, $bm_div(thisComp.frameDuration, 10)));\n        $bm_rt = $bm_sum(value, $bm_div($bm_mul($bm_mul(v, amp), Math.sin($bm_mul($bm_mul($bm_mul(freq, t), 2), Math.PI))), Math.exp($bm_mul(decay, t))));\n    } else {\n        $bm_rt = value;\n    }\n} catch (e) {\n    $bm_rt = value = value;\n}"},"r":{"a":0,"k":0,"ix":6},"o":{"a":0,"k":100,"ix":7},"sk":{"a":0,"k":0,"ix":4},"sa":{"a":0,"k":0,"ix":5},"nm":"Transform"}],"nm":"Group 3","cix":2,"ix":3},{"ty":"st","c":{"a":0,"k":[0,0,0,1],"ix":3},"o":{"a":0,"k":40,"ix":4},"w":{"a":0,"k":30.72,"ix":5},"lc":2,"lj":2,"nm":"Stroke 1"}],"ip":0,"op":90,"st":0},{"ind":4,"ty":4,"nm":"Layer 1","sr":1,"ks":{"o":{"a":0,"k":100,"ix":11},"r":{"a":1,"k":[{"i":{"x":[0.833],"y":[0.833]},"o":{"x":[0.333],"y":[0]},"t":0,"s":[0]},{"t":45,"s":[-180]}],"ix":10,"x":"var $bm_rt;\nvar contLayer, eff, amp, freq, decay, n, n, t, t, v;\ntry {\n    contLayer = thisComp.layer('Elastic Control Layer');\n    eff = contLayer.effect('Elastic Controller');\n    amp = $bm_div(eff(1), 200);\n    freq = $bm_div(eff(2), 30);\n    decay = $bm_div(eff(3), 10);\n    $bm_rt = n = 0;\n    if (numKeys > 0) {\n        $bm_rt = n = nearestKey(time).index;\n        if (key(n).time > time) {\n            n--;\n        }\n    }\n    if (n == 0) {\n        $bm_rt = t = 0;\n    } else {\n        $bm_rt = t = $bm_sub(time, key(n).time);\n    }\n    if (n > 0) {\n        v = velocityAtTime($bm_sub(key(n).time, $bm_div(thisComp.frameDuration, 10)));\n        $bm_rt = $bm_sum(value, $bm_div($bm_mul($bm_mul(v, amp), Math.sin($bm_mul($bm_mul($bm_mul(freq, t), 2), Math.PI))), Math.exp($bm_mul(decay, t))));\n    } else {\n        $bm_rt = value;\n    }\n} catch (e) {\n    $bm_rt = value = value;\n}"},"p":{"a":0,"k":[188.376,172.726,0],"ix":2},"a":{"a":0,"k":[188.376,172.726,0],"ix":1},"s":{"a":0,"k":[100,100,100],"ix":6}},"ao":0,"shapes":[{"ty":"gr","it":[{"ind":0,"ty":"sh","ix":1,"ks":{"a":0,"k":{"i":[[-2.6,-16.8],[27,4.1],[2.5,16.8],[-27,-4.1]],"o":[[4.1,27],[-16.8,-2.5],[-4.1,-27],[16.8,2.6]],"v":[[39.45,-6.35],[-6.35,39.45],[-39.45,6.35],[6.35,-39.45]],"c":true},"ix":2},"nm":"Path 1"},{"ty":"tr","p":{"a":0,"k":[188.45,172.85],"ix":2},"a":{"a":0,"k":[0,0],"ix":1},"s":{"a":0,"k":[100,100],"ix":3,"x":"var $bm_rt;\n$bm_rt = content('Group 2').transform.scale;"},"r":{"a":0,"k":0,"ix":6},"o":{"a":0,"k":100,"ix":7},"sk":{"a":0,"k":0,"ix":4},"sa":{"a":0,"k":0,"ix":5},"nm":"Transform"}],"nm":"Group 1","cix":2,"ix":1},{"ty":"st","c":{"a":0,"k":[0,0,0,1],"ix":3},"o":{"a":0,"k":100,"ix":4},"w":{"a":0,"k":30.72,"ix":5},"lc":2,"lj":2,"nm":"Stroke 1"},{"ty":"gr","it":[{"ind":0,"ty":"sh","ix":1,"ks":{"a":0,"k":{"i":[[2.4,2.4],[0,0],[0.5,3.3],[0,0],[4.6,2.2],[3.3,1.2],[4,-3],[0,0],[3.3,0],[0,0],[2.6,2.1],[0,0],[4.7,-1.8],[3.1,-1.5],[0.8,-5.1],[0,0],[2.4,-2.4],[0,-0.1],[3.3,-0.5],[0,0],[2.2,-4.5],[1.2,-3.2],[-3,-4.1],[0,0],[0,-3.2],[0,0],[0,-0.2],[2,-2.6],[0,0],[-1.8,-4.7],[-1.5,-3.1],[-5.1,-0.8],[0,0],[-2.4,-2.4],[-0.1,0],[-0.5,-3.3],[0,0],[-4.5,-2.1],[-3.2,-1.2],[-4.1,3.1],[0,0],[-3.4,0],[0,0],[-2.7,-2.1],[0,0],[-4.7,1.7],[-3.1,1.5],[-0.7,5],[0,0],[-2.3,2.3],[-0.2,0.2],[-3.2,0.5],[0,0],[-2.1,4.6],[-1.2,3.3],[3.1,4],[0,0],[0,3.2],[0,0.2],[-2,2.6],[0,0],[1.7,4.7],[1.5,3.1],[5.1,0.8],[0,0]],"o":[[0,0],[-2.5,-2.5],[0,0],[-0.7,-5],[-3.1,-1.5],[-4.8,-1.7],[0,0],[-2.7,2],[0,0],[-3.4,0],[0,0],[-4.1,-3],[-3.3,1.2],[-4.6,2.2],[0,0],[-0.5,3.3],[0,0],[-2.4,2.4],[0,0],[-5,0.7],[-1.5,3.1],[-1.7,4.8],[0,0],[1.9,2.6],[0,0],[0,0.2],[0,3.2],[0,0],[-3,4],[1.2,3.3],[2.2,4.6],[0,0],[3.3,0.5],[0,0],[2.4,2.4],[0,0],[0.7,5],[3.1,1.5],[4.8,1.7],[0,0],[2.7,-2],[0,0],[3.4,0],[0,0],[4.1,3],[3.3,-1.2],[4.6,-2],[0,0],[0.5,-3.2],[0.2,-0.2],[2.3,-2.3],[0,0],[5,-0.7],[1.5,-3.1],[1.7,-4.8],[0,0],[-1.9,-2.6],[0,-0.2],[0,-3.3],[0,0],[3,-4.1],[-1.2,-3.3],[-2.2,-4.6],[0,0],[-3.2,-0.6]],"v":[[60.924,-60.626],[60.924,-60.626],[56.324,-69.426],[54.124,-84.726],[45.524,-96.226],[35.924,-100.226],[21.824,-98.226],[9.424,-88.926],[0.124,-85.926],[0.024,-85.926],[-9.276,-88.926],[-21.676,-98.226],[-35.776,-100.226],[-45.376,-96.226],[-53.976,-84.726],[-56.176,-69.426],[-60.676,-60.726],[-60.776,-60.626],[-69.476,-56.126],[-84.776,-53.926],[-96.276,-45.426],[-100.276,-35.826],[-98.276,-21.626],[-88.976,-9.226],[-85.976,-0.326],[-85.976,-0.326],[-85.976,0.374],[-88.976,9.374],[-98.276,21.774],[-100.276,35.874],[-96.276,45.474],[-84.776,54.074],[-69.476,56.274],[-60.776,60.774],[-60.676,60.874],[-56.176,69.574],[-53.976,84.874],[-45.476,96.274],[-35.876,100.274],[-21.676,98.174],[-9.376,88.874],[0.024,85.874],[0.124,85.874],[9.524,88.874],[21.824,98.174],[35.924,100.274],[45.524,96.274],[54.124,84.974],[56.324,69.574],[60.524,61.174],[61.024,60.674],[69.524,56.374],[84.924,54.174],[96.324,45.574],[100.324,35.974],[98.224,21.874],[88.924,9.474],[85.924,0.574],[85.924,-0.126],[88.924,-9.126],[98.224,-21.526],[100.324,-35.626],[96.324,-45.226],[84.824,-53.826],[69.524,-56.026]],"c":true},"ix":2},"nm":"Path 1"},{"ty":"tr","p":{"a":0,"k":[188.376,172.726],"ix":2},"a":{"a":0,"k":[0,0],"ix":1},"s":{"a":1,"k":[{"i":{"x":[0.833,0.833],"y":[0.833,0.833]},"o":{"x":[0.333,0.333],"y":[0,0]},"t":7,"s":[100,100]},{"i":{"x":[0.667,0.667],"y":[1,1]},"o":{"x":[0.167,0.167],"y":[0,0]},"t":12,"s":[110,110]},{"i":{"x":[0.833,0.833],"y":[0.833,0.833]},"o":{"x":[0.333,0.333],"y":[0,0]},"t":33,"s":[110,110]},{"t":38,"s":[100,100]}],"ix":3,"x":"var $bm_rt;\nvar contLayer, eff, amp, freq, decay, n, n, t, t, v;\ntry {\n    contLayer = thisComp.layer('Elastic Control Layer');\n    eff = contLayer.effect('Elastic Controller');\n    amp = $bm_div(eff(1), 200);\n    freq = $bm_div(eff(2), 30);\n    decay = $bm_div(eff(3), 10);\n    $bm_rt = n = 0;\n    if (numKeys > 0) {\n        $bm_rt = n = nearestKey(time).index;\n        if (key(n).time > time) {\n            n--;\n        }\n    }\n    if (n == 0) {\n        $bm_rt = t = 0;\n    } else {\n        $bm_rt = t = $bm_sub(time, key(n).time);\n    }\n    if (n > 0) {\n        v = velocityAtTime($bm_sub(key(n).time, $bm_div(thisComp.frameDuration, 10)));\n        $bm_rt = $bm_sum(value, $bm_div($bm_mul($bm_mul(v, amp), Math.sin($bm_mul($bm_mul($bm_mul(freq, t), 2), Math.PI))), Math.exp($bm_mul(decay, t))));\n    } else {\n        $bm_rt = value;\n    }\n} catch (e) {\n    $bm_rt = value = value;\n}"},"r":{"a":0,"k":0,"ix":6},"o":{"a":0,"k":40,"ix":7},"sk":{"a":0,"k":0,"ix":4},"sa":{"a":0,"k":0,"ix":5},"nm":"Transform"}],"nm":"Group 2","cix":2,"ix":3},{"ty":"st","c":{"a":0,"k":[0,0,0,1],"ix":3},"o":{"a":0,"k":40,"ix":4},"w":{"a":0,"k":30.72,"ix":5},"lc":2,"lj":2,"nm":"Stroke 2"}],"ip":0,"op":90,"st":0}],"markers":[{"tm":21,"cm":"","dr":0}]}