{"v":"4.8.0","meta":{"g":"LottieFiles AE 3.5.2","a":"","k":"","d":"","tc":""},"fr":60,"ip":0,"op":90,"w":512,"h":512,"nm":"27 Money Bag","assets":[],"layers":[{"ind":1,"ty":4,"nm":"Layer 2","parent":2,"sr":1,"ks":{"o":{"a":0,"k":40,"ix":11},"r":{"a":0,"k":0,"ix":10},"p":{"a":0,"k":[0.017,-80.344,0],"ix":2},"a":{"a":0,"k":[0,0,0],"ix":1},"s":{"a":0,"k":[100,100,100],"ix":6}},"ao":0,"shapes":[{"ty":"gr","it":[{"ind":0,"ty":"sh","ix":1,"ks":{"a":0,"k":{"i":[[0,0],[-43.36,9.963]],"o":[[43.34,9.963],[0,0]],"v":[[-65.029,-3.736],[65.029,-3.736]],"c":false},"ix":2},"nm":"Path 1"},{"ty":"tr","p":{"a":0,"k":[0.5,264.5],"ix":2},"a":{"a":0,"k":[0.5,264.5],"ix":1},"s":{"a":0,"k":[100,100],"ix":3,"x":"var $bm_rt;\n$bm_rt = thisComp.layer('Layer 1').content('Group 1').transform.scale;"},"r":{"a":0,"k":0,"ix":6},"o":{"a":0,"k":100,"ix":7},"sk":{"a":0,"k":0,"ix":4},"sa":{"a":0,"k":0,"ix":5},"nm":"Transform"}],"nm":"Group 1","cix":2,"ix":1},{"ty":"st","c":{"a":0,"k":[0,0,0,1],"ix":3},"o":{"a":0,"k":100,"ix":4},"w":{"a":0,"k":30.72,"ix":5},"lc":2,"lj":2,"nm":"Stroke 1"}],"ip":0,"op":90,"st":0},{"ind":2,"ty":4,"nm":"Layer 1","sr":1,"ks":{"o":{"a":0,"k":100,"ix":11},"r":{"a":1,"k":[{"i":{"x":[0.47],"y":[1]},"o":{"x":[0.167],"y":[0.167]},"t":0,"s":[0]},{"i":{"x":[0.47],"y":[1]},"o":{"x":[0.53],"y":[0]},"t":24,"s":[4.2]},{"i":{"x":[0.833],"y":[0.833]},"o":{"x":[0.53],"y":[0]},"t":69,"s":[-4]},{"t":90,"s":[0]}],"ix":10},"p":{"s":true,"x":{"a":1,"k":[{"i":{"x":[0.47],"y":[1]},"o":{"x":[0.167],"y":[0.167]},"t":0,"s":[256.012]},{"i":{"x":[0.47],"y":[1]},"o":{"x":[0.53],"y":[0]},"t":21,"s":[283.712]},{"i":{"x":[0.833],"y":[0.833]},"o":{"x":[0.53],"y":[0]},"t":66,"s":[224.612]},{"t":90,"s":[256.012]}],"ix":3},"y":{"a":0,"k":440.829,"ix":4}},"a":{"a":0,"k":[0,184.32,0],"ix":1},"s":{"a":0,"k":[100,100,100],"ix":6}},"ao":0,"ef":[{"ty":5,"nm":"Elastic: Scale - Transform","np":5,"ix":1,"en":1,"ef":[{"ty":0,"nm":"Amplitude","ix":1,"v":{"a":0,"k":20,"ix":1}},{"ty":0,"nm":"Frequency","ix":2,"v":{"a":0,"k":40,"ix":2}},{"ty":0,"nm":"Decay","ix":3,"v":{"a":0,"k":60,"ix":3}}]}],"shapes":[{"ty":"gr","it":[{"ind":0,"ty":"sh","ix":1,"ks":{"a":1,"k":[{"i":{"x":0.667,"y":1},"o":{"x":0.333,"y":0},"t":0,"s":[{"i":[[-23.373,38.896],[-14.885,23.294],[0,0],[-7.771,5.998],[-27.458,-10.681],[-28.396,1.614],[0,0],[0,0],[-14.225,-23.673],[18.094,-45.173],[54.518,-0.856],[21.062,52.586]],"o":[[14.227,-23.673],[0,0],[0,0],[23.214,-17.973],[26.145,10.182],[8.27,-0.478],[0,0],[14.885,23.314],[23.374,38.896],[-21.08,52.586],[-54.518,-0.856],[-18.113,-45.173]],"v":[[-109.458,-14.025],[-65.003,-84.284],[-105.672,-158.011],[-94.813,-166.699],[-18.755,-178.655],[62.325,-162.395],[102.298,-167.078],[65.055,-84.444],[109.45,-14.025],[137.087,113.443],[-0.004,184.32],[-137.076,113.443]],"c":true}]},{"i":{"x":0.667,"y":1},"o":{"x":0.333,"y":0},"t":45,"s":[{"i":[[-23.373,38.896],[-14.885,23.294],[0,0],[-9.608,-2.011],[-26.165,7.475],[-45.337,-8.115],[0,0],[0,0],[-14.225,-23.673],[18.094,-45.173],[54.518,-0.856],[21.062,52.586]],"o":[[14.227,-23.673],[0,0],[0,0],[24.801,5.19],[29.243,-8.355],[19.73,3.531],[0,0],[14.885,23.314],[23.374,38.896],[-21.08,52.586],[-54.518,-0.856],[-18.113,-45.173]],"v":[[-109.458,-14.025],[-65.003,-84.284],[-105.672,-158.011],[-88.313,-152.199],[-23.755,-156.155],[62.325,-186.395],[102.298,-167.078],[65.055,-84.444],[109.45,-14.025],[137.087,113.443],[-0.004,184.32],[-137.076,113.443]],"c":true}]},{"t":90,"s":[{"i":[[-23.373,38.896],[-14.885,23.294],[0,0],[-7.771,5.998],[-27.458,-10.681],[-28.396,1.614],[0,0],[0,0],[-14.225,-23.673],[18.094,-45.173],[54.518,-0.856],[21.062,52.586]],"o":[[14.227,-23.673],[0,0],[0,0],[23.214,-17.973],[26.145,10.182],[8.27,-0.478],[0,0],[14.885,23.314],[23.374,38.896],[-21.08,52.586],[-54.518,-0.856],[-18.113,-45.173]],"v":[[-109.458,-14.025],[-65.003,-84.284],[-105.672,-158.011],[-94.813,-166.699],[-18.755,-178.655],[62.325,-162.395],[102.298,-167.078],[65.055,-84.444],[109.45,-14.025],[137.087,113.443],[-0.004,184.32],[-137.076,113.443]],"c":true}]}],"ix":2},"nm":"Path 1"},{"ty":"tr","p":{"a":0,"k":[0,183],"ix":2},"a":{"a":0,"k":[0,183],"ix":1},"s":{"a":1,"k":[{"i":{"x":[0.667,0.667],"y":[1,1]},"o":{"x":[0.333,0.333],"y":[0,0]},"t":33,"s":[100,100]},{"i":{"x":[0.833,0.833],"y":[0.833,0.833]},"o":{"x":[0.333,0.333],"y":[0,0]},"t":43,"s":[108.8,90.7]},{"t":48,"s":[100,100]}],"ix":3,"x":"var $bm_rt;\nvar amp, freq, decay, n, n, t, t, v;\ntry {\n    amp = $bm_div(effect('Elastic: Scale - Transform')(1), 200);\n    freq = $bm_div(effect('Elastic: Scale - Transform')(2), 30);\n    decay = $bm_div(effect('Elastic: Scale - Transform')(3), 10);\n    $bm_rt = n = 0;\n    if (numKeys > 0) {\n        $bm_rt = n = nearestKey(time).index;\n        if (key(n).time > time) {\n            n--;\n        }\n    }\n    if (n == 0) {\n        $bm_rt = t = 0;\n    } else {\n        $bm_rt = t = $bm_sub(time, key(n).time);\n    }\n    if (n > 0) {\n        v = velocityAtTime($bm_sub(key(n).time, $bm_div(thisComp.frameDuration, 10)));\n        $bm_rt = $bm_sum(value, $bm_div($bm_mul($bm_mul(v, amp), Math.sin($bm_mul($bm_mul($bm_mul(freq, t), 2), Math.PI))), Math.exp($bm_mul(decay, t))));\n    } else {\n        $bm_rt = value;\n    }\n} catch (e$$4) {\n    $bm_rt = value = value;\n}"},"r":{"a":0,"k":0,"ix":6},"o":{"a":0,"k":100,"ix":7},"sk":{"a":0,"k":0,"ix":4},"sa":{"a":0,"k":0,"ix":5},"nm":"Transform"}],"nm":"Group 1","cix":2,"ix":1},{"ty":"st","c":{"a":0,"k":[0,0,0,1],"ix":3},"o":{"a":0,"k":100,"ix":4},"w":{"a":0,"k":30.72,"ix":5},"lc":2,"lj":2,"nm":"Stroke 1"}],"ip":0,"op":90,"st":0}],"markers":[{"tm":16,"cm":"","dr":0}]}