{"v":"5.12.1","fr":60,"ip":0,"op":90,"w":512,"h":512,"nm":"multitasking#shape,rectangle,menu,app,shapes,design,framework-1","ddd":0,"assets":[],"layers":[{"ddd":0,"ind":1,"ty":4,"nm":"Layer 1","sr":1,"ks":{"o":{"a":0,"k":100,"ix":11},"r":{"a":0,"k":0,"ix":10},"p":{"a":0,"k":[255.839,256.013,0],"ix":2,"l":2},"a":{"a":0,"k":[262.839,256.013,0],"ix":1,"l":2},"s":{"a":0,"k":[100,100,100],"ix":6,"l":2}},"ao":0,"ef":[{"ty":5,"nm":"Elastic Controller","np":5,"mn":"Pseudo/MDS Elastic Controller","ix":1,"en":1,"ef":[{"ty":0,"nm":"Amplitude","mn":"Pseudo/MDS Elastic Controller-0001","ix":1,"v":{"a":0,"k":20,"ix":1}},{"ty":0,"nm":"Frequency","mn":"Pseudo/MDS Elastic Controller-0002","ix":2,"v":{"a":0,"k":60,"ix":2}},{"ty":0,"nm":"Decay","mn":"Pseudo/MDS Elastic Controller-0003","ix":3,"v":{"a":0,"k":90,"ix":3}}]}],"shapes":[{"ty":"gr","it":[{"ty":"gr","it":[{"ty":"gr","it":[{"ind":0,"ty":"sh","ix":1,"ks":{"a":1,"k":[{"i":{"x":0.34,"y":1},"o":{"x":0.333,"y":0},"t":7,"s":[{"i":[[0,0],[0,0],[0,23.184],[0,0],[24.278,0],[0,0]],"o":[[0,0],[23.183,0],[0,0],[0,-24.442],[0,0],[0,0]],"v":[[-29.5,117.331],[-4.724,117.298],[37.197,75.219],[37.197,-74.531],[-6.703,-118.614],[-29.5,-118.581]],"c":false}]},{"i":{"x":0.34,"y":1},"o":{"x":0.66,"y":0},"t":19,"s":[{"i":[[0,0],[0,0],[0,26.501],[0,0],[0,0],[0,0]],"o":[[0,0],[0.001,-0.356],[0,0],[0,-26.681],[0,0],[0,0]],"v":[[29.69,106.575],[29.627,106.575],[29.599,58.73],[29.599,-58.711],[29.627,-107.087],[29.651,-107.175]],"c":false}]},{"i":{"x":0.667,"y":1},"o":{"x":0.66,"y":0},"t":37,"s":[{"i":[[0,0],[0,0],[0,26.501],[0,0],[26.501,0],[0,0]],"o":[[0,0],[26.501,0],[0,0],[0,-26.681],[0,0],[0,0]],"v":[[-117.599,106.396],[-18.322,106.831],[29.599,58.73],[29.599,-58.711],[-18.322,-106.831],[-117.599,-107.267]],"c":false}]},{"t":47,"s":[{"i":[[0,0],[0,0],[0,23.184],[0,0],[24.278,0],[0,0]],"o":[[0,0],[23.183,0],[0,0],[0,-24.442],[0,0],[0,0]],"v":[[-29.5,117.331],[-4.724,117.298],[37.197,75.219],[37.197,-74.531],[-6.703,-118.614],[-29.5,-118.581]],"c":false}]}],"ix":2},"nm":"Path 1","mn":"ADBE Vector Shape - Group","hd":false},{"ty":"tr","p":{"a":0,"k":[417.56,256.031],"ix":2},"a":{"a":0,"k":[0,0],"ix":1},"s":{"a":0,"k":[100,100],"ix":3},"r":{"a":0,"k":0,"ix":6},"o":{"a":0,"k":100,"ix":7},"sk":{"a":0,"k":0,"ix":4},"sa":{"a":0,"k":0,"ix":5},"nm":"Transform"}],"nm":"Group 2","np":1,"cix":2,"bm":0,"ix":1,"mn":"ADBE Vector Group","hd":false},{"ty":"gr","it":[{"ind":0,"ty":"sh","ix":1,"ks":{"a":1,"k":[{"i":{"x":0.34,"y":1},"o":{"x":0.333,"y":0},"t":7,"s":[{"i":[[0,0],[0,0],[0,23.729],[0,0],[-22.579,0],[0,0]],"o":[[0,0],[-23.729,0],[0,0],[0,-22.732],[0,0],[0,0]],"v":[[29.671,118.331],[6.631,118.37],[-36.278,75.301],[-36.449,-76.043],[4.381,-117.042],[29.5,-117.081]],"c":false}]},{"i":{"x":0.34,"y":1},"o":{"x":0.66,"y":0},"t":19,"s":[{"i":[[0,0],[0,0],[0,26.501],[0,0],[-26.501,0],[0,0]],"o":[[0,0],[-26.501,0],[0,0],[0,-26.681],[0,0],[0,0]],"v":[[109.1,107],[18.322,106.831],[-29.6,58.73],[-29.6,-58.711],[18.322,-106.831],[109.1,-106.662]],"c":false}]},{"i":{"x":0.667,"y":1},"o":{"x":0.66,"y":0},"t":37,"s":[{"i":[[0,0],[0,0],[0,26.501],[0,0],[-0.215,0],[0,0]],"o":[[0,0],[-0.215,0],[0,0],[0,-26.681],[0,0],[0,0]],"v":[[-29.119,106.831],[-29.211,106.831],[-29.6,58.73],[-29.6,-58.711],[-29.211,-106.831],[-29.119,-106.831]],"c":false}]},{"t":47,"s":[{"i":[[0,0],[0,0],[0,23.729],[0,0],[-22.579,0],[0,0]],"o":[[0,0],[-23.729,0],[0,0],[0,-22.732],[0,0],[0,0]],"v":[[29.671,118.331],[6.631,118.37],[-36.278,75.301],[-36.449,-76.043],[4.381,-117.042],[29.5,-117.081]],"c":false}]}],"ix":2},"nm":"Path 1","mn":"ADBE Vector Shape - Group","hd":false},{"ty":"tr","p":{"a":0,"k":[108.119,256.031],"ix":2},"a":{"a":0,"k":[0,0],"ix":1},"s":{"a":0,"k":[100,100],"ix":3},"r":{"a":0,"k":0,"ix":6},"o":{"a":0,"k":100,"ix":7},"sk":{"a":0,"k":0,"ix":4},"sa":{"a":0,"k":0,"ix":5},"nm":"Transform"}],"nm":"Group 3","np":1,"cix":2,"bm":0,"ix":2,"mn":"ADBE Vector Group","hd":false},{"ty":"gr","it":[{"ind":0,"ty":"sh","ix":1,"ks":{"a":1,"k":[{"i":{"x":0.34,"y":1},"o":{"x":0.333,"y":0},"t":7,"s":[{"i":[[-35.348,0],[0,0],[0,35.328],[0,0],[35.348,0],[0,0],[0,-35.348],[0,0]],"o":[[0,0],[35.348,0],[0,0],[0,-35.348],[0,0],[-35.348,0],[0,0],[0,35.328]],"v":[[-57.001,181.595],[56.081,181.537],[120.083,117.558],[120.001,-117.228],[55.999,-181.229],[-57.082,-181.172],[-121.084,-117.171],[-121.002,117.615]],"c":true}]},{"i":{"x":0.34,"y":1},"o":{"x":0.66,"y":0},"t":19,"s":[{"i":[[-35.348,0],[0,0],[0,35.328],[0,0],[35.348,0],[0,0],[0,-35.348],[0,0]],"o":[[0,0],[35.348,0],[0,0],[0,-35.348],[0,0],[-35.348,0],[0,0],[0,35.328]],"v":[[18.209,165.302],[120.79,165.302],[184.792,101.323],[184.792,-100.963],[120.79,-164.965],[18.209,-164.965],[-45.792,-100.963],[-45.792,101.323]],"c":true}]},{"i":{"x":0.667,"y":1},"o":{"x":0.66,"y":0},"t":37,"s":[{"i":[[-35.348,0],[0,0],[0,35.328],[0,0],[35.348,0],[0,0],[0,-35.348],[0,0]],"o":[[0,0],[35.348,0],[0,0],[0,-35.348],[0,0],[-35.348,0],[0,0],[0,35.328]],"v":[[-120.291,165],[-26.71,164.698],[37.292,100.718],[37.292,-101.567],[-26.71,-165.569],[-120.291,-165.267],[-184.292,-101.265],[-184.292,101.021]],"c":true}]},{"t":47,"s":[{"i":[[-35.348,0],[0,0],[0,35.328],[0,0],[35.348,0],[0,0],[0,-35.348],[0,0]],"o":[[0,0],[35.348,0],[0,0],[0,-35.348],[0,0],[-35.348,0],[0,0],[0,35.328]],"v":[[-57.001,181.595],[56.081,181.537],[120.083,117.558],[120.001,-117.228],[55.999,-181.229],[-57.082,-181.172],[-121.084,-117.171],[-121.002,117.615]],"c":true}]}],"ix":2},"nm":"Path 1","mn":"ADBE Vector Shape - Group","hd":false},{"ty":"tr","p":{"a":0,"k":[263.012,256.013],"ix":2},"a":{"a":0,"k":[0,0],"ix":1},"s":{"a":0,"k":[100,100],"ix":3},"r":{"a":0,"k":0,"ix":6},"o":{"a":0,"k":100,"ix":7},"sk":{"a":0,"k":0,"ix":4},"sa":{"a":0,"k":0,"ix":5},"nm":"Transform"}],"nm":"Group 4","np":1,"cix":2,"bm":0,"ix":3,"mn":"ADBE Vector Group","hd":false},{"ty":"tr","p":{"a":0,"k":[262.839,256.013],"ix":2},"a":{"a":0,"k":[262.839,256.013],"ix":1},"s":{"a":1,"k":[{"i":{"x":[0.833,0.833],"y":[0.833,1]},"o":{"x":[0.333,0.333],"y":[0,0]},"t":4,"s":[100,100]},{"i":{"x":[0.667,0.667],"y":[1,1]},"o":{"x":[0.167,0.167],"y":[0,0]},"t":10,"s":[115,100]},{"i":{"x":[0.833,0.833],"y":[0.833,1]},"o":{"x":[0.333,0.333],"y":[0,0]},"t":40,"s":[115,100]},{"t":46,"s":[100,100]}],"ix":3,"x":"var $bm_rt;\nvar eff, amp, freq, decay, n, n, t, t, v;\ntry {\n    eff = effect('Elastic Controller');\n    amp = $bm_div(eff(1), 200);\n    freq = $bm_div(eff(2), 30);\n    decay = $bm_div(eff(3), 10);\n    $bm_rt = n = 0;\n    if (numKeys > 0) {\n        $bm_rt = n = nearestKey(time).index;\n        if (key(n).time > time) {\n            n--;\n        }\n    }\n    if (n == 0) {\n        $bm_rt = t = 0;\n    } else {\n        $bm_rt = t = $bm_sub(time, key(n).time);\n    }\n    if (n > 0) {\n        v = velocityAtTime($bm_sub(key(n).time, $bm_div(thisComp.frameDuration, 10)));\n        $bm_rt = $bm_sum(value, $bm_div($bm_mul($bm_mul(v, amp), Math.sin($bm_mul($bm_mul($bm_mul(freq, t), 2), Math.PI))), Math.exp($bm_mul(decay, t))));\n    } else {\n        $bm_rt = value;\n    }\n} catch (e) {\n    $bm_rt = value = value;\n}"},"r":{"a":0,"k":0,"ix":6},"o":{"a":0,"k":100,"ix":7},"sk":{"a":0,"k":0,"ix":4},"sa":{"a":0,"k":0,"ix":5},"nm":"Transform"}],"nm":"Group 1","np":3,"cix":2,"bm":0,"ix":1,"mn":"ADBE Vector Group","hd":false},{"ty":"tr","p":{"a":0,"k":[262.839,256.013],"ix":2},"a":{"a":0,"k":[262.839,256.013],"ix":1},"s":{"a":1,"k":[{"i":{"x":[0.833,0.833],"y":[1,0.833]},"o":{"x":[0.333,0.333],"y":[0,0]},"t":4,"s":[100,100]},{"i":{"x":[0.667,0.667],"y":[1,1]},"o":{"x":[0.167,0.167],"y":[0,0]},"t":10,"s":[100,115]},{"i":{"x":[0.833,0.833],"y":[1,0.833]},"o":{"x":[0.333,0.333],"y":[0,0]},"t":44,"s":[100,115]},{"t":50,"s":[100,100]}],"ix":3,"x":"var $bm_rt;\nvar eff, amp, freq, decay, n, n, t, t, v;\ntry {\n    eff = effect('Elastic Controller');\n    amp = $bm_div(eff(1), 200);\n    freq = $bm_div(eff(2), 30);\n    decay = $bm_div(eff(3), 10);\n    $bm_rt = n = 0;\n    if (numKeys > 0) {\n        $bm_rt = n = nearestKey(time).index;\n        if (key(n).time > time) {\n            n--;\n        }\n    }\n    if (n == 0) {\n        $bm_rt = t = 0;\n    } else {\n        $bm_rt = t = $bm_sub(time, key(n).time);\n    }\n    if (n > 0) {\n        v = velocityAtTime($bm_sub(key(n).time, $bm_div(thisComp.frameDuration, 10)));\n        $bm_rt = $bm_sum(value, $bm_div($bm_mul($bm_mul(v, amp), Math.sin($bm_mul($bm_mul($bm_mul(freq, t), 2), Math.PI))), Math.exp($bm_mul(decay, t))));\n    } else {\n        $bm_rt = value;\n    }\n} catch (e) {\n    $bm_rt = value = value;\n}"},"r":{"a":0,"k":0,"ix":6},"o":{"a":0,"k":100,"ix":7},"sk":{"a":0,"k":0,"ix":4},"sa":{"a":0,"k":0,"ix":5},"nm":"Transform"}],"nm":"Group 1","np":1,"cix":2,"bm":0,"ix":1,"mn":"ADBE Vector Group","hd":false},{"ty":"st","c":{"a":0,"k":[0,0,0,1],"ix":3},"o":{"a":0,"k":100,"ix":4},"w":{"a":0,"k":30.72,"ix":5},"lc":2,"lj":2,"bm":0,"nm":"Stroke 1","mn":"ADBE Vector Graphic - Stroke","hd":false}],"ip":0,"op":90,"st":0,"ct":1,"bm":0}],"markers":[{"tm":6,"cm":"","dr":0}],"props":{}}