{"v":"4.8.0","ip":0,"op":90,"fr":60,"w":512,"h":512,"nm":"Pointing Right #pointingright,#gesture,#direction,#right,#indicator,#hand,#point,#navigation,#control,#interface","assets":[],"layers":[{"ind":1,"ty":3,"nm":"NULL Layer 1","sr":1,"ks":{"o":{"a":0,"k":0},"r":{"a":0,"k":-90},"p":{"a":0,"k":[256,256,0]},"a":{"a":0,"k":[50,50,0]},"s":{"a":0,"k":[100,100,100]}},"ip":0,"op":90,"st":0},{"ind":2,"ty":4,"nm":"Layer 1","sr":1,"ks":{"o":{"a":0,"k":100},"r":{"a":0,"k":0},"p":{"k":[{"i":{"x":0.667,"y":1},"o":{"x":0.333,"y":0},"t":0,"s":[50,50,0],"ti":[0,0,0],"to":[0,0,0]},{"i":{"x":0.667,"y":1},"o":{"x":0.333,"y":0},"t":8,"s":[50,22,0],"ti":[0,0,0],"to":[0,0,0]},{"i":{"x":0.667,"y":1},"o":{"x":0.333,"y":0},"t":23,"s":[50,95,0],"ti":[0,0,0],"to":[0,0,0]},{"i":{"x":0.667,"y":1},"o":{"x":0.333,"y":0},"t":38,"s":[50,22,0],"ti":[0,0,0],"to":[0,0,0]},{"i":{"x":0.95,"y":1},"o":{"x":0.333,"y":0},"t":53,"s":[50,95,0],"ti":[0,0,0],"to":[0,0,0]},{"i":{"x":0.667,"y":0.667},"o":{"x":0.05,"y":0.05},"t":63,"s":[50,50,0],"ti":[0,0,0],"to":[0,0,0]},{"t":89,"s":[50,50,0]}],"x":"var $bm_rt;\nvar amp, freq, decay, n, n, t, t, v;\ntry {\n    amp = $bm_div(effect('Elastic: Position')(1), 200);\n    freq = $bm_div(effect('Elastic: Position')(2), 30);\n    decay = $bm_div(effect('Elastic: Position')(3), 10);\n    $bm_rt = n = 0;\n    if (numKeys > 0) {\n        $bm_rt = n = nearestKey(time).index;\n        if (key(n).time > time) {\n            n--;\n        }\n    }\n    if (n == 0) {\n        $bm_rt = t = 0;\n    } else {\n        $bm_rt = t = $bm_sub(time, key(n).time);\n    }\n    if (n > 0) {\n        v = velocityAtTime($bm_sub(key(n).time, $bm_div(thisComp.frameDuration, 10)));\n        $bm_rt = $bm_sum(value, $bm_div($bm_mul($bm_mul(v, amp), Math.sin($bm_mul($bm_mul($bm_mul(freq, t), 2), Math.PI))), Math.exp($bm_mul(decay, t))));\n    } else {\n        $bm_rt = value;\n    }\n} catch (e$$4) {\n    $bm_rt = value = value;\n}","a":1},"a":{"a":0,"k":[0,0,0]},"s":{"a":0,"k":[100,100,100]}},"shapes":[{"ty":"gr","nm":"Group 1","bm":0,"mn":"ADBE Vector Group","it":[{"ty":"sh","nm":"Path 1","mn":"ADBE Vector Shape - Group","ind":0,"ks":{"k":[{"i":{"x":0.667,"y":1},"o":{"x":0.333,"y":0},"t":4,"s":[{"i":[[-19.477,52.566],[34.345,34.345],[40.094,-49.859],[12.465,-34.407],[-18.325,-7.029],[-9.86,14.305],[0,0],[0,0],[-19.007,0],[-0.289,18.799],[0,0]],"o":[[19.599,-52.906],[-43.823,-43.823],[-25.443,31.64],[-6.685,18.452],[16.221,6.222],[0,0],[0,0],[0,19.005],[18.801,0],[0,0],[48.163,-4.6]],"v":[[146.182,6.715],[112.153,-150.542],[-94.232,-147.836],[-151.916,-43.391],[-130.466,1.991],[-86.013,-11.786],[-61.392,-47.507],[-61.392,149.905],[-26.976,184.32],[7.434,150.434],[8.802,61.397]],"c":true}]},{"i":{"x":0.667,"y":1},"o":{"x":0.333,"y":0},"t":20,"s":[{"i":[[-19.476,52.566],[34.345,34.345],[40.094,-49.859],[32.018,-17.721],[-9.182,-17.346],[-16.835,4.292],[0,0],[0,0],[-19.007,0],[-0.289,18.799],[0,0]],"o":[[19.599,-52.906],[-43.823,-43.823],[-25.443,31.64],[-17.172,9.504],[8.128,15.355],[0,0],[0,0],[0,19.005],[18.801,0],[0,0],[48.163,-4.6]],"v":[[146.182,6.715],[112.153,-150.542],[-94.232,-147.836],[-158.957,-88.742],[-172.644,-40.449],[-130.096,-21.592],[-61.392,-47.507],[-61.392,149.905],[-26.976,184.32],[7.434,150.434],[8.802,61.397]],"c":true}]},{"i":{"x":0.667,"y":1},"o":{"x":0.333,"y":0},"t":50,"s":[{"i":[[-19.476,52.566],[34.345,34.345],[40.094,-49.859],[32.018,-17.721],[-9.182,-17.346],[-16.835,4.292],[0,0],[0,0],[-19.007,0],[-0.289,18.799],[0,0]],"o":[[19.599,-52.906],[-43.823,-43.823],[-25.443,31.64],[-17.172,9.504],[8.128,15.355],[0,0],[0,0],[0,19.005],[18.801,0],[0,0],[48.163,-4.6]],"v":[[146.182,6.715],[112.153,-150.542],[-94.232,-147.836],[-158.957,-88.742],[-172.644,-40.449],[-130.096,-21.592],[-61.392,-47.507],[-61.392,149.905],[-26.976,184.32],[7.434,150.434],[8.802,61.397]],"c":true}]},{"t":67,"s":[{"i":[[-19.477,52.566],[34.345,34.345],[40.094,-49.859],[12.465,-34.407],[-18.325,-7.029],[-9.86,14.305],[0,0],[0,0],[-19.007,0],[-0.289,18.799],[0,0]],"o":[[19.599,-52.906],[-43.823,-43.823],[-25.443,31.64],[-6.685,18.452],[16.221,6.222],[0,0],[0,0],[0,19.005],[18.801,0],[0,0],[48.163,-4.6]],"v":[[146.182,6.715],[112.153,-150.542],[-94.232,-147.836],[-151.916,-43.391],[-130.466,1.991],[-86.013,-11.786],[-61.392,-47.507],[-61.392,149.905],[-26.976,184.32],[7.434,150.434],[8.802,61.397]],"c":true}]}],"a":1}},{"ty":"st","nm":"Stroke 1","bm":0,"mn":"ADBE Vector Graphic - Stroke","lc":2,"lj":2,"o":{"a":0,"k":100},"w":{"a":0,"k":30.72},"c":{"a":0,"k":[0,0,0,1]}},{"ty":"tr","o":{"a":0,"k":100},"r":{"a":0,"k":0},"p":{"a":0,"k":[0,0]},"a":{"a":0,"k":[0,0]},"s":{"a":0,"k":[100,100]},"nm":"Transform","sk":{"a":0,"k":0},"sa":{"a":0,"k":0}}]}],"ip":0,"op":90,"st":0,"ef":[{"ty":5,"ix":1,"nm":"Elastic: Position","mn":"Pseudo/MDS Elastic Controller","ef":[{"ix":1,"mn":"Pseudo/MDS Elastic Controller-0001","nm":"Amplitude","ty":0,"v":{"a":0,"k":20}},{"ix":2,"mn":"Pseudo/MDS Elastic Controller-0002","nm":"Frequency","ty":0,"v":{"a":0,"k":40}},{"ix":3,"mn":"Pseudo/MDS Elastic Controller-0003","nm":"Decay","ty":0,"v":{"a":0,"k":60}}],"en":1}],"parent":1}],"markers":[]}