{"v":"5.8.0","fr":60,"ip":0,"op":90,"w":512,"h":512,"nm":"013 Ringtone 2#ui,interface,notification,alert,announce,buzz,action","assets":[],"layers":[{"ind":1,"ty":4,"nm":"Mask","parent":4,"td":1,"sr":1,"ks":{"o":{"a":0,"k":100,"ix":11},"r":{"a":0,"k":0,"ix":10},"p":{"a":0,"k":[256.023,48.118,0],"ix":2,"l":2},"a":{"a":0,"k":[256.023,48.118,0],"ix":1,"l":2},"s":{"a":0,"k":[100,100,100],"ix":6,"l":2}},"ao":0,"shapes":[{"ty":"gr","it":[{"ty":"gr","it":[{"ind":0,"ty":"sh","ix":1,"ks":{"a":0,"k":{"i":[[0,0],[-3.377,0],[0,-3.377],[0,0],[-0.309,-0.657],[0,0],[1.559,0],[0,0],[-0.663,1.41],[0,0],[0,0.727]],"o":[[0,-3.377],[3.377,0],[0,0],[0,0.727],[0,0],[0.664,1.41],[0,0],[-1.558,0],[0,0],[0.308,-0.657],[0,0]],"v":[[-6.115,-0.584],[0.001,-6.698],[6.115,-0.584],[6.115,0.644],[6.585,2.745],[7.019,3.667],[5.096,6.698],[-5.096,6.698],[-7.02,3.667],[-6.585,2.745],[-6.116,0.644]],"c":true},"ix":2},"nm":"Path 1"},{"ty":"fl","c":{"a":0,"k":[1,0,0,1],"ix":4},"o":{"a":0,"k":100,"ix":5},"r":1,"nm":"Fill 1"},{"ty":"st","c":{"a":0,"k":[0,0,0,1],"ix":3},"o":{"a":0,"k":100,"ix":4},"w":{"a":0,"k":1.5,"ix":5},"lc":2,"lj":2,"nm":"Stroke 1"},{"ty":"tr","p":{"a":0,"k":[0,0],"ix":2},"a":{"a":0,"k":[0,0],"ix":1},"s":{"a":0,"k":[2133.523,2133.523],"ix":3},"r":{"a":0,"k":0,"ix":6},"o":{"a":0,"k":100,"ix":7},"sk":{"a":0,"k":0,"ix":4},"sa":{"a":0,"k":0,"ix":5},"nm":"Transform"}],"nm":"Vector","cix":2,"ix":1},{"ty":"tr","p":{"a":0,"k":[256.023,47.321],"ix":2},"a":{"a":0,"k":[0,-186],"ix":1},"s":{"a":0,"k":[100,100],"ix":3},"r":{"a":0,"k":0,"ix":6},"o":{"a":0,"k":100,"ix":7},"sk":{"a":0,"k":0,"ix":4},"sa":{"a":0,"k":0,"ix":5},"nm":"Transform"}],"nm":"Vector 3","cix":2,"ix":1}],"ip":0,"op":90,"st":0},{"ind":2,"ty":4,"nm":"Vector","parent":4,"tt":2,"sr":1,"ks":{"o":{"a":0,"k":40,"ix":11},"r":{"a":1,"k":[{"i":{"x":[0.667],"y":[1]},"o":{"x":[0.333],"y":[0]},"t":4,"s":[0]},{"i":{"x":[0.667],"y":[1]},"o":{"x":[0.333],"y":[0]},"t":14,"s":[12]},{"i":{"x":[0.667],"y":[1]},"o":{"x":[0.333],"y":[0]},"t":19,"s":[-13.2]},{"i":{"x":[0.667],"y":[1]},"o":{"x":[0.333],"y":[0]},"t":24,"s":[12]},{"i":{"x":[0.833],"y":[0.833]},"o":{"x":[0.333],"y":[0]},"t":29,"s":[-9.9]},{"t":34,"s":[0]}],"ix":10,"x":"var $bm_rt;\nvar amp, freq, decay, n, n, t, t, v;\ntry {\n    amp = $bm_div(effect('Elastic: Rotation')(1), 200);\n    freq = $bm_div(effect('Elastic: Rotation')(2), 30);\n    decay = $bm_div(effect('Elastic: Rotation')(3), 10);\n    $bm_rt = n = 0;\n    if (numKeys > 0) {\n        $bm_rt = n = nearestKey(time).index;\n        if (key(n).time > time) {\n            n--;\n        }\n    }\n    if (n == 0) {\n        $bm_rt = t = 0;\n    } else {\n        $bm_rt = t = $bm_sub(time, key(n).time);\n    }\n    if (n > 0) {\n        v = velocityAtTime($bm_sub(key(n).time, $bm_div(thisComp.frameDuration, 10)));\n        $bm_rt = $bm_sum(value, $bm_div($bm_mul($bm_mul(v, amp), Math.sin($bm_mul($bm_mul($bm_mul(freq, t), 2), Math.PI))), Math.exp($bm_mul(decay, t))));\n    } else {\n        $bm_rt = value;\n    }\n} catch (e$$4) {\n    $bm_rt = value = value;\n}"},"p":{"a":0,"k":[256.015,89.257,0],"ix":2,"l":2},"a":{"a":0,"k":[0,-328,0],"ix":1,"l":2},"s":{"a":0,"k":[100,100,100],"ix":6,"l":2}},"ao":0,"ef":[{"ty":5,"nm":"Elastic: Rotation","np":5,"ix":1,"en":1,"ef":[{"ty":0,"nm":"Amplitude","ix":1,"v":{"a":0,"k":20,"ix":1}},{"ty":0,"nm":"Frequency","ix":2,"v":{"a":0,"k":40,"ix":2}},{"ty":0,"nm":"Decay","ix":3,"v":{"a":0,"k":60,"ix":3}}]}],"shapes":[{"ty":"gr","it":[{"ind":0,"ty":"sh","ix":1,"ks":{"a":0,"k":{"i":[[0,0],[1.595,0],[0,1.594]],"o":[[0,1.594],[-1.594,0],[0,0]],"v":[[2.886,-1.443],[0,1.443],[-2.886,-1.443]],"c":false},"ix":2},"nm":"Path 1"},{"ty":"st","c":{"a":0,"k":[0,0,0,1],"ix":3},"o":{"a":0,"k":100,"ix":4},"w":{"a":0,"k":1.5,"ix":5},"lc":2,"lj":2,"nm":"Stroke 1"},{"ty":"tr","p":{"a":0,"k":[0,0],"ix":2},"a":{"a":0,"k":[0,0],"ix":1},"s":{"a":0,"k":[2133.523,2133.523],"ix":3},"r":{"a":0,"k":0,"ix":6},"o":{"a":0,"k":100,"ix":7},"sk":{"a":0,"k":0,"ix":4},"sa":{"a":0,"k":0,"ix":5},"nm":"Transform"}],"nm":"Vector","cix":2,"ix":1}],"ip":0,"op":90,"st":0},{"ind":3,"ty":4,"nm":"Vector 2","parent":4,"sr":1,"ks":{"o":{"a":0,"k":40,"ix":11},"r":{"a":0,"k":0,"ix":10},"p":{"a":0,"k":[208.385,174.537,0],"ix":2,"l":2},"a":{"a":0,"k":[0,0,0],"ix":1,"l":2},"s":{"a":0,"k":[100,100,100],"ix":6,"l":2}},"ao":0,"ef":[{"ty":5,"nm":"Elastic: Offset - Trim Paths 1","np":5,"ix":1,"en":1,"ef":[{"ty":0,"nm":"Amplitude","ix":1,"v":{"a":0,"k":20,"ix":1}},{"ty":0,"nm":"Frequency","ix":2,"v":{"a":0,"k":40,"ix":2}},{"ty":0,"nm":"Decay","ix":3,"v":{"a":0,"k":60,"ix":3}}]}],"shapes":[{"ty":"gr","it":[{"ind":0,"ty":"sh","ix":1,"ks":{"a":0,"k":{"i":[[1.346,2.393],[0.818,-0.27],[0.137,-0.863],[0.005,0],[0.844,-1.148]],"o":[[-1.476,-2.625],[-0.818,0.27],[0,0],[0.04,2.309],[-0.87,1.184]],"v":[[5.724,0.514],[0.779,-0.918],[-0.779,0.918],[-0.784,0.947],[-1.799,6.279]],"c":false},"ix":2},"nm":"Path 1"},{"ty":"st","c":{"a":0,"k":[0,0,0,1],"ix":3},"o":{"a":0,"k":100,"ix":4},"w":{"a":0,"k":1.5,"ix":5},"lc":2,"lj":2,"nm":"Stroke 1"},{"ty":"tr","p":{"a":0,"k":[0,0],"ix":2},"a":{"a":0,"k":[0,0],"ix":1},"s":{"a":0,"k":[2133.523,2133.523],"ix":3},"r":{"a":0,"k":0,"ix":6},"o":{"a":0,"k":100,"ix":7},"sk":{"a":0,"k":0,"ix":4},"sa":{"a":0,"k":0,"ix":5},"nm":"Transform"}],"nm":"Vector","cix":2,"ix":1},{"ty":"tm","s":{"a":0,"k":18,"ix":1},"e":{"a":0,"k":0,"ix":2},"o":{"a":1,"k":[{"i":{"x":[0.667],"y":[1]},"o":{"x":[0.333],"y":[0]},"t":3,"s":[149]},{"i":{"x":[0.833],"y":[0.833]},"o":{"x":[0.333],"y":[0]},"t":20,"s":[219.4]},{"t":23,"s":[149]}],"ix":3,"x":"var $bm_rt;\nvar amp, freq, decay, n, n, t, t, v;\ntry {\n    amp = $bm_div(effect('Elastic: Offset - Trim Paths 1')(1), 200);\n    freq = $bm_div(effect('Elastic: Offset - Trim Paths 1')(2), 30);\n    decay = $bm_div(effect('Elastic: Offset - Trim Paths 1')(3), 10);\n    $bm_rt = n = 0;\n    if (numKeys > 0) {\n        $bm_rt = n = nearestKey(time).index;\n        if (key(n).time > time) {\n            n--;\n        }\n    }\n    if (n == 0) {\n        $bm_rt = t = 0;\n    } else {\n        $bm_rt = t = $bm_sub(time, key(n).time);\n    }\n    if (n > 0) {\n        v = velocityAtTime($bm_sub(key(n).time, $bm_div(thisComp.frameDuration, 10)));\n        $bm_rt = $bm_sum(value, $bm_div($bm_mul($bm_mul(v, amp), Math.sin($bm_mul($bm_mul($bm_mul(freq, t), 2), Math.PI))), Math.exp($bm_mul(decay, t))));\n    } else {\n        $bm_rt = value;\n    }\n} catch (e$$4) {\n    $bm_rt = value = value;\n}"},"m":1,"ix":2,"nm":"Trim Paths 1"}],"ip":0,"op":90,"st":0},{"ind":4,"ty":4,"nm":"Vector :M","sr":1,"ks":{"o":{"a":0,"k":100,"ix":11},"r":{"a":1,"k":[{"i":{"x":[0.667],"y":[1]},"o":{"x":[0.333],"y":[0]},"t":0,"s":[0]},{"i":{"x":[0.667],"y":[1]},"o":{"x":[0.333],"y":[0]},"t":10,"s":[12]},{"i":{"x":[0.667],"y":[1]},"o":{"x":[0.333],"y":[0]},"t":15,"s":[-13.2]},{"i":{"x":[0.667],"y":[1]},"o":{"x":[0.333],"y":[0]},"t":20,"s":[12]},{"i":{"x":[0.833],"y":[0.833]},"o":{"x":[0.333],"y":[0]},"t":25,"s":[-13.2]},{"t":30,"s":[0]}],"ix":10,"x":"var $bm_rt;\nvar amp, freq, decay, n, n, t, t, v;\ntry {\n    amp = $bm_div(effect('Elastic Controller')(1), 200);\n    freq = $bm_div(effect('Elastic Controller')(2), 30);\n    decay = $bm_div(effect('Elastic Controller')(3), 10);\n    $bm_rt = n = 0;\n    if (numKeys > 0) {\n        $bm_rt = n = nearestKey(time).index;\n        if (key(n).time > time) {\n            n--;\n        }\n    }\n    if (n == 0) {\n        $bm_rt = t = 0;\n    } else {\n        $bm_rt = t = $bm_sub(time, key(n).time);\n    }\n    if (n > 0) {\n        v = velocityAtTime($bm_sub(key(n).time, $bm_div(thisComp.frameDuration, 10)));\n        $bm_rt = $bm_sum(value, $bm_div($bm_mul($bm_mul(v, amp), Math.sin($bm_mul($bm_mul($bm_mul(freq, t), 2), Math.PI))), Math.exp($bm_mul(decay, t))));\n    } else {\n        $bm_rt = value;\n    }\n} catch (e$$4) {\n    $bm_rt = value = value;\n}"},"p":{"a":0,"k":[256.023,48.118,0],"ix":2,"l":2},"a":{"a":0,"k":[256.023,48.118,0],"ix":1,"l":2},"s":{"a":1,"k":[{"i":{"x":[0.667,0.667,0.667],"y":[1,1,1]},"o":{"x":[0.75,0.75,0.75],"y":[0,0,0]},"t":4,"s":[100,100,100]},{"i":{"x":[0.833,0.833,0.833],"y":[0.833,0.833,1]},"o":{"x":[0.333,0.333,0.333],"y":[0,0,0]},"t":19,"s":[85,85,100]},{"t":24,"s":[100,100,100]}],"ix":6,"l":2,"x":"var $bm_rt;\nvar amp, freq, decay, n, n, t, t, v;\ntry {\n    amp = $bm_div(effect('Elastic Controller')(1), 200);\n    freq = $bm_div(effect('Elastic Controller')(2), 30);\n    decay = $bm_div(effect('Elastic Controller')(3), 10);\n    $bm_rt = n = 0;\n    if (numKeys > 0) {\n        $bm_rt = n = nearestKey(time).index;\n        if (key(n).time > time) {\n            n--;\n        }\n    }\n    if (n == 0) {\n        $bm_rt = t = 0;\n    } else {\n        $bm_rt = t = $bm_sub(time, key(n).time);\n    }\n    if (n > 0) {\n        v = velocityAtTime($bm_sub(key(n).time, $bm_div(thisComp.frameDuration, 10)));\n        $bm_rt = $bm_sum(value, $bm_div($bm_mul($bm_mul(v, amp), Math.sin($bm_mul($bm_mul($bm_mul(freq, t), 2), Math.PI))), Math.exp($bm_mul(decay, t))));\n    } else {\n        $bm_rt = value;\n    }\n} catch (e$$4) {\n    $bm_rt = value = value;\n}"}},"ao":0,"ef":[{"ty":5,"nm":"Elastic Controller","np":5,"ix":1,"en":1,"ef":[{"ty":0,"nm":"Amplitude","ix":1,"v":{"a":0,"k":20,"ix":1}},{"ty":0,"nm":"Frequency","ix":2,"v":{"a":0,"k":40,"ix":2}},{"ty":0,"nm":"Decay","ix":3,"v":{"a":0,"k":60,"ix":3}}]}],"shapes":[{"ty":"gr","it":[{"ty":"gr","it":[{"ind":0,"ty":"sh","ix":1,"ks":{"a":0,"k":{"i":[[0,0],[0,0]],"o":[[0,0],[0,0]],"v":[[0,0.619],[0,-0.619]],"c":false},"ix":2},"nm":"Path 1"},{"ty":"st","c":{"a":0,"k":[0,0,0,1],"ix":3},"o":{"a":0,"k":100,"ix":4},"w":{"a":0,"k":1.5,"ix":5},"lc":2,"lj":2,"nm":"Stroke 1"},{"ty":"tr","p":{"a":0,"k":[0,0],"ix":2},"a":{"a":0,"k":[0,0],"ix":1},"s":{"a":0,"k":[2133.523,2133.523],"ix":3},"r":{"a":0,"k":0,"ix":6},"o":{"a":0,"k":100,"ix":7},"sk":{"a":0,"k":0,"ix":4},"sa":{"a":0,"k":0,"ix":5},"nm":"Transform"}],"nm":"Vector","cix":2,"ix":1},{"ty":"tr","p":{"a":0,"k":[256.023,42.208],"ix":2},"a":{"a":0,"k":[0,-35],"ix":1},"s":{"a":0,"k":[100,100],"ix":3},"r":{"a":0,"k":0,"ix":6},"o":{"a":0,"k":100,"ix":7},"sk":{"a":0,"k":0,"ix":4},"sa":{"a":0,"k":0,"ix":5},"nm":"Transform"}],"nm":"Vector 2","cix":2,"ix":1},{"ty":"gr","it":[{"ty":"gr","it":[{"ind":0,"ty":"sh","ix":1,"ks":{"a":0,"k":{"i":[[0,0],[-3.377,0],[0,-3.377],[0,0],[-0.309,-0.657],[0,0],[1.559,0],[0,0],[-0.663,1.41],[0,0],[0,0.727]],"o":[[0,-3.377],[3.377,0],[0,0],[0,0.727],[0,0],[0.664,1.41],[0,0],[-1.558,0],[0,0],[0.308,-0.657],[0,0]],"v":[[-6.115,-0.584],[0.001,-6.698],[6.115,-0.584],[6.115,0.644],[6.585,2.745],[7.019,3.667],[5.096,6.698],[-5.096,6.698],[-7.02,3.667],[-6.585,2.745],[-6.116,0.644]],"c":true},"ix":2},"nm":"Path 1"},{"ty":"st","c":{"a":0,"k":[0,0,0,1],"ix":3},"o":{"a":0,"k":100,"ix":4},"w":{"a":0,"k":1.5,"ix":5},"lc":2,"lj":2,"nm":"Stroke 1"},{"ty":"tr","p":{"a":0,"k":[0,0],"ix":2},"a":{"a":0,"k":[0,0],"ix":1},"s":{"a":0,"k":[2133.523,2133.523],"ix":3},"r":{"a":0,"k":0,"ix":6},"o":{"a":0,"k":100,"ix":7},"sk":{"a":0,"k":0,"ix":4},"sa":{"a":0,"k":0,"ix":5},"nm":"Transform"}],"nm":"Vector","cix":2,"ix":1},{"ty":"tr","p":{"a":0,"k":[256.023,47.321],"ix":2},"a":{"a":0,"k":[0,-186],"ix":1},"s":{"a":0,"k":[100,100],"ix":3},"r":{"a":0,"k":0,"ix":6},"o":{"a":0,"k":100,"ix":7},"sk":{"a":0,"k":0,"ix":4},"sa":{"a":0,"k":0,"ix":5},"nm":"Transform"}],"nm":"Vector 3","cix":2,"ix":2}],"ip":0,"op":90,"st":0}],"markers":[]}