{"v":"5.12.1","fr":60,"ip":0,"op":90,"w":512,"h":512,"nm":"Setting#general,tools,tool,setting,filter,edit,option-10","ddd":0,"assets":[],"layers":[{"ddd":0,"ind":1,"ty":4,"nm":"Layer 8","sr":1,"ks":{"o":{"a":0,"k":100,"ix":11},"r":{"a":0,"k":0,"ix":10},"p":{"a":0,"k":[256,256,0],"ix":2,"l":2},"a":{"a":0,"k":[266.25,256,0],"ix":1,"l":2},"s":{"a":0,"k":[100,100,100],"ix":6,"l":2}},"ao":0,"ef":[{"ty":5,"nm":"Elastic Controller","np":5,"mn":"Pseudo/MDS Elastic Controller","ix":1,"en":1,"ef":[{"ty":0,"nm":"Amplitude","mn":"Pseudo/MDS Elastic Controller-0001","ix":1,"v":{"a":0,"k":20,"ix":1}},{"ty":0,"nm":"Frequency","mn":"Pseudo/MDS Elastic Controller-0002","ix":2,"v":{"a":0,"k":60,"ix":2}},{"ty":0,"nm":"Decay","mn":"Pseudo/MDS Elastic Controller-0003","ix":3,"v":{"a":0,"k":90,"ix":3}}]}],"shapes":[{"ty":"gr","it":[{"ty":"gr","it":[{"ty":"gr","it":[{"ind":0,"ty":"sh","ix":1,"ks":{"a":0,"k":{"i":[[0,0],[4.5,2.6],[0,0],[0,5.3],[0,0],[-4.6,2.7],[0,0],[-4.5,-2.6],[0,0],[0,-5.3],[0,0],[4.6,-2.7]],"o":[[-4.6,2.6],[0,0],[-4.6,-2.6],[0,0],[0,-5.3],[0,0],[4.6,-2.6],[0,0],[4.6,2.6],[0,0],[0,5.3],[0,0]],"v":[[7.35,68.701],[-7.35,68.701],[-55.75,40.701],[-63.15,27.9],[-63.15,-28],[-55.75,-40.801],[-7.35,-68.801],[7.35,-68.801],[55.75,-40.801],[63.15,-28],[63.15,28],[55.75,40.801]],"c":true},"ix":2},"nm":"Path 1","mn":"ADBE Vector Shape - Group","hd":false},{"ind":1,"ty":"sh","ix":2,"ks":{"a":0,"k":{"i":[[0,0],[-2.9,0],[0,0],[-2,-2],[0,0],[-4.2,4.2],[0,0],[-2.9,0],[0,0],[-2,-2],[0,0],[0,-2.8],[0,0],[-5.9,0],[0,0],[-2,-2],[0,0],[0,-2.9],[0,0],[2,-2],[0,0],[-4.2,-4.2],[0,0],[0,-2.9],[0,0],[2,-2],[0,0],[2.8,0],[0,0],[0,-5.9],[0,0],[2,-2],[0,0],[2.9,0],[0,0],[2,2],[0,0],[4.2,-4.2],[0,0],[2.9,0],[0,0],[2,2],[0,0],[0,2.8],[0,0],[5.9,0],[0,0],[2,2],[0,0],[0,2.9],[0,0],[-2,2],[0,0],[4.2,4.2],[0,0],[0,2.9],[0,0],[-2,2],[0,0],[-2.8,0],[0,0],[0,5.9],[0,0],[-2,2]],"o":[[2,-2],[0,0],[2.8,0],[0,0],[4.2,4.2],[0,0],[2,-2],[0,0],[2.8,0],[0,0],[2,2],[0,0],[0,5.9],[0,0],[2.8,0],[0,0],[2,2],[0,0],[0,2.8],[0,0],[-4.2,4.2],[0,0],[2,2],[0,0],[0,2.8],[0,0],[-2,2],[0,0],[-5.9,0],[0,0],[0,2.8],[0,0],[-2,2],[0,0],[-2.8,0],[0,0],[-4.2,-4.2],[0,0],[-2,2],[0,0],[-2.8,0],[0,0],[-2,-2],[0,0],[0,-5.9],[0,0],[-2.8,0],[0,0],[-2,-2],[0,0],[0,-2.8],[0,0],[4.2,-4.2],[0,0],[-2,-2],[0,0],[0,-2.8],[0,0],[2,-2],[0,0],[5.9,0],[0,0],[0,-2.8],[0,0]],"v":[[-82.65,-188.9],[-75.05,-192],[-37.45,-192],[-29.85,-188.9],[-7.45,-166.4],[7.65,-166.4],[30.05,-188.9],[37.65,-192],[75.25,-192],[82.85,-188.9],[109.35,-162.2],[112.45,-154.7],[112.45,-123],[123.15,-112.3],[154.85,-112.3],[162.35,-109.2],[189.05,-82.7],[192.15,-75.1],[192.15,-37.5],[189.05,-29.9],[166.45,-7.6],[166.45,7.5],[188.95,29.9],[192.05,37.5],[192.05,75.1],[188.95,82.7],[162.25,109.2],[154.75,112.3],[123.05,112.3],[112.35,123],[112.35,154.7],[109.25,162.2],[82.75,188.9],[75.15,192],[37.45,192],[29.85,188.9],[7.45,166.4],[-7.65,166.4],[-30.05,188.9],[-37.65,192],[-75.25,192],[-82.85,188.9],[-109.35,162.2],[-112.45,154.7],[-112.45,123],[-123.15,112.3],[-154.85,112.3],[-162.35,109.2],[-189.05,82.7],[-192.15,75.1],[-192.15,37.5],[-189.05,29.9],[-166.55,7.5],[-166.55,-7.6],[-189.05,-30],[-192.15,-37.6],[-192.15,-75.2],[-189.05,-82.8],[-162.35,-109.3],[-154.85,-112.4],[-123.15,-112.4],[-112.45,-123.1],[-112.45,-154.8],[-109.35,-162.3]],"c":true},"ix":2},"nm":"Path 2","mn":"ADBE Vector Shape - Group","hd":false},{"ty":"tr","p":{"a":0,"k":[266.25,256],"ix":2},"a":{"a":0,"k":[0,0],"ix":1},"s":{"a":0,"k":[100,100],"ix":3},"r":{"a":1,"k":[{"i":{"x":[0.833],"y":[0.833]},"o":{"x":[0.333],"y":[0]},"t":4,"s":[0]},{"t":27,"s":[180]}],"ix":6,"x":"var $bm_rt;\nvar eff, amp, freq, decay, n, n, t, t, v;\ntry {\n    eff = effect('Elastic Controller');\n    amp = $bm_div(eff(1), 200);\n    freq = $bm_div(eff(2), 30);\n    decay = $bm_div(eff(3), 10);\n    $bm_rt = n = 0;\n    if (numKeys > 0) {\n        $bm_rt = n = nearestKey(time).index;\n        if (key(n).time > time) {\n            n--;\n        }\n    }\n    if (n == 0) {\n        $bm_rt = t = 0;\n    } else {\n        $bm_rt = t = $bm_sub(time, key(n).time);\n    }\n    if (n > 0) {\n        v = velocityAtTime($bm_sub(key(n).time, $bm_div(thisComp.frameDuration, 10)));\n        $bm_rt = $bm_sum(value, $bm_div($bm_mul($bm_mul(v, amp), Math.sin($bm_mul($bm_mul($bm_mul(freq, t), 2), Math.PI))), Math.exp($bm_mul(decay, t))));\n    } else {\n        $bm_rt = value;\n    }\n} catch (e) {\n    $bm_rt = value = value;\n}"},"o":{"a":0,"k":100,"ix":7},"sk":{"a":0,"k":0,"ix":4},"sa":{"a":0,"k":0,"ix":5},"nm":"Transform"}],"nm":"Group 5","np":2,"cix":2,"bm":0,"ix":1,"mn":"ADBE Vector Group","hd":false},{"ty":"tr","p":{"a":0,"k":[266.25,256],"ix":2},"a":{"a":0,"k":[266.25,256],"ix":1},"s":{"a":1,"k":[{"i":{"x":[0.833,0.833],"y":[0.833,1]},"o":{"x":[0.333,0.333],"y":[0,0]},"t":0,"s":[100,100]},{"i":{"x":[0.667,0.667],"y":[1,1]},"o":{"x":[0.167,0.167],"y":[0,0]},"t":7,"s":[85,100]},{"i":{"x":[0.833,0.833],"y":[0.833,1]},"o":{"x":[0.333,0.333],"y":[0,0]},"t":28,"s":[85,100]},{"t":34,"s":[100,100]}],"ix":3,"x":"var $bm_rt;\nvar eff, amp, freq, decay, n, n, t, t, v;\ntry {\n    eff = effect('Elastic Controller');\n    amp = $bm_div(eff(1), 200);\n    freq = $bm_div(eff(2), 30);\n    decay = $bm_div(eff(3), 10);\n    $bm_rt = n = 0;\n    if (numKeys > 0) {\n        $bm_rt = n = nearestKey(time).index;\n        if (key(n).time > time) {\n            n--;\n        }\n    }\n    if (n == 0) {\n        $bm_rt = t = 0;\n    } else {\n        $bm_rt = t = $bm_sub(time, key(n).time);\n    }\n    if (n > 0) {\n        v = velocityAtTime($bm_sub(key(n).time, $bm_div(thisComp.frameDuration, 10)));\n        $bm_rt = $bm_sum(value, $bm_div($bm_mul($bm_mul(v, amp), Math.sin($bm_mul($bm_mul($bm_mul(freq, t), 2), Math.PI))), Math.exp($bm_mul(decay, t))));\n    } else {\n        $bm_rt = value;\n    }\n} catch (e) {\n    $bm_rt = value = value;\n}"},"r":{"a":0,"k":0,"ix":6},"o":{"a":0,"k":100,"ix":7},"sk":{"a":0,"k":0,"ix":4},"sa":{"a":0,"k":0,"ix":5},"nm":"Transform"}],"nm":"Group 1","np":1,"cix":2,"bm":0,"ix":1,"mn":"ADBE Vector Group","hd":false},{"ty":"tr","p":{"a":0,"k":[266.25,256],"ix":2},"a":{"a":0,"k":[266.25,256],"ix":1},"s":{"a":1,"k":[{"i":{"x":[0.833,0.833],"y":[1,0.833]},"o":{"x":[0.333,0.333],"y":[0,0]},"t":0,"s":[100,100]},{"i":{"x":[0.667,0.667],"y":[1,1]},"o":{"x":[0.167,0.167],"y":[0,0]},"t":7,"s":[100,85]},{"i":{"x":[0.833,0.833],"y":[1,0.833]},"o":{"x":[0.333,0.333],"y":[0,0]},"t":25,"s":[100,85]},{"t":31,"s":[100,100]}],"ix":3,"x":"var $bm_rt;\nvar eff, amp, freq, decay, n, n, t, t, v;\ntry {\n    eff = effect('Elastic Controller');\n    amp = $bm_div(eff(1), 200);\n    freq = $bm_div(eff(2), 30);\n    decay = $bm_div(eff(3), 10);\n    $bm_rt = n = 0;\n    if (numKeys > 0) {\n        $bm_rt = n = nearestKey(time).index;\n        if (key(n).time > time) {\n            n--;\n        }\n    }\n    if (n == 0) {\n        $bm_rt = t = 0;\n    } else {\n        $bm_rt = t = $bm_sub(time, key(n).time);\n    }\n    if (n > 0) {\n        v = velocityAtTime($bm_sub(key(n).time, $bm_div(thisComp.frameDuration, 10)));\n        $bm_rt = $bm_sum(value, $bm_div($bm_mul($bm_mul(v, amp), Math.sin($bm_mul($bm_mul($bm_mul(freq, t), 2), Math.PI))), Math.exp($bm_mul(decay, t))));\n    } else {\n        $bm_rt = value;\n    }\n} catch (e) {\n    $bm_rt = value = value;\n}"},"r":{"a":0,"k":0,"ix":6},"o":{"a":0,"k":100,"ix":7},"sk":{"a":0,"k":0,"ix":4},"sa":{"a":0,"k":0,"ix":5},"nm":"Transform"}],"nm":"Group 3","np":1,"cix":2,"bm":0,"ix":1,"mn":"ADBE Vector Group","hd":false},{"ty":"st","c":{"a":0,"k":[0,0,0,1],"ix":3},"o":{"a":0,"k":100,"ix":4},"w":{"a":0,"k":32,"ix":5},"lc":2,"lj":2,"bm":0,"nm":"Stroke 1","mn":"ADBE Vector Graphic - Stroke","hd":false}],"ip":0,"op":90,"st":0,"ct":1,"bm":0}],"markers":[],"props":{}}