{"v":"5.12.1","fr":60,"ip":0,"op":90,"w":512,"h":512,"nm":"Setting#general,tools,tool,setting,filter,edit,option-9","ddd":0,"assets":[],"layers":[{"ddd":0,"ind":1,"ty":4,"nm":"Layer 8","sr":1,"ks":{"o":{"a":0,"k":100,"ix":11},"r":{"a":0,"k":0,"ix":10},"p":{"a":0,"k":[256,256,0],"ix":2,"l":2},"a":{"a":0,"k":[266.25,256,0],"ix":1,"l":2},"s":{"a":0,"k":[100,100,100],"ix":6,"l":2}},"ao":0,"ef":[{"ty":5,"nm":"Elastic Controller","np":5,"mn":"Pseudo/MDS Elastic Controller","ix":1,"en":1,"ef":[{"ty":0,"nm":"Amplitude","mn":"Pseudo/MDS Elastic Controller-0001","ix":1,"v":{"a":0,"k":20,"ix":1}},{"ty":0,"nm":"Frequency","mn":"Pseudo/MDS Elastic Controller-0002","ix":2,"v":{"a":0,"k":60,"ix":2}},{"ty":0,"nm":"Decay","mn":"Pseudo/MDS Elastic Controller-0003","ix":3,"v":{"a":0,"k":90,"ix":3}}]}],"shapes":[{"ty":"gr","it":[{"ty":"gr","it":[{"ty":"gr","it":[{"ind":0,"ty":"sh","ix":1,"ks":{"a":0,"k":{"i":[[0,0],[4.5,2.6],[0,0],[0,5.3],[0,0],[-4.6,2.7],[0,0],[-4.5,-2.6],[0,0],[0,-5.3],[0,0],[4.6,-2.7]],"o":[[-4.6,2.6],[0,0],[-4.6,-2.6],[0,0],[0,-5.3],[0,0],[4.6,-2.6],[0,0],[4.6,2.6],[0,0],[0,5.3],[0,0]],"v":[[7.35,68.701],[-7.35,68.701],[-55.75,40.701],[-63.15,27.9],[-63.15,-28],[-55.75,-40.801],[-7.35,-68.801],[7.35,-68.801],[55.75,-40.801],[63.15,-28],[63.15,28],[55.75,40.801]],"c":true},"ix":2},"nm":"Path 1","mn":"ADBE Vector Shape - Group","hd":false},{"ind":1,"ty":"sh","ix":2,"ks":{"a":0,"k":{"i":[[0,0],[-3.1,-3.1],[0,0],[-4.2,4.2],[0,0],[-4.1,-1.7],[0,0],[0,-4.3],[0,0],[-6,0],[0,0],[-1.6,-4],[0,0],[3.1,-3.1],[0,0],[-4.2,-4.2],[0,0],[1.7,-4.1],[0,0],[4.3,0],[0,0],[0,-6],[0,0],[4,-1.6],[0,0],[3.1,3.1],[0,0],[4.2,-4.2],[0,0],[4.1,1.7],[0,0],[0,4.3],[0,0],[6,0],[0,0],[1.6,4],[0,0],[-3.1,3.1],[0,0],[4.2,4.2],[0,0],[-1.7,4.1],[0,0],[-4.3,0],[0,0],[0,6],[0,0],[-4,1.6]],"o":[[4,-1.7],[0,0],[4.2,4.2],[0,0],[3.1,-3.1],[0,0],[4,1.7],[0,0],[0,6],[0,0],[4.4,0],[0,0],[1.7,4],[0,0],[-4.2,4.2],[0,0],[3.1,3.1],[0,0],[-1.7,4],[0,0],[-5.9,0],[0,0],[0,4.4],[0,0],[-4,1.7],[0,0],[-4.2,-4.2],[0,0],[-3.1,3.1],[0,0],[-4,-1.7],[0,0],[0,-6],[0,0],[-4.4,0],[0,0],[-1.7,-4],[0,0],[4.2,-4.2],[0,0],[-3.1,-3.1],[0,0],[1.7,-4],[0,0],[6,0],[0,0],[0,-4.4],[0,0]],"v":[[-40.05,-191.203],[-28.25,-188.903],[-7.55,-168.203],[7.75,-168.203],[28.25,-188.803],[40.05,-191.103],[106.75,-163.402],[113.35,-153.502],[113.35,-124.202],[124.15,-113.402],[153.45,-113.402],[163.35,-106.802],[191.05,-40.101],[188.75,-28.3],[168.05,-7.6],[168.05,7.7],[188.75,28.4],[191.05,40.201],[163.35,106.902],[153.45,113.502],[124.25,113.502],[113.45,124.302],[113.45,153.602],[106.85,163.503],[40.15,191.203],[28.35,188.903],[7.65,168.203],[-7.65,168.203],[-28.35,188.903],[-40.15,191.203],[-106.85,163.503],[-113.45,153.602],[-113.45,124.302],[-124.25,113.502],[-153.55,113.502],[-163.45,106.902],[-191.15,40.201],[-188.85,28.4],[-168.15,7.7],[-168.15,-7.6],[-188.85,-28.3],[-191.15,-40.101],[-163.45,-106.802],[-153.55,-113.402],[-124.25,-113.402],[-113.45,-124.202],[-113.45,-153.502],[-106.85,-163.402]],"c":true},"ix":2},"nm":"Path 2","mn":"ADBE Vector Shape - Group","hd":false},{"ty":"tr","p":{"a":0,"k":[266.25,256],"ix":2},"a":{"a":0,"k":[0,0],"ix":1},"s":{"a":0,"k":[100,100],"ix":3},"r":{"a":1,"k":[{"i":{"x":[0.833],"y":[0.833]},"o":{"x":[0.333],"y":[0]},"t":4,"s":[0]},{"t":27,"s":[-180]}],"ix":6,"x":"var $bm_rt;\nvar eff, amp, freq, decay, n, n, t, t, v;\ntry {\n    eff = effect('Elastic Controller');\n    amp = $bm_div(eff(1), 200);\n    freq = $bm_div(eff(2), 30);\n    decay = $bm_div(eff(3), 10);\n    $bm_rt = n = 0;\n    if (numKeys > 0) {\n        $bm_rt = n = nearestKey(time).index;\n        if (key(n).time > time) {\n            n--;\n        }\n    }\n    if (n == 0) {\n        $bm_rt = t = 0;\n    } else {\n        $bm_rt = t = $bm_sub(time, key(n).time);\n    }\n    if (n > 0) {\n        v = velocityAtTime($bm_sub(key(n).time, $bm_div(thisComp.frameDuration, 10)));\n        $bm_rt = $bm_sum(value, $bm_div($bm_mul($bm_mul(v, amp), Math.sin($bm_mul($bm_mul($bm_mul(freq, t), 2), Math.PI))), Math.exp($bm_mul(decay, t))));\n    } else {\n        $bm_rt = value;\n    }\n} catch (e) {\n    $bm_rt = value = value;\n}"},"o":{"a":0,"k":100,"ix":7},"sk":{"a":0,"k":0,"ix":4},"sa":{"a":0,"k":0,"ix":5},"nm":"Transform"}],"nm":"Group 5","np":2,"cix":2,"bm":0,"ix":1,"mn":"ADBE Vector Group","hd":false},{"ty":"tr","p":{"a":0,"k":[266.25,256],"ix":2},"a":{"a":0,"k":[266.25,256],"ix":1},"s":{"a":1,"k":[{"i":{"x":[0.833,0.833],"y":[0.833,1]},"o":{"x":[0.333,0.333],"y":[0,0]},"t":0,"s":[100,100]},{"i":{"x":[0.667,0.667],"y":[1,1]},"o":{"x":[0.167,0.167],"y":[0,0]},"t":7,"s":[85,100]},{"i":{"x":[0.833,0.833],"y":[0.833,1]},"o":{"x":[0.333,0.333],"y":[0,0]},"t":23,"s":[85,100]},{"t":29,"s":[100,100]}],"ix":3,"x":"var $bm_rt;\nvar eff, amp, freq, decay, n, n, t, t, v;\ntry {\n    eff = effect('Elastic Controller');\n    amp = $bm_div(eff(1), 200);\n    freq = $bm_div(eff(2), 30);\n    decay = $bm_div(eff(3), 10);\n    $bm_rt = n = 0;\n    if (numKeys > 0) {\n        $bm_rt = n = nearestKey(time).index;\n        if (key(n).time > time) {\n            n--;\n        }\n    }\n    if (n == 0) {\n        $bm_rt = t = 0;\n    } else {\n        $bm_rt = t = $bm_sub(time, key(n).time);\n    }\n    if (n > 0) {\n        v = velocityAtTime($bm_sub(key(n).time, $bm_div(thisComp.frameDuration, 10)));\n        $bm_rt = $bm_sum(value, $bm_div($bm_mul($bm_mul(v, amp), Math.sin($bm_mul($bm_mul($bm_mul(freq, t), 2), Math.PI))), Math.exp($bm_mul(decay, t))));\n    } else {\n        $bm_rt = value;\n    }\n} catch (e) {\n    $bm_rt = value = value;\n}"},"r":{"a":0,"k":0,"ix":6},"o":{"a":0,"k":100,"ix":7},"sk":{"a":0,"k":0,"ix":4},"sa":{"a":0,"k":0,"ix":5},"nm":"Transform"}],"nm":"Group 1","np":1,"cix":2,"bm":0,"ix":1,"mn":"ADBE Vector Group","hd":false},{"ty":"tr","p":{"a":0,"k":[266.25,256],"ix":2},"a":{"a":0,"k":[266.25,256],"ix":1},"s":{"a":1,"k":[{"i":{"x":[0.833,0.833],"y":[1,0.833]},"o":{"x":[0.333,0.333],"y":[0,0]},"t":0,"s":[100,100]},{"i":{"x":[0.667,0.667],"y":[1,1]},"o":{"x":[0.167,0.167],"y":[0,0]},"t":7,"s":[100,85]},{"i":{"x":[0.833,0.833],"y":[1,0.833]},"o":{"x":[0.333,0.333],"y":[0,0]},"t":28,"s":[100,85]},{"t":34,"s":[100,100]}],"ix":3,"x":"var $bm_rt;\nvar eff, amp, freq, decay, n, n, t, t, v;\ntry {\n    eff = effect('Elastic Controller');\n    amp = $bm_div(eff(1), 200);\n    freq = $bm_div(eff(2), 30);\n    decay = $bm_div(eff(3), 10);\n    $bm_rt = n = 0;\n    if (numKeys > 0) {\n        $bm_rt = n = nearestKey(time).index;\n        if (key(n).time > time) {\n            n--;\n        }\n    }\n    if (n == 0) {\n        $bm_rt = t = 0;\n    } else {\n        $bm_rt = t = $bm_sub(time, key(n).time);\n    }\n    if (n > 0) {\n        v = velocityAtTime($bm_sub(key(n).time, $bm_div(thisComp.frameDuration, 10)));\n        $bm_rt = $bm_sum(value, $bm_div($bm_mul($bm_mul(v, amp), Math.sin($bm_mul($bm_mul($bm_mul(freq, t), 2), Math.PI))), Math.exp($bm_mul(decay, t))));\n    } else {\n        $bm_rt = value;\n    }\n} catch (e) {\n    $bm_rt = value = value;\n}"},"r":{"a":0,"k":0,"ix":6},"o":{"a":0,"k":100,"ix":7},"sk":{"a":0,"k":0,"ix":4},"sa":{"a":0,"k":0,"ix":5},"nm":"Transform"}],"nm":"Group 3","np":1,"cix":2,"bm":0,"ix":1,"mn":"ADBE Vector Group","hd":false},{"ty":"st","c":{"a":0,"k":[0,0,0,1],"ix":3},"o":{"a":0,"k":100,"ix":4},"w":{"a":0,"k":32,"ix":5},"lc":2,"lj":2,"bm":0,"nm":"Stroke 1","mn":"ADBE Vector Graphic - Stroke","hd":false}],"ip":0,"op":90,"st":0,"ct":1,"bm":0}],"markers":[],"props":{}}