{"v":"4.8.0","meta":{"g":"LottieFiles AE 3.5.3","a":"","k":"","d":"","tc":""},"fr":60,"ip":0,"op":90,"w":512,"h":512,"nm":"65 Shield 2","assets":[],"layers":[{"ind":1,"ty":4,"nm":"Layer 5","sr":1,"ks":{"o":{"a":0,"k":100,"ix":11},"r":{"a":0,"k":0,"ix":10,"x":"var $bm_rt;\nvar eff, amp, freq, decay, n, n, t, t, v;\ntry {\n    eff = effect('Elastic Controller');\n    amp = $bm_div(eff(1), 200);\n    freq = $bm_div(eff(2), 30);\n    decay = $bm_div(eff(3), 10);\n    $bm_rt = n = 0;\n    if (numKeys > 0) {\n        $bm_rt = n = nearestKey(time).index;\n        if (key(n).time > time) {\n            n--;\n        }\n    }\n    if (n == 0) {\n        $bm_rt = t = 0;\n    } else {\n        $bm_rt = t = $bm_sub(time, key(n).time);\n    }\n    if (n > 0) {\n        v = velocityAtTime($bm_sub(key(n).time, $bm_div(thisComp.frameDuration, 10)));\n        $bm_rt = $bm_sum(value, $bm_div($bm_mul($bm_mul(v, amp), Math.sin($bm_mul($bm_mul($bm_mul(freq, t), 2), Math.PI))), Math.exp($bm_mul(decay, t))));\n    } else {\n        $bm_rt = value;\n    }\n} catch (e) {\n    $bm_rt = value = value;\n}"},"p":{"a":0,"k":[255.526,265.442,0],"ix":2,"x":"var $bm_rt;\nvar eff, amp, freq, decay, n, n, t, t, v;\ntry {\n    eff = effect('Elastic Controller');\n    amp = $bm_div(eff(1), 250);\n    freq = $bm_div(eff(2), 30);\n    decay = $bm_div(eff(3), 10);\n    $bm_rt = n = 0;\n    if (numKeys > 0) {\n        $bm_rt = n = nearestKey(time).index;\n        if (key(n).time > time) {\n            n--;\n        }\n    }\n    if (n == 0) {\n        $bm_rt = t = 0;\n    } else {\n        $bm_rt = t = $bm_sub(time, key(n).time);\n    }\n    if (n > 0) {\n        v = velocityAtTime($bm_sub(key(n).time, $bm_div(thisComp.frameDuration, 10)));\n        $bm_rt = $bm_sum(value, $bm_div($bm_mul($bm_mul(v, amp), Math.sin($bm_mul($bm_mul($bm_mul(freq, t), 2), Math.PI))), Math.exp($bm_mul(decay, t))));\n    } else {\n        $bm_rt = value;\n    }\n} catch (e) {\n    $bm_rt = value = value;\n}"},"a":{"a":0,"k":[135.039,90.39,0],"ix":1},"s":{"a":0,"k":[100,100,100],"ix":6}},"ao":0,"ef":[{"ty":5,"nm":"Elastic Controller","np":5,"ix":1,"en":1,"ef":[{"ty":0,"nm":"Amplitude","ix":1,"v":{"a":0,"k":44.7,"ix":1}},{"ty":0,"nm":"Frequency","ix":2,"v":{"a":0,"k":60,"ix":2}},{"ty":0,"nm":"Decay","ix":3,"v":{"a":0,"k":90,"ix":3}}]},{"ty":5,"nm":"Elastic Controller 2","np":5,"ix":2,"en":1,"ef":[{"ty":0,"nm":"Amplitude","ix":1,"v":{"a":0,"k":20,"ix":1}},{"ty":0,"nm":"Frequency","ix":2,"v":{"a":0,"k":60,"ix":2}},{"ty":0,"nm":"Decay","ix":3,"v":{"a":0,"k":90,"ix":3}}]},{"ty":5,"nm":"Elastic Controller 3","np":5,"ix":3,"en":1,"ef":[{"ty":0,"nm":"Amplitude","ix":1,"v":{"a":0,"k":20,"ix":1}},{"ty":0,"nm":"Frequency","ix":2,"v":{"a":0,"k":60,"ix":2}},{"ty":0,"nm":"Decay","ix":3,"v":{"a":0,"k":90,"ix":3}}]}],"shapes":[{"ty":"gr","it":[{"ty":"gr","it":[{"ty":"gr","it":[{"ty":"gr","it":[{"ind":0,"ty":"sh","ix":1,"ks":{"a":0,"k":{"i":[[0,0],[0,125.486],[12.089,12.135],[19.714,0],[12.065,-12.061],[0,-125.486]],"o":[[0,0],[0,-125.486],[-12.088,-12.134],[-19.714,0],[-12.088,12.084],[0,125.536]],"v":[[135.037,275.124],[285.279,104.147],[278.671,-43.211],[135.037,-94.344],[-8.597,-43.211],[-15.2,104.147]],"c":true},"ix":2},"nm":"Path 1"},{"ty":"tr","p":{"a":0,"k":[135,89],"ix":2},"a":{"a":0,"k":[135,89],"ix":1},"s":{"a":0,"k":[100,100],"ix":3},"r":{"a":0,"k":0,"ix":6},"o":{"a":0,"k":100,"ix":7},"sk":{"a":0,"k":0,"ix":4},"sa":{"a":0,"k":0,"ix":5},"nm":"Transform"}],"nm":"Group 3","cix":2,"ix":1},{"ty":"gr","it":[{"ind":0,"ty":"sh","ix":1,"ks":{"a":0,"k":{"i":[[0,0],[0,0]],"o":[[0,0],[0,0]],"v":[[135.104,274.658],[135.104,-93.983]],"c":true},"ix":2},"nm":"Path 1"},{"ty":"tm","s":{"a":0,"k":0,"ix":1},"e":{"a":0,"k":100,"ix":2},"o":{"a":0,"k":0,"ix":3},"m":1,"ix":2,"nm":"Trim Paths 1"},{"ty":"tr","p":{"a":1,"k":[{"t":0,"s":[135,90],"h":1},{"t":9,"s":[-7219,90],"h":1},{"t":36,"s":[135,90],"h":1}],"ix":2,"x":"var $bm_rt;\nvar eff, amp, freq, decay, n, n, t, t, v;\ntry {\n    eff = effect('Elastic Controller 3');\n    amp = $bm_div(eff(1), 200);\n    freq = $bm_div(eff(2), 30);\n    decay = $bm_div(eff(3), 10);\n    $bm_rt = n = 0;\n    if (numKeys > 0) {\n        $bm_rt = n = nearestKey(time).index;\n        if (key(n).time > time) {\n            n--;\n        }\n    }\n    if (n == 0) {\n        $bm_rt = t = 0;\n    } else {\n        $bm_rt = t = $bm_sub(time, key(n).time);\n    }\n    if (n > 0) {\n        v = velocityAtTime($bm_sub(key(n).time, $bm_div(thisComp.frameDuration, 10)));\n        $bm_rt = $bm_sum(value, $bm_div($bm_mul($bm_mul(v, amp), Math.sin($bm_mul($bm_mul($bm_mul(freq, t), 2), Math.PI))), Math.exp($bm_mul(decay, t))));\n    } else {\n        $bm_rt = value;\n    }\n} catch (e) {\n    $bm_rt = value = value;\n}"},"a":{"a":0,"k":[135,90],"ix":1},"s":{"a":0,"k":[100,100],"ix":3},"r":{"a":0,"k":0,"ix":6},"o":{"a":0,"k":100,"ix":7},"sk":{"a":0,"k":0,"ix":4},"sa":{"a":0,"k":0,"ix":5},"nm":"Transform"}],"nm":"Group 2","cix":2,"ix":2},{"ty":"tr","p":{"a":0,"k":[134.519,89.974],"ix":2},"a":{"a":0,"k":[134.519,89.974],"ix":1},"s":{"a":1,"k":[{"i":{"x":[0.09,0.09],"y":[1,1]},"o":{"x":[0.333,0.333],"y":[0,0]},"t":3,"s":[100,100]},{"i":{"x":[0.667,0.667],"y":[1,1]},"o":{"x":[0.79,0.79],"y":[0,0]},"t":23,"s":[-100,100]},{"t":42,"s":[100,100]}],"ix":3},"r":{"a":0,"k":0,"ix":6},"o":{"a":0,"k":100,"ix":7},"sk":{"a":0,"k":0,"ix":4},"sa":{"a":0,"k":0,"ix":5},"nm":"Transform"}],"nm":"Group 1","cix":2,"ix":1},{"ty":"tr","p":{"a":0,"k":[134.488,89.974],"ix":2},"a":{"a":0,"k":[134.488,89.974],"ix":1},"s":{"a":1,"k":[{"i":{"x":[0.833,0.833],"y":[0.833,1]},"o":{"x":[0.333,0.333],"y":[0,0]},"t":7,"s":[100,100]},{"i":{"x":[0.667,0.667],"y":[1,1]},"o":{"x":[0.167,0.167],"y":[0,0]},"t":11,"s":[80,100]},{"i":{"x":[0.833,0.833],"y":[0.833,1]},"o":{"x":[0.333,0.333],"y":[0,0]},"t":33,"s":[80,100]},{"t":37,"s":[100,100]}],"ix":3,"x":"var $bm_rt;\nvar eff, amp, freq, decay, n, n, t, t, v;\ntry {\n    eff = effect('Elastic Controller 2');\n    amp = $bm_div(eff(1), 200);\n    freq = $bm_div(eff(2), 30);\n    decay = $bm_div(eff(3), 10);\n    $bm_rt = n = 0;\n    if (numKeys > 0) {\n        $bm_rt = n = nearestKey(time).index;\n        if (key(n).time > time) {\n            n--;\n        }\n    }\n    if (n == 0) {\n        $bm_rt = t = 0;\n    } else {\n        $bm_rt = t = $bm_sub(time, key(n).time);\n    }\n    if (n > 0) {\n        v = velocityAtTime($bm_sub(key(n).time, $bm_div(thisComp.frameDuration, 10)));\n        $bm_rt = $bm_sum(value, $bm_div($bm_mul($bm_mul(v, amp), Math.sin($bm_mul($bm_mul($bm_mul(freq, t), 2), Math.PI))), Math.exp($bm_mul(decay, t))));\n    } else {\n        $bm_rt = value;\n    }\n} catch (e) {\n    $bm_rt = value = value;\n}"},"r":{"a":0,"k":0,"ix":6},"o":{"a":0,"k":100,"ix":7},"sk":{"a":0,"k":0,"ix":4},"sa":{"a":0,"k":0,"ix":5},"nm":"Transform"}],"nm":"Group 1","cix":2,"ix":1},{"ty":"tr","p":{"a":0,"k":[134.519,89.962],"ix":2},"a":{"a":0,"k":[134.519,89.962],"ix":1},"s":{"a":1,"k":[{"i":{"x":[0.833,0.833],"y":[1,0.833]},"o":{"x":[0.333,0.333],"y":[0,0]},"t":7,"s":[100,100]},{"i":{"x":[0.667,0.667],"y":[1,1]},"o":{"x":[0.167,0.167],"y":[0,0]},"t":11,"s":[100,80]},{"i":{"x":[0.833,0.833],"y":[1,0.833]},"o":{"x":[0.333,0.333],"y":[0,0]},"t":37,"s":[100,80]},{"t":41,"s":[100,100]}],"ix":3,"x":"var $bm_rt;\nvar eff, amp, freq, decay, n, n, t, t, v;\ntry {\n    eff = effect('Elastic Controller 2');\n    amp = $bm_div(eff(1), 200);\n    freq = $bm_div(eff(2), 30);\n    decay = $bm_div(eff(3), 10);\n    $bm_rt = n = 0;\n    if (numKeys > 0) {\n        $bm_rt = n = nearestKey(time).index;\n        if (key(n).time > time) {\n            n--;\n        }\n    }\n    if (n == 0) {\n        $bm_rt = t = 0;\n    } else {\n        $bm_rt = t = $bm_sub(time, key(n).time);\n    }\n    if (n > 0) {\n        v = velocityAtTime($bm_sub(key(n).time, $bm_div(thisComp.frameDuration, 10)));\n        $bm_rt = $bm_sum(value, $bm_div($bm_mul($bm_mul(v, amp), Math.sin($bm_mul($bm_mul($bm_mul(freq, t), 2), Math.PI))), Math.exp($bm_mul(decay, t))));\n    } else {\n        $bm_rt = value;\n    }\n} catch (e) {\n    $bm_rt = value = value;\n}"},"r":{"a":0,"k":0,"ix":6},"o":{"a":0,"k":100,"ix":7},"sk":{"a":0,"k":0,"ix":4},"sa":{"a":0,"k":0,"ix":5},"nm":"Transform"}],"nm":"Group 1","cix":2,"ix":1},{"ty":"st","c":{"a":0,"k":[0,0,0,1],"ix":3},"o":{"a":0,"k":100,"ix":4},"w":{"a":0,"k":30.72,"ix":5},"lc":2,"lj":2,"nm":"Stroke 1"}],"ip":0,"op":90,"st":0}],"markers":[]}