{"v":"5.8.0","fr":60,"ip":0,"op":90,"w":512,"h":512,"nm":"033 Speaker megaphone #ui,interface,notification,alert,announce,buzz,action","assets":[],"layers":[{"ind":1,"ty":4,"nm":"Vector 2","parent":5,"sr":1,"ks":{"o":{"a":0,"k":100,"ix":11},"r":{"a":0,"k":0,"ix":10},"p":{"a":1,"k":[{"i":{"x":0.12,"y":1},"o":{"x":0.66,"y":0},"t":0,"s":[195.108,-166.506,0],"to":[-33.167,0,0],"ti":[33.167,0,0]},{"i":{"x":0.34,"y":0.34},"o":{"x":0.66,"y":0.66},"t":25,"s":[-3.892,-166.506,0],"to":[0,0,0],"ti":[0,0,0]},{"i":{"x":0.34,"y":1},"o":{"x":0.88,"y":0},"t":38,"s":[-3.892,-166.506,0],"to":[33.167,0,0],"ti":[-33.167,0,0]},{"t":65,"s":[195.108,-166.506,0]}],"ix":2,"l":2},"a":{"a":0,"k":[0,0,0],"ix":1,"l":2},"s":{"a":1,"k":[{"i":{"x":[0.667,0.667,0.667],"y":[1,1,1]},"o":{"x":[0.333,0.333,0.333],"y":[0,0,0]},"t":4,"s":[100,100,100]},{"i":{"x":[0.667,0.667,0.667],"y":[1,1,1]},"o":{"x":[0.333,0.333,0.333],"y":[0,0,0]},"t":11.5,"s":[100,118,100]},{"i":{"x":[0.667,0.667,0.667],"y":[1,1,1]},"o":{"x":[0.333,0.333,0.333],"y":[0,0,0]},"t":19,"s":[100,88,100]},{"i":{"x":[0.667,0.667,0.667],"y":[1,1,1]},"o":{"x":[0.333,0.333,0.333],"y":[0,0,0]},"t":26.5,"s":[100,118,100]},{"i":{"x":[0.667,0.667,0.667],"y":[1,1,1]},"o":{"x":[0.333,0.333,0.333],"y":[0,0,0]},"t":34,"s":[100,88,100]},{"i":{"x":[0.667,0.667,0.667],"y":[1,1,1]},"o":{"x":[0.333,0.333,0.333],"y":[0,0,0]},"t":41.5,"s":[100,118,100]},{"i":{"x":[0.667,0.667,0.667],"y":[1,1,1]},"o":{"x":[0.333,0.333,0.333],"y":[0,0,0]},"t":49,"s":[100,88,100]},{"t":57,"s":[100,100,100]}],"ix":6,"l":2}},"ao":0,"shapes":[{"ty":"gr","it":[{"ind":0,"ty":"sh","ix":1,"ks":{"a":1,"k":[{"i":{"x":0.12,"y":1},"o":{"x":0.66,"y":0},"t":0,"s":[{"i":[[-1.632,0],[0,3.632],[1.632,0],[0,-3.632]],"o":[[1.632,0],[0,-3.632],[-1.632,0],[0,3.632]],"v":[[0,6.577],[2.955,0],[0,-6.577],[-2.955,0]],"c":true}]},{"i":{"x":0.34,"y":1},"o":{"x":0.66,"y":0},"t":25,"s":[{"i":[[-3.63,0],[0,3.632],[3.63,0],[0,-3.632]],"o":[[3.63,0],[0,-3.632],[-3.63,0],[0,3.632]],"v":[[0,6.577],[6.574,0],[0,-6.577],[-6.574,0]],"c":true}]},{"i":{"x":0.34,"y":1},"o":{"x":0.88,"y":0},"t":38,"s":[{"i":[[-3.63,0],[0,3.632],[3.63,0],[0,-3.632]],"o":[[3.63,0],[0,-3.632],[-3.63,0],[0,3.632]],"v":[[0,6.577],[6.574,0],[0,-6.577],[-6.574,0]],"c":true}]},{"t":65,"s":[{"i":[[-1.632,0],[0,3.632],[1.632,0],[0,-3.632]],"o":[[1.632,0],[0,-3.632],[-1.632,0],[0,3.632]],"v":[[0,6.577],[2.955,0],[0,-6.577],[-2.955,0]],"c":true}]}],"ix":2},"nm":"Path 1"},{"ty":"st","c":{"a":0,"k":[0,0,0,1],"ix":3},"o":{"a":0,"k":100,"ix":4},"w":{"a":0,"k":1.5,"ix":5},"lc":2,"lj":2,"nm":"Stroke 1"},{"ty":"tr","p":{"a":0,"k":[0,0],"ix":2},"a":{"a":0,"k":[0,0],"ix":1},"s":{"a":0,"k":[2133.523,2133.523],"ix":3},"r":{"a":0,"k":0,"ix":6},"o":{"a":0,"k":100,"ix":7},"sk":{"a":0,"k":0,"ix":4},"sa":{"a":0,"k":0,"ix":5},"nm":"Transform"}],"nm":"Vector","cix":2,"ix":1}],"ip":0,"op":90,"st":0},{"ind":2,"ty":4,"nm":"Vector","parent":1,"td":1,"sr":1,"ks":{"o":{"a":0,"k":100,"ix":11},"r":{"a":0,"k":0,"ix":10},"p":{"a":0,"k":[0,0,0],"ix":2,"l":2},"a":{"a":0,"k":[0,0,0],"ix":1,"l":2},"s":{"a":0,"k":[100,100,100],"ix":6,"l":2}},"ao":0,"shapes":[{"ty":"gr","it":[{"ind":0,"ty":"sh","ix":1,"ks":{"a":1,"k":[{"i":{"x":0.12,"y":1},"o":{"x":0.66,"y":0},"t":0,"s":[{"i":[[-1.632,0],[0,3.632],[1.632,0],[0,-3.632]],"o":[[1.632,0],[0,-3.632],[-1.632,0],[0,3.632]],"v":[[0,6.577],[2.955,0],[0,-6.577],[-2.955,0]],"c":true}]},{"i":{"x":0.34,"y":1},"o":{"x":0.66,"y":0},"t":25,"s":[{"i":[[-3.63,0],[0,3.632],[3.63,0],[0,-3.632]],"o":[[3.63,0],[0,-3.632],[-3.63,0],[0,3.632]],"v":[[0,6.577],[6.574,0],[0,-6.577],[-6.574,0]],"c":true}]},{"i":{"x":0.34,"y":1},"o":{"x":0.88,"y":0},"t":38,"s":[{"i":[[-3.63,0],[0,3.632],[3.63,0],[0,-3.632]],"o":[[3.63,0],[0,-3.632],[-3.63,0],[0,3.632]],"v":[[0,6.577],[6.574,0],[0,-6.577],[-6.574,0]],"c":true}]},{"t":65,"s":[{"i":[[-1.632,0],[0,3.632],[1.632,0],[0,-3.632]],"o":[[1.632,0],[0,-3.632],[-1.632,0],[0,3.632]],"v":[[0,6.577],[2.955,0],[0,-6.577],[-2.955,0]],"c":true}]}],"ix":2},"nm":"Path 1"},{"ty":"tr","p":{"a":0,"k":[0,0],"ix":2},"a":{"a":0,"k":[0,0],"ix":1},"s":{"a":0,"k":[2133.523,2133.523],"ix":3},"r":{"a":0,"k":0,"ix":6},"o":{"a":0,"k":100,"ix":7},"sk":{"a":0,"k":0,"ix":4},"sa":{"a":0,"k":0,"ix":5},"nm":"Transform"}],"nm":"Vector","cix":2,"ix":1},{"ty":"fl","c":{"a":0,"k":[1,0,0,1],"ix":4},"o":{"a":0,"k":100,"ix":5},"r":1,"nm":"Fill 1"}],"ip":0,"op":90,"st":0},{"ind":3,"ty":4,"nm":"Vector 2","parent":5,"tt":2,"sr":1,"ks":{"o":{"a":0,"k":100,"ix":11},"r":{"a":0,"k":0,"ix":10},"p":{"a":1,"k":[{"i":{"x":0.12,"y":1},"o":{"x":0.66,"y":0},"t":0,"s":[-117.373,-166.358,0],"to":[5.667,0,0],"ti":[-5.667,0,0]},{"i":{"x":0.34,"y":0.34},"o":{"x":0.66,"y":0.66},"t":25,"s":[-83.373,-166.358,0],"to":[0,0,0],"ti":[0,0,0]},{"i":{"x":0.34,"y":1},"o":{"x":0.88,"y":0},"t":38,"s":[-83.373,-166.358,0],"to":[-5.667,0,0],"ti":[5.667,0,0]},{"t":65,"s":[-117.373,-166.358,0]}],"ix":2,"l":2},"a":{"a":0,"k":[-153.535,0,0],"ix":1,"l":2},"s":{"a":0,"k":[100,100,100],"ix":6,"l":2}},"ao":0,"shapes":[{"ty":"gr","it":[{"ty":"rc","d":1,"s":{"a":0,"k":[422,353],"ix":2},"p":{"a":0,"k":[0,0],"ix":3},"r":{"a":0,"k":0,"ix":4},"nm":"Rectangle Path 1"},{"ty":"st","c":{"a":0,"k":[0,0,0,1],"ix":3},"o":{"a":0,"k":100,"ix":4},"w":{"a":0,"k":1.5,"ix":5},"lc":1,"lj":1,"ml":4,"nm":"Stroke 1"},{"ty":"fl","c":{"a":0,"k":[1,0.549,0.549,1],"ix":4},"o":{"a":0,"k":100,"ix":5},"r":1,"nm":"Fill 1"},{"ty":"tr","p":{"a":0,"k":[20.205,-1.986],"ix":2},"a":{"a":0,"k":[0,0],"ix":1},"s":{"a":0,"k":[100,100],"ix":3},"r":{"a":0,"k":0,"ix":6},"o":{"a":0,"k":0,"ix":7},"sk":{"a":0,"k":0,"ix":4},"sa":{"a":0,"k":0,"ix":5},"nm":"Transform"}],"nm":"Rectangle 1","cix":2,"ix":1},{"ty":"gr","it":[{"ind":0,"ty":"sh","ix":1,"ks":{"a":1,"k":[{"i":{"x":0.12,"y":1},"o":{"x":0.66,"y":0},"t":0,"s":[{"i":[[0,0],[1.269,-0.317],[0,-2.144],[-1.27,-0.317],[0,0]],"o":[[0,0],[-1.27,0.317],[0,2.144],[1.269,0.317],[0,0]],"v":[[7.147,-6.55],[-4.34,-4.131],[-7.196,-0.005],[-4.34,4.121],[7.196,6.55]],"c":false}]},{"i":{"x":0.34,"y":1},"o":{"x":0.66,"y":0},"t":25,"s":[{"i":[[0,0],[1.196,-0.57],[0,-2.144],[-1.463,-0.814],[0,0]],"o":[[0,0],[-1.51,0.719],[0,2.144],[1.158,0.644],[0,0]],"v":[[-3.141,-5.521],[-4.34,-4.984],[-7.196,-0.005],[-4.34,4.963],[-3.115,5.616]],"c":false}]},{"i":{"x":0.34,"y":1},"o":{"x":0.88,"y":0},"t":38,"s":[{"i":[[0,0],[1.196,-0.57],[0,-2.144],[-1.463,-0.814],[0,0]],"o":[[0,0],[-1.51,0.719],[0,2.144],[1.158,0.644],[0,0]],"v":[[-3.141,-5.521],[-4.34,-4.984],[-7.196,-0.005],[-4.34,4.963],[-3.115,5.616]],"c":false}]},{"t":65,"s":[{"i":[[0,0],[1.269,-0.317],[0,-2.144],[-1.27,-0.317],[0,0]],"o":[[0,0],[-1.27,0.317],[0,2.144],[1.269,0.317],[0,0]],"v":[[7.147,-6.55],[-4.34,-4.131],[-7.196,-0.005],[-4.34,4.121],[7.196,6.55]],"c":false}]}],"ix":2},"nm":"Path 1"},{"ty":"st","c":{"a":0,"k":[0,0,0,1],"ix":3},"o":{"a":0,"k":100,"ix":4},"w":{"a":0,"k":1.5,"ix":5},"lc":2,"lj":2,"nm":"Stroke 1"},{"ty":"tr","p":{"a":0,"k":[0,0],"ix":2},"a":{"a":0,"k":[0,0],"ix":1},"s":{"a":0,"k":[2133.523,2133.523],"ix":3},"r":{"a":0,"k":0,"ix":6},"o":{"a":0,"k":100,"ix":7},"sk":{"a":0,"k":0,"ix":4},"sa":{"a":0,"k":0,"ix":5},"nm":"Transform"}],"nm":"Vector","cix":2,"ix":2}],"ip":0,"op":90,"st":0},{"ind":4,"ty":4,"nm":"Vector 3","parent":1,"td":1,"sr":1,"ks":{"o":{"a":0,"k":100,"ix":11},"r":{"a":0,"k":0,"ix":10},"p":{"a":0,"k":[0,0,0],"ix":2,"l":2},"a":{"a":0,"k":[0,0,0],"ix":1,"l":2},"s":{"a":0,"k":[100,100,100],"ix":6,"l":2}},"ao":0,"shapes":[{"ty":"gr","it":[{"ind":0,"ty":"sh","ix":1,"ks":{"a":1,"k":[{"i":{"x":0.12,"y":1},"o":{"x":0.66,"y":0},"t":0,"s":[{"i":[[-1.632,0],[0,3.632],[1.632,0],[0,-3.632]],"o":[[1.632,0],[0,-3.632],[-1.632,0],[0,3.632]],"v":[[0,6.577],[2.955,0],[0,-6.577],[-2.955,0]],"c":true}]},{"t":25,"s":[{"i":[[-3.63,0],[0,3.632],[3.63,0],[0,-3.632]],"o":[[3.63,0],[0,-3.632],[-3.63,0],[0,3.632]],"v":[[0,6.577],[6.574,0],[0,-6.577],[-6.574,0]],"c":true}]}],"ix":2},"nm":"Path 1"},{"ty":"tr","p":{"a":0,"k":[0,0],"ix":2},"a":{"a":0,"k":[0,0],"ix":1},"s":{"a":0,"k":[2133.523,2133.523],"ix":3},"r":{"a":0,"k":0,"ix":6},"o":{"a":0,"k":100,"ix":7},"sk":{"a":0,"k":0,"ix":4},"sa":{"a":0,"k":0,"ix":5},"nm":"Transform"}],"nm":"Vector","cix":2,"ix":1},{"ty":"fl","c":{"a":0,"k":[1,0,0,1],"ix":4},"o":{"a":0,"k":100,"ix":5},"r":1,"nm":"Fill 1"}],"ip":0,"op":90,"st":0},{"ind":5,"ty":4,"nm":"Vector 3","tt":2,"sr":1,"ks":{"o":{"a":0,"k":40,"ix":11},"r":{"a":0,"k":0,"ix":10},"p":{"a":1,"k":[{"i":{"x":0.12,"y":1},"o":{"x":0.66,"y":0},"t":0,"s":[185.633,370.844,0],"to":[11.728,0,0],"ti":[-11.728,0,0]},{"i":{"x":0.34,"y":0.34},"o":{"x":0.66,"y":0.66},"t":25,"s":[256,370.844,0],"to":[0,0,0],"ti":[0,0,0]},{"i":{"x":0.833,"y":0.833},"o":{"x":0.88,"y":0},"t":38,"s":[256,370.844,0],"to":[-11.728,0,0],"ti":[11.728,0,0]},{"i":{"x":0.667,"y":0.667},"o":{"x":0.167,"y":0.167},"t":53,"s":[185.633,370.844,0],"to":[0,0,0],"ti":[0,0,0]},{"t":89,"s":[185.633,370.844,0]}],"ix":2,"l":2,"x":"var $bm_rt;\nvar amp, freq, decay, n, n, t, t, v;\ntry {\n    amp = $bm_div(effect('Elastic: Position')(1), 200);\n    freq = $bm_div(effect('Elastic: Position')(2), 30);\n    decay = $bm_div(effect('Elastic: Position')(3), 10);\n    $bm_rt = n = 0;\n    if (numKeys > 0) {\n        $bm_rt = n = nearestKey(time).index;\n        if (key(n).time > time) {\n            n--;\n        }\n    }\n    if (n == 0) {\n        $bm_rt = t = 0;\n    } else {\n        $bm_rt = t = $bm_sub(time, key(n).time);\n    }\n    if (n > 0) {\n        v = velocityAtTime($bm_sub(key(n).time, $bm_div(thisComp.frameDuration, 10)));\n        $bm_rt = $bm_sum(value, $bm_div($bm_mul($bm_mul(v, amp), Math.sin($bm_mul($bm_mul($bm_mul(freq, t), 2), Math.PI))), Math.exp($bm_mul(decay, t))));\n    } else {\n        $bm_rt = value;\n    }\n} catch (e$$4) {\n    $bm_rt = value = value;\n}"},"a":{"a":0,"k":[0,0,0],"ix":1,"l":2},"s":{"a":0,"k":[100,100,100],"ix":6,"l":2}},"ao":0,"ef":[{"ty":5,"nm":"Elastic: Position","np":5,"ix":1,"en":1,"ef":[{"ty":0,"nm":"Amplitude","ix":1,"v":{"a":0,"k":20,"ix":1}},{"ty":0,"nm":"Frequency","ix":2,"v":{"a":0,"k":40,"ix":2}},{"ty":0,"nm":"Decay","ix":3,"v":{"a":0,"k":60,"ix":3}}]}],"shapes":[{"ty":"gr","it":[{"ty":"rc","d":1,"s":{"a":0,"k":[192,285],"ix":2},"p":{"a":0,"k":[0,0],"ix":3},"r":{"a":0,"k":0,"ix":4},"nm":"Rectangle Path 1"},{"ty":"st","c":{"a":0,"k":[0,0,0,1],"ix":3},"o":{"a":0,"k":100,"ix":4},"w":{"a":0,"k":1.5,"ix":5},"lc":1,"lj":1,"ml":4,"nm":"Stroke 1"},{"ty":"fl","c":{"a":0,"k":[1,0.549,0.549,1],"ix":4},"o":{"a":0,"k":100,"ix":5},"r":1,"nm":"Fill 1"},{"ty":"tr","p":{"a":0,"k":[2.367,-6.344],"ix":2},"a":{"a":0,"k":[0,0],"ix":1},"s":{"a":0,"k":[100,100],"ix":3},"r":{"a":0,"k":0,"ix":6},"o":{"a":0,"k":0,"ix":7},"sk":{"a":0,"k":0,"ix":4},"sa":{"a":0,"k":0,"ix":5},"nm":"Transform"}],"nm":"Rectangle 1","cix":2,"ix":1},{"ty":"gr","it":[{"ind":0,"ty":"sh","ix":1,"ks":{"a":0,"k":{"i":[[0,0],[0,0],[1.312,0],[0,1.313],[0,0]],"o":[[0,0],[0,1.313],[-1.313,0],[0,0],[0,0]],"v":[[2.377,-2.222],[2.377,1.242],[0,3.618],[-2.377,1.242],[-2.377,-3.296]],"c":false},"ix":2},"nm":"Path 1"},{"ty":"st","c":{"a":0,"k":[0,0,0,1],"ix":3},"o":{"a":0,"k":100,"ix":4},"w":{"a":0,"k":1.5,"ix":5},"lc":2,"lj":2,"nm":"Stroke 1"},{"ty":"tr","p":{"a":0,"k":[0,0],"ix":2},"a":{"a":0,"k":[0,0],"ix":1},"s":{"a":0,"k":[2133.523,2133.523],"ix":3},"r":{"a":0,"k":0,"ix":6},"o":{"a":0,"k":100,"ix":7},"sk":{"a":0,"k":0,"ix":4},"sa":{"a":0,"k":0,"ix":5},"nm":"Transform"}],"nm":"Vector","cix":2,"ix":2}],"ip":0,"op":90,"st":0}],"markers":[]}