{"v":"4.8.0","meta":{"g":"LottieFiles AE 3.5.9","a":"","k":"","d":"","tc":""},"fr":60,"ip":0,"op":90,"w":512,"h":512,"nm":"Thumb Like 2#thumbsup,#like,#positive,#gesture,#approval,#vote,#support,#interaction,#thumb,#social","assets":[],"layers":[{"ind":1,"ty":4,"nm":"Layer 2","parent":2,"sr":1,"ks":{"o":{"a":0,"k":100,"ix":11},"r":{"a":0,"k":0,"ix":10},"p":{"a":0,"k":[169.32,-51.487,0],"ix":2},"a":{"a":0,"k":[0,0,0],"ix":1},"s":{"a":0,"k":[100,100,100],"ix":6}},"ao":0,"shapes":[{"ty":"gr","it":[{"ind":0,"ty":"sh","ix":1,"ks":{"a":1,"k":[{"i":{"x":0.833,"y":0.833},"o":{"x":0.167,"y":0.167},"t":0,"s":[{"i":[[0,0],[-17.31,77.837],[-10.586,4.003],[17.025,-27.834],[0,0],[0,-60.928],[54.462,0],[0,0],[28.395,11.764]],"o":[[29.312,0],[2.218,-9.979],[74.885,0],[0,0],[79.428,0],[0,58.374],[0,0],[-31.582,0],[0,0]],"v":[[-138.659,-45.916],[-47.566,-154.674],[-32.199,-173.544],[10.145,-42.704],[63.717,-42.704],[138.612,79.965],[46.64,173.544],[-47.467,173.544],[-138.659,142.499]],"c":false}]},{"i":{"x":0.3,"y":1},"o":{"x":0.167,"y":0.167},"t":5,"s":[{"i":[[0,0],[-58.245,54.459],[-10.997,-2.676],[17.025,-27.834],[0,0],[0,-60.928],[54.462,0],[0,0],[28.395,11.764]],"o":[[27.941,-24.409],[7.467,-6.982],[61.794,42.3],[0,0],[79.428,0],[0,58.374],[0,0],[-31.582,0],[0,0]],"v":[[-138.659,-45.916],[-1.603,-170.121],[21.736,-177.013],[10.145,-42.704],[39.723,-43.276],[114.619,79.393],[22.647,172.973],[-47.467,173.544],[-138.659,142.499]],"c":false}]},{"i":{"x":0.667,"y":1},"o":{"x":0.7,"y":0},"t":18,"s":[{"i":[[0,0],[4.983,79.583],[-9.059,6.784],[-1.526,-53.631],[0,0],[0,-60.928],[54.462,0],[0,0],[28.395,11.764]],"o":[[29.312,0],[-0.639,-10.203],[51.213,-15.551],[0,0],[79.428,0],[0,58.374],[0,0],[-31.582,0],[0,0]],"v":[[-138.659,-45.916],[-93.624,-148.975],[-84.098,-171.369],[10.145,-42.704],[63.717,-42.704],[138.612,79.965],[46.64,173.544],[-47.467,173.544],[-138.659,142.499]],"c":false}]},{"i":{"x":0.833,"y":0.833},"o":{"x":0.333,"y":0},"t":28,"s":[{"i":[[0,0],[-46.745,67.017],[-11.157,1.899],[17.025,-27.834],[0,0],[0,-60.928],[54.462,0],[0,0],[28.395,11.764]],"o":[[26.797,-15.187],[5.848,-8.384],[47.451,17.944],[0,0],[79.428,0],[0,58.374],[0,0],[-31.582,0],[0,0]],"v":[[-138.659,-45.916],[-22.185,-161.122],[-3.485,-176.694],[10.145,-42.704],[63.717,-42.704],[138.612,79.965],[46.64,173.544],[-47.467,173.544],[-138.659,142.499]],"c":false}]},{"t":38,"s":[{"i":[[0,0],[-17.31,77.837],[-10.586,4.003],[17.025,-27.834],[0,0],[0,-60.928],[54.462,0],[0,0],[28.395,11.764]],"o":[[29.312,0],[2.218,-9.979],[74.885,0],[0,0],[79.428,0],[0,58.374],[0,0],[-31.582,0],[0,0]],"v":[[-138.659,-45.916],[-47.566,-154.674],[-32.199,-173.544],[10.145,-42.704],[63.717,-42.704],[138.612,79.965],[46.64,173.544],[-47.467,173.544],[-138.659,142.499]],"c":false}]}],"ix":2},"nm":"Path 1"},{"ty":"st","c":{"a":0,"k":[0,0,0,1],"ix":3},"o":{"a":0,"k":100,"ix":4},"w":{"a":0,"k":30.72,"ix":5},"lc":2,"lj":2,"nm":"Stroke 1"},{"ty":"tr","p":{"a":0,"k":[0,0],"ix":2},"a":{"a":0,"k":[0,0],"ix":1},"s":{"a":0,"k":[100,100],"ix":3},"r":{"a":0,"k":0,"ix":6},"o":{"a":0,"k":100,"ix":7},"sk":{"a":0,"k":0,"ix":4},"sa":{"a":0,"k":0,"ix":5},"nm":"Transform"}],"nm":"Group 1","cix":2,"ix":1}],"ip":0,"op":90,"st":0},{"ind":2,"ty":4,"nm":"Layer 1","sr":1,"ks":{"o":{"a":0,"k":100,"ix":11},"r":{"a":1,"k":[{"i":{"x":[0.3],"y":[1]},"o":{"x":[0.167],"y":[0.167]},"t":4,"s":[0]},{"i":{"x":[0.833],"y":[0.833]},"o":{"x":[0.7],"y":[0]},"t":19,"s":[-13.9]},{"t":24,"s":[0]}],"ix":10,"x":"var $bm_rt;\nvar amp, freq, decay, n, n, t, t, v;\ntry {\n    amp = $bm_div(effect('Elastic: Rotation')(1), 200);\n    freq = $bm_div(effect('Elastic: Rotation')(2), 30);\n    decay = $bm_div(effect('Elastic: Rotation')(3), 10);\n    $bm_rt = n = 0;\n    if (numKeys > 0) {\n        $bm_rt = n = nearestKey(time).index;\n        if (key(n).time > time) {\n            n--;\n        }\n    }\n    if (n == 0) {\n        $bm_rt = t = 0;\n    } else {\n        $bm_rt = t = $bm_sub(time, key(n).time);\n    }\n    if (n > 0) {\n        v = velocityAtTime($bm_sub(key(n).time, $bm_div(thisComp.frameDuration, 10)));\n        $bm_rt = $bm_sum(value, $bm_div($bm_mul($bm_mul(v, amp), Math.sin($bm_mul($bm_mul($bm_mul(freq, t), 2), Math.PI))), Math.exp($bm_mul(decay, t))));\n    } else {\n        $bm_rt = value;\n    }\n} catch (e$$4) {\n    $bm_rt = value = value;\n}"},"p":{"a":0,"k":[42.7,430.064,0],"ix":2},"a":{"a":0,"k":[-74.639,123.112,0],"ix":1},"s":{"a":0,"k":[100,100,100],"ix":6}},"ao":0,"ef":[{"ty":5,"nm":"Elastic: Rotation","np":5,"ix":1,"en":1,"ef":[{"ty":0,"nm":"Amplitude","ix":1,"v":{"a":0,"k":20,"ix":1}},{"ty":0,"nm":"Frequency","ix":2,"v":{"a":0,"k":50,"ix":2}},{"ty":0,"nm":"Decay","ix":3,"v":{"a":0,"k":70,"ix":3}}]}],"shapes":[{"ty":"gr","it":[{"ind":0,"ty":"sh","ix":1,"ks":{"a":0,"k":{"i":[[0,0],[-8.134,-4.064],[-3.73,-7.466],[0,-21.219],[0,0],[4.064,-8.135],[7.466,-3.729],[21.221,0]],"o":[[21.221,0],[7.466,3.73],[4.064,8.134],[0,0],[0,21.219],[-3.73,7.465],[-8.134,4.063],[0,0]],"v":[[-30.639,-123.112],[9.326,-119.048],[26.575,-101.799],[30.639,-61.835],[30.639,61.836],[26.575,101.8],[9.326,119.049],[-30.639,123.112]],"c":false},"ix":2},"nm":"Path 1"},{"ty":"st","c":{"a":0,"k":[0,0,0,1],"ix":3},"o":{"a":0,"k":100,"ix":4},"w":{"a":0,"k":30.72,"ix":5},"lc":2,"lj":2,"nm":"Stroke 1"},{"ty":"tr","p":{"a":0,"k":[0,0],"ix":2},"a":{"a":0,"k":[0,0],"ix":1},"s":{"a":0,"k":[100,100],"ix":3},"r":{"a":0,"k":0,"ix":6},"o":{"a":0,"k":100,"ix":7},"sk":{"a":0,"k":0,"ix":4},"sa":{"a":0,"k":0,"ix":5},"nm":"Transform"}],"nm":"Group 1","cix":2,"ix":1}],"ip":0,"op":90,"st":0}],"markers":[]}