{"v":"4.8.0","meta":{"g":"LottieFiles AE 3.5.3","a":"","k":"","d":"","tc":""},"fr":60,"ip":0,"op":90,"w":512,"h":512,"nm":"01 cup 7","assets":[],"layers":[{"ind":1,"ty":4,"nm":"Layer 6","td":1,"sr":1,"ks":{"o":{"a":0,"k":100,"ix":11},"r":{"a":1,"k":[{"i":{"x":[0.15],"y":[1]},"o":{"x":[0.167],"y":[0.167]},"t":5,"s":[0]},{"i":{"x":[0.15],"y":[1]},"o":{"x":[0.85],"y":[0]},"t":26,"s":[-10]},{"i":{"x":[0.833],"y":[0.833]},"o":{"x":[0.85],"y":[0]},"t":35,"s":[-10]},{"t":43,"s":[0]}],"ix":10},"p":{"a":0,"k":[132,422.2,0],"ix":2},"a":{"a":0,"k":[137.3,422.2,0],"ix":1},"s":{"a":0,"k":[100,100,100],"ix":6}},"ao":0,"ef":[{"ty":5,"nm":"Elastic Controller","np":5,"ix":1,"en":1,"ef":[{"ty":0,"nm":"Amplitude","ix":1,"v":{"a":0,"k":20,"ix":1}},{"ty":0,"nm":"Frequency","ix":2,"v":{"a":0,"k":60,"ix":2}},{"ty":0,"nm":"Decay","ix":3,"v":{"a":0,"k":90,"ix":3}}]}],"shapes":[{"ty":"gr","it":[{"ty":"gr","it":[{"ty":"gr","it":[{"ty":"gr","it":[{"ind":0,"ty":"sh","ix":1,"ks":{"a":0,"k":{"i":[[0,0],[0,0],[123.9,0]],"o":[[0,0],[0,0],[-124,0.1]],"v":[[-124,-110.1],[124,-110.1],[0.1,110.1]],"c":true},"ix":2},"nm":"Path 1"},{"ty":"tr","p":{"a":0,"k":[261.3,199.9],"ix":2},"a":{"a":0,"k":[0,0],"ix":1},"s":{"a":0,"k":[100,100],"ix":3},"r":{"a":0,"k":0,"ix":6},"o":{"a":0,"k":100,"ix":7},"sk":{"a":0,"k":0,"ix":4},"sa":{"a":0,"k":0,"ix":5},"nm":"Transform"}],"nm":"Group 7","cix":2,"ix":1},{"ty":"tr","p":{"a":0,"k":[261.3,422],"ix":2},"a":{"a":0,"k":[261.3,422],"ix":1},"s":{"a":0,"k":[100,100],"ix":3},"r":{"a":0,"k":0,"ix":6},"o":{"a":0,"k":100,"ix":7},"sk":{"a":0,"k":0,"ix":4},"sa":{"a":0,"k":0,"ix":5},"nm":"Transform"}],"nm":"Group 1","cix":2,"ix":1},{"ty":"tr","p":{"a":0,"k":[261.3,422],"ix":2},"a":{"a":0,"k":[261.3,422],"ix":1},"s":{"a":1,"k":[{"i":{"x":[0.667,0.667],"y":[1,1]},"o":{"x":[0.333,0.333],"y":[0,0]},"t":0,"s":[100,100]},{"i":{"x":[0.833,0.833],"y":[1,0.833]},"o":{"x":[0.333,0.333],"y":[0,0]},"t":4,"s":[100,76]},{"i":{"x":[0.17,0.17],"y":[1,1]},"o":{"x":[0.167,0.167],"y":[0,0]},"t":12,"s":[100,100]},{"i":{"x":[0.667,0.667],"y":[1,1]},"o":{"x":[0.83,0.83],"y":[0,0]},"t":37,"s":[100,100]},{"i":{"x":[0.833,0.833],"y":[1,0.833]},"o":{"x":[0.333,0.333],"y":[0,0]},"t":45,"s":[100,84.6]},{"t":51,"s":[100,100]}],"ix":3,"x":"var $bm_rt;\nvar eff, amp, freq, decay, n, n, t, t, v;\ntry {\n    eff = effect('Elastic Controller');\n    amp = $bm_div(eff(1), 200);\n    freq = $bm_div(eff(2), 30);\n    decay = $bm_div(eff(3), 10);\n    $bm_rt = n = 0;\n    if (numKeys > 0) {\n        $bm_rt = n = nearestKey(time).index;\n        if (key(n).time > time) {\n            n--;\n        }\n    }\n    if (n == 0) {\n        $bm_rt = t = 0;\n    } else {\n        $bm_rt = t = $bm_sub(time, key(n).time);\n    }\n    if (n > 0) {\n        v = velocityAtTime($bm_sub(key(n).time, $bm_div(thisComp.frameDuration, 10)));\n        $bm_rt = $bm_sum(value, $bm_div($bm_mul($bm_mul(v, amp), Math.sin($bm_mul($bm_mul($bm_mul(freq, t), 2), Math.PI))), Math.exp($bm_mul(decay, t))));\n    } else {\n        $bm_rt = value;\n    }\n} catch (e) {\n    $bm_rt = value = value;\n}"},"r":{"a":0,"k":0,"ix":6},"o":{"a":0,"k":100,"ix":7},"sk":{"a":0,"k":0,"ix":4},"sa":{"a":0,"k":0,"ix":5},"nm":"Transform"}],"nm":"Group 1","cix":2,"ix":1},{"ty":"tr","p":{"a":0,"k":[261.3,423],"ix":2},"a":{"a":0,"k":[261.3,423],"ix":1},"s":{"a":0,"k":[100,100],"ix":3},"r":{"a":0,"k":0,"ix":6},"o":{"a":0,"k":100,"ix":7},"sk":{"a":0,"k":0,"ix":4},"sa":{"a":0,"k":0,"ix":5},"nm":"Transform"}],"nm":"Group 4","cix":2,"ix":1},{"ty":"fl","c":{"a":0,"k":[1,0,0,1],"ix":4},"o":{"a":0,"k":100,"ix":5},"r":1,"nm":"Fill 1"}],"ip":28,"op":90,"st":0},{"ind":2,"ty":4,"nm":"Layer 5","parent":7,"tt":2,"sr":1,"ks":{"o":{"a":0,"k":40,"ix":11},"r":{"a":0,"k":0,"ix":10},"p":{"a":0,"k":[393.902,194.5,0],"ix":2},"a":{"a":0,"k":[0,0,0],"ix":1},"s":{"a":0,"k":[100,100,100],"ix":6}},"ao":0,"shapes":[{"ty":"gr","it":[{"ty":"gr","it":[{"ty":"gr","it":[{"ind":0,"ty":"sh","ix":1,"ks":{"a":0,"k":{"i":[[0,0],[0,0],[57.5,-37.8],[26,-2.8]],"o":[[0,0],[0,0],[0,0],[0,0]],"v":[[-10.802,-68.5],[51.298,-68.5],[0.098,47.2],[-51.502,68.5]],"c":false},"ix":2},"nm":"Path 1"},{"ty":"tr","p":{"a":0,"k":[-132.75,-10.5],"ix":2},"a":{"a":0,"k":[-132.75,-10.5],"ix":1},"s":{"a":1,"k":[{"i":{"x":[0.833,0.833],"y":[1,1]},"o":{"x":[0.333,0.333],"y":[0,0]},"t":11,"s":[100,100]},{"i":{"x":[0.667,0.667],"y":[1,1]},"o":{"x":[0.167,0.167],"y":[0,0]},"t":28,"s":[-100,100]},{"t":51,"s":[100,100]}],"ix":3},"r":{"a":0,"k":0,"ix":6},"o":{"a":0,"k":100,"ix":7},"sk":{"a":0,"k":0,"ix":4},"sa":{"a":0,"k":0,"ix":5},"nm":"Transform"}],"nm":"Group 1","cix":2,"ix":1},{"ty":"tr","p":{"a":0,"k":[-134,227],"ix":2},"a":{"a":0,"k":[-134,227],"ix":1},"s":{"a":0,"k":[100,100],"ix":3,"x":"var $bm_rt;\n$bm_rt = thisComp.layer('Layer 3').content('Group 4').content('Group 1').content('Group 1').transform.scale;"},"r":{"a":0,"k":0,"ix":6},"o":{"a":0,"k":100,"ix":7},"sk":{"a":0,"k":0,"ix":4},"sa":{"a":0,"k":0,"ix":5},"nm":"Transform"}],"nm":"Group 1","cix":2,"ix":1},{"ty":"tr","p":{"a":0,"k":[-133,228],"ix":2},"a":{"a":0,"k":[-133,228],"ix":1},"s":{"a":0,"k":[100,100],"ix":3,"x":"var $bm_rt;\n$bm_rt = thisComp.layer('Layer 3').content('Group 4').content('Group 1').transform.scale;"},"r":{"a":0,"k":0,"ix":6},"o":{"a":0,"k":100,"ix":7},"sk":{"a":0,"k":0,"ix":4},"sa":{"a":0,"k":0,"ix":5},"nm":"Transform"}],"nm":"Group 1","cix":2,"ix":1},{"ty":"st","c":{"a":0,"k":[0,0,0,1],"ix":3},"o":{"a":0,"k":100,"ix":4},"w":{"a":0,"k":30.72,"ix":5},"lc":2,"lj":2,"nm":"Stroke 1"},{"ty":"gr","it":[{"ty":"rc","d":1,"s":{"a":0,"k":[575,296],"ix":2},"p":{"a":0,"k":[0,0],"ix":3},"r":{"a":0,"k":0,"ix":4},"nm":"Rectangle Path 1"},{"ty":"st","c":{"a":0,"k":[0,0,0,1],"ix":3},"o":{"a":0,"k":100,"ix":4},"w":{"a":0,"k":30.72,"ix":5},"lc":1,"lj":1,"ml":4,"nm":"Stroke 1"},{"ty":"fl","c":{"a":0,"k":[0,0,0,1],"ix":4},"o":{"a":0,"k":100,"ix":5},"r":1,"nm":"Fill 1"},{"ty":"tr","p":{"a":0,"k":[-120.102,3.5],"ix":2},"a":{"a":0,"k":[0,0],"ix":1},"s":{"a":0,"k":[100,100],"ix":3},"r":{"a":0,"k":0,"ix":6},"o":{"a":0,"k":0,"ix":7},"sk":{"a":0,"k":0,"ix":4},"sa":{"a":0,"k":0,"ix":5},"nm":"Transform"}],"nm":"Rectangle 1","cix":2,"ix":3}],"ip":28,"op":90,"st":0},{"ind":3,"ty":4,"nm":"Layer 2","parent":7,"sr":1,"ks":{"o":{"a":0,"k":40,"ix":11},"r":{"a":0,"k":0,"ix":10},"p":{"a":0,"k":[393.902,194.5,0],"ix":2},"a":{"a":0,"k":[0,0,0],"ix":1},"s":{"a":0,"k":[100,100,100],"ix":6}},"ao":0,"shapes":[{"ty":"gr","it":[{"ty":"gr","it":[{"ty":"gr","it":[{"ind":0,"ty":"sh","ix":1,"ks":{"a":0,"k":{"i":[[0,0],[0,0],[57.5,-37.8],[26,-2.8]],"o":[[0,0],[0,0],[0,0],[0,0]],"v":[[-10.802,-68.5],[51.298,-68.5],[0.098,47.2],[-51.502,68.5]],"c":false},"ix":2},"nm":"Path 1"},{"ty":"tr","p":{"a":0,"k":[-132.75,-10.5],"ix":2},"a":{"a":0,"k":[-132.75,-10.5],"ix":1},"s":{"a":1,"k":[{"i":{"x":[0.833,0.833],"y":[1,1]},"o":{"x":[0.333,0.333],"y":[0,0]},"t":11,"s":[100,100]},{"i":{"x":[0.667,0.667],"y":[1,1]},"o":{"x":[0.167,0.167],"y":[0,0]},"t":28,"s":[-100,100]},{"t":51,"s":[100,100]}],"ix":3},"r":{"a":0,"k":0,"ix":6},"o":{"a":0,"k":100,"ix":7},"sk":{"a":0,"k":0,"ix":4},"sa":{"a":0,"k":0,"ix":5},"nm":"Transform"}],"nm":"Group 1","cix":2,"ix":1},{"ty":"tr","p":{"a":0,"k":[-134,227],"ix":2},"a":{"a":0,"k":[-134,227],"ix":1},"s":{"a":0,"k":[100,100],"ix":3,"x":"var $bm_rt;\n$bm_rt = thisComp.layer('Layer 3').content('Group 4').content('Group 1').content('Group 1').transform.scale;"},"r":{"a":0,"k":0,"ix":6},"o":{"a":0,"k":100,"ix":7},"sk":{"a":0,"k":0,"ix":4},"sa":{"a":0,"k":0,"ix":5},"nm":"Transform"}],"nm":"Group 1","cix":2,"ix":1},{"ty":"tr","p":{"a":0,"k":[-133,228],"ix":2},"a":{"a":0,"k":[-133,228],"ix":1},"s":{"a":0,"k":[100,100],"ix":3,"x":"var $bm_rt;\n$bm_rt = thisComp.layer('Layer 3').content('Group 4').content('Group 1').transform.scale;"},"r":{"a":0,"k":0,"ix":6},"o":{"a":0,"k":100,"ix":7},"sk":{"a":0,"k":0,"ix":4},"sa":{"a":0,"k":0,"ix":5},"nm":"Transform"}],"nm":"Group 1","cix":2,"ix":1},{"ty":"st","c":{"a":0,"k":[0,0,0,1],"ix":3},"o":{"a":0,"k":100,"ix":4},"w":{"a":0,"k":30.72,"ix":5},"lc":2,"lj":2,"nm":"Stroke 1"}],"ip":0,"op":28,"st":0},{"ind":4,"ty":4,"nm":"Layer 4","parent":7,"sr":1,"ks":{"o":{"a":0,"k":40,"ix":11},"r":{"a":0,"k":0,"ix":10},"p":{"a":0,"k":[128.298,194.5,0],"ix":2},"a":{"a":0,"k":[0,0,0],"ix":1},"s":{"a":0,"k":[100,100,100],"ix":6}},"ao":0,"shapes":[{"ty":"gr","it":[{"ty":"gr","it":[{"ty":"gr","it":[{"ind":0,"ty":"sh","ix":1,"ks":{"a":0,"k":{"i":[[0,0],[0,0],[-57.5,-37.8],[-26,-2.8]],"o":[[0,0],[0,0],[0,0],[0,0]],"v":[[10.802,-68.5],[-51.298,-68.5],[-0.098,47.2],[51.502,68.5]],"c":false},"ix":2},"nm":"Path 1"},{"ty":"tr","p":{"a":0,"k":[133,-10.625],"ix":2},"a":{"a":0,"k":[133,-10.625],"ix":1},"s":{"a":1,"k":[{"i":{"x":[0.833,0.833],"y":[1,1]},"o":{"x":[0.333,0.333],"y":[0,0]},"t":11,"s":[100,100]},{"i":{"x":[0.667,0.667],"y":[1,1]},"o":{"x":[0.167,0.167],"y":[0,0]},"t":28,"s":[-100,100]},{"t":51,"s":[100,100]}],"ix":3},"r":{"a":0,"k":0,"ix":6},"o":{"a":0,"k":100,"ix":7},"sk":{"a":0,"k":0,"ix":4},"sa":{"a":0,"k":0,"ix":5},"nm":"Transform"}],"nm":"Group 1","cix":2,"ix":1},{"ty":"tr","p":{"a":0,"k":[133,227.5],"ix":2},"a":{"a":0,"k":[133,227.5],"ix":1},"s":{"a":0,"k":[100,100],"ix":3,"x":"var $bm_rt;\n$bm_rt = thisComp.layer('Layer 3').content('Group 4').content('Group 1').content('Group 1').transform.scale;"},"r":{"a":0,"k":0,"ix":6},"o":{"a":0,"k":100,"ix":7},"sk":{"a":0,"k":0,"ix":4},"sa":{"a":0,"k":0,"ix":5},"nm":"Transform"}],"nm":"Group 1","cix":2,"ix":1},{"ty":"tr","p":{"a":0,"k":[133,227.5],"ix":2},"a":{"a":0,"k":[133,227.5],"ix":1},"s":{"a":0,"k":[100,100],"ix":3,"x":"var $bm_rt;\n$bm_rt = thisComp.layer('Layer 3').content('Group 4').content('Group 1').transform.scale;"},"r":{"a":0,"k":0,"ix":6},"o":{"a":0,"k":100,"ix":7},"sk":{"a":0,"k":0,"ix":4},"sa":{"a":0,"k":0,"ix":5},"nm":"Transform"}],"nm":"Group 1","cix":2,"ix":1},{"ty":"st","c":{"a":0,"k":[0,0,0,1],"ix":3},"o":{"a":0,"k":100,"ix":4},"w":{"a":0,"k":30.72,"ix":5},"lc":2,"lj":2,"nm":"Stroke 1"}],"ip":28,"op":90,"st":0},{"ind":5,"ty":4,"nm":"mask","td":1,"sr":1,"ks":{"o":{"a":0,"k":100,"ix":11},"r":{"a":1,"k":[{"i":{"x":[0.15],"y":[1]},"o":{"x":[0.167],"y":[0.167]},"t":5,"s":[0]},{"i":{"x":[0.15],"y":[1]},"o":{"x":[0.85],"y":[0]},"t":26,"s":[-10]},{"i":{"x":[0.833],"y":[0.833]},"o":{"x":[0.85],"y":[0]},"t":35,"s":[-10]},{"t":43,"s":[0]}],"ix":10,"x":"var $bm_rt;\nvar eff, elastic, gravity, bounceMax, on_off, n, n, t, v, vl, vu, vu, tCur, segDur, tNext, numberOfBounces, delta, inOutExp;\ntry {\n    eff = effect('Bounce Controller');\n    elastic = $bm_div(eff(1), 200);\n    gravity = $bm_mul(eff(2), 150);\n    bounceMax = eff(3);\n    on_off = eff(4);\n    $bm_rt = n = 0;\n    if (numKeys > 0) {\n        $bm_rt = n = nearestKey(time).index;\n        if (key(n).time > time) {\n            n--;\n        }\n    }\n    if (n > 0) {\n        t = $bm_sub(time, key(n).time);\n        v = $bm_mul($bm_neg(velocityAtTime($bm_sub(key(n).time, 0.001))), elastic);\n        vl = length(v);\n        if ($bm_isInstanceOfArray(value)) {\n            vu = vl > 0 ? normalize(v) : [\n                0,\n                0,\n                0\n            ];\n        } else {\n            vu = v < 0 ? -1 : 1;\n        }\n        tCur = 0;\n        segDur = $bm_div($bm_mul(2, vl), gravity);\n        tNext = segDur;\n        numberOfBounces = 1;\n        while (tNext < t && numberOfBounces <= bounceMax) {\n            vl *= elastic;\n            segDur *= elastic;\n            tCur = tNext;\n            tNext = $bm_sum(tNext, segDur);\n            numberOfBounces++;\n        }\n        if (numberOfBounces <= bounceMax) {\n            delta = $bm_sub(t, tCur);\n            $bm_rt = inOutExp = $bm_mul($bm_mul(vu, delta), $bm_sub(vl, $bm_div($bm_mul(gravity, delta), 2)));\n            if (on_off == 1) {\n                $bm_rt = value = $bm_sub(value, inOutExp);\n            } else {\n                $bm_rt = value = $bm_sum(value, inOutExp);\n            }\n        } else {\n            $bm_rt = value = value;\n        }\n    } else {\n        $bm_rt = value = value;\n    }\n} catch (e$$4) {\n    $bm_rt = value = value;\n}"},"p":{"a":0,"k":[132,422.2,0],"ix":2},"a":{"a":0,"k":[137.3,422.2,0],"ix":1},"s":{"a":0,"k":[100,100,100],"ix":6}},"ao":0,"ef":[{"ty":5,"nm":"Elastic Controller","np":5,"ix":1,"en":1,"ef":[{"ty":0,"nm":"Amplitude","ix":1,"v":{"a":0,"k":20,"ix":1}},{"ty":0,"nm":"Frequency","ix":2,"v":{"a":0,"k":60,"ix":2}},{"ty":0,"nm":"Decay","ix":3,"v":{"a":0,"k":60,"ix":3}}]},{"ty":5,"nm":"Bounce Controller","np":6,"ix":2,"en":1,"ef":[{"ty":0,"nm":"Amplitude","ix":1,"v":{"a":1,"k":[{"i":{"x":[0.833],"y":[0.833]},"o":{"x":[0.167],"y":[0.167]},"t":43,"s":[88.4]},{"i":{"x":[0.833],"y":[0.833]},"o":{"x":[0.167],"y":[0.167]},"t":49,"s":[130.8]},{"t":64,"s":[50]}],"ix":1}},{"ty":0,"nm":"Gravity","ix":2,"v":{"a":0,"k":3,"ix":2}},{"ty":0,"nm":"Max Jumps","ix":3,"v":{"a":0,"k":5,"ix":3}},{"ty":7,"nm":"Jump In/Out","ix":4,"v":{"a":0,"k":0,"ix":4}}]}],"shapes":[{"ty":"gr","it":[{"ty":"gr","it":[{"ty":"gr","it":[{"ty":"gr","it":[{"ind":0,"ty":"sh","ix":1,"ks":{"a":0,"k":{"i":[[0,0],[0,0],[123.9,0]],"o":[[0,0],[0,0],[-124,0.1]],"v":[[-124,-110.1],[124,-110.1],[0.1,110.1]],"c":true},"ix":2},"nm":"Path 1"},{"ty":"tr","p":{"a":0,"k":[261.3,199.9],"ix":2},"a":{"a":0,"k":[0,0],"ix":1},"s":{"a":0,"k":[100,100],"ix":3},"r":{"a":0,"k":0,"ix":6},"o":{"a":0,"k":100,"ix":7},"sk":{"a":0,"k":0,"ix":4},"sa":{"a":0,"k":0,"ix":5},"nm":"Transform"}],"nm":"Group 7","cix":2,"ix":1},{"ty":"tr","p":{"a":0,"k":[261.3,422],"ix":2},"a":{"a":0,"k":[261.3,422],"ix":1},"s":{"a":0,"k":[100,100],"ix":3},"r":{"a":0,"k":0,"ix":6},"o":{"a":0,"k":100,"ix":7},"sk":{"a":0,"k":0,"ix":4},"sa":{"a":0,"k":0,"ix":5},"nm":"Transform"}],"nm":"Group 1","cix":2,"ix":1},{"ty":"tr","p":{"a":0,"k":[261.3,422],"ix":2},"a":{"a":0,"k":[261.3,422],"ix":1},"s":{"a":1,"k":[{"i":{"x":[0.667,0.667],"y":[1,1]},"o":{"x":[0.333,0.333],"y":[0,0]},"t":0,"s":[100,100]},{"i":{"x":[0.833,0.833],"y":[1,0.833]},"o":{"x":[0.333,0.333],"y":[0,0]},"t":4,"s":[100,76]},{"t":12,"s":[100,100]}],"ix":3,"x":"var $bm_rt;\nvar eff, amp, freq, decay, n, n, t, t, v;\ntry {\n    eff = effect('Elastic Controller');\n    amp = $bm_div(eff(1), 200);\n    freq = $bm_div(eff(2), 30);\n    decay = $bm_div(eff(3), 10);\n    $bm_rt = n = 0;\n    if (numKeys > 0) {\n        $bm_rt = n = nearestKey(time).index;\n        if (key(n).time > time) {\n            n--;\n        }\n    }\n    if (n == 0) {\n        $bm_rt = t = 0;\n    } else {\n        $bm_rt = t = $bm_sub(time, key(n).time);\n    }\n    if (n > 0) {\n        v = velocityAtTime($bm_sub(key(n).time, $bm_div(thisComp.frameDuration, 10)));\n        $bm_rt = $bm_sum(value, $bm_div($bm_mul($bm_mul(v, amp), Math.sin($bm_mul($bm_mul($bm_mul(freq, t), 2), Math.PI))), Math.exp($bm_mul(decay, t))));\n    } else {\n        $bm_rt = value;\n    }\n} catch (e) {\n    $bm_rt = value = value;\n}"},"r":{"a":0,"k":0,"ix":6},"o":{"a":0,"k":100,"ix":7},"sk":{"a":0,"k":0,"ix":4},"sa":{"a":0,"k":0,"ix":5},"nm":"Transform"}],"nm":"Group 1","cix":2,"ix":1},{"ty":"tr","p":{"a":0,"k":[261.3,423],"ix":2},"a":{"a":0,"k":[261.3,423],"ix":1},"s":{"a":0,"k":[100,100],"ix":3},"r":{"a":0,"k":0,"ix":6},"o":{"a":0,"k":100,"ix":7},"sk":{"a":0,"k":0,"ix":4},"sa":{"a":0,"k":0,"ix":5},"nm":"Transform"}],"nm":"Group 4","cix":2,"ix":1},{"ty":"fl","c":{"a":0,"k":[1,0,0,1],"ix":4},"o":{"a":0,"k":100,"ix":5},"r":1,"nm":"Fill 1"}],"ip":0,"op":28,"st":0},{"ind":6,"ty":4,"nm":"Layer 1","parent":7,"tt":2,"sr":1,"ks":{"o":{"a":0,"k":40,"ix":11},"r":{"a":0,"k":0,"ix":10},"p":{"a":0,"k":[128.298,194.5,0],"ix":2},"a":{"a":0,"k":[0,0,0],"ix":1},"s":{"a":0,"k":[100,100,100],"ix":6}},"ao":0,"shapes":[{"ty":"gr","it":[{"ty":"gr","it":[{"ty":"gr","it":[{"ind":0,"ty":"sh","ix":1,"ks":{"a":0,"k":{"i":[[0,0],[0,0],[-57.5,-37.8],[-26,-2.8]],"o":[[0,0],[0,0],[0,0],[0,0]],"v":[[10.802,-68.5],[-51.298,-68.5],[-0.098,47.2],[51.502,68.5]],"c":false},"ix":2},"nm":"Path 1"},{"ty":"tr","p":{"a":0,"k":[133,-10.625],"ix":2},"a":{"a":0,"k":[133,-10.625],"ix":1},"s":{"a":1,"k":[{"i":{"x":[0.833,0.833],"y":[1,1]},"o":{"x":[0.333,0.333],"y":[0,0]},"t":11,"s":[100,100]},{"i":{"x":[0.667,0.667],"y":[1,1]},"o":{"x":[0.167,0.167],"y":[0,0]},"t":28,"s":[-100,100]},{"t":51,"s":[100,100]}],"ix":3},"r":{"a":0,"k":0,"ix":6},"o":{"a":0,"k":100,"ix":7},"sk":{"a":0,"k":0,"ix":4},"sa":{"a":0,"k":0,"ix":5},"nm":"Transform"}],"nm":"Group 1","cix":2,"ix":1},{"ty":"tr","p":{"a":0,"k":[133,227.5],"ix":2},"a":{"a":0,"k":[133,227.5],"ix":1},"s":{"a":0,"k":[100,100],"ix":3,"x":"var $bm_rt;\n$bm_rt = thisComp.layer('Layer 3').content('Group 4').content('Group 1').content('Group 1').transform.scale;"},"r":{"a":0,"k":0,"ix":6},"o":{"a":0,"k":100,"ix":7},"sk":{"a":0,"k":0,"ix":4},"sa":{"a":0,"k":0,"ix":5},"nm":"Transform"}],"nm":"Group 1","cix":2,"ix":1},{"ty":"tr","p":{"a":0,"k":[133,227.5],"ix":2},"a":{"a":0,"k":[133,227.5],"ix":1},"s":{"a":0,"k":[100,100],"ix":3,"x":"var $bm_rt;\n$bm_rt = thisComp.layer('Layer 3').content('Group 4').content('Group 1').transform.scale;"},"r":{"a":0,"k":0,"ix":6},"o":{"a":0,"k":100,"ix":7},"sk":{"a":0,"k":0,"ix":4},"sa":{"a":0,"k":0,"ix":5},"nm":"Transform"}],"nm":"Group 1","cix":2,"ix":1},{"ty":"st","c":{"a":0,"k":[0,0,0,1],"ix":3},"o":{"a":0,"k":100,"ix":4},"w":{"a":0,"k":30.72,"ix":5},"lc":2,"lj":2,"nm":"Stroke 1"},{"ty":"gr","it":[{"ty":"rc","d":1,"s":{"a":0,"k":[637,336],"ix":2},"p":{"a":0,"k":[0,0],"ix":3},"r":{"a":0,"k":0,"ix":4},"nm":"Rectangle Path 1"},{"ty":"st","c":{"a":0,"k":[0,0,0,1],"ix":3},"o":{"a":0,"k":100,"ix":4},"w":{"a":0,"k":30.72,"ix":5},"lc":1,"lj":1,"ml":4,"nm":"Stroke 1"},{"ty":"fl","c":{"a":0,"k":[0,0,0,1],"ix":4},"o":{"a":0,"k":100,"ix":5},"r":1,"nm":"Fill 1"},{"ty":"tr","p":{"a":0,"k":[143.502,-29.5],"ix":2},"a":{"a":0,"k":[0,0],"ix":1},"s":{"a":0,"k":[100,100],"ix":3},"r":{"a":0,"k":0,"ix":6},"o":{"a":0,"k":0,"ix":7},"sk":{"a":0,"k":0,"ix":4},"sa":{"a":0,"k":0,"ix":5},"nm":"Transform"}],"nm":"Rectangle 1","cix":2,"ix":3}],"ip":0,"op":28,"st":0},{"ind":7,"ty":4,"nm":"Layer 3","sr":1,"ks":{"o":{"a":0,"k":100,"ix":11},"r":{"a":1,"k":[{"i":{"x":[0.15],"y":[1]},"o":{"x":[0.167],"y":[0.167]},"t":5,"s":[0]},{"i":{"x":[0.15],"y":[1]},"o":{"x":[0.85],"y":[0]},"t":26,"s":[-10]},{"i":{"x":[0.833],"y":[0.833]},"o":{"x":[0.85],"y":[0]},"t":35,"s":[-10]},{"t":43,"s":[0]}],"ix":10},"p":{"a":0,"k":[132,422.2,0],"ix":2},"a":{"a":0,"k":[137.3,422.2,0],"ix":1},"s":{"a":0,"k":[100,100,100],"ix":6}},"ao":0,"ef":[{"ty":5,"nm":"Elastic Controller","np":5,"ix":1,"en":1,"ef":[{"ty":0,"nm":"Amplitude","ix":1,"v":{"a":0,"k":20,"ix":1}},{"ty":0,"nm":"Frequency","ix":2,"v":{"a":0,"k":60,"ix":2}},{"ty":0,"nm":"Decay","ix":3,"v":{"a":0,"k":90,"ix":3}}]}],"shapes":[{"ty":"gr","it":[{"ty":"gr","it":[{"ty":"gr","it":[{"ty":"gr","it":[{"ind":0,"ty":"sh","ix":1,"ks":{"a":0,"k":{"i":[[0,0],[0,0]],"o":[[0,0],[0,0]],"v":[[116.25,0],[-116.25,0]],"c":false},"ix":2},"nm":"Path 1"},{"ty":"tr","p":{"a":0,"k":[261.15,422.2],"ix":2},"a":{"a":0,"k":[0,0],"ix":1},"s":{"a":0,"k":[100,100],"ix":3},"r":{"a":0,"k":0,"ix":6},"o":{"a":0,"k":100,"ix":7},"sk":{"a":0,"k":0,"ix":4},"sa":{"a":0,"k":0,"ix":5},"nm":"Transform"}],"nm":"Group 1","cix":2,"ix":1},{"ty":"gr","it":[{"ind":0,"ty":"sh","ix":1,"ks":{"a":0,"k":{"i":[[0,0],[0,0],[0,0],[0,0]],"o":[[0,0],[0,0],[0,0],[0,0]],"v":[[-83.1,28.4],[-83.1,-28.4],[83.1,-28.4],[83.1,28.4]],"c":false},"ix":2},"nm":"Path 1"},{"ty":"tr","p":{"a":0,"k":[261.1,393.8],"ix":2},"a":{"a":0,"k":[0,0],"ix":1},"s":{"a":0,"k":[100,100],"ix":3},"r":{"a":0,"k":0,"ix":6},"o":{"a":0,"k":100,"ix":7},"sk":{"a":0,"k":0,"ix":4},"sa":{"a":0,"k":0,"ix":5},"nm":"Transform"}],"nm":"Group 2","cix":2,"ix":2},{"ty":"gr","it":[{"ind":0,"ty":"sh","ix":1,"ks":{"a":0,"k":{"i":[[0,0],[-23.8,-16.1]],"o":[[0,0],[0,0]],"v":[[-10.932,-29.6],[10.968,29.6]],"c":false},"ix":2},"nm":"Path 1"},{"ty":"tr","p":{"a":0,"k":[301.132,335.8],"ix":2},"a":{"a":0,"k":[0,0],"ix":1},"s":{"a":0,"k":[100,100],"ix":3},"r":{"a":0,"k":0,"ix":6},"o":{"a":0,"k":100,"ix":7},"sk":{"a":0,"k":0,"ix":4},"sa":{"a":0,"k":0,"ix":5},"nm":"Transform"}],"nm":"Group 4","cix":2,"ix":3},{"ty":"gr","it":[{"ind":0,"ty":"sh","ix":1,"ks":{"a":0,"k":{"i":[[0,0],[23.8,-16.1]],"o":[[0,0],[0,0]],"v":[[10.932,-29.6],[-10.968,29.6]],"c":false},"ix":2},"nm":"Path 1"},{"ty":"tr","p":{"a":0,"k":[221.168,335.8],"ix":2},"a":{"a":0,"k":[0,0],"ix":1},"s":{"a":0,"k":[100,100],"ix":3},"r":{"a":0,"k":0,"ix":6},"o":{"a":0,"k":100,"ix":7},"sk":{"a":0,"k":0,"ix":4},"sa":{"a":0,"k":0,"ix":5},"nm":"Transform"}],"nm":"Group 5","cix":2,"ix":4},{"ty":"gr","it":[{"ind":0,"ty":"sh","ix":1,"ks":{"a":0,"k":{"i":[[0,0],[0,0],[0,0],[0,0]],"o":[[0,0],[0,0],[0,0],[0,0]],"v":[[-83.1,28.4],[-83.1,-28.4],[83.1,-28.4],[83.1,28.4]],"c":false},"ix":2},"nm":"Path 1"},{"ty":"tr","p":{"a":0,"k":[261.1,393.8],"ix":2},"a":{"a":0,"k":[0,0],"ix":1},"s":{"a":0,"k":[100,100],"ix":3},"r":{"a":0,"k":0,"ix":6},"o":{"a":0,"k":100,"ix":7},"sk":{"a":0,"k":0,"ix":4},"sa":{"a":0,"k":0,"ix":5},"nm":"Transform"}],"nm":"Group 6","cix":2,"ix":5},{"ty":"gr","it":[{"ind":0,"ty":"sh","ix":1,"ks":{"a":0,"k":{"i":[[0,0],[0,0],[123.9,0]],"o":[[0,0],[0,0],[-124,0.1]],"v":[[-124,-110.1],[124,-110.1],[0.1,110.1]],"c":true},"ix":2},"nm":"Path 1"},{"ty":"tr","p":{"a":0,"k":[261.3,199.9],"ix":2},"a":{"a":0,"k":[0,0],"ix":1},"s":{"a":0,"k":[100,100],"ix":3},"r":{"a":0,"k":0,"ix":6},"o":{"a":0,"k":100,"ix":7},"sk":{"a":0,"k":0,"ix":4},"sa":{"a":0,"k":0,"ix":5},"nm":"Transform"}],"nm":"Group 7","cix":2,"ix":6},{"ty":"tr","p":{"a":0,"k":[261.3,422],"ix":2},"a":{"a":0,"k":[261.3,422],"ix":1},"s":{"a":0,"k":[100,100],"ix":3},"r":{"a":0,"k":0,"ix":6},"o":{"a":0,"k":100,"ix":7},"sk":{"a":0,"k":0,"ix":4},"sa":{"a":0,"k":0,"ix":5},"nm":"Transform"}],"nm":"Group 1","cix":2,"ix":1},{"ty":"tr","p":{"a":0,"k":[261.3,422],"ix":2},"a":{"a":0,"k":[261.3,422],"ix":1},"s":{"a":1,"k":[{"i":{"x":[0.667,0.667],"y":[1,1]},"o":{"x":[0.333,0.333],"y":[0,0]},"t":0,"s":[100,100]},{"i":{"x":[0.833,0.833],"y":[1,0.833]},"o":{"x":[0.333,0.333],"y":[0,0]},"t":4,"s":[100,76]},{"i":{"x":[0.17,0.17],"y":[1,1]},"o":{"x":[0.167,0.167],"y":[0,0]},"t":12,"s":[100,100]},{"i":{"x":[0.667,0.667],"y":[1,1]},"o":{"x":[0.83,0.83],"y":[0,0]},"t":37,"s":[100,100]},{"i":{"x":[0.833,0.833],"y":[1,0.833]},"o":{"x":[0.333,0.333],"y":[0,0]},"t":45,"s":[100,84.6]},{"t":51,"s":[100,100]}],"ix":3,"x":"var $bm_rt;\nvar eff, amp, freq, decay, n, n, t, t, v;\ntry {\n    eff = effect('Elastic Controller');\n    amp = $bm_div(eff(1), 200);\n    freq = $bm_div(eff(2), 30);\n    decay = $bm_div(eff(3), 10);\n    $bm_rt = n = 0;\n    if (numKeys > 0) {\n        $bm_rt = n = nearestKey(time).index;\n        if (key(n).time > time) {\n            n--;\n        }\n    }\n    if (n == 0) {\n        $bm_rt = t = 0;\n    } else {\n        $bm_rt = t = $bm_sub(time, key(n).time);\n    }\n    if (n > 0) {\n        v = velocityAtTime($bm_sub(key(n).time, $bm_div(thisComp.frameDuration, 10)));\n        $bm_rt = $bm_sum(value, $bm_div($bm_mul($bm_mul(v, amp), Math.sin($bm_mul($bm_mul($bm_mul(freq, t), 2), Math.PI))), Math.exp($bm_mul(decay, t))));\n    } else {\n        $bm_rt = value;\n    }\n} catch (e) {\n    $bm_rt = value = value;\n}"},"r":{"a":0,"k":0,"ix":6},"o":{"a":0,"k":100,"ix":7},"sk":{"a":0,"k":0,"ix":4},"sa":{"a":0,"k":0,"ix":5},"nm":"Transform"}],"nm":"Group 1","cix":2,"ix":1},{"ty":"tr","p":{"a":0,"k":[261.3,423],"ix":2},"a":{"a":0,"k":[261.3,423],"ix":1},"s":{"a":0,"k":[100,100],"ix":3},"r":{"a":0,"k":0,"ix":6},"o":{"a":0,"k":100,"ix":7},"sk":{"a":0,"k":0,"ix":4},"sa":{"a":0,"k":0,"ix":5},"nm":"Transform"}],"nm":"Group 4","cix":2,"ix":1},{"ty":"st","c":{"a":0,"k":[0,0,0,1],"ix":3},"o":{"a":0,"k":100,"ix":4},"w":{"a":0,"k":30.72,"ix":5},"lc":2,"lj":2,"nm":"Stroke 2"},{"ty":"gr","it":[{"ty":"gr","it":[{"ty":"gr","it":[{"ind":0,"ty":"sh","ix":1,"ks":{"a":0,"k":{"i":[[0,0],[-40.4,-76.9]],"o":[[0,0],[0,0]],"v":[[-10.425,-74.35],[13.675,74.35]],"c":false},"ix":2},"nm":"Path 1"},{"ty":"tr","p":{"a":0,"k":[261.375,421.962],"ix":2},"a":{"a":0,"k":[40.75,257.812],"ix":1},"s":{"a":0,"k":[100,100],"ix":3,"x":"var $bm_rt;\n$bm_rt = content('Group 4').content('Group 1').content('Group 1').transform.scale;"},"r":{"a":0,"k":0,"ix":6},"o":{"a":0,"k":40,"ix":7},"sk":{"a":0,"k":0,"ix":4},"sa":{"a":0,"k":0,"ix":5},"nm":"Transform"}],"nm":"Group 3","cix":2,"ix":1},{"ty":"tr","p":{"a":0,"k":[261.375,422.275],"ix":2},"a":{"a":0,"k":[261.375,422.275],"ix":1},"s":{"a":0,"k":[100,100],"ix":3,"x":"var $bm_rt;\n$bm_rt = content('Group 4').content('Group 1').transform.scale;"},"r":{"a":0,"k":0,"ix":6},"o":{"a":0,"k":100,"ix":7},"sk":{"a":0,"k":0,"ix":4},"sa":{"a":0,"k":0,"ix":5},"nm":"Transform"}],"nm":"Group 5","cix":2,"ix":1},{"ty":"tr","p":{"a":0,"k":[261.25,422.088],"ix":2},"a":{"a":0,"k":[261.25,422.088],"ix":1},"s":{"a":0,"k":[100,100],"ix":3,"x":"var $bm_rt;\n$bm_rt = content('Group 4').transform.scale;"},"r":{"a":0,"k":0,"ix":6},"o":{"a":0,"k":100,"ix":7},"sk":{"a":0,"k":0,"ix":4},"sa":{"a":0,"k":0,"ix":5},"nm":"Transform"}],"nm":"Group 5","cix":2,"ix":3},{"ty":"st","c":{"a":0,"k":[0,0,0,1],"ix":3},"o":{"a":1,"k":[{"i":{"x":[0.667],"y":[1]},"o":{"x":[0.333],"y":[0]},"t":5,"s":[40]},{"i":{"x":[0.833],"y":[1]},"o":{"x":[0.301],"y":[0]},"t":15.945,"s":[7]},{"i":{"x":[0.667],"y":[1]},"o":{"x":[0.333],"y":[0]},"t":28.109,"s":[40]},{"i":{"x":[0.833],"y":[1]},"o":{"x":[0.333],"y":[0]},"t":39.055,"s":[7]},{"t":50,"s":[40]}],"ix":4},"w":{"a":0,"k":30.72,"ix":5},"lc":2,"lj":2,"nm":"Stroke 1"}],"ip":0,"op":90,"st":0}],"markers":[]}